order_id,customer_id,order_date,order_amount,status
ORD-1786976374043-A3A8D7F6,CUST-00004,2025-01-25T16:38:00.938Z,290.21,CANCELLED
ORD-1786976374045-640B09C6,CUST-00933,2025-09-17T12:19:54.727Z,410.95,CANCELLED
ORD-1786976374045-D78D755A,CUST-00131,2025-03-10T03:59:55.452Z,192.28,DELIVERED
ORD-1786976374045-26E0444B,CUST-00142,2026-03-28T19:13:32.303Z,109.57,CANCELLED
ORD-1786976374045-FAA64DCE,CUST-00815,2025-06-13T09:43:25.806Z,51.55,COMPLETED
ORD-1786976374045-73F59947,CUST-00150,2026-06-05T12:31:08.866Z,258.37,CANCELLED
ORD-1786976374045-29AA1C30,CUST-00149,2026-02-20T16:57:05.312Z,334.04,SHIPPED
ORD-1786976374045-F3925D38,CUST-00924,2025-07-03T03:16:13.800Z,123.70,SHIPPED
ORD-1786976374045-8ECCFB50,CUST-00472,2025-12-04T11:15:33.736Z,149.54,PROCESSING
ORD-1786976374045-3B93AA81,CUST-00314,2025-12-27T02:04:23.684Z,398.82,COMPLETED
ORD-1786976374045-24CE9ED6,CUST-00707,2025-11-27T08:22:51.914Z,128.97,PROCESSING
ORD-1786976374045-FAF56850,CUST-00679,2025-12-24T09:13:40.838Z,365.98,CANCELLED
ORD-1786976374045-3DD5ADFE,CUST-00950,2026-04-07T02:42:58.922Z,434.50,COMPLETED
ORD-1786976374045-464C215C,CUST-00046,2026-07-17T12:26:56.312Z,163.92,DELIVERED
ORD-1786976374045-F80817C9,CUST-00406,2025-10-29T12:19:15.419Z,175.35,SHIPPED
ORD-1786976374045-F7BD59B6,CUST-00200,2025-08-30T20:04:50.298Z,315.41,PROCESSING
ORD-1786976374045-D777DFFF,CUST-00364,2026-06-14T10:19:25.445Z,159.87,CANCELLED
ORD-1786976374045-BE1F3937,CUST-00237,2025-05-10T13:13:43.171Z,17.02,PROCESSING
ORD-1786976374045-63527432,CUST-00641,2026-02-19T05:09:32.456Z,488.57,SHIPPED
ORD-1786976374045-48D86EEB,CUST-00556,2026-06-08T12:40:16.241Z,58.27,SHIPPED
ORD-1786976374045-BF2B9EF1,CUST-00225,2026-06-14T18:33:36.425Z,43.00,PENDING
ORD-1786976374045-CE69C7F7,CUST-00160,2026-03-23T20:03:53.460Z,33.61,DELIVERED
ORD-1786976374045-8CA53A80,CUST-00763,2025-02-23T22:29:01.525Z,243.47,SHIPPED
ORD-1786976374045-201B77B4,CUST-00425,2025-01-15T12:44:33.381Z,463.84,COMPLETED
ORD-1786976374046-C9A1D5CB,CUST-00536,2025-10-04T21:13:33.172Z,221.24,PENDING
ORD-1786976374046-509FD593,CUST-00783,2025-12-19T14:31:21.251Z,312.73,CANCELLED
ORD-1786976374046-F800672E,CUST-00219,2025-11-09T16:49:10.650Z,298.17,COMPLETED
ORD-1786976374046-A9B9703B,CUST-00626,2025-11-16T00:05:03.818Z,181.72,COMPLETED
ORD-1786976374046-B4849C9C,CUST-00504,2026-04-03T01:04:49.671Z,377.40,SHIPPED
ORD-1786976374046-10FD0573,CUST-00265,2025-03-14T19:06:23.195Z,389.09,COMPLETED
ORD-1786976374046-8F33910B,CUST-00150,2025-06-08T07:56:03.685Z,306.43,PENDING
ORD-1786976374046-9330B2CC,CUST-00316,2026-03-06T20:23:08.470Z,241.43,SHIPPED
ORD-1786976374046-418BBCCC,CUST-00288,2026-06-23T15:51:40.203Z,93.28,COMPLETED
ORD-1786976374046-32AD1C16,CUST-00285,2026-02-27T03:15:39.884Z,252.23,PENDING
ORD-1786976374046-55E0BDC8,CUST-00280,2025-02-03T22:50:23.654Z,397.67,PENDING
ORD-1786976374046-9836CA22,CUST-00054,2025-12-30T20:48:32.668Z,294.89,COMPLETED
ORD-1786976374046-0E4F7C49,CUST-00383,2025-01-24T16:06:32.664Z,263.73,PENDING
ORD-1786976374046-6D76269C,CUST-00833,2025-04-02T07:31:27.018Z,74.03,PROCESSING
ORD-1786976374046-C2E00C98,CUST-00975,2026-05-13T04:11:51.476Z,502.61,PROCESSING
ORD-1786976374046-7026B987,CUST-00461,2025-06-14T15:14:38.568Z,368.57,SHIPPED
ORD-1786976374046-6583F2D0,CUST-00934,2025-04-29T07:33:53.124Z,245.24,COMPLETED
ORD-1786976374046-1260B543,CUST-00729,2025-04-27T23:39:29.466Z,327.24,DELIVERED
ORD-1786976374046-F6BF9D58,CUST-00871,2025-05-31T15:29:48.276Z,146.71,DELIVERED
ORD-1786976374046-2EFFA52D,CUST-00781,2025-01-13T08:08:04.725Z,131.44,SHIPPED
ORD-1786976374046-D9D8D459,CUST-00755,2025-01-16T01:38:53.534Z,104.86,DELIVERED
ORD-1786976374046-0D8C61E1,CUST-00893,2026-08-11T07:11:25.272Z,329.96,COMPLETED
ORD-1786976374046-B81A2492,CUST-00746,2025-07-14T23:29:02.267Z,54.04,SHIPPED
ORD-1786976374046-215CC472,CUST-00937,2025-12-22T01:48:49.548Z,358.74,DELIVERED
ORD-1786976374046-7244E710,CUST-00037,2026-06-04T10:10:38.380Z,49.41,SHIPPED
ORD-1786976374046-A6277A79,CUST-00665,2025-05-27T04:34:57.575Z,295.77,PROCESSING
ORD-1786976374046-D54A9B72,CUST-00471,2025-11-23T18:32:09.921Z,217.16,SHIPPED
ORD-1786976374046-A7F6F561,CUST-00452,2025-11-14T23:49:10.791Z,38.30,PENDING
ORD-1786976374046-2CF3161C,CUST-00203,2025-11-01T06:13:28.818Z,103.82,PROCESSING
ORD-1786976374046-A60D0D6E,CUST-00754,2025-03-16T07:10:26.535Z,281.10,PENDING
ORD-1786976374046-254DC647,CUST-00386,2026-06-29T02:49:55.056Z,435.38,PROCESSING
ORD-1786976374046-A61F9C98,CUST-00592,2025-06-25T12:15:11.105Z,391.66,PROCESSING
ORD-1786976374046-0FF6AADF,CUST-00158,2025-01-28T06:17:23.783Z,313.55,PROCESSING
ORD-1786976374046-1D900D83,CUST-00581,2025-07-30T20:41:30.605Z,302.69,SHIPPED
ORD-1786976374046-F851E793,CUST-00505,2025-07-09T17:46:18.352Z,226.50,COMPLETED
ORD-1786976374046-5A917ED1,CUST-00250,2025-06-16T15:22:42.994Z,42.49,CANCELLED
ORD-1786976374046-993433EA,CUST-00708,2025-09-15T18:07:59.897Z,149.17,CANCELLED
ORD-1786976374046-68EDA6AA,CUST-00462,2025-04-04T05:09:08.881Z,312.12,PENDING
ORD-1786976374046-FD0B6155,CUST-00503,2026-06-02T21:44:19.037Z,389.80,CANCELLED
ORD-1786976374046-484718A1,CUST-00829,2025-10-18T15:18:55.773Z,195.58,PENDING
ORD-1786976374046-C7197434,CUST-00483,2025-07-31T21:24:09.946Z,134.08,CANCELLED
ORD-1786976374046-8B1043ED,CUST-00361,2025-11-12T12:10:20.983Z,317.63,PENDING
ORD-1786976374046-6F50D091,CUST-00441,2026-05-01T00:37:27.702Z,25.23,CANCELLED
ORD-1786976374046-D1CD63B2,CUST-00822,2025-05-08T21:51:30.251Z,145.92,DELIVERED
ORD-1786976374046-D01723F4,CUST-00596,2025-05-24T11:43:55.639Z,138.51,PENDING
ORD-1786976374046-91617B2A,CUST-00695,2025-08-30T04:57:43.216Z,497.05,PROCESSING
ORD-1786976374046-A2B713CB,CUST-00496,2025-12-02T05:14:55.043Z,486.57,COMPLETED
ORD-1786976374046-9FAD1844,CUST-00688,2026-03-02T00:13:01.278Z,444.75,DELIVERED
ORD-1786976374046-5AF2D4A8,CUST-00989,2026-06-13T15:07:03.192Z,441.24,SHIPPED
ORD-1786976374046-6F0E8D9F,CUST-00031,2025-10-15T18:05:28.746Z,285.93,PENDING
ORD-1786976374046-8BAA64CB,CUST-00255,2026-04-26T05:54:16.599Z,438.09,PENDING
ORD-1786976374046-9769B2FD,CUST-00184,2026-02-12T04:14:52.044Z,155.63,CANCELLED
ORD-1786976374046-D9F665A7,CUST-00607,2025-08-05T13:20:03.347Z,95.53,COMPLETED
ORD-1786976374046-1BDF1F67,CUST-00081,2026-03-21T11:58:56.499Z,283.03,COMPLETED
ORD-1786976374046-16393F06,CUST-00056,2025-10-22T18:27:39.820Z,64.19,CANCELLED
ORD-1786976374046-A1E7293E,CUST-00007,2025-12-20T22:34:44.147Z,275.12,SHIPPED
ORD-1786976374046-A6524855,CUST-00451,2025-05-31T15:01:48.742Z,379.59,PENDING
ORD-1786976374046-43C1A735,CUST-00222,2026-08-08T07:21:33.183Z,299.05,CANCELLED
ORD-1786976374046-79BB3DC5,CUST-00363,2026-07-18T21:56:26.120Z,411.56,CANCELLED
ORD-1786976374046-9E087C29,CUST-00479,2026-02-01T04:50:46.740Z,183.64,CANCELLED
ORD-1786976374046-0D3E5F99,CUST-00917,2026-07-22T20:35:40.268Z,31.43,COMPLETED
ORD-1786976374046-1599E2E3,CUST-00819,2025-08-01T05:00:31.725Z,460.14,SHIPPED
ORD-1786976374046-032ED672,CUST-00671,2026-06-07T16:54:35.703Z,465.44,DELIVERED
ORD-1786976374046-CCA8E9FE,CUST-00908,2025-11-03T23:53:09.603Z,322.85,CANCELLED
ORD-1786976374046-AF1DA7CC,CUST-00118,2026-06-30T10:03:31.598Z,447.30,SHIPPED
ORD-1786976374046-7175E160,CUST-00337,2026-02-22T00:35:30.240Z,394.11,PROCESSING
ORD-1786976374046-20A41A1B,CUST-00837,2025-09-20T01:09:46.268Z,238.61,COMPLETED
ORD-1786976374046-75167FB2,CUST-00538,2025-05-06T16:30:12.076Z,401.53,DELIVERED
ORD-1786976374046-682C4107,CUST-00019,2025-05-30T21:39:06.392Z,413.12,PROCESSING
ORD-1786976374046-BF197E11,CUST-00905,2026-04-19T02:04:52.022Z,355.38,PROCESSING
ORD-1786976374046-B15B826B,CUST-00989,2025-10-14T04:13:48.210Z,23.62,CANCELLED
ORD-1786976374046-D60D6253,CUST-00484,2025-12-04T18:54:12.075Z,367.56,COMPLETED
ORD-1786976374046-C574EDF1,CUST-00147,2025-08-09T12:15:40.764Z,246.59,PROCESSING
ORD-1786976374046-B0722481,CUST-00552,2026-04-27T13:42:52.454Z,161.96,PENDING
ORD-1786976374046-CD82CB75,CUST-00346,2026-02-15T07:11:33.510Z,462.04,CANCELLED
ORD-1786976374046-C237D37A,CUST-00142,2025-09-17T22:11:15.737Z,301.04,DELIVERED
ORD-1786976374046-81BFADC5,CUST-00106,2026-07-13T15:26:56.163Z,356.50,CANCELLED
ORD-1786976374046-4A0B978F,CUST-00197,2026-06-16T10:53:00.659Z,366.56,PROCESSING
ORD-1786976374046-0F178879,CUST-00691,2026-03-22T02:55:07.299Z,233.17,DELIVERED
ORD-1786976374046-A5A91CB4,CUST-00259,2025-02-11T09:13:23.381Z,414.90,PENDING
ORD-1786976374046-AE87CAE9,CUST-00482,2025-02-02T03:37:17.735Z,447.93,DELIVERED
ORD-1786976374046-08798352,CUST-00759,2025-02-18T12:55:55.098Z,418.87,COMPLETED
ORD-1786976374046-F0AAA0DB,CUST-00767,2026-07-10T04:58:50.436Z,403.10,DELIVERED
ORD-1786976374046-577A8507,CUST-00299,2026-06-07T09:52:14.891Z,458.16,PROCESSING
ORD-1786976374046-652347C4,CUST-00956,2025-03-12T05:15:09.509Z,194.00,DELIVERED
ORD-1786976374046-A96CA712,CUST-00040,2026-01-16T01:39:31.426Z,84.04,COMPLETED
ORD-1786976374046-F919B961,CUST-00821,2025-11-15T11:37:34.182Z,333.63,DELIVERED
ORD-1786976374046-08C19686,CUST-00674,2025-11-20T19:49:11.677Z,91.79,COMPLETED
ORD-1786976374046-E0E1DB9C,CUST-00199,2025-01-03T16:22:47.527Z,444.81,SHIPPED
ORD-1786976374046-720F6847,CUST-00664,2026-01-07T13:28:11.843Z,416.81,PROCESSING
ORD-1786976374046-0B274391,CUST-00976,2026-07-20T05:27:40.539Z,60.52,CANCELLED
ORD-1786976374046-D89DECF2,CUST-00228,2026-01-27T09:41:28.351Z,24.30,PROCESSING
ORD-1786976374046-FAD8A6EA,CUST-00050,2025-01-25T09:39:34.207Z,263.17,SHIPPED
ORD-1786976374046-47F474C4,CUST-00974,2025-10-16T03:59:46.348Z,430.42,PROCESSING
ORD-1786976374046-19956017,CUST-00257,2026-07-09T00:07:32.726Z,317.83,CANCELLED
ORD-1786976374046-8E03F724,CUST-00510,2026-04-29T06:13:53.385Z,86.58,PENDING
ORD-1786976374046-D84066CF,CUST-00189,2026-01-31T00:31:28.857Z,283.80,COMPLETED
ORD-1786976374046-5BE89815,CUST-00130,2026-03-10T03:47:00.146Z,349.85,PROCESSING
ORD-1786976374046-394D6805,CUST-00842,2025-01-19T22:11:49.425Z,170.87,PROCESSING
ORD-1786976374046-8DD35562,CUST-00962,2025-07-15T13:36:02.662Z,232.03,PENDING
ORD-1786976374046-B02BFB85,CUST-00961,2025-05-31T14:31:18.514Z,200.01,PROCESSING
ORD-1786976374046-484EBE63,CUST-00853,2025-01-19T03:12:43.364Z,185.02,PROCESSING
ORD-1786976374046-B23BC71D,CUST-00146,2025-08-15T01:37:24.804Z,383.83,CANCELLED
ORD-1786976374046-5D9216B5,CUST-00328,2026-03-09T21:44:34.926Z,293.01,PENDING
ORD-1786976374046-0B2191A8,CUST-00608,2025-08-21T04:55:39.602Z,197.35,DELIVERED
ORD-1786976374046-146F8216,CUST-00376,2025-12-08T20:13:32.649Z,238.95,DELIVERED
ORD-1786976374046-044E6A29,CUST-00562,2025-01-16T16:32:26.394Z,210.91,COMPLETED
ORD-1786976374046-82A6C562,CUST-00137,2025-11-29T21:17:25.175Z,401.40,PENDING
ORD-1786976374046-916B1586,CUST-00775,2026-02-13T05:50:07.133Z,263.04,PENDING
ORD-1786976374046-ACCC1AC1,CUST-00696,2025-06-15T06:59:34.816Z,451.13,COMPLETED
ORD-1786976374046-97FAD567,CUST-00148,2025-07-26T00:23:52.020Z,345.13,DELIVERED
ORD-1786976374046-D98839EE,CUST-00133,2025-01-07T12:35:14.584Z,430.75,PENDING
ORD-1786976374046-C9F2C4A7,CUST-00933,2026-04-27T19:03:01.417Z,116.09,SHIPPED
ORD-1786976374047-496B508E,CUST-00768,2026-03-28T08:02:57.666Z,487.98,CANCELLED
ORD-1786976374047-76B564AB,CUST-00322,2025-05-09T18:35:27.517Z,365.99,SHIPPED
ORD-1786976374047-48BDEAC0,CUST-00883,2026-05-23T07:48:28.545Z,44.05,PENDING
ORD-1786976374047-0944C349,CUST-00941,2025-10-21T06:47:46.275Z,209.72,DELIVERED
ORD-1786976374047-CFF3EF50,CUST-00622,2025-07-21T23:51:15.467Z,14.31,SHIPPED
ORD-1786976374047-96435218,CUST-00089,2025-09-11T08:53:00.899Z,122.87,SHIPPED
ORD-1786976374047-85D2F484,CUST-00996,2025-03-02T14:52:11.570Z,206.47,COMPLETED
ORD-1786976374047-D0EF43DE,CUST-00252,2025-06-22T22:55:02.144Z,395.31,SHIPPED
ORD-1786976374047-1CB7327E,CUST-00194,2025-11-25T05:03:34.765Z,192.04,DELIVERED
ORD-1786976374047-A8E83ECB,CUST-00268,2025-02-09T05:11:27.146Z,325.26,CANCELLED
ORD-1786976374047-318BB636,CUST-00914,2025-02-04T14:28:50.636Z,157.28,PENDING
ORD-1786976374047-9019EC44,CUST-00213,2025-08-25T22:17:19.247Z,140.48,PENDING
ORD-1786976374048-C2D9AA80,CUST-00485,2025-07-28T06:22:54.966Z,60.99,PENDING
ORD-1786976374048-4C4CF047,CUST-00087,2025-09-22T07:53:15.237Z,401.74,DELIVERED
ORD-1786976374048-4288F2AB,CUST-00193,2025-07-12T11:12:17.970Z,51.66,DELIVERED
ORD-1786976374048-97227B14,CUST-00028,2025-07-16T18:45:11.414Z,211.95,PROCESSING
ORD-1786976374048-B51CECF9,CUST-00208,2026-04-20T18:01:10.216Z,353.27,COMPLETED
ORD-1786976374048-F35F1E35,CUST-00097,2025-09-10T19:50:00.823Z,372.15,CANCELLED
ORD-1786976374048-9D5A5588,CUST-00808,2025-08-01T17:44:47.325Z,296.39,PENDING
ORD-1786976374048-48325C5F,CUST-00172,2025-08-25T04:16:50.931Z,487.88,SHIPPED
ORD-1786976374048-75B6DD98,CUST-00378,2025-10-20T04:07:08.160Z,77.72,PROCESSING
ORD-1786976374048-810CEF21,CUST-00997,2025-10-19T02:15:38.710Z,241.43,PENDING
ORD-1786976374048-B2242D56,CUST-00973,2025-02-16T14:14:16.399Z,406.67,DELIVERED
ORD-1786976374048-DA5AE46E,CUST-00035,2025-03-22T09:58:26.492Z,168.39,CANCELLED
ORD-1786976374048-C5EB8E43,CUST-00435,2025-09-17T11:39:28.826Z,299.84,PROCESSING
ORD-1786976374048-ED4BA339,CUST-00252,2026-04-30T05:58:38.417Z,139.84,DELIVERED
ORD-1786976374048-F654D8F7,CUST-00958,2026-04-19T14:45:44.954Z,295.37,CANCELLED
ORD-1786976374048-A99D01FB,CUST-00327,2026-07-05T14:29:50.986Z,343.40,DELIVERED
ORD-1786976374048-08AA9FB6,CUST-00247,2026-05-10T01:45:40.359Z,332.95,PROCESSING
ORD-1786976374048-7B001AC3,CUST-00084,2025-10-16T09:09:58.981Z,298.06,PROCESSING
ORD-1786976374048-3A607F38,CUST-00187,2025-05-07T21:53:59.001Z,438.53,PROCESSING
ORD-1786976374048-3F61A9B8,CUST-00738,2026-07-23T16:49:31.802Z,431.45,PENDING
ORD-1786976374048-0D1D4E30,CUST-00631,2025-06-24T14:13:40.128Z,221.98,PENDING
ORD-1786976374048-16EABDB7,CUST-00590,2026-04-15T14:29:26.442Z,98.63,COMPLETED
ORD-1786976374048-DBB93D7F,CUST-00529,2026-01-17T14:19:24.114Z,213.01,COMPLETED
ORD-1786976374048-92768D65,CUST-00629,2026-07-04T18:03:43.266Z,301.59,PENDING
ORD-1786976374048-3CF9C5FC,CUST-00443,2026-01-07T18:15:39.700Z,203.10,PENDING
ORD-1786976374048-099CEB7B,CUST-00709,2026-02-06T03:27:05.502Z,89.53,COMPLETED
ORD-1786976374048-38FCE48F,CUST-00538,2025-11-17T03:38:44.350Z,122.18,COMPLETED
ORD-1786976374048-BDF17965,CUST-00151,2025-01-10T12:32:04.948Z,325.07,PROCESSING
ORD-1786976374048-82ECECD2,CUST-00665,2025-06-20T22:32:35.362Z,123.07,DELIVERED
ORD-1786976374048-EA1A46A5,CUST-00664,2026-04-13T07:37:08.369Z,439.99,PROCESSING
ORD-1786976374048-B3CE243E,CUST-00368,2025-09-26T03:51:22.440Z,462.30,SHIPPED
ORD-1786976374048-297428C5,CUST-00596,2025-07-24T09:07:35.520Z,483.62,PROCESSING
ORD-1786976374048-940E6193,CUST-00510,2025-08-07T00:36:50.412Z,416.92,CANCELLED
ORD-1786976374048-DC01DA31,CUST-00998,2026-07-21T18:38:52.768Z,214.90,CANCELLED
ORD-1786976374048-2553C76A,CUST-00232,2025-12-16T16:29:35.615Z,217.43,SHIPPED
ORD-1786976374048-0C8C3E1D,CUST-00534,2025-06-25T16:58:06.391Z,318.66,SHIPPED
ORD-1786976374048-E94696B6,CUST-00694,2025-03-23T06:59:25.218Z,436.27,CANCELLED
ORD-1786976374048-DC02D4A4,CUST-00101,2026-01-05T01:06:50.176Z,195.15,DELIVERED
ORD-1786976374048-D044001A,CUST-00160,2025-01-07T02:28:44.255Z,361.65,CANCELLED
ORD-1786976374048-39F15DE7,CUST-00097,2025-10-14T13:32:07.558Z,70.25,COMPLETED
ORD-1786976374048-AE36C132,CUST-00828,2025-06-27T11:12:21.828Z,92.73,DELIVERED
ORD-1786976374048-E5A97E21,CUST-00669,2026-07-09T21:23:50.603Z,240.62,CANCELLED
ORD-1786976374048-9133B7E7,CUST-00599,2025-11-11T07:38:15.706Z,31.98,CANCELLED
ORD-1786976374048-FFD43A31,CUST-00158,2026-04-25T18:05:40.463Z,423.63,PENDING
ORD-1786976374048-EA3F536A,CUST-00470,2025-10-24T03:59:13.445Z,335.49,SHIPPED
ORD-1786976374048-F5ADF951,CUST-00040,2026-02-09T20:22:38.470Z,27.16,DELIVERED
ORD-1786976374048-5A73CB59,CUST-00042,2025-11-16T16:43:52.023Z,148.60,CANCELLED
ORD-1786976374048-5EE5646B,CUST-00083,2025-06-03T07:39:51.194Z,248.49,PENDING
ORD-1786976374048-3E154A2E,CUST-00507,2025-01-05T20:36:10.897Z,449.34,SHIPPED
ORD-1786976374048-0DD8BE38,CUST-00219,2026-07-15T23:36:05.027Z,396.95,SHIPPED
ORD-1786976374048-4E1FC688,CUST-00914,2026-05-12T20:52:31.553Z,339.19,PENDING
ORD-1786976374048-EE49DF1A,CUST-00550,2025-02-17T16:10:48.907Z,451.58,CANCELLED
ORD-1786976374048-535B25F1,CUST-00390,2026-01-31T14:48:44.168Z,40.33,PENDING
ORD-1786976374048-4E6D0400,CUST-00142,2026-04-26T06:38:32.135Z,439.59,CANCELLED
ORD-1786976374048-E9FF191C,CUST-00710,2026-05-26T05:33:01.558Z,206.60,COMPLETED
ORD-1786976374048-6BFBF7B9,CUST-00478,2025-10-20T08:36:16.903Z,175.58,SHIPPED
ORD-1786976374048-303DC2A1,CUST-00918,2025-02-13T02:16:57.506Z,431.67,COMPLETED
ORD-1786976374048-F79FA477,CUST-00099,2026-02-01T17:22:21.070Z,57.73,PENDING
ORD-1786976374048-61B38CE1,CUST-00110,2025-10-01T00:47:01.643Z,294.65,SHIPPED
ORD-1786976374048-2D3C3A39,CUST-00647,2026-05-16T15:27:14.449Z,120.60,PENDING
ORD-1786976374048-C5E59E33,CUST-00983,2026-02-25T14:43:51.044Z,421.57,COMPLETED
ORD-1786976374048-7D635B04,CUST-00500,2026-08-04T06:31:59.767Z,297.74,PROCESSING
ORD-1786976374048-D78511A2,CUST-00239,2026-05-04T01:49:04.077Z,364.68,CANCELLED
ORD-1786976374048-BE149D48,CUST-00591,2026-05-20T09:29:14.860Z,337.58,PENDING
ORD-1786976374048-61DBC89A,CUST-00535,2025-05-10T21:14:36.272Z,247.59,SHIPPED
ORD-1786976374048-1048AE8B,CUST-00558,2026-01-01T03:12:44.446Z,334.65,PENDING
ORD-1786976374048-ADB12DDE,CUST-00512,2025-01-24T09:20:39.502Z,295.93,CANCELLED
ORD-1786976374048-655C9395,CUST-00167,2025-03-21T04:11:52.984Z,481.35,PENDING
ORD-1786976374048-E34313B1,CUST-00879,2025-06-15T07:14:34.485Z,420.42,DELIVERED
ORD-1786976374048-0DD854ED,CUST-00865,2025-07-27T09:09:23.792Z,240.50,CANCELLED
ORD-1786976374048-64AE9A8D,CUST-00835,2025-12-10T23:04:03.806Z,477.77,DELIVERED
ORD-1786976374048-FA378911,CUST-00090,2025-10-27T01:16:33.488Z,490.06,PENDING
ORD-1786976374048-CE4B898D,CUST-00333,2025-01-11T00:05:42.457Z,412.63,DELIVERED
ORD-1786976374048-42A82294,CUST-00694,2026-01-09T20:08:16.866Z,346.76,SHIPPED
ORD-1786976374048-48FE0C25,CUST-00844,2025-08-23T00:34:11.491Z,94.68,PROCESSING
ORD-1786976374048-1D1C6348,CUST-00743,2026-01-16T08:21:48.863Z,31.65,SHIPPED
ORD-1786976374048-B2024A50,CUST-00165,2026-05-26T18:09:19.314Z,35.80,DELIVERED
ORD-1786976374048-3D6C04F4,CUST-00189,2025-09-22T18:59:00.667Z,198.12,CANCELLED
ORD-1786976374048-1A05274F,CUST-00251,2026-01-15T18:00:21.643Z,159.27,DELIVERED
ORD-1786976374048-39AA8DCA,CUST-00860,2025-06-11T21:33:35.648Z,140.97,COMPLETED
ORD-1786976374048-1528AC6A,CUST-00271,2025-08-09T15:36:07.829Z,152.88,CANCELLED
ORD-1786976374048-19F62B83,CUST-00956,2025-03-10T09:12:04.578Z,468.13,SHIPPED
ORD-1786976374048-00C2FEBA,CUST-00577,2025-03-06T03:30:48.200Z,455.95,PENDING
ORD-1786976374048-6A807D59,CUST-00853,2025-07-19T11:04:13.222Z,122.90,PROCESSING
ORD-1786976374048-C54857DF,CUST-00419,2025-04-27T15:06:56.820Z,365.96,CANCELLED
ORD-1786976374048-66C756E2,CUST-00732,2025-09-17T23:19:03.840Z,395.89,SHIPPED
ORD-1786976374049-6DD2A5E3,CUST-00612,2025-11-18T22:18:29.934Z,230.30,CANCELLED
ORD-1786976374049-3146C6A0,CUST-00387,2025-03-03T10:20:02.092Z,52.63,CANCELLED
ORD-1786976374049-CB1B8B27,CUST-00512,2025-10-25T17:21:10.137Z,463.97,SHIPPED
ORD-1786976374049-7FE9FDF7,CUST-00456,2025-09-25T04:10:05.513Z,452.97,PENDING
ORD-1786976374049-CF160395,CUST-00620,2025-09-19T07:09:40.727Z,114.61,DELIVERED
ORD-1786976374049-D9B35BCC,CUST-00322,2025-12-27T06:32:38.009Z,237.93,CANCELLED
ORD-1786976374049-060F2AF1,CUST-00181,2025-09-18T02:04:41.140Z,166.80,PROCESSING
ORD-1786976374049-AD2AC33B,CUST-00916,2025-06-28T15:51:33.042Z,408.24,PROCESSING
ORD-1786976374049-84E346E3,CUST-00119,2025-11-09T05:53:18.712Z,23.83,PENDING
ORD-1786976374049-026DC2B8,CUST-00536,2025-01-13T16:16:06.956Z,505.84,DELIVERED
ORD-1786976374049-406DE59F,CUST-00449,2025-10-21T09:36:42.528Z,13.11,DELIVERED
ORD-1786976374049-D2B68D47,CUST-00243,2026-04-16T14:37:26.062Z,66.11,COMPLETED
ORD-1786976374049-BAAF4738,CUST-00647,2025-07-31T14:19:42.965Z,280.16,SHIPPED
ORD-1786976374049-4B850782,CUST-00288,2025-06-21T05:09:35.835Z,451.30,CANCELLED
ORD-1786976374049-E409CECE,CUST-00410,2025-07-05T17:21:00.375Z,64.83,PENDING
ORD-1786976374049-E90E401F,CUST-00485,2025-09-02T16:14:02.356Z,46.03,PENDING
ORD-1786976374049-F4B5EDA8,CUST-00379,2025-12-12T11:59:40.612Z,199.99,PROCESSING
ORD-1786976374049-7A7E6794,CUST-00266,2026-06-06T23:37:22.400Z,447.99,PENDING
ORD-1786976374049-785C0B4F,CUST-00785,2025-08-13T16:35:09.248Z,70.33,PENDING
ORD-1786976374049-A5E4437B,CUST-00584,2026-04-20T07:51:41.319Z,155.88,SHIPPED
ORD-1786976374049-26C2D68C,CUST-00867,2026-06-09T11:40:01.477Z,13.70,PROCESSING
ORD-1786976374049-D522825D,CUST-00107,2025-11-28T15:06:59.254Z,376.47,PENDING
ORD-1786976374049-AC917BBD,CUST-00536,2026-04-21T02:59:05.838Z,13.80,SHIPPED
ORD-1786976374049-17403195,CUST-00779,2025-09-22T20:59:57.737Z,364.53,PENDING
ORD-1786976374049-A450B74F,CUST-00325,2026-04-21T22:26:49.757Z,94.03,DELIVERED
ORD-1786976374049-39290B1A,CUST-00143,2025-11-04T13:36:18.596Z,234.55,PENDING
ORD-1786976374049-95ABED75,CUST-00705,2026-03-28T19:42:52.814Z,484.94,SHIPPED
ORD-1786976374049-0B6FE84F,CUST-00787,2025-02-03T07:11:54.707Z,418.94,PENDING
ORD-1786976374049-FABC9512,CUST-00332,2026-03-10T04:14:47.668Z,295.60,CANCELLED
ORD-1786976374049-97C59F68,CUST-00405,2025-09-24T19:23:46.915Z,282.02,PROCESSING
ORD-1786976374049-7EC064C2,CUST-00234,2025-08-16T13:53:26.941Z,112.13,CANCELLED
ORD-1786976374049-EF9835B3,CUST-00671,2026-04-05T03:25:12.407Z,481.57,SHIPPED
ORD-1786976374049-8FFFDB1B,CUST-00946,2025-05-19T13:33:53.729Z,78.47,SHIPPED
ORD-1786976374049-970B2A5D,CUST-00791,2026-01-18T12:58:37.056Z,469.88,PENDING
ORD-1786976374049-C0EE0AA2,CUST-00753,2026-06-26T18:53:26.137Z,404.56,CANCELLED
ORD-1786976374049-A464A1E5,CUST-00175,2026-04-16T06:36:33.512Z,491.92,COMPLETED
ORD-1786976374049-A524D21D,CUST-00907,2025-05-08T13:56:06.969Z,369.51,PROCESSING
ORD-1786976374049-B3518065,CUST-00266,2026-05-15T21:28:35.882Z,430.35,SHIPPED
ORD-1786976374049-4A120466,CUST-00549,2026-07-04T02:28:30.134Z,268.41,CANCELLED
ORD-1786976374049-ACBE5132,CUST-00242,2025-05-23T05:01:40.366Z,290.32,COMPLETED
ORD-1786976374049-4D7F8BB2,CUST-00153,2025-07-19T23:52:09.444Z,433.90,SHIPPED
ORD-1786976374049-F03C0BF8,CUST-00394,2026-01-01T04:31:59.038Z,402.32,COMPLETED
ORD-1786976374049-8C8655D8,CUST-00698,2026-06-06T03:29:35.745Z,145.79,PROCESSING
ORD-1786976374049-124F8B26,CUST-00842,2026-05-01T15:53:00.676Z,198.93,PROCESSING
ORD-1786976374049-C6022171,CUST-00822,2025-07-28T23:56:18.434Z,31.91,PENDING
ORD-1786976374049-859C00DB,CUST-00536,2026-01-17T02:50:37.223Z,210.07,PROCESSING
ORD-1786976374049-363515DD,CUST-00761,2025-03-27T04:00:42.686Z,153.47,DELIVERED
ORD-1786976374049-1A030F02,CUST-00798,2026-02-17T11:00:50.706Z,244.94,PROCESSING
ORD-1786976374049-EFFD4481,CUST-00735,2026-07-07T05:20:26.950Z,150.34,PROCESSING
ORD-1786976374049-ADDB4762,CUST-00814,2025-12-11T07:29:10.157Z,183.22,PROCESSING
ORD-1786976374049-2952273B,CUST-00235,2025-09-15T19:24:19.549Z,331.51,CANCELLED
ORD-1786976374049-0812AB37,CUST-00407,2026-01-27T07:50:48.726Z,501.40,SHIPPED
ORD-1786976374049-A95FF295,CUST-00648,2025-06-18T13:51:40.316Z,465.45,DELIVERED
ORD-1786976374049-4D109A86,CUST-00568,2025-07-19T05:20:59.767Z,126.25,PROCESSING
ORD-1786976374050-925C775A,CUST-00229,2026-07-19T20:10:43.384Z,495.99,PROCESSING
ORD-1786976374050-20E5EEC7,CUST-00512,2026-06-29T05:18:20.842Z,381.91,COMPLETED
ORD-1786976374050-5E359D58,CUST-00416,2025-11-18T12:47:03.623Z,62.73,COMPLETED
ORD-1786976374050-45A9E7A0,CUST-00031,2025-12-04T20:14:29.429Z,170.74,PROCESSING
ORD-1786976374050-5A472EFD,CUST-00146,2026-06-10T15:14:35.315Z,78.25,PROCESSING
ORD-1786976374050-9561624C,CUST-00391,2026-01-31T10:57:24.272Z,340.59,COMPLETED
ORD-1786976374050-B4582B6D,CUST-00018,2025-02-22T16:40:56.684Z,109.84,DELIVERED
ORD-1786976374050-D0694E16,CUST-00655,2026-04-03T15:30:20.190Z,245.65,PENDING
ORD-1786976374050-EB5DD526,CUST-00505,2026-04-14T11:18:17.069Z,336.66,SHIPPED
ORD-1786976374050-60DA7D26,CUST-00450,2025-11-30T16:01:12.480Z,441.23,DELIVERED
ORD-1786976374050-5832F722,CUST-00502,2026-02-24T05:23:17.230Z,316.08,COMPLETED
ORD-1786976374050-29C87C96,CUST-00607,2025-01-28T15:30:36.169Z,331.58,DELIVERED
ORD-1786976374050-C76F2387,CUST-00752,2026-03-10T13:18:16.495Z,506.49,COMPLETED
ORD-1786976374050-9C38F5C3,CUST-00204,2026-01-04T23:16:20.139Z,503.20,PROCESSING
ORD-1786976374050-F194B0D2,CUST-00056,2025-02-11T05:02:44.462Z,384.95,PENDING
ORD-1786976374050-A5FC2166,CUST-00513,2025-12-31T08:02:49.036Z,358.10,CANCELLED
ORD-1786976374050-91B79EDA,CUST-00653,2026-04-23T16:25:55.063Z,466.03,PROCESSING
ORD-1786976374050-4CA543B0,CUST-00019,2026-08-04T11:59:30.730Z,388.04,PROCESSING
ORD-1786976374050-16D882A8,CUST-00565,2025-02-03T13:34:33.435Z,195.87,SHIPPED
ORD-1786976374050-F54ABA09,CUST-00935,2025-01-14T02:21:28.861Z,377.12,CANCELLED
ORD-1786976374050-EE142B2C,CUST-00485,2026-07-23T17:13:07.440Z,317.11,PENDING
ORD-1786976374050-2B69B9B2,CUST-00918,2025-03-17T02:59:20.047Z,140.37,PROCESSING
ORD-1786976374050-44B720A5,CUST-00208,2026-07-11T00:22:46.640Z,484.66,DELIVERED
ORD-1786976374050-E62340AC,CUST-00522,2026-04-20T05:56:45.295Z,414.42,CANCELLED
ORD-1786976374050-59A695BB,CUST-00316,2025-01-01T23:21:20.440Z,152.01,DELIVERED
ORD-1786976374050-313FFB4B,CUST-00821,2026-02-07T20:51:30.828Z,53.95,SHIPPED
ORD-1786976374050-A6BED128,CUST-00953,2026-04-14T10:29:41.055Z,214.85,SHIPPED
ORD-1786976374050-3FDA26F1,CUST-00786,2025-04-26T03:17:53.087Z,449.93,COMPLETED
ORD-1786976374050-823903AA,CUST-00587,2026-07-15T21:24:40.315Z,153.63,SHIPPED
ORD-1786976374050-BAEACE17,CUST-00897,2025-03-04T01:34:17.129Z,12.34,PENDING
ORD-1786976374050-6A923FC2,CUST-00838,2026-04-06T10:19:33.968Z,273.50,COMPLETED
ORD-1786976374050-E48EBEDD,CUST-00129,2025-06-18T14:29:17.475Z,449.51,PENDING
ORD-1786976374050-1447D791,CUST-00216,2026-01-21T05:00:28.001Z,181.72,PENDING
ORD-1786976374050-EF9C1F71,CUST-00621,2025-12-27T09:46:24.019Z,490.51,COMPLETED
ORD-1786976374050-8EE1F8C6,CUST-00364,2026-06-02T21:25:06.870Z,355.49,PENDING
ORD-1786976374050-15D94737,CUST-00708,2026-04-06T07:48:50.175Z,314.92,PENDING
ORD-1786976374050-9758524C,CUST-00586,2026-07-09T16:33:45.619Z,364.70,COMPLETED
ORD-1786976374050-B5B12E01,CUST-00060,2025-10-05T19:30:38.114Z,459.24,CANCELLED
ORD-1786976374050-3DF0B15F,CUST-00363,2026-08-07T16:23:38.227Z,441.17,COMPLETED
ORD-1786976374050-5A3FDCB4,CUST-00460,2025-11-27T02:35:09.885Z,84.74,PENDING
ORD-1786976374050-6A115659,CUST-00055,2026-06-06T10:23:04.268Z,61.86,PENDING
ORD-1786976374050-97B92FAB,CUST-00084,2026-07-16T09:13:09.812Z,99.89,SHIPPED
ORD-1786976374050-3CCC73CA,CUST-00075,2025-12-31T14:36:52.510Z,503.39,PENDING
ORD-1786976374050-9C21CA8C,CUST-00183,2026-07-05T03:11:12.161Z,506.49,CANCELLED
ORD-1786976374050-CE5EF452,CUST-00275,2026-01-04T07:02:38.842Z,22.26,COMPLETED
ORD-1786976374050-07C2A608,CUST-00161,2026-06-01T01:42:09.091Z,436.88,SHIPPED
ORD-1786976374050-A82D69CF,CUST-00449,2025-05-08T08:46:26.006Z,293.00,CANCELLED
ORD-1786976374050-8F86B003,CUST-00277,2026-04-10T22:15:00.808Z,366.29,CANCELLED
ORD-1786976374050-505A4280,CUST-00440,2025-12-30T04:52:45.754Z,266.45,COMPLETED
ORD-1786976374050-093D2870,CUST-00491,2025-02-09T20:30:43.794Z,424.93,PROCESSING
ORD-1786976374050-AB7E783F,CUST-00468,2026-04-04T22:07:29.297Z,348.62,SHIPPED
ORD-1786976374051-681766DB,CUST-00191,2025-11-20T01:59:29.995Z,98.45,SHIPPED
ORD-1786976374051-0D8F99B7,CUST-00983,2025-11-10T14:55:39.343Z,110.42,DELIVERED
ORD-1786976374051-537017DA,CUST-00900,2026-01-28T00:03:02.787Z,470.70,DELIVERED
ORD-1786976374051-AA65428D,CUST-00225,2025-07-12T14:31:20.774Z,392.40,DELIVERED
ORD-1786976374051-84CB663F,CUST-00148,2025-07-09T15:45:46.620Z,350.36,PROCESSING
ORD-1786976374051-F38D4F5C,CUST-00020,2025-11-09T01:31:47.069Z,429.98,CANCELLED
ORD-1786976374051-368758F5,CUST-00537,2025-12-04T23:27:25.492Z,115.17,SHIPPED
ORD-1786976374051-3C7D27D6,CUST-00282,2026-05-14T22:41:39.665Z,43.71,SHIPPED
ORD-1786976374051-6E8EEF3E,CUST-00559,2025-12-25T03:24:39.216Z,110.81,PENDING
ORD-1786976374051-1CC2EB41,CUST-00925,2025-08-17T01:14:17.897Z,326.02,DELIVERED
ORD-1786976374051-36E660E7,CUST-00421,2026-03-03T01:48:18.206Z,425.18,CANCELLED
ORD-1786976374051-6B09EF77,CUST-00247,2026-05-21T05:13:51.710Z,466.47,PENDING
ORD-1786976374051-05C7D57C,CUST-00604,2026-04-25T03:57:59.638Z,490.65,PENDING
ORD-1786976374051-D11B9EF6,CUST-00525,2025-11-10T05:26:30.867Z,94.77,DELIVERED
ORD-1786976374051-7CD9ADFA,CUST-00998,2026-03-14T02:00:22.978Z,345.05,SHIPPED
ORD-1786976374051-BB97221D,CUST-00881,2025-08-03T14:55:58.602Z,230.65,CANCELLED
ORD-1786976374051-7E32DC2B,CUST-00774,2025-05-30T05:54:14.441Z,330.31,PENDING
ORD-1786976374051-5B37F05F,CUST-00997,2025-12-02T17:41:26.505Z,250.90,PENDING
ORD-1786976374051-999434EC,CUST-00965,2025-10-24T05:16:10.534Z,340.58,DELIVERED
ORD-1786976374051-AC473E19,CUST-00573,2026-03-07T23:49:54.203Z,162.69,DELIVERED
ORD-1786976374051-E9B167CA,CUST-00194,2026-05-01T23:06:26.984Z,429.24,CANCELLED
ORD-1786976374051-EBE38179,CUST-00491,2026-05-31T22:38:08.853Z,144.48,SHIPPED
ORD-1786976374051-46BF0512,CUST-00312,2025-04-14T22:39:16.717Z,467.57,PENDING
ORD-1786976374051-26767C6B,CUST-00904,2025-05-28T17:09:09.534Z,26.09,DELIVERED
ORD-1786976374051-7EA65D36,CUST-00756,2025-02-28T01:14:43.787Z,19.88,SHIPPED
ORD-1786976374051-67702263,CUST-00776,2026-04-27T22:54:15.115Z,220.65,PENDING
ORD-1786976374051-20137CB3,CUST-00235,2025-08-19T19:32:41.862Z,109.62,DELIVERED
ORD-1786976374051-3B743889,CUST-00700,2026-06-23T00:58:35.115Z,138.12,SHIPPED
ORD-1786976374051-9827676E,CUST-00574,2026-05-29T22:45:46.666Z,503.45,SHIPPED
ORD-1786976374051-EE93116C,CUST-00471,2025-11-30T18:08:01.120Z,81.44,DELIVERED
ORD-1786976374051-C02BACB1,CUST-00413,2026-06-15T08:21:49.652Z,435.08,PROCESSING
ORD-1786976374051-144C551B,CUST-00877,2025-03-28T07:08:00.846Z,114.32,CANCELLED
ORD-1786976374051-AA80BD1F,CUST-00118,2025-11-22T22:17:41.061Z,254.90,COMPLETED
ORD-1786976374051-A4950050,CUST-00516,2025-10-10T08:14:08.932Z,64.02,DELIVERED
ORD-1786976374051-591B1C0C,CUST-00041,2025-04-24T05:25:47.916Z,366.73,CANCELLED
ORD-1786976374051-DC56E09B,CUST-00143,2025-05-21T14:14:41.680Z,190.77,DELIVERED
ORD-1786976374051-FB0C667E,CUST-00570,2025-06-10T10:46:45.051Z,137.73,DELIVERED
ORD-1786976374051-E55ED65F,CUST-00990,2026-07-29T06:48:23.093Z,466.65,PROCESSING
ORD-1786976374051-6B6F8097,CUST-00418,2025-07-03T23:25:44.412Z,211.36,PROCESSING
ORD-1786976374051-CAC3DDF1,CUST-00489,2025-02-11T17:14:41.272Z,135.79,PENDING
ORD-1786976374051-95C75F5C,CUST-00091,2026-02-21T17:52:44.577Z,74.44,PROCESSING
ORD-1786976374051-C5E4262A,CUST-00312,2025-04-05T10:34:40.410Z,153.13,PENDING
ORD-1786976374051-2516F825,CUST-00785,2025-05-09T03:55:03.205Z,193.86,PENDING
ORD-1786976374051-25F79788,CUST-00557,2025-11-24T05:25:30.457Z,26.24,DELIVERED
ORD-1786976374051-63C060BE,CUST-00392,2026-02-05T18:55:44.172Z,81.91,PENDING
ORD-1786976374051-B61003AE,CUST-00039,2025-08-26T10:29:47.301Z,81.67,CANCELLED
ORD-1786976374051-0682CC96,CUST-00084,2026-05-08T21:19:52.548Z,42.38,PENDING
ORD-1786976374051-F707B702,CUST-00593,2026-08-09T23:17:41.107Z,342.27,PROCESSING
ORD-1786976374051-54D924D5,CUST-00904,2025-03-08T11:07:40.436Z,39.64,SHIPPED
ORD-1786976374051-E4066A25,CUST-00770,2026-07-03T06:24:24.222Z,507.19,COMPLETED
ORD-1786976374051-B95AC8F0,CUST-00522,2025-08-01T01:42:12.073Z,66.42,DELIVERED
ORD-1786976374052-BFD81B14,CUST-00381,2026-03-31T09:41:05.710Z,253.29,COMPLETED
ORD-1786976374052-D45501C9,CUST-00600,2026-02-27T06:51:35.053Z,358.99,SHIPPED
ORD-1786976374052-B057F1DE,CUST-00401,2026-06-05T00:49:45.389Z,339.76,PROCESSING
ORD-1786976374052-26F00F4D,CUST-00749,2025-12-22T03:53:22.884Z,280.28,COMPLETED
ORD-1786976374052-21126F1C,CUST-00588,2026-01-31T06:55:49.664Z,198.19,CANCELLED
ORD-1786976374052-48FE920E,CUST-00747,2025-09-18T08:45:29.068Z,495.06,PROCESSING
ORD-1786976374052-C5784E03,CUST-00973,2025-02-20T08:30:36.493Z,117.01,PROCESSING
ORD-1786976374052-182A9631,CUST-00449,2025-09-17T07:38:33.765Z,87.67,PENDING
ORD-1786976374052-453F8ADC,CUST-00352,2025-10-04T00:31:06.758Z,354.60,PENDING
ORD-1786976374052-40A12EE9,CUST-00760,2025-11-17T09:29:12.508Z,462.49,COMPLETED
ORD-1786976374052-C140D33A,CUST-00961,2026-06-02T11:47:22.454Z,476.72,DELIVERED
ORD-1786976374052-77D83CA4,CUST-00129,2025-01-28T13:52:34.983Z,189.34,CANCELLED
ORD-1786976374052-006AEC9A,CUST-00319,2026-07-03T13:42:08.524Z,277.07,PROCESSING
ORD-1786976374052-9D2B7470,CUST-00917,2025-11-25T00:02:14.576Z,190.37,PENDING
ORD-1786976374052-12780442,CUST-00118,2025-06-22T05:20:45.726Z,378.91,DELIVERED
ORD-1786976374052-E00D70E5,CUST-00079,2025-02-07T07:27:21.342Z,422.67,COMPLETED
ORD-1786976374052-4C0B059C,CUST-00008,2025-05-08T18:33:37.612Z,166.77,DELIVERED
ORD-1786976374052-B7B7425C,CUST-00049,2026-02-05T20:00:19.765Z,358.83,DELIVERED
ORD-1786976374052-65571DA8,CUST-00634,2026-04-06T15:01:15.691Z,71.31,PENDING
ORD-1786976374052-E6041710,CUST-00951,2026-03-17T04:39:27.523Z,123.32,PENDING
ORD-1786976374052-E685E380,CUST-00723,2025-11-21T03:50:50.016Z,132.29,COMPLETED
ORD-1786976374052-D23949FE,CUST-00996,2025-05-03T19:45:10.378Z,76.81,SHIPPED
ORD-1786976374052-3A667EFC,CUST-00048,2025-04-10T02:12:41.868Z,112.04,PENDING
ORD-1786976374052-6BDB929E,CUST-00933,2026-02-01T13:01:42.493Z,407.81,CANCELLED
ORD-1786976374052-F3447B0C,CUST-00603,2025-02-22T16:05:13.633Z,446.24,SHIPPED
ORD-1786976374052-508D04C3,CUST-00672,2025-01-24T23:10:12.218Z,345.17,DELIVERED
ORD-1786976374052-E7CAACB5,CUST-00157,2026-06-22T05:09:00.391Z,297.78,COMPLETED
ORD-1786976374052-1AAA0CC5,CUST-00602,2026-03-05T18:57:39.095Z,155.52,DELIVERED
ORD-1786976374052-005B7FBF,CUST-00973,2025-10-17T03:15:15.587Z,218.58,PENDING
ORD-1786976374052-6F75C963,CUST-00312,2025-10-02T18:56:43.513Z,317.45,PROCESSING
ORD-1786976374052-5A69FD2A,CUST-00117,2025-08-09T02:00:42.844Z,103.13,COMPLETED
ORD-1786976374052-51AC1B38,CUST-00282,2025-09-20T07:22:34.658Z,382.46,DELIVERED
ORD-1786976374052-6048BF23,CUST-00860,2025-02-04T13:10:16.609Z,16.76,COMPLETED
ORD-1786976374052-3AEB6F0A,CUST-00641,2026-03-27T20:20:54.461Z,84.20,DELIVERED
ORD-1786976374052-19381B0E,CUST-00821,2025-05-22T05:58:09.455Z,97.39,DELIVERED
ORD-1786976374052-E005E518,CUST-00669,2025-09-22T09:05:46.592Z,468.87,DELIVERED
ORD-1786976374052-A5586435,CUST-00771,2026-04-01T18:40:33.265Z,196.92,CANCELLED
ORD-1786976374052-BB3F9EC9,CUST-00130,2025-09-22T11:42:23.618Z,233.78,PROCESSING
ORD-1786976374052-DB43970F,CUST-00924,2026-01-04T22:55:30.250Z,210.53,CANCELLED
ORD-1786976374052-1108F5D7,CUST-00422,2026-06-24T01:51:42.230Z,161.40,DELIVERED
ORD-1786976374052-40A079D8,CUST-00032,2025-01-20T17:54:18.267Z,397.45,PROCESSING
ORD-1786976374052-6D845DEA,CUST-00955,2026-02-11T05:12:47.892Z,250.19,COMPLETED
ORD-1786976374052-5D90D30E,CUST-00549,2026-07-29T07:11:15.567Z,124.46,DELIVERED
ORD-1786976374052-618E50E9,CUST-00661,2025-01-06T03:08:10.438Z,197.70,DELIVERED
ORD-1786976374052-88A1431F,CUST-00983,2026-02-06T08:58:35.370Z,280.49,SHIPPED
ORD-1786976374052-4181776D,CUST-00886,2025-08-08T04:12:53.996Z,24.67,DELIVERED
ORD-1786976374052-A46AD5B5,CUST-00092,2025-11-23T12:42:03.894Z,214.10,DELIVERED
ORD-1786976374053-53B01AF4,CUST-00310,2026-06-18T20:38:52.785Z,358.49,SHIPPED
ORD-1786976374053-44E5B9EC,CUST-00623,2025-07-14T02:52:02.220Z,89.68,COMPLETED
ORD-1786976374053-0470F533,CUST-00364,2025-05-05T00:49:48.293Z,209.15,CANCELLED
ORD-1786976374053-02E0CD9C,CUST-00366,2026-04-20T06:11:55.199Z,338.59,PROCESSING
ORD-1786976374053-08A04E8E,CUST-00136,2026-01-27T23:44:28.175Z,57.91,PROCESSING
ORD-1786976374053-9597028A,CUST-00227,2025-11-26T22:39:08.357Z,466.24,PROCESSING
ORD-1786976374053-96C023EA,CUST-01000,2025-03-12T13:49:00.636Z,225.97,CANCELLED
ORD-1786976374053-6F659E85,CUST-00904,2025-02-25T12:37:12.141Z,205.93,PROCESSING
ORD-1786976374053-0FD000DE,CUST-00248,2025-11-21T04:59:26.791Z,166.03,PENDING
ORD-1786976374053-9C286EBA,CUST-00338,2025-09-27T04:42:57.700Z,160.44,PROCESSING
ORD-1786976374053-7D07CE4F,CUST-00529,2025-06-12T03:35:52.746Z,364.92,SHIPPED
ORD-1786976374053-CF6C6D05,CUST-00232,2025-02-09T08:27:35.904Z,273.77,PENDING
ORD-1786976374053-A53C244C,CUST-00352,2026-05-11T06:16:36.588Z,206.29,PENDING
ORD-1786976374053-ED9D527D,CUST-00384,2026-02-17T17:57:24.762Z,132.89,PROCESSING
ORD-1786976374053-D6677526,CUST-00560,2025-06-04T02:56:14.095Z,509.92,SHIPPED
ORD-1786976374053-DAC03D48,CUST-00710,2026-07-25T11:57:43.791Z,320.21,PENDING
ORD-1786976374053-6D9B6427,CUST-00010,2026-07-01T11:47:27.890Z,371.31,DELIVERED
ORD-1786976374053-2D68D0E6,CUST-00430,2025-12-14T19:37:28.556Z,314.19,CANCELLED
ORD-1786976374053-E3005A67,CUST-00658,2025-08-08T15:23:40.210Z,478.74,PENDING
ORD-1786976374053-663AD124,CUST-00932,2025-02-01T12:13:44.395Z,330.18,DELIVERED
ORD-1786976374053-CB69CAE3,CUST-00684,2025-11-19T19:18:04.086Z,93.20,COMPLETED
ORD-1786976374053-B0FEE47D,CUST-00254,2025-05-29T20:30:17.367Z,502.71,CANCELLED
ORD-1786976374053-73F29E08,CUST-00910,2026-06-17T03:05:20.982Z,468.03,PROCESSING
ORD-1786976374053-DE9FADD1,CUST-00984,2025-08-14T19:42:43.561Z,417.90,PENDING
ORD-1786976374053-596551C4,CUST-00506,2025-05-25T05:23:18.849Z,122.86,CANCELLED
ORD-1786976374053-5F533883,CUST-00556,2026-04-30T04:51:06.859Z,386.20,DELIVERED
ORD-1786976374053-144897AE,CUST-00945,2025-02-26T18:08:23.582Z,150.34,PENDING
ORD-1786976374053-E956EE51,CUST-00183,2025-07-14T23:49:42.118Z,503.53,PENDING
ORD-1786976374053-E7D327E7,CUST-00580,2025-01-09T16:52:18.154Z,41.49,DELIVERED
ORD-1786976374053-BC6C8F1C,CUST-00768,2026-07-18T07:02:28.786Z,255.68,PROCESSING
ORD-1786976374053-2400206A,CUST-00381,2026-03-20T14:52:02.695Z,85.65,PENDING
ORD-1786976374053-D0686AA1,CUST-00066,2025-05-31T05:20:04.897Z,272.26,SHIPPED
ORD-1786976374053-5B8F012C,CUST-00390,2026-04-27T21:29:16.562Z,171.31,DELIVERED
ORD-1786976374053-2C12D54E,CUST-00569,2026-02-05T15:02:01.313Z,98.36,PENDING
ORD-1786976374053-A1CFF34D,CUST-00237,2025-01-04T19:15:22.119Z,244.92,COMPLETED
ORD-1786976374053-BAD9FBC0,CUST-00475,2025-04-25T14:40:11.049Z,246.68,PENDING
ORD-1786976374053-680A384C,CUST-00796,2025-04-06T09:15:53.084Z,212.23,SHIPPED
ORD-1786976374053-EFD9F2DF,CUST-00697,2026-01-01T19:03:57.517Z,313.51,PROCESSING
ORD-1786976374053-604B00C9,CUST-00244,2025-06-18T23:24:40.066Z,301.79,PENDING
ORD-1786976374053-49F5C756,CUST-00451,2026-04-29T18:24:50.115Z,55.86,CANCELLED
ORD-1786976374053-99C51066,CUST-00047,2026-05-02T04:16:22.707Z,302.52,SHIPPED
ORD-1786976374053-7B592BFA,CUST-00400,2025-01-21T08:38:35.894Z,248.36,CANCELLED
ORD-1786976374053-4A90EB12,CUST-00399,2026-08-05T03:26:06.641Z,196.48,CANCELLED
ORD-1786976374054-2036C6A4,CUST-00502,2026-07-04T16:31:27.512Z,253.75,PROCESSING
ORD-1786976374054-522AEC8C,CUST-00652,2025-01-24T14:14:32.682Z,338.95,CANCELLED
ORD-1786976374054-9A9257CF,CUST-00402,2025-10-15T06:09:04.525Z,486.76,SHIPPED
ORD-1786976374054-B7C90201,CUST-00459,2026-06-21T10:50:28.343Z,267.64,COMPLETED
ORD-1786976374054-3552EA14,CUST-00912,2025-05-14T11:33:38.969Z,226.13,SHIPPED
ORD-1786976374054-DDA06945,CUST-00727,2025-12-22T11:04:17.803Z,443.12,DELIVERED
ORD-1786976374054-63222180,CUST-00545,2025-12-11T07:23:17.379Z,506.46,COMPLETED
ORD-1786976374054-89E97A74,CUST-00592,2025-09-01T09:42:36.287Z,140.57,COMPLETED
ORD-1786976374054-1F2D542B,CUST-00511,2026-06-26T13:29:31.673Z,463.32,CANCELLED
ORD-1786976374054-C580531F,CUST-00119,2025-08-04T20:14:56.354Z,307.98,COMPLETED
ORD-1786976374054-752282F1,CUST-00546,2025-11-10T22:50:10.412Z,46.62,PENDING
ORD-1786976374054-D2EB7770,CUST-00055,2025-07-09T08:13:39.838Z,324.45,COMPLETED
ORD-1786976374054-D9F63EAF,CUST-00143,2026-01-04T21:09:50.120Z,63.62,DELIVERED
ORD-1786976374054-03C17C15,CUST-00443,2025-09-22T02:02:16.643Z,169.80,PROCESSING
ORD-1786976374054-1643D03E,CUST-00021,2025-01-27T02:14:25.338Z,370.57,PENDING
ORD-1786976374054-6B5AEE0A,CUST-00332,2025-06-11T16:33:59.007Z,350.64,DELIVERED
ORD-1786976374054-79137DA4,CUST-00359,2025-09-29T14:23:07.423Z,422.61,COMPLETED
ORD-1786976374055-F2429343,CUST-00434,2026-04-13T20:18:09.889Z,142.13,SHIPPED
ORD-1786976374055-28726445,CUST-00217,2026-03-10T23:57:07.522Z,339.44,COMPLETED
ORD-1786976374055-4C586741,CUST-00895,2025-04-01T20:54:51.370Z,448.66,DELIVERED
ORD-1786976374055-494C8CCC,CUST-00790,2025-06-24T12:29:12.260Z,233.95,SHIPPED
ORD-1786976374055-E69B7E4A,CUST-00615,2026-06-22T11:05:37.263Z,186.33,SHIPPED
ORD-1786976374055-B1CB0811,CUST-00224,2025-02-23T01:12:22.920Z,296.20,COMPLETED
ORD-1786976374055-BFD56F92,CUST-00817,2026-03-05T06:56:19.482Z,389.12,COMPLETED
ORD-1786976374055-7708A8A6,CUST-00624,2025-07-05T18:44:29.087Z,175.04,CANCELLED
ORD-1786976374055-575CA0C6,CUST-00800,2025-09-17T07:14:39.480Z,184.38,DELIVERED
ORD-1786976374055-FBA56433,CUST-00383,2026-02-08T03:45:58.555Z,385.20,PROCESSING
ORD-1786976374055-27F4F2EF,CUST-00353,2026-07-06T06:02:17.943Z,338.92,SHIPPED
ORD-1786976374055-9E3F9802,CUST-00198,2026-02-11T02:02:48.422Z,411.63,SHIPPED
ORD-1786976374055-8BBEAF1D,CUST-00727,2025-09-11T22:33:42.491Z,374.44,COMPLETED
ORD-1786976374055-95BF978C,CUST-00861,2025-08-28T09:54:37.427Z,130.22,PROCESSING
ORD-1786976374055-B74AEABE,CUST-00556,2026-03-19T04:41:17.129Z,425.33,PROCESSING
ORD-1786976374055-78AB6EF3,CUST-00350,2025-05-13T11:57:27.168Z,257.72,PENDING
ORD-1786976374055-7D0BF369,CUST-00398,2026-02-17T10:40:40.280Z,355.48,CANCELLED
ORD-1786976374055-FB44C4AF,CUST-00268,2025-02-04T05:04:06.619Z,504.76,CANCELLED
ORD-1786976374055-859B1B15,CUST-00413,2025-05-28T00:50:14.723Z,312.17,COMPLETED
ORD-1786976374055-72E4F004,CUST-00256,2025-01-30T08:02:26.020Z,316.28,SHIPPED
ORD-1786976374055-303D4F69,CUST-00200,2026-02-06T01:53:44.487Z,130.97,DELIVERED
ORD-1786976374055-D239D802,CUST-00254,2026-03-18T15:19:24.466Z,21.73,CANCELLED
ORD-1786976374055-7EA28ED7,CUST-00919,2025-08-11T04:34:09.271Z,21.92,CANCELLED
ORD-1786976374055-799E0BDC,CUST-00884,2026-07-13T22:53:03.019Z,487.30,COMPLETED
ORD-1786976374055-2872D30E,CUST-00914,2025-08-11T18:23:12.086Z,260.27,SHIPPED
ORD-1786976374055-36344B24,CUST-00467,2025-01-04T07:55:38.869Z,434.41,DELIVERED
ORD-1786976374055-7F25672D,CUST-00131,2025-11-28T07:37:46.611Z,422.09,PENDING
ORD-1786976374055-C3D9DE3A,CUST-00082,2026-03-29T00:54:52.786Z,288.23,COMPLETED
ORD-1786976374055-45505F56,CUST-00787,2025-02-19T22:36:15.044Z,161.06,DELIVERED
ORD-1786976374055-C9687178,CUST-00569,2026-05-15T05:11:50.611Z,268.07,PENDING
ORD-1786976374056-6D32F18B,CUST-00404,2025-12-10T23:01:31.887Z,152.18,DELIVERED
ORD-1786976374056-B1FD0F60,CUST-00609,2025-07-10T00:27:22.502Z,299.86,PROCESSING
ORD-1786976374056-C7BCD25F,CUST-00478,2026-06-24T23:34:35.335Z,469.75,CANCELLED
ORD-1786976374056-23D435C3,CUST-00040,2025-08-14T14:31:24.860Z,286.13,DELIVERED
ORD-1786976374056-E1FE57E5,CUST-00912,2026-03-23T19:31:49.908Z,196.89,SHIPPED
ORD-1786976374056-947F438D,CUST-00877,2025-09-13T03:43:40.157Z,152.34,SHIPPED
ORD-1786976374056-950B765B,CUST-00819,2026-08-10T01:39:07.552Z,498.62,CANCELLED
ORD-1786976374056-9ED4E858,CUST-00522,2025-03-16T15:11:08.217Z,51.90,PENDING
ORD-1786976374056-257B9652,CUST-00225,2025-01-16T20:57:32.055Z,53.07,PROCESSING
ORD-1786976374056-76371791,CUST-00016,2026-05-20T17:51:10.590Z,109.42,PENDING
ORD-1786976374056-96CEA40B,CUST-00040,2025-07-13T17:33:30.462Z,234.15,SHIPPED
ORD-1786976374056-D85CF651,CUST-00375,2026-02-12T16:52:55.541Z,351.12,SHIPPED
ORD-1786976374056-DF5E736A,CUST-00899,2025-12-14T00:24:51.536Z,294.61,PENDING
ORD-1786976374056-94808C7A,CUST-00060,2026-03-09T17:17:10.598Z,79.95,CANCELLED
ORD-1786976374056-55F1EBBE,CUST-00885,2025-02-12T08:59:41.351Z,260.59,DELIVERED
ORD-1786976374056-C692284B,CUST-00118,2025-05-21T07:07:23.637Z,463.99,PENDING
ORD-1786976374056-CF243F15,CUST-00310,2025-02-06T14:48:11.466Z,50.48,CANCELLED
ORD-1786976374056-F704AC17,CUST-00018,2025-02-18T12:24:53.358Z,195.33,DELIVERED
ORD-1786976374056-28CB1110,CUST-00145,2026-04-01T12:24:55.062Z,111.68,CANCELLED
ORD-1786976374056-EBAC8236,CUST-00708,2025-04-28T12:50:01.890Z,170.90,PENDING
ORD-1786976374056-4E54DD1C,CUST-00895,2026-04-30T07:17:20.020Z,240.38,PROCESSING
ORD-1786976374056-4DEF19F5,CUST-00483,2026-01-19T20:47:57.239Z,244.50,PENDING
ORD-1786976374057-3D002B60,CUST-00468,2025-05-17T07:59:51.255Z,422.97,PROCESSING
ORD-1786976374057-700BCEE4,CUST-00347,2026-01-06T13:29:35.007Z,487.34,SHIPPED
ORD-1786976374057-43B83A33,CUST-00025,2025-08-16T19:01:13.244Z,71.62,PROCESSING
ORD-1786976374057-4F2606ED,CUST-00643,2025-12-12T17:43:53.747Z,95.72,COMPLETED
ORD-1786976374057-A72F1D28,CUST-00252,2025-11-17T10:56:32.792Z,255.71,CANCELLED
ORD-1786976374057-0367417A,CUST-00290,2025-08-20T14:26:58.294Z,58.29,PENDING
ORD-1786976374057-AEC4B0C0,CUST-00242,2025-07-16T19:12:39.928Z,204.04,COMPLETED
ORD-1786976374057-5FF6A8C8,CUST-00143,2025-08-14T07:23:54.800Z,497.36,PROCESSING
ORD-1786976374057-FFFCA973,CUST-00698,2025-02-08T09:21:21.697Z,98.75,SHIPPED
ORD-1786976374057-2610C579,CUST-00129,2026-06-08T13:52:08.343Z,276.57,PENDING
ORD-1786976374057-48ED7510,CUST-00057,2025-12-31T14:51:55.943Z,206.75,PENDING
ORD-1786976374057-48D9C488,CUST-00442,2025-12-04T08:34:47.392Z,14.59,COMPLETED
ORD-1786976374057-8E9C1C2A,CUST-00704,2025-08-25T17:37:37.854Z,313.27,PROCESSING
ORD-1786976374057-BC4921E4,CUST-00441,2025-08-22T12:14:05.978Z,203.01,CANCELLED
ORD-1786976374057-1BE8138F,CUST-00404,2026-05-21T08:39:52.842Z,21.85,COMPLETED
ORD-1786976374057-7652C6A7,CUST-00001,2025-08-12T12:12:14.903Z,303.59,PROCESSING
ORD-1786976374057-3BDB947C,CUST-00710,2026-06-09T16:25:51.647Z,95.72,CANCELLED
ORD-1786976374057-3D96B35B,CUST-00782,2025-08-19T05:10:14.963Z,360.67,CANCELLED
ORD-1786976374057-43C0A947,CUST-00530,2025-08-16T20:11:51.228Z,305.19,SHIPPED
ORD-1786976374057-69B6DD6D,CUST-00860,2025-01-09T07:02:27.695Z,201.28,DELIVERED
ORD-1786976374057-AF5417CB,CUST-00962,2025-11-28T06:47:53.494Z,223.76,PENDING
ORD-1786976374057-43991C3B,CUST-00111,2026-05-06T10:36:36.192Z,315.85,CANCELLED
ORD-1786976374057-1A113BD5,CUST-00974,2025-05-22T05:06:55.533Z,112.52,COMPLETED
ORD-1786976374057-FA71DB16,CUST-00200,2025-03-02T06:17:06.767Z,331.44,DELIVERED
ORD-1786976374057-1DFB6FF5,CUST-00402,2026-03-10T20:45:36.404Z,261.67,PROCESSING
ORD-1786976374057-EFACD91B,CUST-00222,2026-01-01T10:48:21.378Z,281.70,COMPLETED
ORD-1786976374057-DC7D7612,CUST-00298,2025-07-10T11:50:45.572Z,57.69,PENDING
ORD-1786976374057-428C4455,CUST-00464,2026-05-04T04:30:01.637Z,333.23,SHIPPED
ORD-1786976374057-9549096F,CUST-00412,2025-11-28T01:21:24.815Z,404.52,SHIPPED
ORD-1786976374057-597D4070,CUST-00401,2026-02-25T21:30:48.582Z,369.65,PENDING
ORD-1786976374057-DF309D8D,CUST-00686,2026-05-13T10:30:37.493Z,117.65,SHIPPED
ORD-1786976374057-B4B761E9,CUST-00440,2025-12-25T08:53:41.019Z,205.01,DELIVERED
ORD-1786976374057-D7C9E145,CUST-00169,2026-05-31T23:08:48.408Z,13.67,PROCESSING
ORD-1786976374057-48648177,CUST-00562,2026-04-20T11:05:41.458Z,313.73,PROCESSING
ORD-1786976374057-6603CB81,CUST-00003,2025-11-13T10:45:32.405Z,179.72,PROCESSING
ORD-1786976374058-BE9B44F7,CUST-00921,2025-03-03T14:54:40.750Z,509.04,PROCESSING
ORD-1786976374058-770C2DC2,CUST-00447,2026-05-05T20:50:14.004Z,420.94,SHIPPED
ORD-1786976374058-001B4330,CUST-00882,2025-03-05T14:57:48.038Z,289.06,PROCESSING
ORD-1786976374058-967AC5D4,CUST-00879,2025-04-05T11:49:30.195Z,507.88,CANCELLED
ORD-1786976374058-DE7A278A,CUST-00013,2025-08-13T07:24:53.222Z,105.75,DELIVERED
ORD-1786976374058-5B8D52E7,CUST-00321,2025-03-19T14:50:42.552Z,105.79,SHIPPED
ORD-1786976374058-FB12A9B7,CUST-00916,2025-10-16T23:57:48.786Z,459.47,DELIVERED
ORD-1786976374058-CE7881EF,CUST-00763,2025-04-06T05:30:04.544Z,315.92,DELIVERED
ORD-1786976374058-9E29AC57,CUST-00305,2025-08-10T00:31:02.833Z,179.34,SHIPPED
ORD-1786976374058-464A0F8D,CUST-00723,2026-01-02T11:17:17.450Z,238.13,COMPLETED
ORD-1786976374058-1A503B62,CUST-00062,2025-06-01T00:27:40.362Z,136.90,DELIVERED
ORD-1786976374058-B91B5415,CUST-00827,2025-10-15T18:00:05.877Z,19.39,DELIVERED
ORD-1786976374058-953F8FA7,CUST-00591,2025-08-22T13:45:02.608Z,153.20,PROCESSING
ORD-1786976374058-52D9D11E,CUST-00273,2026-08-09T04:37:21.970Z,334.84,CANCELLED
ORD-1786976374058-8FE1161F,CUST-00910,2026-04-04T06:35:23.810Z,387.21,PROCESSING
ORD-1786976374058-C2C33DD1,CUST-00654,2025-04-08T08:55:15.611Z,212.51,PENDING
ORD-1786976374058-2DEF1E21,CUST-00781,2025-01-23T21:07:35.944Z,502.76,PENDING
ORD-1786976374058-AEFC617A,CUST-00920,2025-09-30T22:29:53.435Z,81.22,COMPLETED
ORD-1786976374058-12526E3E,CUST-00677,2026-05-01T20:44:55.232Z,490.15,PENDING
ORD-1786976374058-20981EF5,CUST-00218,2025-03-18T10:16:24.860Z,300.46,PROCESSING
ORD-1786976374058-228F3651,CUST-00498,2026-03-01T01:29:36.179Z,465.27,CANCELLED
ORD-1786976374058-4932297B,CUST-00724,2025-04-04T15:05:35.478Z,84.47,PENDING
ORD-1786976374058-D0BBF4B7,CUST-00285,2026-04-12T07:59:01.967Z,286.24,PENDING
ORD-1786976374058-331205E4,CUST-00342,2025-12-18T22:07:45.204Z,409.82,PROCESSING
ORD-1786976374058-297D6652,CUST-00340,2025-06-09T18:04:44.363Z,354.99,SHIPPED
ORD-1786976374058-7DADC124,CUST-00056,2025-04-29T19:50:59.944Z,177.68,PENDING
ORD-1786976374058-5F75ACED,CUST-00369,2025-08-22T20:54:59.644Z,265.08,DELIVERED
ORD-1786976374058-7B61E1F4,CUST-00036,2026-08-04T00:31:04.314Z,324.95,PENDING
ORD-1786976374058-D36AE9CE,CUST-00718,2025-08-26T21:47:38.105Z,267.26,COMPLETED
ORD-1786976374058-A47B956C,CUST-00814,2025-03-11T21:46:13.497Z,64.38,SHIPPED
ORD-1786976374058-07BF0894,CUST-00914,2026-06-16T21:43:25.956Z,176.82,SHIPPED
ORD-1786976374058-79344B2A,CUST-00352,2026-06-26T21:06:55.412Z,279.41,DELIVERED
ORD-1786976374058-3F558E63,CUST-00622,2025-10-24T07:37:44.445Z,347.62,COMPLETED
ORD-1786976374058-494A9111,CUST-00360,2025-04-21T00:28:23.013Z,102.92,DELIVERED
ORD-1786976374058-C443EF6E,CUST-00864,2025-05-03T18:18:16.785Z,122.71,PENDING
ORD-1786976374058-AE19BB72,CUST-00707,2025-08-13T04:15:04.775Z,93.61,PENDING
ORD-1786976374058-50F4BFE1,CUST-00324,2026-04-12T15:13:51.447Z,453.69,PROCESSING
ORD-1786976374058-C4B08DAB,CUST-00072,2025-10-17T12:52:16.230Z,13.91,SHIPPED
ORD-1786976374058-F3F338A7,CUST-00872,2026-01-12T13:50:43.311Z,347.12,DELIVERED
ORD-1786976374058-2C2D818C,CUST-00246,2025-05-02T03:51:54.722Z,115.89,SHIPPED
ORD-1786976374058-6463D0EF,CUST-00696,2025-04-04T10:53:10.100Z,493.17,CANCELLED
ORD-1786976374058-2BCA7A5E,CUST-00594,2025-03-12T07:44:05.384Z,464.03,COMPLETED
ORD-1786976374058-77987D77,CUST-00065,2026-06-26T18:00:51.258Z,204.83,PROCESSING
ORD-1786976374058-A6DB4347,CUST-00095,2026-06-04T14:02:06.510Z,394.84,DELIVERED
ORD-1786976374059-A4E8D412,CUST-00132,2026-07-25T01:25:18.353Z,78.34,SHIPPED
ORD-1786976374059-81FE4EA0,CUST-00806,2025-11-14T10:31:07.214Z,506.92,CANCELLED
ORD-1786976374059-90BC5253,CUST-00783,2025-01-09T10:08:18.688Z,388.36,PROCESSING
ORD-1786976374059-79022FEB,CUST-00363,2026-01-31T10:00:28.154Z,198.40,CANCELLED
ORD-1786976374059-E5791054,CUST-00471,2025-10-15T08:38:18.555Z,139.02,DELIVERED
ORD-1786976374059-FBEA6FF3,CUST-00388,2025-06-05T15:45:47.945Z,258.20,PROCESSING
ORD-1786976374059-0B62B6FD,CUST-00814,2025-06-20T16:34:35.861Z,73.67,PENDING
ORD-1786976374059-2D385844,CUST-00292,2025-01-21T23:56:32.367Z,333.14,SHIPPED
ORD-1786976374059-6DB8F67D,CUST-00728,2025-09-02T04:06:10.660Z,199.68,PROCESSING
ORD-1786976374059-59B81469,CUST-00951,2025-06-28T17:36:02.129Z,371.15,PROCESSING
ORD-1786976374059-231E3BC0,CUST-00014,2026-06-15T04:32:19.841Z,65.76,PROCESSING
ORD-1786976374059-FE3118D8,CUST-00977,2026-02-12T23:18:47.172Z,350.83,DELIVERED
ORD-1786976374059-42D98310,CUST-00058,2025-12-30T14:15:05.434Z,257.09,SHIPPED
ORD-1786976374059-557891E9,CUST-00772,2026-02-08T00:37:53.964Z,203.47,PENDING
ORD-1786976374059-6D57F5DC,CUST-00781,2025-05-16T16:44:07.064Z,156.50,PROCESSING
ORD-1786976374059-AEFEBE9E,CUST-00924,2026-02-17T18:44:08.885Z,217.24,DELIVERED
ORD-1786976374059-C1309829,CUST-00403,2026-02-18T09:43:52.753Z,96.47,DELIVERED
ORD-1786976374059-75747959,CUST-00018,2025-11-24T02:44:50.109Z,183.69,SHIPPED
ORD-1786976374059-45B948F9,CUST-00007,2025-06-15T07:15:56.152Z,20.17,COMPLETED
ORD-1786976374059-7DB52B28,CUST-00304,2026-04-04T14:18:07.066Z,327.62,PENDING
ORD-1786976374059-0A168ECD,CUST-00735,2025-08-10T22:12:10.812Z,454.43,DELIVERED
ORD-1786976374059-356DB2FE,CUST-00472,2025-05-12T07:33:21.822Z,251.50,SHIPPED
ORD-1786976374059-B2C59017,CUST-00391,2025-11-30T11:59:45.533Z,475.85,COMPLETED
ORD-1786976374059-C5812E48,CUST-00156,2025-11-28T20:49:02.908Z,33.39,SHIPPED
ORD-1786976374059-1230F548,CUST-00723,2025-08-01T00:55:06.795Z,332.57,PROCESSING
ORD-1786976374059-85C72399,CUST-00174,2026-05-24T14:29:00.520Z,473.58,COMPLETED
ORD-1786976374059-BFD4D63E,CUST-00301,2025-12-03T11:20:24.654Z,64.20,CANCELLED
ORD-1786976374059-EC5322A7,CUST-00544,2026-02-14T00:30:37.746Z,314.08,DELIVERED
ORD-1786976374059-235A4378,CUST-00603,2025-07-10T23:06:43.794Z,147.88,COMPLETED
ORD-1786976374059-4A5F55E4,CUST-00815,2026-06-30T02:34:15.010Z,309.05,PENDING
ORD-1786976374059-11E4F23F,CUST-00766,2025-10-21T14:40:56.667Z,277.30,CANCELLED
ORD-1786976374059-F87DA900,CUST-00313,2025-08-09T03:57:39.840Z,71.19,SHIPPED
ORD-1786976374059-4EEAD5DE,CUST-00782,2025-02-17T05:37:39.003Z,91.74,CANCELLED
ORD-1786976374059-7532DE58,CUST-00160,2025-04-21T01:23:49.107Z,99.81,PENDING
ORD-1786976374059-2715453F,CUST-00880,2025-12-31T00:07:35.250Z,188.35,PROCESSING
ORD-1786976374059-07002D88,CUST-00070,2025-10-19T07:12:01.042Z,493.26,PENDING
ORD-1786976374059-A5DB3E80,CUST-00485,2026-03-20T11:12:14.609Z,154.82,PROCESSING
ORD-1786976374059-CA0491E8,CUST-00766,2025-09-27T06:18:14.034Z,395.46,SHIPPED
ORD-1786976374059-4657E43D,CUST-00808,2026-04-17T19:28:25.608Z,72.50,SHIPPED
ORD-1786976374059-46DF346E,CUST-00819,2025-04-23T12:19:18.638Z,72.03,PENDING
ORD-1786976374059-07D9BCAA,CUST-00982,2026-05-28T16:49:39.221Z,323.80,COMPLETED
ORD-1786976374059-550DB6F2,CUST-00172,2025-08-17T12:46:51.102Z,438.37,PROCESSING
ORD-1786976374059-D8155742,CUST-00120,2025-06-20T14:27:48.572Z,480.15,COMPLETED
ORD-1786976374059-30478F17,CUST-00304,2025-03-16T03:41:40.341Z,248.09,PROCESSING
ORD-1786976374059-FCCC7B07,CUST-00294,2025-10-21T19:11:08.507Z,389.72,SHIPPED
ORD-1786976374059-536611D1,CUST-00353,2026-05-11T06:24:08.838Z,321.56,CANCELLED
ORD-1786976374059-448870ED,CUST-00872,2025-04-02T15:24:40.988Z,250.72,SHIPPED
ORD-1786976374059-351E2BAF,CUST-00360,2026-03-20T10:00:56.854Z,467.93,CANCELLED
ORD-1786976374059-1347E91D,CUST-00277,2026-06-12T09:02:53.223Z,336.58,PENDING
ORD-1786976374059-A9FE8E33,CUST-00494,2025-01-16T01:13:55.238Z,397.08,PENDING
ORD-1786976374059-A266D861,CUST-00808,2025-06-18T12:02:36.060Z,21.85,PROCESSING
ORD-1786976374059-95428133,CUST-00581,2026-03-23T16:09:23.675Z,148.30,CANCELLED
ORD-1786976374059-F7C1CBD0,CUST-00530,2025-05-20T00:40:46.616Z,487.56,SHIPPED
ORD-1786976374059-32A048DC,CUST-00464,2025-09-22T11:53:55.185Z,177.30,CANCELLED
ORD-1786976374059-D4493461,CUST-00802,2025-07-03T14:33:13.397Z,232.22,SHIPPED
ORD-1786976374059-65CDDF96,CUST-00260,2025-05-08T02:59:39.827Z,240.43,PROCESSING
ORD-1786976374059-ABFC353B,CUST-00828,2025-07-28T10:21:51.096Z,282.65,PENDING
ORD-1786976374059-B5AEDCD1,CUST-00843,2025-03-23T04:40:20.312Z,201.58,CANCELLED
ORD-1786976374059-BF782E96,CUST-00483,2026-05-21T13:02:27.189Z,245.26,PENDING
ORD-1786976374059-4934DF8F,CUST-00310,2025-03-13T20:03:30.795Z,408.83,PENDING
ORD-1786976374059-AF9F3CF7,CUST-00902,2025-08-31T03:16:02.604Z,490.34,PENDING
ORD-1786976374059-28F35499,CUST-00649,2026-04-07T02:51:16.700Z,192.37,PROCESSING
ORD-1786976374059-A73943D8,CUST-00422,2025-10-22T10:29:17.279Z,235.33,PROCESSING
ORD-1786976374059-A61C7BE9,CUST-00494,2025-09-25T17:53:56.651Z,42.38,PENDING
ORD-1786976374059-4729D3F2,CUST-00804,2025-08-26T00:49:12.136Z,290.97,DELIVERED
ORD-1786976374059-607FA8D6,CUST-00354,2026-01-10T19:27:51.125Z,16.06,COMPLETED
ORD-1786976374059-D4BEE22D,CUST-00378,2025-09-01T04:27:02.399Z,22.77,COMPLETED
ORD-1786976374059-BE4025C1,CUST-00417,2025-01-13T08:39:09.394Z,86.23,PENDING
ORD-1786976374059-FFEE8E28,CUST-00889,2026-06-11T12:21:36.930Z,307.90,PROCESSING
ORD-1786976374059-0DD24E43,CUST-00997,2025-06-10T07:25:39.541Z,23.94,DELIVERED
ORD-1786976374059-90F9C7E5,CUST-00650,2026-07-20T05:23:10.775Z,312.52,CANCELLED
ORD-1786976374059-FE7DBF29,CUST-00588,2025-12-24T09:50:04.499Z,358.53,SHIPPED
ORD-1786976374059-32440B7B,CUST-00540,2025-10-09T23:47:03.835Z,238.56,COMPLETED
ORD-1786976374059-727BC578,CUST-00482,2026-03-23T17:26:36.190Z,334.29,COMPLETED
ORD-1786976374059-82BEAB90,CUST-00572,2026-04-13T14:08:13.167Z,264.15,COMPLETED
ORD-1786976374059-D4CFCA01,CUST-00377,2025-10-18T14:23:06.570Z,421.57,PROCESSING
ORD-1786976374060-0F079318,CUST-00984,2025-02-20T15:03:01.917Z,482.33,SHIPPED
ORD-1786976374060-B65E06EE,CUST-00101,2026-07-04T05:34:18.885Z,59.14,CANCELLED
ORD-1786976374060-4FEE08B0,CUST-00937,2026-06-07T14:38:36.176Z,154.48,CANCELLED
ORD-1786976374060-AD483C21,CUST-00472,2026-02-11T07:27:24.013Z,398.15,PENDING
ORD-1786976374060-83851B0F,CUST-00138,2025-09-08T20:27:33.028Z,96.47,COMPLETED
ORD-1786976374060-381AFB5C,CUST-00119,2026-06-26T10:28:09.789Z,431.71,DELIVERED
ORD-1786976374060-4EA670ED,CUST-00914,2025-07-19T07:59:27.291Z,299.64,PROCESSING
ORD-1786976374060-3857B4CB,CUST-00629,2025-03-15T01:20:39.582Z,339.18,PENDING
ORD-1786976374060-3311B5D8,CUST-00969,2025-04-16T15:34:22.187Z,123.67,PROCESSING
ORD-1786976374060-FCA8E969,CUST-00211,2026-02-08T01:06:00.460Z,500.36,CANCELLED
ORD-1786976374060-853B4EAD,CUST-00841,2025-07-21T23:45:04.183Z,403.74,PROCESSING
ORD-1786976374060-156B30E9,CUST-00747,2025-05-15T23:24:47.128Z,50.16,DELIVERED
ORD-1786976374060-E3A718D7,CUST-00613,2026-03-23T06:31:07.499Z,387.45,CANCELLED
ORD-1786976374060-CD985EA3,CUST-00990,2025-10-11T07:47:06.030Z,39.28,SHIPPED
ORD-1786976374060-CA8441A1,CUST-00694,2026-07-11T23:18:14.909Z,432.65,PENDING
ORD-1786976374060-349070A4,CUST-00964,2026-05-02T18:13:47.325Z,58.46,SHIPPED
ORD-1786976374060-59E05496,CUST-00962,2025-03-31T05:22:40.395Z,277.58,SHIPPED
ORD-1786976374060-C30A30EF,CUST-00674,2026-04-19T03:08:53.766Z,466.83,CANCELLED
ORD-1786976374060-4EA7A0D2,CUST-00406,2025-11-08T07:39:20.610Z,358.48,CANCELLED
ORD-1786976374060-28422534,CUST-00835,2025-01-21T08:50:17.592Z,486.85,COMPLETED
ORD-1786976374060-5FAC5AA2,CUST-00609,2026-02-19T17:36:50.934Z,394.51,COMPLETED
ORD-1786976374060-720AFC6A,CUST-00412,2026-01-23T20:35:47.649Z,132.81,PROCESSING
ORD-1786976374060-E253E5DD,CUST-00697,2026-07-28T04:05:25.791Z,254.43,PROCESSING
ORD-1786976374060-953B091C,CUST-00025,2025-07-25T18:43:13.211Z,471.18,COMPLETED
ORD-1786976374060-A3E6D9D8,CUST-00541,2025-11-27T03:55:27.674Z,77.14,SHIPPED
ORD-1786976374060-25F5DECF,CUST-00245,2025-09-03T22:42:55.575Z,296.65,CANCELLED
ORD-1786976374060-29838EF4,CUST-00275,2025-03-21T15:10:44.798Z,237.55,PENDING
ORD-1786976374060-AF028A45,CUST-00059,2026-02-28T01:14:32.028Z,240.12,PENDING
ORD-1786976374060-140A3A3F,CUST-00067,2025-11-18T23:08:50.072Z,379.65,SHIPPED
ORD-1786976374060-0614C41F,CUST-00440,2025-12-28T21:28:05.785Z,190.90,COMPLETED
ORD-1786976374060-50DA507C,CUST-00082,2025-03-12T21:29:18.669Z,124.13,PENDING
ORD-1786976374060-BD2EC55E,CUST-00545,2026-01-23T09:31:21.169Z,82.26,PROCESSING
ORD-1786976374060-B1EB2106,CUST-00147,2025-09-10T04:47:38.755Z,474.12,PROCESSING
ORD-1786976374060-9D47F3D7,CUST-00800,2026-03-07T10:36:37.437Z,269.60,PENDING
ORD-1786976374060-AF976637,CUST-00129,2026-02-02T09:05:02.838Z,208.63,PROCESSING
ORD-1786976374060-88EBF86D,CUST-00434,2026-05-27T07:22:38.877Z,496.97,COMPLETED
ORD-1786976374060-B94BE441,CUST-00637,2026-05-14T08:34:34.024Z,171.82,COMPLETED
ORD-1786976374060-F347608E,CUST-00180,2026-04-28T15:52:09.631Z,301.07,CANCELLED
ORD-1786976374060-682113AE,CUST-00153,2025-09-15T08:08:52.750Z,118.57,DELIVERED
ORD-1786976374060-931A3A9D,CUST-00946,2025-08-12T08:12:00.739Z,300.65,DELIVERED
ORD-1786976374060-634A23C8,CUST-00923,2026-01-10T12:31:49.917Z,346.92,SHIPPED
ORD-1786976374060-787DE61A,CUST-00235,2025-04-05T15:07:39.604Z,113.88,CANCELLED
ORD-1786976374060-FE609552,CUST-00309,2026-01-28T00:33:40.682Z,240.59,CANCELLED
ORD-1786976374060-11B294C0,CUST-00739,2026-01-06T05:20:31.631Z,31.79,DELIVERED
ORD-1786976374060-5D0DE68F,CUST-00231,2026-07-16T20:19:31.215Z,355.18,SHIPPED
ORD-1786976374060-BE062D38,CUST-00476,2025-06-28T12:22:02.526Z,212.20,DELIVERED
ORD-1786976374060-EE08FA31,CUST-00726,2025-04-01T23:43:05.134Z,487.92,CANCELLED
ORD-1786976374060-228DB56F,CUST-00151,2026-03-22T03:48:27.985Z,27.35,PROCESSING
ORD-1786976374060-9B1454DB,CUST-00217,2025-07-08T02:53:17.815Z,356.54,PROCESSING
ORD-1786976374060-BA9AAC7B,CUST-00110,2026-01-04T12:39:40.604Z,435.78,PENDING
ORD-1786976374060-55A3A05C,CUST-00736,2025-01-06T01:56:16.109Z,210.38,SHIPPED
ORD-1786976374060-EF692700,CUST-00866,2025-11-08T05:58:33.443Z,248.50,CANCELLED
ORD-1786976374060-C463F6A3,CUST-00371,2026-02-22T05:50:18.304Z,211.83,SHIPPED
ORD-1786976374060-2A7CDF0E,CUST-00897,2026-05-09T11:32:17.058Z,125.32,PROCESSING
ORD-1786976374060-F99F7BD3,CUST-00095,2025-03-03T06:01:07.803Z,405.83,DELIVERED
ORD-1786976374060-4C4F3292,CUST-00303,2026-02-14T21:02:28.965Z,347.90,SHIPPED
ORD-1786976374060-615AF8C6,CUST-00800,2025-01-03T15:41:51.813Z,426.41,COMPLETED
ORD-1786976374060-19E27106,CUST-00804,2025-04-26T04:34:48.487Z,235.13,COMPLETED
ORD-1786976374060-7A02E25C,CUST-00711,2025-04-15T05:04:45.234Z,150.08,PENDING
ORD-1786976374060-56EE85D9,CUST-00973,2025-03-05T17:39:25.816Z,288.35,DELIVERED
ORD-1786976374060-00447542,CUST-00778,2026-05-08T15:09:01.187Z,390.80,SHIPPED
ORD-1786976374060-1FE1516B,CUST-00228,2025-04-15T05:52:47.948Z,488.30,CANCELLED
ORD-1786976374060-59865DC3,CUST-00980,2026-02-15T08:38:05.433Z,395.25,CANCELLED
ORD-1786976374060-93167879,CUST-00712,2025-06-29T20:23:31.711Z,408.15,COMPLETED
ORD-1786976374060-F463B550,CUST-00720,2025-02-02T16:28:14.677Z,261.30,CANCELLED
ORD-1786976374060-8C06D289,CUST-00609,2025-11-28T16:00:29.768Z,47.82,COMPLETED
ORD-1786976374060-037A6DEB,CUST-00720,2025-06-14T11:54:22.286Z,316.04,PENDING
ORD-1786976374060-6E17A9D9,CUST-00970,2025-04-02T20:39:57.031Z,428.16,SHIPPED
ORD-1786976374060-BB1161E5,CUST-00331,2025-09-18T08:20:13.652Z,495.84,SHIPPED
ORD-1786976374060-46C86B0F,CUST-00477,2025-09-12T00:50:32.574Z,145.93,COMPLETED
ORD-1786976374060-9B152BF3,CUST-00480,2025-11-21T11:12:06.880Z,455.64,CANCELLED
ORD-1786976374060-4616C730,CUST-00828,2026-06-07T12:09:39.683Z,373.84,DELIVERED
ORD-1786976374060-A9F66F5B,CUST-00022,2026-04-09T07:25:18.883Z,207.39,PENDING
ORD-1786976374060-FD5244DC,CUST-00257,2025-10-23T12:59:13.870Z,498.44,SHIPPED
ORD-1786976374060-477FA4A6,CUST-00920,2026-07-10T16:21:30.903Z,18.57,COMPLETED
ORD-1786976374060-949DD7EF,CUST-00624,2025-08-13T02:20:19.886Z,378.53,SHIPPED
ORD-1786976374060-BF749AA0,CUST-00158,2025-08-25T09:41:34.415Z,298.63,CANCELLED
ORD-1786976374060-C670ECF3,CUST-00763,2026-04-26T03:33:57.973Z,174.09,PENDING
ORD-1786976374060-3449491C,CUST-00682,2025-01-07T13:35:34.960Z,169.33,DELIVERED
ORD-1786976374060-256714E3,CUST-00194,2026-07-07T14:02:47.034Z,84.43,COMPLETED
ORD-1786976374060-508B1386,CUST-00691,2025-02-16T21:45:56.274Z,306.21,DELIVERED
ORD-1786976374060-7DB50279,CUST-00732,2026-06-25T20:31:59.536Z,209.94,PENDING
ORD-1786976374060-7D4EEEFE,CUST-00851,2026-06-01T22:28:25.022Z,444.88,CANCELLED
ORD-1786976374060-56E09B80,CUST-00400,2026-04-09T09:46:12.468Z,66.48,PROCESSING
ORD-1786976374060-A2D7DADF,CUST-00917,2026-03-26T15:53:24.953Z,113.11,CANCELLED
ORD-1786976374060-1E2A5AE6,CUST-00133,2025-08-19T02:46:27.540Z,307.70,DELIVERED
ORD-1786976374060-675C2CAD,CUST-00232,2026-06-21T23:34:01.147Z,92.36,PENDING
ORD-1786976374061-E5404B7D,CUST-00290,2026-06-01T13:22:33.708Z,394.48,CANCELLED
ORD-1786976374061-6B928885,CUST-00981,2025-02-08T18:10:33.107Z,429.06,PROCESSING
ORD-1786976374061-E23337FE,CUST-00161,2025-12-24T12:55:12.160Z,216.12,PENDING
ORD-1786976374061-F96F99F5,CUST-00080,2025-07-02T03:39:04.746Z,247.91,COMPLETED
ORD-1786976374061-DC082B0F,CUST-00700,2025-05-08T09:23:07.132Z,74.93,COMPLETED
ORD-1786976374061-81ADB046,CUST-00010,2025-07-06T23:28:12.587Z,53.18,PROCESSING
ORD-1786976374061-32382B8F,CUST-00346,2025-05-21T02:46:19.818Z,15.97,PROCESSING
ORD-1786976374061-3053F1A7,CUST-00054,2026-07-16T17:07:22.276Z,366.31,DELIVERED
ORD-1786976374061-E3D4946B,CUST-00973,2026-01-02T11:24:20.357Z,218.15,CANCELLED
ORD-1786976374061-6A2A75D6,CUST-00240,2025-01-15T09:40:41.518Z,148.88,PENDING
ORD-1786976374061-85E4B336,CUST-00224,2026-07-15T22:56:38.109Z,220.04,COMPLETED
ORD-1786976374061-723055FC,CUST-00597,2025-05-23T22:26:50.363Z,313.86,CANCELLED
ORD-1786976374061-3A247E0B,CUST-00852,2025-01-14T09:57:59.393Z,81.51,COMPLETED
ORD-1786976374061-A57D61C1,CUST-00100,2026-03-02T16:07:24.579Z,107.42,SHIPPED
ORD-1786976374061-8C59FF06,CUST-00601,2025-07-02T12:38:31.579Z,195.95,PENDING
ORD-1786976374061-79C024AB,CUST-00063,2026-02-26T00:49:57.932Z,290.00,COMPLETED
ORD-1786976374061-3703639B,CUST-00752,2025-04-25T05:11:37.360Z,13.08,PROCESSING
ORD-1786976374061-A9D4E734,CUST-00637,2026-07-23T18:23:16.400Z,214.31,CANCELLED
ORD-1786976374061-80BD8588,CUST-00601,2025-03-30T14:49:56.546Z,94.89,DELIVERED
ORD-1786976374061-2185A26D,CUST-00427,2026-03-13T02:08:58.947Z,34.05,DELIVERED
ORD-1786976374061-893C5945,CUST-00503,2025-12-10T05:38:40.910Z,215.46,SHIPPED
ORD-1786976374061-1169E047,CUST-00443,2025-05-20T05:00:05.649Z,12.81,DELIVERED
ORD-1786976374061-318F9191,CUST-00471,2025-02-08T03:22:15.346Z,394.80,CANCELLED
ORD-1786976374061-D2A26E5D,CUST-00038,2025-08-25T15:39:28.896Z,424.04,CANCELLED
ORD-1786976374061-7B4BEC29,CUST-00937,2025-09-30T21:00:49.482Z,174.75,CANCELLED
ORD-1786976374061-A65128B6,CUST-00529,2026-06-28T06:24:37.290Z,342.32,PROCESSING
ORD-1786976374061-9DC69ECD,CUST-00858,2025-05-05T09:29:31.632Z,489.78,DELIVERED
ORD-1786976374061-5FF78486,CUST-00144,2025-06-18T06:34:07.918Z,36.89,PENDING
ORD-1786976374061-3A21C54C,CUST-00393,2025-03-27T13:49:58.023Z,269.68,CANCELLED
ORD-1786976374061-BB05232C,CUST-00223,2025-11-10T13:51:45.546Z,389.83,CANCELLED
ORD-1786976374061-1A8EF0CA,CUST-00848,2025-08-03T17:08:17.389Z,78.97,PENDING
ORD-1786976374061-0DCAA0A8,CUST-00795,2026-03-09T06:50:34.224Z,226.62,SHIPPED
ORD-1786976374061-B23786A2,CUST-00042,2026-02-05T13:21:40.268Z,157.53,DELIVERED
ORD-1786976374061-53CDFCC1,CUST-00469,2025-12-06T08:28:38.365Z,303.07,CANCELLED
ORD-1786976374061-DF334137,CUST-00427,2025-12-19T14:39:34.313Z,201.62,DELIVERED
ORD-1786976374061-ED61E0C5,CUST-00786,2025-11-17T18:34:19.873Z,391.38,PROCESSING
ORD-1786976374061-EBFAAE79,CUST-00448,2025-11-23T23:24:32.688Z,374.51,SHIPPED
ORD-1786976374061-08FDD4B2,CUST-00960,2026-01-25T19:18:25.777Z,440.36,CANCELLED
ORD-1786976374061-CD6670EE,CUST-00571,2025-01-06T12:52:30.152Z,369.82,DELIVERED
ORD-1786976374061-792A05EF,CUST-00758,2025-01-26T03:23:14.615Z,160.40,CANCELLED
ORD-1786976374061-6FD8CDE1,CUST-00795,2025-03-05T18:52:01.709Z,37.21,DELIVERED
ORD-1786976374061-6F1AB6B1,CUST-00976,2025-04-30T11:38:45.942Z,162.01,COMPLETED
ORD-1786976374061-934084B8,CUST-00589,2025-09-11T00:58:46.606Z,290.51,CANCELLED
ORD-1786976374061-61826C1A,CUST-00439,2025-04-04T00:45:33.290Z,143.15,PROCESSING
ORD-1786976374061-AABEF48A,CUST-00319,2026-01-12T00:11:30.485Z,81.87,PROCESSING
ORD-1786976374061-C81C1E54,CUST-00834,2025-05-24T17:40:41.889Z,308.32,PENDING
ORD-1786976374061-2DEBAACB,CUST-00438,2025-08-02T03:24:00.139Z,210.67,PROCESSING
ORD-1786976374061-7525D182,CUST-00854,2025-03-29T05:42:59.419Z,185.92,SHIPPED
ORD-1786976374061-B237F878,CUST-00600,2026-04-30T23:44:10.327Z,183.01,SHIPPED
ORD-1786976374061-B4D1C192,CUST-00360,2025-11-09T09:57:20.443Z,77.75,DELIVERED
ORD-1786976374061-351FBF8F,CUST-00161,2025-02-14T18:21:39.625Z,464.97,COMPLETED
ORD-1786976374061-71195A80,CUST-00613,2026-02-17T14:42:46.837Z,343.27,DELIVERED
ORD-1786976374061-A2201154,CUST-00994,2025-10-23T07:51:46.774Z,18.12,PROCESSING
ORD-1786976374061-8B6685C1,CUST-00724,2026-02-04T17:01:37.531Z,210.43,SHIPPED
ORD-1786976374061-E10649DF,CUST-00768,2026-01-24T04:24:36.605Z,170.21,CANCELLED
ORD-1786976374061-1FCB961B,CUST-00347,2025-07-25T06:18:28.639Z,75.02,COMPLETED
ORD-1786976374061-8F95138F,CUST-00820,2026-04-11T15:17:18.945Z,463.30,DELIVERED
ORD-1786976374061-B4D493CA,CUST-00038,2025-04-06T19:54:13.330Z,338.80,PROCESSING
ORD-1786976374061-19A07B4F,CUST-00896,2025-06-03T00:19:48.220Z,18.84,PROCESSING
ORD-1786976374061-8A8D951A,CUST-00269,2026-03-09T03:44:59.863Z,31.75,PENDING
ORD-1786976374061-7623D76C,CUST-00259,2026-07-26T05:03:08.916Z,79.62,CANCELLED
ORD-1786976374061-592E675C,CUST-00104,2025-06-30T11:53:18.505Z,229.48,DELIVERED
ORD-1786976374061-1C426050,CUST-00259,2025-08-05T05:19:56.437Z,181.36,PENDING
ORD-1786976374061-18691F49,CUST-00796,2025-01-18T00:49:55.886Z,333.37,DELIVERED
ORD-1786976374061-08624E26,CUST-00591,2025-02-23T21:38:31.565Z,145.75,COMPLETED
ORD-1786976374061-9BB119E1,CUST-00925,2026-02-04T17:47:47.281Z,24.94,PROCESSING
ORD-1786976374061-2D3E92F4,CUST-00570,2026-01-30T15:40:36.586Z,125.95,PROCESSING
ORD-1786976374061-BE7E45F5,CUST-00287,2025-11-15T08:43:04.322Z,369.78,COMPLETED
ORD-1786976374061-A7F955ED,CUST-00496,2025-01-26T11:32:25.884Z,218.82,PENDING
ORD-1786976374061-814435EF,CUST-00967,2026-04-30T23:42:08.252Z,18.10,COMPLETED
ORD-1786976374061-A83F7CC9,CUST-00076,2025-05-07T18:49:35.135Z,468.84,DELIVERED
ORD-1786976374061-E8B0E393,CUST-00096,2026-04-05T14:01:39.541Z,47.10,DELIVERED
ORD-1786976374061-0D847C2F,CUST-00581,2026-01-24T01:15:02.913Z,358.91,SHIPPED
ORD-1786976374061-1FDA6304,CUST-00298,2025-09-01T22:16:57.154Z,426.83,SHIPPED
ORD-1786976374061-EBAF6181,CUST-00490,2026-03-16T05:09:24.430Z,46.44,COMPLETED
ORD-1786976374061-A51B17A9,CUST-00686,2026-03-03T20:14:44.150Z,470.69,PENDING
ORD-1786976374061-872E7BCE,CUST-00506,2025-02-15T02:28:13.804Z,134.91,COMPLETED
ORD-1786976374061-957A2289,CUST-00885,2025-11-14T20:14:34.031Z,384.76,COMPLETED
ORD-1786976374061-16FD8060,CUST-00492,2026-04-28T04:33:31.634Z,327.68,DELIVERED
ORD-1786976374061-B92B7D4B,CUST-00787,2025-03-29T18:50:52.457Z,103.08,SHIPPED
ORD-1786976374061-A2016A78,CUST-00572,2025-05-26T11:04:01.680Z,474.56,DELIVERED
ORD-1786976374061-06CF60AD,CUST-00821,2025-08-18T22:55:43.114Z,484.21,CANCELLED
ORD-1786976374061-D4F8A71E,CUST-00361,2026-08-10T23:23:58.127Z,262.95,PROCESSING
ORD-1786976374061-B6B7F255,CUST-00413,2026-02-07T20:13:00.003Z,427.17,COMPLETED
ORD-1786976374061-F5D34524,CUST-00538,2025-07-08T11:22:31.300Z,395.50,DELIVERED
ORD-1786976374061-948318DF,CUST-00698,2025-06-02T01:27:58.391Z,234.33,CANCELLED
ORD-1786976374061-BAAED04D,CUST-00929,2026-06-02T18:01:46.012Z,371.27,DELIVERED
ORD-1786976374061-58E607FC,CUST-00135,2025-03-15T04:27:11.270Z,399.31,CANCELLED
ORD-1786976374061-23810E33,CUST-00531,2025-09-07T01:43:01.616Z,242.92,CANCELLED
ORD-1786976374061-9D5478F4,CUST-00361,2025-11-23T20:01:09.731Z,466.08,CANCELLED
ORD-1786976374061-E8EB431B,CUST-00465,2025-03-03T04:22:01.439Z,111.29,PROCESSING
ORD-1786976374061-31376144,CUST-00650,2025-07-14T11:53:55.793Z,300.18,SHIPPED
ORD-1786976374061-10E95621,CUST-00661,2025-12-10T06:30:11.488Z,26.83,PROCESSING
ORD-1786976374061-9F7AEEBE,CUST-00868,2025-10-15T11:13:42.092Z,266.96,DELIVERED
ORD-1786976374061-B93CD9BC,CUST-00905,2025-09-14T16:59:24.441Z,186.00,PENDING
ORD-1786976374061-D757387B,CUST-00541,2025-08-13T15:35:49.647Z,51.71,CANCELLED
ORD-1786976374061-EBADC841,CUST-00698,2026-07-14T03:05:35.495Z,446.14,CANCELLED
ORD-1786976374061-D5BC9A28,CUST-00874,2025-02-15T11:41:31.842Z,234.28,PENDING
ORD-1786976374061-2E27F64A,CUST-00338,2025-05-18T21:17:47.708Z,129.94,SHIPPED
ORD-1786976374061-BE6BB7B8,CUST-00056,2025-07-16T21:17:25.383Z,245.30,SHIPPED
ORD-1786976374061-B9AB2D53,CUST-00766,2026-04-09T13:04:58.657Z,40.67,CANCELLED
ORD-1786976374061-EAA99F57,CUST-00160,2025-03-27T03:13:17.328Z,193.84,CANCELLED
ORD-1786976374061-C7BCE1B7,CUST-00981,2026-06-22T23:02:25.987Z,239.30,PROCESSING
ORD-1786976374061-D10EED48,CUST-00381,2026-05-27T03:16:25.807Z,165.27,DELIVERED
ORD-1786976374061-B8CE98C1,CUST-00990,2025-05-23T19:37:34.522Z,446.41,PROCESSING
ORD-1786976374061-732B06D8,CUST-00009,2026-07-04T21:36:32.202Z,57.23,CANCELLED
ORD-1786976374061-F924F28B,CUST-00924,2025-04-29T23:01:25.331Z,253.70,COMPLETED
ORD-1786976374061-A8E0E26A,CUST-00021,2026-07-08T14:35:00.601Z,378.16,COMPLETED
ORD-1786976374061-58C08095,CUST-00087,2025-08-07T11:58:37.490Z,268.94,DELIVERED
ORD-1786976374061-24326E2A,CUST-00733,2026-06-05T22:39:09.507Z,157.08,PROCESSING
ORD-1786976374061-EC4058EF,CUST-00563,2026-05-04T17:09:42.421Z,311.96,SHIPPED
ORD-1786976374061-BB56E894,CUST-00604,2025-10-01T09:55:06.624Z,301.26,PROCESSING
ORD-1786976374061-34F4E114,CUST-00039,2025-07-16T20:59:31.410Z,408.10,DELIVERED
ORD-1786976374061-F843A2E8,CUST-00186,2025-10-28T05:57:21.508Z,318.41,DELIVERED
ORD-1786976374061-1FA8FEEE,CUST-00384,2025-09-12T17:58:04.964Z,231.96,PENDING
ORD-1786976374061-3E6F9AA5,CUST-00392,2026-06-04T12:34:17.088Z,168.51,DELIVERED
ORD-1786976374061-2EFE2110,CUST-00964,2025-05-31T04:16:59.623Z,138.73,COMPLETED
ORD-1786976374061-6BBEFBCE,CUST-00694,2025-11-28T00:09:31.169Z,445.30,SHIPPED
ORD-1786976374061-E9C99BEA,CUST-00131,2026-07-23T11:20:01.245Z,84.58,DELIVERED
ORD-1786976374061-89DC300A,CUST-00263,2025-11-03T12:07:01.711Z,476.68,DELIVERED
ORD-1786976374061-93806520,CUST-00532,2025-01-30T23:11:45.992Z,220.56,PENDING
ORD-1786976374061-B9D926D0,CUST-00278,2025-03-19T09:49:40.551Z,235.91,CANCELLED
ORD-1786976374061-5543BBA4,CUST-00080,2025-06-28T21:42:06.250Z,417.83,SHIPPED
ORD-1786976374061-DE5EF849,CUST-00028,2026-05-08T06:57:15.146Z,278.52,PROCESSING
ORD-1786976374061-2EC66794,CUST-00687,2025-12-01T19:46:39.648Z,230.80,CANCELLED
ORD-1786976374061-D0D5D685,CUST-00166,2026-06-19T21:58:40.242Z,246.05,PROCESSING
ORD-1786976374061-4823928D,CUST-00504,2025-01-26T17:47:49.102Z,116.09,COMPLETED
ORD-1786976374061-FC811232,CUST-00502,2025-05-06T05:00:38.166Z,81.99,DELIVERED
ORD-1786976374061-B399C0BC,CUST-00775,2025-12-16T13:04:26.044Z,167.16,DELIVERED
ORD-1786976374061-785960DE,CUST-00153,2025-06-24T05:04:40.950Z,287.82,DELIVERED
ORD-1786976374061-CAC7D57D,CUST-00062,2026-04-06T23:30:03.824Z,223.76,SHIPPED
ORD-1786976374061-D1555CEE,CUST-00832,2025-02-19T12:50:34.531Z,142.61,SHIPPED
ORD-1786976374061-5BA3D12C,CUST-00341,2026-04-20T08:05:56.365Z,237.50,PROCESSING
ORD-1786976374061-2FB0367E,CUST-00431,2025-01-29T15:04:24.931Z,227.45,DELIVERED
ORD-1786976374061-02A9300D,CUST-00017,2026-05-29T10:51:09.051Z,207.78,PROCESSING
ORD-1786976374061-8756D3C6,CUST-00063,2025-10-28T11:33:53.842Z,509.72,PROCESSING
ORD-1786976374061-62E586C0,CUST-00658,2025-12-06T11:52:31.869Z,234.75,COMPLETED
ORD-1786976374061-EC143B6B,CUST-00239,2025-02-07T21:46:54.077Z,351.66,COMPLETED
ORD-1786976374061-65410818,CUST-00453,2025-05-20T06:21:02.393Z,431.46,SHIPPED
ORD-1786976374061-E64B30A6,CUST-00426,2025-04-25T07:17:46.191Z,210.63,PENDING
ORD-1786976374061-4A3A4F58,CUST-00600,2025-05-13T11:41:13.790Z,486.73,COMPLETED
ORD-1786976374061-273FC2FE,CUST-00406,2026-03-19T10:03:46.414Z,500.50,COMPLETED
ORD-1786976374061-73E25FDF,CUST-00544,2025-04-26T15:05:21.005Z,437.93,PROCESSING
ORD-1786976374061-CCA0CFCE,CUST-00464,2025-01-11T15:07:07.610Z,396.81,SHIPPED
ORD-1786976374061-4ED75720,CUST-00357,2026-06-15T04:30:52.747Z,132.59,DELIVERED
ORD-1786976374061-F98A7730,CUST-00832,2025-10-15T14:51:48.198Z,169.05,PENDING
ORD-1786976374061-F10FF9E7,CUST-00956,2025-09-16T03:16:35.013Z,407.00,PROCESSING
ORD-1786976374061-E9F5E6FB,CUST-00650,2025-02-07T02:09:34.886Z,182.27,SHIPPED
ORD-1786976374061-855F072F,CUST-00281,2025-06-17T13:30:56.662Z,71.67,SHIPPED
ORD-1786976374061-E2DD6232,CUST-00853,2025-03-24T19:54:47.519Z,30.72,SHIPPED
ORD-1786976374061-E7952D4A,CUST-00586,2026-08-07T07:36:22.528Z,42.84,COMPLETED
ORD-1786976374061-CFA4CD53,CUST-00545,2025-10-08T22:08:21.965Z,410.90,DELIVERED
ORD-1786976374061-20AB5DB0,CUST-00957,2026-06-14T04:15:31.406Z,108.16,SHIPPED
ORD-1786976374061-741117BD,CUST-00582,2026-05-12T04:14:00.681Z,360.95,CANCELLED
ORD-1786976374061-323C3F2E,CUST-00035,2026-04-11T21:50:43.050Z,215.46,SHIPPED
ORD-1786976374062-86469459,CUST-00096,2026-06-30T00:42:12.788Z,440.04,CANCELLED
ORD-1786976374062-08F5D00A,CUST-00906,2025-12-04T08:52:50.147Z,476.83,SHIPPED
ORD-1786976374062-64641719,CUST-00274,2026-03-26T18:41:50.430Z,249.58,CANCELLED
ORD-1786976374062-14BC094B,CUST-00103,2026-02-16T19:54:36.531Z,411.26,CANCELLED
ORD-1786976374062-52414D47,CUST-00438,2025-06-22T03:24:32.426Z,367.73,SHIPPED
ORD-1786976374062-11FD9828,CUST-00461,2025-06-23T04:50:56.674Z,334.52,CANCELLED
ORD-1786976374062-62B9DDDC,CUST-00967,2025-02-19T01:03:25.661Z,313.68,CANCELLED
ORD-1786976374062-A281768D,CUST-00161,2026-04-09T22:20:26.186Z,243.20,SHIPPED
ORD-1786976374062-0BD5706A,CUST-00796,2025-01-12T21:53:20.256Z,338.55,SHIPPED
ORD-1786976374062-F5406155,CUST-00361,2025-08-13T11:37:21.105Z,158.94,PENDING
ORD-1786976374062-FB18E342,CUST-00803,2025-07-01T01:54:42.215Z,503.02,DELIVERED
ORD-1786976374062-7E6D5DB6,CUST-00061,2025-02-16T20:36:26.113Z,77.96,PROCESSING
ORD-1786976374062-86C0C127,CUST-00442,2025-11-28T19:26:10.096Z,170.94,DELIVERED
ORD-1786976374062-F5B2A4C0,CUST-00459,2026-04-26T20:45:06.707Z,173.98,DELIVERED
ORD-1786976374062-848FDED6,CUST-00851,2025-04-26T16:30:23.751Z,504.06,PENDING
ORD-1786976374062-D683B33E,CUST-00851,2025-08-02T14:15:15.338Z,156.47,DELIVERED
ORD-1786976374062-D82C9C0D,CUST-00911,2025-02-09T18:17:01.619Z,50.31,COMPLETED
ORD-1786976374062-327F4A4B,CUST-00684,2025-05-13T11:45:18.421Z,176.92,CANCELLED
ORD-1786976374062-DFA191D6,CUST-00668,2025-04-28T21:39:55.441Z,244.92,CANCELLED
ORD-1786976374062-508F9D4A,CUST-00867,2025-05-01T05:59:55.828Z,21.18,CANCELLED
ORD-1786976374062-15B435D1,CUST-00717,2026-05-10T01:59:50.258Z,361.50,DELIVERED
ORD-1786976374062-E107DC76,CUST-00067,2025-07-09T21:18:55.550Z,291.94,CANCELLED
ORD-1786976374062-F0E8E192,CUST-00041,2025-11-29T01:06:57.351Z,480.43,COMPLETED
ORD-1786976374062-DB9A7F87,CUST-00335,2026-05-30T07:21:59.916Z,103.94,PROCESSING
ORD-1786976374062-C968CA6F,CUST-00571,2025-06-24T06:56:26.152Z,345.63,DELIVERED
ORD-1786976374062-0AB916E6,CUST-00223,2025-07-21T01:37:02.299Z,16.90,PENDING
ORD-1786976374062-50F8318F,CUST-00475,2026-01-08T22:35:59.135Z,110.31,PROCESSING
ORD-1786976374062-0672FD03,CUST-00083,2026-03-14T08:33:17.580Z,123.55,PENDING
ORD-1786976374062-365DA1AD,CUST-00406,2025-04-05T21:02:01.495Z,102.62,SHIPPED
ORD-1786976374062-8253B869,CUST-00415,2025-12-02T15:07:18.437Z,31.91,CANCELLED
ORD-1786976374062-943BE351,CUST-00154,2025-09-29T01:50:58.426Z,504.81,PENDING
ORD-1786976374062-60F2983A,CUST-00102,2025-05-26T18:39:58.529Z,323.01,PENDING
ORD-1786976374062-CA60D984,CUST-00984,2026-02-07T02:05:27.656Z,287.66,COMPLETED
ORD-1786976374062-524892FF,CUST-00530,2026-06-25T11:15:47.888Z,253.73,PROCESSING
ORD-1786976374062-A87FF349,CUST-00358,2025-12-25T05:40:34.900Z,222.22,PENDING
ORD-1786976374062-EE5A298C,CUST-00079,2025-02-09T17:16:32.389Z,137.80,PROCESSING
ORD-1786976374062-D45D96B0,CUST-00455,2025-08-15T09:40:27.909Z,109.87,DELIVERED
ORD-1786976374062-562FA12A,CUST-00224,2026-07-07T09:31:17.050Z,100.95,SHIPPED
ORD-1786976374062-ED6D2B5A,CUST-00116,2025-07-18T13:10:34.693Z,208.17,DELIVERED
ORD-1786976374062-C1062D9A,CUST-00782,2026-03-26T06:31:34.487Z,387.54,COMPLETED
ORD-1786976374062-0A7379F3,CUST-00755,2025-11-26T17:35:36.954Z,327.58,PENDING
ORD-1786976374062-BF17CE1B,CUST-00381,2026-05-07T22:09:49.398Z,211.92,SHIPPED
ORD-1786976374062-A4C943D7,CUST-00256,2025-09-05T21:32:09.603Z,477.09,DELIVERED
ORD-1786976374062-9BBC7CED,CUST-00708,2025-01-20T16:59:20.317Z,280.57,DELIVERED
ORD-1786976374062-6FD5897C,CUST-00806,2025-04-07T10:02:41.092Z,269.23,COMPLETED
ORD-1786976374062-A7C2F3F2,CUST-00992,2025-08-08T12:54:37.509Z,471.51,SHIPPED
ORD-1786976374062-A76ACC56,CUST-00609,2025-06-19T04:51:21.433Z,400.55,CANCELLED
ORD-1786976374062-0F9A419C,CUST-00365,2025-05-01T09:17:47.750Z,315.19,SHIPPED
ORD-1786976374062-82386E27,CUST-00462,2025-02-15T06:02:38.728Z,111.32,PROCESSING
ORD-1786976374062-A4DD795B,CUST-00144,2025-10-17T21:26:01.635Z,395.98,DELIVERED
ORD-1786976374062-F9DE0E26,CUST-00422,2026-03-01T18:47:52.947Z,32.29,COMPLETED
ORD-1786976374062-586B57B6,CUST-00973,2025-02-10T18:18:25.078Z,140.19,COMPLETED
ORD-1786976374062-FB9E668F,CUST-00257,2026-08-13T07:17:17.589Z,314.92,COMPLETED
ORD-1786976374062-81368722,CUST-00457,2025-07-10T17:26:58.106Z,265.25,PENDING
ORD-1786976374062-6306B56D,CUST-00091,2026-06-12T21:10:28.320Z,103.46,SHIPPED
ORD-1786976374062-940CCD5C,CUST-00866,2026-01-08T04:49:14.198Z,382.83,PROCESSING
ORD-1786976374062-0DEAD0FA,CUST-00049,2025-07-07T12:34:42.513Z,505.16,DELIVERED
ORD-1786976374062-B69097A7,CUST-00153,2025-06-09T08:33:46.469Z,359.69,PROCESSING
ORD-1786976374062-1ADEBE8A,CUST-00996,2026-04-28T08:36:37.692Z,470.25,COMPLETED
ORD-1786976374062-4EA7513E,CUST-00350,2025-12-12T11:38:50.266Z,56.21,DELIVERED
ORD-1786976374062-80B7194D,CUST-00959,2025-02-25T12:46:18.466Z,203.13,PROCESSING
ORD-1786976374062-EB5D7EEE,CUST-00440,2026-06-15T02:57:25.687Z,72.88,DELIVERED
ORD-1786976374062-CA114B8B,CUST-00091,2025-04-08T14:26:06.261Z,93.94,COMPLETED
ORD-1786976374062-B377666A,CUST-00111,2025-06-05T18:51:14.018Z,299.97,SHIPPED
ORD-1786976374062-4C572848,CUST-00945,2025-01-15T07:27:33.904Z,278.59,CANCELLED
ORD-1786976374062-2015114E,CUST-00088,2025-11-26T15:47:14.384Z,484.98,PROCESSING
ORD-1786976374062-4B0C6402,CUST-00252,2026-04-05T21:49:15.286Z,296.18,SHIPPED
ORD-1786976374062-1E30337E,CUST-00932,2025-04-22T23:02:31.149Z,470.83,CANCELLED
ORD-1786976374062-DD32221F,CUST-00317,2025-06-29T07:03:37.830Z,85.81,DELIVERED
ORD-1786976374062-7093C21A,CUST-00244,2025-11-02T05:24:21.785Z,349.40,DELIVERED
ORD-1786976374062-0E31C465,CUST-00857,2026-08-04T09:50:57.674Z,223.25,DELIVERED
ORD-1786976374062-5A01A216,CUST-00632,2026-04-23T21:10:03.253Z,32.18,DELIVERED
ORD-1786976374062-A04977F2,CUST-00932,2025-12-19T10:52:56.934Z,77.83,COMPLETED
ORD-1786976374062-FA97B1A1,CUST-00737,2026-02-13T22:57:36.196Z,112.43,CANCELLED
ORD-1786976374062-BEB55489,CUST-00629,2025-06-15T23:10:18.391Z,460.39,PROCESSING
ORD-1786976374062-1181E1E6,CUST-00067,2026-05-30T01:55:03.262Z,426.85,COMPLETED
ORD-1786976374062-18E73DD7,CUST-00842,2026-04-28T20:50:15.790Z,317.56,PROCESSING
ORD-1786976374062-0AEC609E,CUST-00789,2026-05-02T14:34:29.063Z,314.99,CANCELLED
ORD-1786976374062-FF89B7D1,CUST-00729,2025-08-11T06:02:58.267Z,78.66,PROCESSING
ORD-1786976374062-307FCF42,CUST-00452,2026-05-29T00:55:18.866Z,458.95,CANCELLED
ORD-1786976374062-5D8A533A,CUST-00088,2025-11-08T10:50:25.871Z,149.72,PENDING
ORD-1786976374062-BA1AB150,CUST-00479,2026-02-24T08:30:08.965Z,241.24,SHIPPED
ORD-1786976374062-1B1AAB7B,CUST-00142,2025-08-26T11:15:37.651Z,248.30,PROCESSING
ORD-1786976374062-F09D5E60,CUST-00949,2025-01-05T16:17:07.967Z,423.23,COMPLETED
ORD-1786976374063-4AD53084,CUST-00124,2026-03-23T05:26:05.935Z,191.13,SHIPPED
ORD-1786976374063-C3243314,CUST-00074,2025-06-02T11:38:47.305Z,56.02,SHIPPED
ORD-1786976374063-465DB6B0,CUST-00887,2025-10-17T03:25:16.767Z,70.06,PENDING
ORD-1786976374063-6CB40767,CUST-00693,2025-02-23T16:21:30.586Z,133.50,PENDING
ORD-1786976374063-F23D60FC,CUST-00854,2025-05-06T07:44:49.318Z,381.20,CANCELLED
ORD-1786976374063-CC3ED58A,CUST-00085,2025-02-10T05:54:38.807Z,480.67,SHIPPED
ORD-1786976374063-BAFDDB39,CUST-00759,2025-07-22T12:46:43.994Z,452.29,PROCESSING
ORD-1786976374063-9A8556E2,CUST-00355,2026-05-27T01:38:37.804Z,35.93,COMPLETED
ORD-1786976374063-86DC8BAA,CUST-00067,2025-02-15T15:13:39.367Z,70.12,COMPLETED
ORD-1786976374063-9196501F,CUST-00215,2025-07-05T11:39:51.213Z,243.36,COMPLETED
ORD-1786976374063-67B7353A,CUST-00563,2025-04-30T19:20:31.862Z,364.83,COMPLETED
ORD-1786976374063-4389DE43,CUST-00864,2025-08-04T08:36:07.826Z,183.56,SHIPPED
ORD-1786976374063-7E850817,CUST-00361,2025-07-10T11:33:44.449Z,503.11,DELIVERED
ORD-1786976374063-8624F0AF,CUST-00129,2025-02-22T03:28:45.169Z,60.46,SHIPPED
ORD-1786976374063-DCFD0572,CUST-00144,2025-08-08T08:18:33.038Z,200.15,PROCESSING
ORD-1786976374063-9D69014F,CUST-00990,2026-05-13T19:11:31.405Z,507.30,DELIVERED
ORD-1786976374063-6D657FB3,CUST-00290,2026-06-25T01:34:46.008Z,111.11,PROCESSING
ORD-1786976374063-BBD418DD,CUST-00703,2025-02-03T22:54:15.664Z,419.20,PROCESSING
ORD-1786976374063-7515E642,CUST-00246,2025-05-30T23:03:12.715Z,338.59,CANCELLED
ORD-1786976374063-E2CAD336,CUST-00828,2026-02-27T21:03:14.306Z,137.46,PROCESSING
ORD-1786976374063-ABCD03C8,CUST-00415,2026-05-14T09:33:42.921Z,245.47,COMPLETED
ORD-1786976374063-F980328B,CUST-00107,2025-03-26T23:48:30.108Z,367.22,PENDING
ORD-1786976374063-84FC408A,CUST-00197,2026-01-05T16:58:49.527Z,388.89,PROCESSING
ORD-1786976374063-D01F3B9B,CUST-00016,2025-04-24T02:08:11.483Z,287.62,DELIVERED
ORD-1786976374063-F8BF6E02,CUST-00281,2025-11-12T02:21:00.901Z,327.85,DELIVERED
ORD-1786976374063-ED111AED,CUST-00433,2026-07-19T15:12:05.279Z,115.20,CANCELLED
ORD-1786976374063-0EBC9519,CUST-00230,2025-09-07T22:04:11.115Z,179.49,COMPLETED
ORD-1786976374063-916B5925,CUST-00320,2025-12-19T02:34:49.012Z,285.61,DELIVERED
ORD-1786976374063-15626310,CUST-00863,2025-03-06T08:47:11.370Z,111.93,PENDING
ORD-1786976374063-EA4569D6,CUST-00567,2026-01-22T11:57:29.476Z,42.93,COMPLETED
ORD-1786976374063-E4D6AB12,CUST-00635,2025-05-23T09:37:44.152Z,113.57,PENDING
ORD-1786976374063-988A0D52,CUST-00622,2025-06-15T16:35:24.755Z,172.75,PENDING
ORD-1786976374063-E80F9C64,CUST-00596,2026-04-18T15:30:37.249Z,431.81,DELIVERED
ORD-1786976374063-DA34F5F5,CUST-00988,2025-08-17T02:56:19.918Z,283.44,PENDING
ORD-1786976374063-26BB180D,CUST-00779,2026-05-30T22:51:01.982Z,143.57,PENDING
ORD-1786976374063-63862DA0,CUST-00275,2025-01-16T05:35:51.304Z,383.53,DELIVERED
ORD-1786976374063-1F9F14B7,CUST-00360,2025-05-03T05:28:32.019Z,27.37,SHIPPED
ORD-1786976374063-F99325DB,CUST-00125,2026-01-28T01:33:40.345Z,290.53,PROCESSING
ORD-1786976374063-FC1AACCD,CUST-00944,2025-11-25T05:52:51.535Z,402.28,PENDING
ORD-1786976374063-92C47BE5,CUST-00077,2025-05-30T09:59:28.381Z,191.40,COMPLETED
ORD-1786976374063-7B9B9FDC,CUST-00816,2026-06-29T08:16:16.912Z,246.23,CANCELLED
ORD-1786976374063-2B36F898,CUST-00075,2026-06-26T17:24:54.025Z,102.18,CANCELLED
ORD-1786976374063-C8C4743F,CUST-00437,2025-12-10T01:42:16.428Z,149.56,PENDING
ORD-1786976374063-2FACD210,CUST-00363,2025-06-06T15:57:13.493Z,293.74,DELIVERED
ORD-1786976374063-65A1841D,CUST-00570,2025-10-23T19:06:47.462Z,286.24,SHIPPED
ORD-1786976374063-AA3EDF97,CUST-00932,2025-07-24T13:00:56.534Z,359.16,PENDING
ORD-1786976374063-2F996F17,CUST-00285,2026-01-25T23:17:31.408Z,334.78,PROCESSING
ORD-1786976374063-A3971F05,CUST-00659,2026-05-13T11:51:43.107Z,371.67,PENDING
ORD-1786976374063-45F7BCFA,CUST-00125,2026-04-03T05:05:18.743Z,72.42,SHIPPED
ORD-1786976374063-A7AC49D2,CUST-00477,2025-04-13T17:14:54.593Z,261.29,COMPLETED
ORD-1786976374063-750652F9,CUST-00353,2025-08-29T07:07:01.038Z,399.17,CANCELLED
ORD-1786976374063-4ED9447F,CUST-00007,2025-03-25T04:46:55.046Z,412.66,CANCELLED
ORD-1786976374063-A8FC207C,CUST-00600,2025-04-15T03:47:10.446Z,331.77,DELIVERED
ORD-1786976374063-65906FD3,CUST-00320,2026-01-03T20:38:04.516Z,141.39,PENDING
ORD-1786976374063-8E140A1C,CUST-00629,2026-05-03T19:54:13.211Z,309.87,CANCELLED
ORD-1786976374063-2323FA33,CUST-00106,2026-03-30T13:20:24.549Z,489.21,SHIPPED
ORD-1786976374063-EEE0D407,CUST-00598,2026-02-25T08:48:45.915Z,109.14,PROCESSING
ORD-1786976374063-70737148,CUST-00754,2025-05-25T21:23:30.850Z,66.29,SHIPPED
ORD-1786976374063-67D5FE16,CUST-00571,2026-07-14T23:55:31.102Z,452.03,DELIVERED
ORD-1786976374063-10076B84,CUST-00559,2026-07-11T15:11:20.860Z,36.68,DELIVERED
ORD-1786976374063-94AC467B,CUST-00938,2025-11-27T23:27:10.922Z,427.92,COMPLETED
ORD-1786976374063-8B0BE9C5,CUST-00484,2025-02-17T20:08:53.483Z,215.29,SHIPPED
ORD-1786976374063-B438EB9E,CUST-00560,2025-11-02T04:57:10.004Z,30.23,CANCELLED
ORD-1786976374063-A49F3DCE,CUST-00422,2026-01-29T16:45:41.058Z,410.88,SHIPPED
ORD-1786976374063-03C95ADC,CUST-00386,2025-11-16T03:36:44.150Z,227.81,COMPLETED
ORD-1786976374063-DD16A18A,CUST-00887,2025-10-18T09:54:01.471Z,65.22,DELIVERED
ORD-1786976374063-3C6FEC1C,CUST-00632,2025-07-30T04:06:23.104Z,374.79,COMPLETED
ORD-1786976374063-A2AC056D,CUST-00680,2025-12-07T19:57:55.964Z,11.28,COMPLETED
ORD-1786976374063-631FE663,CUST-00797,2025-03-15T01:37:00.767Z,496.64,SHIPPED
ORD-1786976374063-6E479037,CUST-00269,2026-01-12T13:51:59.645Z,64.32,CANCELLED
ORD-1786976374063-7249A7FB,CUST-00681,2025-02-12T21:08:30.120Z,31.52,CANCELLED
ORD-1786976374063-17C1A113,CUST-00703,2025-01-22T06:16:34.239Z,370.09,SHIPPED
ORD-1786976374063-9ACE0AFB,CUST-00458,2025-03-23T04:36:24.488Z,329.20,CANCELLED
ORD-1786976374063-1202E1BC,CUST-00480,2025-12-18T10:59:06.001Z,358.66,DELIVERED
ORD-1786976374063-8A1BC540,CUST-00268,2025-08-28T21:28:17.205Z,452.67,PENDING
ORD-1786976374063-DEB0C80A,CUST-00387,2025-02-17T12:46:34.161Z,129.08,SHIPPED
ORD-1786976374063-24485DBB,CUST-00801,2026-03-24T23:30:18.554Z,66.50,DELIVERED
ORD-1786976374063-F5D1AFCB,CUST-00641,2025-02-01T18:43:37.460Z,31.70,PENDING
ORD-1786976374063-369ED147,CUST-00124,2025-07-12T10:58:09.039Z,214.02,PROCESSING
ORD-1786976374063-84715EFE,CUST-00836,2025-05-22T16:34:39.215Z,279.53,DELIVERED
ORD-1786976374063-54C53D3C,CUST-00463,2025-03-24T11:34:58.367Z,139.76,CANCELLED
ORD-1786976374063-6A013831,CUST-00002,2025-10-27T05:39:05.770Z,501.97,PENDING
ORD-1786976374063-1064F1E5,CUST-00441,2026-07-31T21:21:53.371Z,59.37,SHIPPED
ORD-1786976374063-FFB0EB51,CUST-00639,2025-04-21T13:20:17.451Z,212.32,COMPLETED
ORD-1786976374063-A0EA82BA,CUST-00783,2025-01-08T06:25:39.832Z,249.86,DELIVERED
ORD-1786976374063-CD50DC6B,CUST-00908,2025-04-03T05:25:19.141Z,383.64,CANCELLED
ORD-1786976374063-E9DDED1B,CUST-00637,2026-02-05T14:22:19.330Z,228.27,SHIPPED
ORD-1786976374063-44DE9AC8,CUST-00009,2025-07-22T01:04:12.445Z,447.51,CANCELLED
ORD-1786976374063-9A5E8096,CUST-00479,2026-06-21T05:03:07.732Z,463.12,DELIVERED
ORD-1786976374063-2E921977,CUST-00778,2025-02-09T18:32:19.803Z,370.75,PROCESSING
ORD-1786976374063-363223B1,CUST-00288,2025-05-27T08:56:28.117Z,71.24,PENDING
ORD-1786976374063-FD605FC9,CUST-00933,2025-04-12T21:33:52.754Z,294.72,COMPLETED
ORD-1786976374063-75ADBC04,CUST-00681,2025-06-07T11:14:50.718Z,193.18,COMPLETED
ORD-1786976374063-40BCE62D,CUST-00314,2026-04-26T13:13:28.330Z,164.71,PENDING
ORD-1786976374063-BD3CE007,CUST-00366,2025-02-23T03:43:32.907Z,224.84,PENDING
ORD-1786976374063-6F49FA4D,CUST-00538,2026-01-06T06:52:30.423Z,326.57,DELIVERED
ORD-1786976374063-AA2CE789,CUST-00738,2025-05-06T08:11:01.820Z,12.70,PROCESSING
ORD-1786976374063-AB29B3BA,CUST-00350,2025-06-09T08:15:31.703Z,477.37,PROCESSING
ORD-1786976374063-C0E3BF3B,CUST-00502,2026-01-26T05:06:42.599Z,254.00,CANCELLED
ORD-1786976374063-3BEEA3A5,CUST-00900,2025-12-01T06:46:00.102Z,95.19,COMPLETED
ORD-1786976374063-F2CE1107,CUST-00598,2025-10-07T01:29:38.193Z,288.20,DELIVERED
ORD-1786976374063-2CC87E06,CUST-00847,2025-08-18T08:23:32.241Z,352.67,DELIVERED
ORD-1786976374063-C5C789CB,CUST-00629,2025-07-01T16:49:28.762Z,461.41,COMPLETED
ORD-1786976374063-70A57746,CUST-00866,2025-04-14T11:00:31.945Z,167.37,CANCELLED
ORD-1786976374063-D0CA4E02,CUST-00633,2025-12-08T04:51:23.920Z,373.30,DELIVERED
ORD-1786976374063-BCE0358F,CUST-00408,2026-04-28T14:58:20.587Z,311.97,COMPLETED
ORD-1786976374063-FB1A69CC,CUST-00829,2026-06-07T17:33:57.391Z,261.81,DELIVERED
ORD-1786976374063-F1D889A7,CUST-00897,2025-03-27T10:30:56.123Z,145.36,SHIPPED
ORD-1786976374063-0B6496C3,CUST-00204,2025-10-18T17:03:55.896Z,234.60,CANCELLED
ORD-1786976374063-8D1B6907,CUST-00320,2025-12-28T21:02:06.471Z,186.99,COMPLETED
ORD-1786976374063-F940245B,CUST-00121,2025-06-02T16:04:07.405Z,502.53,COMPLETED
ORD-1786976374063-D80827E5,CUST-00802,2025-01-10T07:52:56.164Z,509.00,CANCELLED
ORD-1786976374063-C8B771FD,CUST-00944,2025-01-28T11:19:28.991Z,189.53,DELIVERED
ORD-1786976374063-2EE8D7B0,CUST-00727,2025-06-08T23:08:25.527Z,193.86,CANCELLED
ORD-1786976374063-F35DEB82,CUST-00542,2025-08-08T03:33:04.914Z,388.09,DELIVERED
ORD-1786976374063-D71F26E0,CUST-00894,2026-02-28T09:04:14.262Z,507.02,PENDING
ORD-1786976374063-AD1F0A6C,CUST-00508,2026-04-22T21:39:44.026Z,53.36,SHIPPED
ORD-1786976374063-8BA478A4,CUST-00058,2025-01-07T20:53:25.766Z,448.48,CANCELLED
ORD-1786976374063-3DE1F249,CUST-00564,2026-08-11T13:11:10.842Z,144.94,PROCESSING
ORD-1786976374063-137AA0E1,CUST-00127,2025-11-02T17:39:29.027Z,164.02,CANCELLED
ORD-1786976374063-131BDDFC,CUST-00389,2025-09-29T06:14:50.674Z,367.82,DELIVERED
ORD-1786976374063-5BA391B3,CUST-00972,2025-02-03T05:03:06.952Z,462.17,COMPLETED
ORD-1786976374063-4D9D751F,CUST-00019,2025-10-23T14:14:05.518Z,47.07,PROCESSING
ORD-1786976374063-2EAE119F,CUST-00797,2025-08-29T11:09:23.832Z,207.62,CANCELLED
ORD-1786976374063-10386F34,CUST-00235,2025-10-08T23:26:47.331Z,73.76,CANCELLED
ORD-1786976374063-C0442F5E,CUST-00253,2025-04-03T03:46:56.496Z,24.90,SHIPPED
ORD-1786976374063-BB290345,CUST-00184,2025-11-13T13:17:14.807Z,270.24,SHIPPED
ORD-1786976374063-F578CDB9,CUST-00159,2026-08-08T06:43:11.209Z,295.36,SHIPPED
ORD-1786976374063-F9B748E9,CUST-00064,2026-02-24T14:28:04.216Z,57.23,DELIVERED
ORD-1786976374063-80EF6226,CUST-00314,2025-12-06T19:38:24.726Z,253.05,DELIVERED
ORD-1786976374063-D99FD8EE,CUST-00002,2025-06-17T08:10:36.640Z,325.01,CANCELLED
ORD-1786976374063-25F6D5E8,CUST-00126,2026-08-02T02:00:27.428Z,15.56,PROCESSING
ORD-1786976374063-5F5A20A1,CUST-00325,2025-10-28T13:22:25.206Z,192.11,CANCELLED
ORD-1786976374063-B07B5777,CUST-00893,2025-11-06T00:12:45.772Z,481.70,PENDING
ORD-1786976374063-805D0106,CUST-00963,2025-11-01T04:56:32.757Z,343.34,SHIPPED
ORD-1786976374063-CA0AC57F,CUST-00982,2025-03-29T19:16:41.751Z,321.52,PENDING
ORD-1786976374063-A45EBF4F,CUST-00780,2025-10-10T12:30:30.465Z,339.89,PROCESSING
ORD-1786976374063-05D5D187,CUST-00298,2025-03-20T10:18:38.618Z,471.99,SHIPPED
ORD-1786976374063-0DEBB949,CUST-00233,2026-02-05T13:44:47.850Z,96.90,PENDING
ORD-1786976374063-E01FD972,CUST-00744,2025-12-15T10:00:49.572Z,350.22,COMPLETED
ORD-1786976374063-4CBBE76C,CUST-00350,2025-01-17T11:41:12.195Z,363.88,SHIPPED
ORD-1786976374063-63ADD95F,CUST-00839,2026-02-08T22:05:13.031Z,350.01,CANCELLED
ORD-1786976374063-F0AA9E21,CUST-00630,2025-09-04T15:20:18.644Z,168.49,PROCESSING
ORD-1786976374063-3F09A095,CUST-00692,2025-02-05T08:05:45.431Z,128.19,PENDING
ORD-1786976374063-7C141AB7,CUST-00438,2025-12-14T01:51:29.336Z,122.80,DELIVERED
ORD-1786976374064-417CA7A8,CUST-00245,2025-03-31T19:09:31.686Z,332.88,DELIVERED
ORD-1786976374064-F9D9024E,CUST-00071,2026-04-17T22:33:57.133Z,337.13,PROCESSING
ORD-1786976374064-2AF7EE98,CUST-00944,2025-07-23T21:12:55.562Z,137.21,DELIVERED
ORD-1786976374064-A4F30F8C,CUST-00078,2025-10-29T14:11:44.876Z,300.44,PENDING
ORD-1786976374064-FA520E85,CUST-00144,2025-01-02T02:57:02.772Z,192.81,SHIPPED
ORD-1786976374064-B5F6066C,CUST-00187,2025-09-27T02:24:28.641Z,193.02,PENDING
ORD-1786976374064-607292B6,CUST-00576,2025-04-29T12:27:53.757Z,410.09,PROCESSING
ORD-1786976374064-A75ADC55,CUST-00644,2026-05-07T01:22:33.431Z,234.62,DELIVERED
ORD-1786976374064-C3BE6A8B,CUST-00124,2025-09-13T10:38:50.268Z,338.35,PROCESSING
ORD-1786976374064-D47B547A,CUST-00629,2025-04-20T14:26:47.171Z,85.11,PROCESSING
ORD-1786976374064-5C8F34B1,CUST-00080,2025-04-27T09:59:39.828Z,225.46,PROCESSING
ORD-1786976374064-2B2583F3,CUST-00736,2026-01-10T05:06:52.891Z,337.12,PROCESSING
ORD-1786976374064-4F08F5CC,CUST-00639,2025-02-22T23:25:14.874Z,277.19,COMPLETED
ORD-1786976374064-8BED7FDB,CUST-00416,2026-07-24T01:23:29.540Z,22.04,COMPLETED
ORD-1786976374064-2BE0CD8E,CUST-00970,2025-07-19T04:57:51.765Z,444.73,SHIPPED
ORD-1786976374064-2936B992,CUST-00412,2026-05-21T06:36:11.181Z,367.15,SHIPPED
ORD-1786976374064-9B16C6E2,CUST-00110,2026-06-18T09:34:37.463Z,293.79,PENDING
ORD-1786976374064-4E77C655,CUST-00066,2025-04-11T13:58:54.342Z,219.61,CANCELLED
ORD-1786976374064-B9B76992,CUST-00646,2026-02-16T19:04:37.955Z,210.54,PENDING
ORD-1786976374064-969E9F82,CUST-00982,2026-03-24T02:59:27.663Z,297.33,COMPLETED
ORD-1786976374064-4B924D23,CUST-00227,2026-07-28T13:35:41.282Z,32.51,CANCELLED
ORD-1786976374064-C48F74D4,CUST-00406,2025-12-04T09:30:13.358Z,148.61,COMPLETED
ORD-1786976374064-B2E6428E,CUST-00126,2025-10-02T04:47:39.366Z,319.21,PROCESSING
ORD-1786976374064-E6A0483C,CUST-00361,2026-03-21T13:48:02.840Z,166.44,DELIVERED
ORD-1786976374064-E9D03C53,CUST-00319,2025-11-01T07:57:29.834Z,309.49,PENDING
ORD-1786976374064-82E893D4,CUST-00361,2025-12-19T08:56:47.987Z,350.56,DELIVERED
ORD-1786976374064-04BEA80C,CUST-00400,2026-04-30T00:20:34.338Z,236.81,DELIVERED
ORD-1786976374064-345D08FF,CUST-00385,2025-05-17T23:33:46.718Z,124.28,PENDING
ORD-1786976374064-2CB81DDE,CUST-00317,2026-01-04T08:11:04.062Z,467.03,COMPLETED
ORD-1786976374064-488B610B,CUST-00372,2025-01-03T06:15:19.627Z,257.29,COMPLETED
ORD-1786976374064-57DBE296,CUST-00472,2025-01-08T14:54:10.275Z,260.45,DELIVERED
ORD-1786976374064-1F0295B2,CUST-00167,2025-09-25T09:17:38.772Z,374.84,PENDING
ORD-1786976374064-C61E186F,CUST-00811,2026-04-11T18:20:46.408Z,277.09,SHIPPED
ORD-1786976374064-C12A953A,CUST-00324,2025-01-11T05:15:36.907Z,265.92,CANCELLED
ORD-1786976374064-32A5DCE5,CUST-00958,2025-10-02T11:26:15.995Z,380.49,CANCELLED
ORD-1786976374064-CE0009DD,CUST-00158,2026-07-07T01:27:40.688Z,118.90,CANCELLED
ORD-1786976374064-A8DA2325,CUST-00608,2026-02-26T01:58:25.398Z,301.44,COMPLETED
ORD-1786976374064-3EC28272,CUST-00266,2026-01-16T17:29:14.301Z,83.64,SHIPPED
ORD-1786976374064-F89A52DF,CUST-00266,2025-06-13T16:36:03.493Z,455.96,SHIPPED
ORD-1786976374064-050FBD4E,CUST-00188,2025-10-03T06:09:50.898Z,197.56,SHIPPED
ORD-1786976374064-FFC4F389,CUST-00690,2025-10-15T21:06:48.796Z,499.38,CANCELLED
ORD-1786976374064-4A7D5C62,CUST-00116,2026-06-21T04:01:34.681Z,204.01,PENDING
ORD-1786976374064-F279995C,CUST-00960,2025-01-21T17:00:27.144Z,13.38,CANCELLED
ORD-1786976374064-0BDF87E7,CUST-00577,2025-07-30T13:02:09.376Z,264.70,PENDING
ORD-1786976374064-477834AC,CUST-00880,2025-07-22T18:19:40.035Z,335.12,CANCELLED
ORD-1786976374064-95960224,CUST-00220,2025-03-28T11:12:08.658Z,78.76,DELIVERED
ORD-1786976374064-3134E7D8,CUST-00787,2026-03-30T22:48:22.988Z,317.87,DELIVERED
ORD-1786976374064-20AFC82F,CUST-00060,2026-02-21T00:32:21.021Z,419.83,COMPLETED
ORD-1786976374064-87F48C95,CUST-00411,2025-01-01T17:12:00.332Z,82.04,SHIPPED
ORD-1786976374064-CE255977,CUST-00757,2026-04-30T19:30:39.060Z,96.38,PROCESSING
ORD-1786976374064-9BFB158F,CUST-00193,2025-11-03T11:47:08.595Z,219.73,DELIVERED
ORD-1786976374064-8BDB02CB,CUST-00624,2026-08-03T21:58:20.344Z,302.22,PROCESSING
ORD-1786976374064-906FE67B,CUST-00080,2025-04-26T07:41:10.822Z,155.03,PROCESSING
ORD-1786976374064-CAB92B19,CUST-00971,2025-05-23T10:03:32.984Z,470.13,DELIVERED
ORD-1786976374064-A98E0119,CUST-00336,2026-06-28T14:21:54.652Z,383.26,PROCESSING
ORD-1786976374064-30AF5067,CUST-00466,2026-02-13T18:25:36.587Z,334.60,COMPLETED
ORD-1786976374064-D46005C2,CUST-00446,2025-09-18T10:02:48.039Z,494.99,COMPLETED
ORD-1786976374064-03E42190,CUST-00343,2025-08-22T13:14:59.732Z,134.77,COMPLETED
ORD-1786976374064-2790C300,CUST-00013,2026-05-19T07:24:44.180Z,217.21,CANCELLED
ORD-1786976374064-7413204B,CUST-00907,2025-12-01T23:47:00.516Z,401.20,PENDING
ORD-1786976374064-7E62F9BB,CUST-00488,2026-05-13T18:23:01.446Z,93.85,CANCELLED
ORD-1786976374064-0CC39F81,CUST-00337,2026-07-28T04:16:39.428Z,424.76,COMPLETED
ORD-1786976374064-5433D023,CUST-00263,2025-06-05T20:49:55.532Z,93.33,PROCESSING
ORD-1786976374064-1444BE61,CUST-00753,2026-05-25T01:40:28.644Z,214.39,COMPLETED
ORD-1786976374064-83B6CC7E,CUST-00513,2026-04-06T17:52:34.246Z,17.74,PENDING
ORD-1786976374064-8A666ACE,CUST-00882,2025-04-21T06:51:25.173Z,312.12,CANCELLED
ORD-1786976374064-F3F61FC3,CUST-00230,2025-03-30T15:51:40.578Z,179.36,PENDING
ORD-1786976374064-03FEA69C,CUST-00724,2025-04-21T20:26:40.406Z,55.02,SHIPPED
ORD-1786976374064-38F6E7FF,CUST-00790,2026-06-01T23:09:14.133Z,58.14,PROCESSING
ORD-1786976374064-A0ED42DE,CUST-00405,2026-04-26T22:50:34.558Z,469.71,CANCELLED
ORD-1786976374064-560AECF0,CUST-00995,2025-11-25T20:39:17.070Z,98.49,PENDING
ORD-1786976374064-D70F4AE3,CUST-00266,2026-05-13T07:49:08.039Z,77.59,COMPLETED
ORD-1786976374064-13874172,CUST-00810,2025-02-07T03:52:11.783Z,462.42,DELIVERED
ORD-1786976374064-A6F5439B,CUST-00129,2025-01-08T03:23:39.764Z,332.19,CANCELLED
ORD-1786976374064-DFF8599A,CUST-00152,2026-02-03T14:17:46.857Z,150.85,COMPLETED
ORD-1786976374064-EAC570C6,CUST-00395,2025-12-01T08:57:39.578Z,274.62,COMPLETED
ORD-1786976374064-173625C0,CUST-00137,2026-05-26T08:17:28.029Z,342.53,COMPLETED
ORD-1786976374064-B2F79CC0,CUST-00631,2026-03-23T00:45:32.207Z,71.39,PROCESSING
ORD-1786976374064-8BA4B6B0,CUST-00380,2025-03-29T19:59:00.526Z,467.99,SHIPPED
ORD-1786976374064-C2D13511,CUST-00401,2026-05-02T04:49:06.180Z,459.95,CANCELLED
ORD-1786976374064-E5F3870E,CUST-00704,2025-11-19T19:38:56.628Z,312.32,PENDING
ORD-1786976374064-FA8E96F8,CUST-00523,2026-04-20T16:08:17.356Z,165.52,CANCELLED
ORD-1786976374064-7F95D42C,CUST-00498,2025-08-25T03:16:54.298Z,307.88,SHIPPED
ORD-1786976374064-5C3ABEA7,CUST-00369,2026-02-15T17:26:49.346Z,354.71,DELIVERED
ORD-1786976374064-C089E70F,CUST-00439,2026-04-12T00:34:25.363Z,240.49,PROCESSING
ORD-1786976374064-E027DCAC,CUST-00579,2025-01-25T11:00:16.621Z,67.03,PENDING
ORD-1786976374064-3A2AF65C,CUST-00632,2026-03-02T01:23:36.774Z,381.56,COMPLETED
ORD-1786976374064-1A2C142D,CUST-00308,2025-08-26T18:00:06.198Z,273.20,CANCELLED
ORD-1786976374064-678DB519,CUST-00451,2025-04-13T12:01:10.512Z,435.93,SHIPPED
ORD-1786976374064-F7627583,CUST-00274,2025-04-25T01:45:30.809Z,370.33,PENDING
ORD-1786976374064-839FFAC0,CUST-00508,2025-07-16T16:56:02.813Z,428.10,CANCELLED
ORD-1786976374064-CA398273,CUST-00671,2025-07-29T04:33:47.181Z,44.64,PENDING
ORD-1786976374064-CCCA2D21,CUST-00882,2026-04-12T06:12:45.761Z,163.71,COMPLETED
ORD-1786976374064-DADB9B59,CUST-00102,2025-01-23T09:37:39.874Z,45.83,PROCESSING
ORD-1786976374064-3821B333,CUST-00127,2025-01-15T17:58:32.452Z,212.80,SHIPPED
ORD-1786976374064-AF066756,CUST-00984,2025-04-13T12:03:25.145Z,476.05,SHIPPED
ORD-1786976374064-3905996C,CUST-00459,2025-01-22T12:31:25.802Z,107.74,COMPLETED
ORD-1786976374064-7971171B,CUST-00210,2026-06-13T20:21:14.908Z,58.84,CANCELLED
ORD-1786976374064-339510D8,CUST-00762,2026-02-21T19:36:34.042Z,37.00,COMPLETED
ORD-1786976374064-D5BDAC6D,CUST-00494,2026-01-04T12:28:26.390Z,320.93,PROCESSING
ORD-1786976374064-F7954CF0,CUST-00770,2025-05-21T23:57:33.965Z,337.25,COMPLETED
ORD-1786976374065-6292BED3,CUST-00752,2025-08-02T20:27:17.348Z,26.75,PROCESSING
ORD-1786976374065-9012DEEC,CUST-00448,2025-06-21T06:37:18.249Z,101.36,SHIPPED
ORD-1786976374065-8E5B818D,CUST-00575,2025-05-05T04:03:43.746Z,170.51,PENDING
ORD-1786976374065-211A411A,CUST-00470,2025-05-05T18:49:40.342Z,121.27,PENDING
ORD-1786976374065-E7693469,CUST-00364,2025-12-10T01:08:50.119Z,280.18,PENDING
ORD-1786976374065-DC958D6F,CUST-00501,2025-03-29T23:54:53.174Z,146.85,PROCESSING
ORD-1786976374065-40A104F6,CUST-00980,2025-04-22T05:26:33.193Z,72.60,DELIVERED
ORD-1786976374065-18FB8BF2,CUST-00469,2025-10-27T10:07:32.104Z,101.56,SHIPPED
ORD-1786976374065-2BB1D64E,CUST-00886,2026-03-12T05:06:53.846Z,97.94,DELIVERED
ORD-1786976374065-A3442FFA,CUST-00468,2026-01-26T13:10:15.061Z,492.33,PENDING
ORD-1786976374065-C1AE5AD4,CUST-00017,2026-05-01T08:36:26.724Z,177.65,COMPLETED
ORD-1786976374065-6A8A6AAC,CUST-00365,2026-03-05T20:11:45.396Z,357.35,PROCESSING
ORD-1786976374065-D21AD27C,CUST-00835,2025-09-01T14:20:32.669Z,434.54,PENDING
ORD-1786976374065-528A7B20,CUST-00941,2026-03-24T04:01:45.759Z,453.04,PROCESSING
ORD-1786976374065-966072DF,CUST-00984,2026-01-25T03:36:35.401Z,302.74,CANCELLED
ORD-1786976374065-CFDD06FC,CUST-00163,2026-01-07T20:40:38.838Z,335.19,COMPLETED
ORD-1786976374065-21F160C2,CUST-00724,2026-06-24T14:19:18.181Z,347.35,CANCELLED
ORD-1786976374065-BB11F67F,CUST-00414,2025-05-14T05:36:13.777Z,131.91,SHIPPED
ORD-1786976374065-D470B1A6,CUST-00811,2026-07-15T03:05:51.060Z,227.20,DELIVERED
ORD-1786976374065-1523FEAB,CUST-00757,2026-02-06T09:19:49.161Z,277.30,DELIVERED
ORD-1786976374065-6D9913B4,CUST-00387,2025-06-05T20:17:43.685Z,196.59,DELIVERED
ORD-1786976374065-397AC045,CUST-00499,2025-05-06T16:21:24.380Z,435.12,DELIVERED
ORD-1786976374065-87191F37,CUST-00232,2025-11-01T23:32:49.955Z,200.61,SHIPPED
ORD-1786976374065-685B6B4B,CUST-00188,2025-11-18T08:55:21.472Z,107.08,COMPLETED
ORD-1786976374065-342D28AE,CUST-00394,2026-01-31T04:38:15.268Z,273.25,PENDING
ORD-1786976374065-C32ABD5D,CUST-00533,2025-06-30T19:06:41.270Z,248.50,PROCESSING
ORD-1786976374065-93A96F72,CUST-00115,2025-03-24T23:19:02.618Z,463.94,PENDING
ORD-1786976374065-B1CDCA38,CUST-00953,2025-12-18T05:27:26.647Z,245.37,SHIPPED
ORD-1786976374065-7F93944F,CUST-00718,2026-03-12T12:44:40.738Z,460.35,PROCESSING
ORD-1786976374065-7FE9FB25,CUST-00406,2025-03-28T17:48:01.296Z,292.87,COMPLETED
ORD-1786976374065-4BFE2DCD,CUST-00585,2025-05-28T22:07:36.097Z,220.80,PROCESSING
ORD-1786976374065-E65661A4,CUST-00222,2026-05-06T09:56:52.602Z,291.21,PENDING
ORD-1786976374065-1308C41A,CUST-00758,2026-01-26T20:28:57.759Z,245.99,CANCELLED
ORD-1786976374065-B41502AF,CUST-00511,2025-09-03T01:30:44.592Z,241.07,COMPLETED
ORD-1786976374065-D7847192,CUST-00558,2026-08-02T10:49:49.484Z,88.11,PENDING
ORD-1786976374065-BD2305FC,CUST-00160,2025-07-18T15:43:00.889Z,352.09,SHIPPED
ORD-1786976374065-F47B5509,CUST-00558,2025-05-01T03:59:38.594Z,491.30,PROCESSING
ORD-1786976374065-4A72B2BB,CUST-00813,2025-09-04T01:05:10.861Z,141.17,PROCESSING
ORD-1786976374065-72934C1A,CUST-00907,2025-12-29T01:36:21.210Z,366.00,SHIPPED
ORD-1786976374065-3A4DE706,CUST-00725,2025-10-01T16:47:00.343Z,403.60,CANCELLED
ORD-1786976374065-6D85D45B,CUST-00857,2026-05-13T19:06:13.343Z,278.15,PENDING
ORD-1786976374065-DD87CED6,CUST-00611,2026-07-13T11:25:23.913Z,72.09,COMPLETED
ORD-1786976374065-FBA12D2F,CUST-00478,2026-06-19T11:24:50.250Z,448.13,PROCESSING
ORD-1786976374065-4FEE8CA6,CUST-00307,2025-02-19T08:20:12.183Z,208.77,PENDING
ORD-1786976374065-59F99D1D,CUST-00313,2025-12-07T18:53:20.575Z,466.68,SHIPPED
ORD-1786976374065-76E8AE2B,CUST-00451,2026-08-10T18:50:13.148Z,303.40,CANCELLED
ORD-1786976374065-DAE47649,CUST-00142,2025-05-03T08:30:36.649Z,468.61,PENDING
ORD-1786976374065-7482DAC4,CUST-00365,2026-01-31T17:32:13.559Z,297.94,DELIVERED
ORD-1786976374065-4C1F9090,CUST-00399,2025-08-24T23:22:34.104Z,198.56,COMPLETED
ORD-1786976374065-72D43D73,CUST-00438,2025-01-17T23:44:20.202Z,234.74,DELIVERED
ORD-1786976374065-C082CBAA,CUST-00049,2025-01-09T14:22:23.421Z,354.23,DELIVERED
ORD-1786976374065-098EF20F,CUST-00803,2026-03-15T11:04:21.758Z,347.52,COMPLETED
ORD-1786976374065-C88C05E7,CUST-00078,2025-10-28T16:33:07.293Z,206.15,CANCELLED
ORD-1786976374065-B72870CC,CUST-00388,2025-06-25T09:30:22.841Z,247.16,DELIVERED
ORD-1786976374065-965146E3,CUST-00238,2025-02-12T06:20:07.536Z,486.10,PROCESSING
ORD-1786976374065-C40A7C9E,CUST-00087,2025-12-18T09:58:26.509Z,383.63,DELIVERED
ORD-1786976374065-FC29C0FE,CUST-00097,2025-11-17T21:06:44.048Z,293.24,PENDING
ORD-1786976374065-C69F0B12,CUST-00917,2025-08-26T12:43:49.841Z,489.78,PENDING
ORD-1786976374065-B417FF1D,CUST-00035,2025-03-15T12:08:30.298Z,97.98,DELIVERED
ORD-1786976374065-AD9AE4A6,CUST-00187,2025-06-07T05:13:53.469Z,352.04,PROCESSING
ORD-1786976374065-8B940391,CUST-00743,2025-07-02T00:16:52.358Z,504.02,PROCESSING
ORD-1786976374065-15F626F3,CUST-00926,2026-03-05T08:58:00.148Z,115.54,PROCESSING
ORD-1786976374065-A0EE1292,CUST-00056,2026-02-18T21:43:18.154Z,266.44,SHIPPED
ORD-1786976374065-8AC8D89F,CUST-00050,2025-06-06T01:19:28.130Z,498.99,PENDING
ORD-1786976374065-A34E1805,CUST-00376,2026-04-23T09:03:50.937Z,269.11,DELIVERED
ORD-1786976374065-6DD9AB34,CUST-00596,2025-12-11T20:17:46.962Z,14.00,PROCESSING
ORD-1786976374065-DB5B23C2,CUST-00693,2025-01-27T00:37:28.026Z,396.89,DELIVERED
ORD-1786976374065-C659062C,CUST-00833,2025-10-24T18:01:22.018Z,77.76,PENDING
ORD-1786976374065-212B38D0,CUST-00577,2025-05-28T16:05:19.906Z,163.28,CANCELLED
ORD-1786976374065-AC1487D3,CUST-00379,2026-02-19T11:15:25.408Z,338.76,SHIPPED
ORD-1786976374065-1289E1C3,CUST-00148,2025-08-27T22:58:11.381Z,504.37,SHIPPED
ORD-1786976374065-301441C1,CUST-00557,2025-08-16T18:00:59.296Z,149.99,COMPLETED
ORD-1786976374065-8222C359,CUST-00722,2025-09-27T22:03:53.966Z,73.16,PENDING
ORD-1786976374065-4F145006,CUST-00097,2026-07-06T03:10:42.965Z,284.56,CANCELLED
ORD-1786976374065-374F1463,CUST-00128,2025-07-18T00:00:14.024Z,218.88,PROCESSING
ORD-1786976374065-4A282DE5,CUST-00344,2026-06-01T19:45:07.262Z,316.42,COMPLETED
ORD-1786976374065-44658DFD,CUST-00013,2026-05-19T17:03:25.161Z,10.05,COMPLETED
ORD-1786976374065-F8E9D1CA,CUST-00048,2025-04-08T12:12:22.649Z,281.41,SHIPPED
ORD-1786976374065-61AB35B9,CUST-00563,2026-02-16T02:54:13.478Z,331.66,CANCELLED
ORD-1786976374065-0D11BBF0,CUST-00202,2025-02-19T16:03:01.954Z,305.88,PENDING
ORD-1786976374065-8FE7F4DD,CUST-00773,2025-09-26T00:04:24.728Z,360.67,CANCELLED
ORD-1786976374065-E7770897,CUST-00953,2025-05-09T20:30:08.039Z,296.54,SHIPPED
ORD-1786976374065-2810FDC3,CUST-00500,2026-04-28T20:00:55.216Z,201.54,PENDING
ORD-1786976374065-E3081EB2,CUST-00180,2026-08-11T19:44:53.451Z,498.39,PENDING
ORD-1786976374065-FDB2FF56,CUST-00586,2025-12-06T00:46:24.583Z,48.19,DELIVERED
ORD-1786976374065-BF6EB1EC,CUST-00137,2026-01-31T04:25:24.463Z,263.09,DELIVERED
ORD-1786976374065-90A6AE17,CUST-00606,2025-09-04T13:56:06.014Z,350.65,COMPLETED
ORD-1786976374065-B82ED72F,CUST-00344,2025-02-02T12:53:37.867Z,266.74,SHIPPED
ORD-1786976374066-CD91356E,CUST-00379,2025-10-08T19:29:56.856Z,331.03,PROCESSING
ORD-1786976374066-395450DC,CUST-00219,2026-03-09T14:39:22.891Z,371.07,SHIPPED
ORD-1786976374066-4CC164DD,CUST-00941,2026-03-17T02:14:34.521Z,69.46,SHIPPED
ORD-1786976374066-86D0EAC2,CUST-00902,2026-07-30T12:16:21.428Z,348.92,PENDING
ORD-1786976374066-7E39E366,CUST-00483,2025-07-25T10:56:35.751Z,449.43,PROCESSING
ORD-1786976374066-3C5F3A0C,CUST-00703,2026-05-17T12:31:30.298Z,463.17,PROCESSING
ORD-1786976374066-167F35AD,CUST-00154,2025-10-04T10:16:38.725Z,453.03,CANCELLED
ORD-1786976374066-12949982,CUST-00962,2025-04-06T16:45:21.697Z,264.82,COMPLETED
ORD-1786976374066-85DCAD89,CUST-00680,2026-06-18T11:21:57.433Z,195.31,CANCELLED
ORD-1786976374066-7B281A40,CUST-00551,2026-02-24T14:00:02.437Z,111.71,PENDING
ORD-1786976374066-E253B65E,CUST-00604,2026-07-23T21:10:32.643Z,175.61,DELIVERED
ORD-1786976374066-ACE52300,CUST-00537,2025-04-12T20:55:40.794Z,46.23,PENDING
ORD-1786976374066-A2198CBA,CUST-00528,2026-05-13T05:12:15.772Z,78.49,COMPLETED
ORD-1786976374066-DBD17E3B,CUST-00496,2025-09-10T22:08:41.498Z,305.47,DELIVERED
ORD-1786976374066-164E4761,CUST-00691,2025-11-02T08:56:18.188Z,437.60,PENDING
ORD-1786976374066-D0F20BA9,CUST-00866,2025-11-18T10:11:41.202Z,144.71,COMPLETED
ORD-1786976374066-8F8D1E74,CUST-00692,2025-08-30T07:42:53.706Z,218.49,DELIVERED
ORD-1786976374066-F4B74730,CUST-00218,2025-07-04T22:04:52.647Z,141.24,SHIPPED
ORD-1786976374066-E5613FA3,CUST-00380,2026-03-17T03:29:16.412Z,204.90,DELIVERED
ORD-1786976374066-E6332B4F,CUST-00296,2025-12-12T14:19:25.648Z,498.52,PENDING
ORD-1786976374066-8F729638,CUST-00622,2025-04-22T20:31:03.106Z,466.75,CANCELLED
ORD-1786976374066-88267E66,CUST-00869,2025-02-08T15:57:50.255Z,387.49,DELIVERED
ORD-1786976374066-1D92DDCD,CUST-00488,2026-01-21T21:27:01.428Z,60.20,SHIPPED
ORD-1786976374066-5FA78256,CUST-00489,2025-05-15T01:47:11.798Z,394.96,DELIVERED
ORD-1786976374066-0420E374,CUST-00638,2026-02-14T22:24:36.783Z,228.32,COMPLETED
ORD-1786976374066-DA203922,CUST-00383,2025-01-02T07:49:38.684Z,334.93,PROCESSING
ORD-1786976374066-68688929,CUST-00706,2025-03-04T04:20:02.405Z,166.51,SHIPPED
ORD-1786976374066-B2E91D18,CUST-00602,2026-02-13T18:39:18.226Z,86.37,SHIPPED
ORD-1786976374066-EF909874,CUST-00185,2026-06-26T04:19:11.264Z,215.84,PENDING
ORD-1786976374066-4BB1DE2A,CUST-00772,2025-03-23T17:35:55.297Z,315.81,CANCELLED
ORD-1786976374066-19706E82,CUST-00919,2026-03-03T15:27:41.253Z,319.05,PROCESSING
ORD-1786976374066-BA4DEDC9,CUST-00057,2025-04-27T06:36:39.877Z,15.96,DELIVERED
ORD-1786976374066-3F4D76B2,CUST-00324,2025-08-14T13:05:45.051Z,327.45,PROCESSING
ORD-1786976374066-B476624F,CUST-00482,2026-01-09T15:11:58.088Z,131.56,SHIPPED
ORD-1786976374066-9FAD3569,CUST-00505,2025-08-05T01:51:39.100Z,89.44,SHIPPED
ORD-1786976374066-A7D14BA4,CUST-00018,2025-08-05T07:34:17.240Z,162.31,DELIVERED
ORD-1786976374066-DD652B75,CUST-00699,2025-11-04T01:53:09.720Z,45.59,PENDING
ORD-1786976374066-363F175B,CUST-00892,2025-11-30T17:08:51.264Z,248.18,PROCESSING
ORD-1786976374066-D4118C0A,CUST-00826,2026-01-30T14:36:21.751Z,229.60,COMPLETED
ORD-1786976374066-BFCFB5A2,CUST-00166,2026-03-08T05:47:11.188Z,59.05,SHIPPED
ORD-1786976374066-59B56F78,CUST-00371,2026-03-25T00:48:40.471Z,436.46,CANCELLED
ORD-1786976374066-EB59535D,CUST-00737,2025-02-01T20:28:20.331Z,241.81,DELIVERED
ORD-1786976374066-EE5FA187,CUST-00239,2025-08-29T18:18:50.752Z,366.46,CANCELLED
ORD-1786976374066-92F1E55B,CUST-00602,2026-04-16T23:25:59.324Z,416.12,DELIVERED
ORD-1786976374066-34291218,CUST-00653,2026-01-21T18:39:48.073Z,107.34,COMPLETED
ORD-1786976374066-F5081018,CUST-00696,2025-06-11T00:08:39.769Z,272.63,PROCESSING
ORD-1786976374066-6111904F,CUST-00801,2025-08-29T17:07:37.169Z,371.87,COMPLETED
ORD-1786976374066-98637396,CUST-00226,2025-10-16T01:14:36.709Z,126.72,CANCELLED
ORD-1786976374066-A674F760,CUST-00602,2025-05-27T17:46:00.415Z,442.67,CANCELLED
ORD-1786976374066-37BF167A,CUST-00636,2025-06-12T10:43:36.756Z,434.54,SHIPPED
ORD-1786976374066-4115FB77,CUST-00352,2026-04-06T16:12:35.462Z,265.30,PROCESSING
ORD-1786976374066-CC974E4F,CUST-00575,2026-03-18T08:27:29.617Z,255.30,PROCESSING
ORD-1786976374066-29602E3C,CUST-00523,2026-01-27T12:09:59.198Z,73.83,PENDING
ORD-1786976374066-FEA795F0,CUST-00222,2025-01-13T23:02:18.009Z,423.87,PROCESSING
ORD-1786976374066-3CCFEE1B,CUST-00694,2026-01-07T08:16:16.184Z,457.04,COMPLETED
ORD-1786976374066-AC72FF6E,CUST-00117,2026-08-10T05:12:24.780Z,251.74,DELIVERED
ORD-1786976374066-CACD39F7,CUST-00276,2025-10-08T17:47:42.925Z,266.93,DELIVERED
ORD-1786976374066-B1FBBC17,CUST-00055,2025-05-03T05:44:52.818Z,303.26,PENDING
ORD-1786976374066-A2A98843,CUST-00733,2026-06-27T04:57:54.651Z,295.84,COMPLETED
ORD-1786976374066-EB1247F7,CUST-00800,2025-12-15T20:16:15.780Z,364.43,CANCELLED
ORD-1786976374066-01E4359C,CUST-00793,2025-02-27T16:28:32.242Z,353.92,SHIPPED
ORD-1786976374066-24C2D364,CUST-00936,2026-06-04T23:51:16.029Z,67.55,PENDING
ORD-1786976374066-CCB16C09,CUST-00563,2025-04-17T22:46:01.453Z,447.69,DELIVERED
ORD-1786976374066-C7465973,CUST-00043,2026-04-05T20:49:39.564Z,468.05,CANCELLED
ORD-1786976374066-51A0CEB6,CUST-00253,2025-03-17T01:38:47.282Z,274.97,DELIVERED
ORD-1786976374066-61B64843,CUST-00715,2025-03-01T13:37:35.993Z,233.00,CANCELLED
ORD-1786976374066-4954BC04,CUST-00795,2026-04-04T10:11:34.900Z,317.03,SHIPPED
ORD-1786976374066-0FAB99B9,CUST-00592,2025-06-20T08:46:37.525Z,67.67,CANCELLED
ORD-1786976374066-05F7184D,CUST-00077,2026-05-13T08:38:37.722Z,279.64,DELIVERED
ORD-1786976374066-7A4EB81E,CUST-00657,2026-08-05T15:59:24.636Z,348.03,COMPLETED
ORD-1786976374066-6E3EFBF6,CUST-00076,2026-07-28T06:53:15.591Z,278.55,SHIPPED
ORD-1786976374066-728BA59D,CUST-00143,2026-03-22T21:59:48.427Z,495.85,SHIPPED
ORD-1786976374066-3C7FEACA,CUST-00535,2025-12-26T04:47:20.871Z,158.50,PENDING
ORD-1786976374066-B80BFD4F,CUST-00704,2025-04-03T04:19:35.271Z,263.96,PROCESSING
ORD-1786976374066-98307C2E,CUST-00697,2026-02-08T06:04:50.943Z,381.17,COMPLETED
ORD-1786976374066-10D18FAA,CUST-00269,2026-08-03T01:07:30.075Z,121.14,SHIPPED
ORD-1786976374066-B39A477F,CUST-00246,2025-01-24T02:28:20.178Z,55.81,COMPLETED
ORD-1786976374066-240487FC,CUST-00218,2026-04-24T10:39:08.257Z,264.02,PENDING
ORD-1786976374066-D9068295,CUST-00334,2026-06-25T00:20:09.226Z,375.48,CANCELLED
ORD-1786976374066-CAED5B60,CUST-00522,2025-05-09T18:12:45.091Z,458.41,DELIVERED
ORD-1786976374066-97201BBC,CUST-00946,2025-11-20T16:35:13.593Z,502.42,DELIVERED
ORD-1786976374066-FB365B67,CUST-00177,2025-09-05T04:53:12.844Z,426.23,PROCESSING
ORD-1786976374066-9BC43C1D,CUST-00026,2025-03-28T17:01:41.409Z,118.93,SHIPPED
ORD-1786976374066-F79E5613,CUST-00108,2025-01-28T11:20:34.657Z,28.69,COMPLETED
ORD-1786976374066-7E89646B,CUST-00420,2025-04-02T13:17:56.221Z,144.84,PENDING
ORD-1786976374066-D9790F58,CUST-00863,2025-12-02T01:01:30.993Z,34.70,SHIPPED
ORD-1786976374066-6F224BA4,CUST-00922,2025-03-24T06:27:08.559Z,99.55,PROCESSING
ORD-1786976374066-972BD905,CUST-00155,2026-01-29T21:10:59.242Z,151.78,SHIPPED
ORD-1786976374066-482E211C,CUST-00385,2025-09-22T21:06:13.461Z,298.21,PROCESSING
ORD-1786976374066-552768CE,CUST-00520,2026-02-10T07:28:45.691Z,212.65,PROCESSING
ORD-1786976374066-1E6455CD,CUST-00463,2026-05-05T00:06:08.544Z,386.10,PENDING
ORD-1786976374066-22E90D8C,CUST-00612,2025-05-24T04:05:10.088Z,264.34,CANCELLED
ORD-1786976374066-0EAB91D7,CUST-00370,2026-04-22T16:44:59.932Z,183.20,DELIVERED
ORD-1786976374066-5E7FC50E,CUST-00582,2026-04-23T09:19:12.237Z,387.84,PROCESSING
ORD-1786976374066-47878136,CUST-00453,2025-07-07T04:22:24.488Z,363.34,COMPLETED
ORD-1786976374066-957AB2BB,CUST-00052,2025-08-14T18:04:23.216Z,243.97,PROCESSING
ORD-1786976374066-5A025FCA,CUST-00732,2025-09-12T11:34:19.869Z,431.00,COMPLETED
ORD-1786976374066-B8F32EAD,CUST-00447,2025-12-18T17:33:04.630Z,455.14,PENDING
ORD-1786976374066-B428AC77,CUST-00749,2025-02-20T16:04:03.268Z,262.08,PENDING
ORD-1786976374066-015B6AAF,CUST-00857,2026-06-29T08:07:12.849Z,15.59,DELIVERED
ORD-1786976374066-CAF2C52D,CUST-00627,2025-11-17T00:36:36.358Z,91.79,COMPLETED
ORD-1786976374066-DA34A1D7,CUST-00790,2026-06-26T13:33:27.812Z,271.98,CANCELLED
ORD-1786976374066-FCDA55D0,CUST-00218,2025-06-24T01:52:33.168Z,493.98,PROCESSING
ORD-1786976374066-BED5A228,CUST-00412,2026-01-24T09:08:59.513Z,123.73,PROCESSING
ORD-1786976374066-BC3BCAFD,CUST-00103,2025-02-11T04:06:32.239Z,397.22,SHIPPED
ORD-1786976374066-D8C37067,CUST-00569,2026-05-26T10:35:04.329Z,177.01,COMPLETED
ORD-1786976374066-02665A80,CUST-00591,2025-06-16T08:02:59.522Z,380.14,PROCESSING
ORD-1786976374066-2046DE1A,CUST-00981,2025-02-20T08:03:10.245Z,488.15,SHIPPED
ORD-1786976374066-354B831E,CUST-00145,2025-03-20T09:12:45.468Z,304.88,DELIVERED
ORD-1786976374066-2571E08C,CUST-00388,2025-02-14T12:42:19.997Z,275.50,CANCELLED
ORD-1786976374066-058752C2,CUST-00281,2025-04-29T22:36:31.080Z,487.71,COMPLETED
ORD-1786976374066-0AB356C4,CUST-00433,2026-03-09T20:33:42.506Z,373.46,CANCELLED
ORD-1786976374066-DAE40FF5,CUST-00056,2025-01-05T17:47:10.236Z,208.11,DELIVERED
ORD-1786976374066-05FFE39F,CUST-00200,2026-01-13T20:50:39.532Z,109.60,SHIPPED
ORD-1786976374066-B195F2A4,CUST-00965,2026-05-23T01:29:22.218Z,187.95,DELIVERED
ORD-1786976374066-D514B023,CUST-00991,2026-06-21T06:17:08.175Z,223.18,DELIVERED
ORD-1786976374066-A32F8B16,CUST-00503,2026-07-09T09:29:44.095Z,413.85,CANCELLED
ORD-1786976374066-708AE288,CUST-00641,2025-03-15T10:43:41.592Z,350.84,DELIVERED
ORD-1786976374066-658C6E08,CUST-00474,2026-01-26T17:12:37.517Z,254.94,CANCELLED
ORD-1786976374066-DB115C8B,CUST-00696,2025-05-05T03:29:04.174Z,202.61,SHIPPED
ORD-1786976374066-1E4FCBDA,CUST-00283,2026-08-08T09:26:44.512Z,286.82,COMPLETED
ORD-1786976374066-F3E71AA6,CUST-00401,2025-03-16T03:46:39.817Z,450.45,PENDING
ORD-1786976374066-357743F8,CUST-00973,2025-08-28T00:35:32.444Z,416.29,PROCESSING
ORD-1786976374066-F9DF8BDD,CUST-00520,2025-11-15T16:05:26.489Z,42.85,PROCESSING
ORD-1786976374066-D8211F9D,CUST-00522,2025-06-02T12:14:43.322Z,153.98,PENDING
ORD-1786976374066-7490F317,CUST-00349,2025-02-02T16:55:19.444Z,273.21,SHIPPED
ORD-1786976374066-D3424197,CUST-00199,2025-09-28T11:11:55.714Z,127.97,CANCELLED
ORD-1786976374066-C7F8A43D,CUST-00958,2025-06-17T17:59:40.372Z,273.99,DELIVERED
ORD-1786976374066-9D04C331,CUST-00019,2025-11-15T11:59:53.936Z,30.06,PENDING
ORD-1786976374066-52263B51,CUST-00847,2026-03-29T01:00:35.763Z,338.80,PENDING
ORD-1786976374066-C7CDD8FA,CUST-00829,2026-03-01T22:32:18.113Z,379.78,COMPLETED
ORD-1786976374066-0ABAD7C8,CUST-00482,2026-06-05T17:51:45.077Z,281.93,PROCESSING
ORD-1786976374066-E80FC95F,CUST-00051,2025-06-27T10:24:23.069Z,241.46,SHIPPED
ORD-1786976374066-EB3932DD,CUST-00113,2025-03-27T19:59:57.583Z,417.90,CANCELLED
ORD-1786976374066-0AD7F7A4,CUST-00056,2025-07-09T15:29:45.419Z,359.57,COMPLETED
ORD-1786976374066-B2C244BD,CUST-00955,2025-03-31T11:48:25.710Z,244.64,SHIPPED
ORD-1786976374066-7A1EFB10,CUST-00753,2026-01-07T00:47:46.436Z,234.48,CANCELLED
ORD-1786976374066-518E3C74,CUST-00355,2026-06-14T07:40:07.177Z,196.24,CANCELLED
ORD-1786976374066-6D14582B,CUST-00404,2025-12-25T09:47:07.703Z,465.65,COMPLETED
ORD-1786976374066-66396BED,CUST-00161,2025-09-02T08:39:45.884Z,17.94,PROCESSING
ORD-1786976374066-5EFBD07A,CUST-00629,2025-03-18T00:11:41.558Z,426.18,PENDING
ORD-1786976374066-019DB6A1,CUST-00440,2025-10-08T04:57:51.014Z,71.38,COMPLETED
ORD-1786976374066-D4881B45,CUST-00837,2026-04-28T09:38:08.667Z,81.70,COMPLETED
ORD-1786976374066-18EB0CE4,CUST-00391,2025-09-24T16:45:04.598Z,486.58,CANCELLED
ORD-1786976374066-B81602CD,CUST-00644,2025-06-08T13:48:25.375Z,298.77,PENDING
ORD-1786976374066-3F63E82D,CUST-00796,2026-08-13T08:22:47.640Z,365.01,PENDING
ORD-1786976374066-8354DE04,CUST-00963,2025-09-17T12:30:43.150Z,116.34,DELIVERED
ORD-1786976374066-7E3DF16B,CUST-00841,2026-02-19T09:40:48.954Z,376.03,PENDING
ORD-1786976374066-F56A8502,CUST-00563,2025-05-27T09:24:35.227Z,239.91,PENDING
ORD-1786976374066-0ABFACCD,CUST-00448,2025-09-22T02:46:45.047Z,144.77,CANCELLED
ORD-1786976374066-961CA007,CUST-00840,2026-01-28T17:56:27.025Z,19.97,PROCESSING
ORD-1786976374066-76BDCF34,CUST-00266,2025-08-21T18:25:18.487Z,337.02,COMPLETED
ORD-1786976374066-9175F85B,CUST-00978,2025-09-19T23:17:06.621Z,405.85,PENDING
ORD-1786976374066-F7BBA2E3,CUST-00337,2025-03-21T04:32:15.252Z,282.50,COMPLETED
ORD-1786976374066-5DC8880A,CUST-00185,2026-07-07T01:35:51.813Z,99.79,SHIPPED
ORD-1786976374066-2C4C214C,CUST-00465,2026-01-19T17:46:21.459Z,13.08,PENDING
ORD-1786976374066-C763AC95,CUST-00867,2025-08-05T17:10:59.559Z,272.59,COMPLETED
ORD-1786976374066-201F523A,CUST-00974,2025-06-09T17:01:57.367Z,248.91,CANCELLED
ORD-1786976374066-1111FF5F,CUST-00813,2025-02-01T12:42:35.027Z,105.15,COMPLETED
ORD-1786976374066-0C87780B,CUST-00159,2025-10-06T00:25:22.592Z,122.55,COMPLETED
ORD-1786976374066-88E6E489,CUST-00289,2026-01-24T09:58:27.250Z,29.19,PENDING
ORD-1786976374066-76178754,CUST-00376,2026-06-21T15:54:29.868Z,470.70,CANCELLED
ORD-1786976374066-59D012ED,CUST-00622,2025-04-30T14:25:56.567Z,409.24,COMPLETED
ORD-1786976374066-F771BDB6,CUST-00986,2025-10-02T08:38:31.105Z,53.04,PENDING
ORD-1786976374066-502B2558,CUST-00904,2026-06-19T19:46:02.052Z,370.78,CANCELLED
ORD-1786976374066-9F26200D,CUST-00353,2026-05-12T18:23:15.706Z,492.67,COMPLETED
ORD-1786976374066-D2510981,CUST-00044,2026-03-28T10:03:42.198Z,375.10,DELIVERED
ORD-1786976374067-62A0F98C,CUST-00818,2026-03-19T03:09:32.109Z,159.22,PROCESSING
ORD-1786976374067-F61CC0AB,CUST-00536,2025-11-10T11:27:28.436Z,50.87,DELIVERED
ORD-1786976374067-623A19EE,CUST-00495,2026-07-11T17:04:19.042Z,84.51,CANCELLED
ORD-1786976374067-2718C230,CUST-00204,2026-01-08T10:44:01.867Z,187.14,PENDING
ORD-1786976374067-320EE20B,CUST-00089,2025-03-11T11:40:54.968Z,237.75,COMPLETED
ORD-1786976374067-55DA0ACA,CUST-00208,2025-10-18T14:30:45.865Z,347.88,CANCELLED
ORD-1786976374067-C82A96C0,CUST-00036,2026-01-10T03:05:34.789Z,217.42,SHIPPED
ORD-1786976374067-79EE12B9,CUST-00363,2025-07-10T00:54:54.373Z,364.19,PROCESSING
ORD-1786976374067-CE805994,CUST-00373,2025-04-04T17:00:04.741Z,442.06,CANCELLED
ORD-1786976374067-53174867,CUST-00267,2026-04-02T04:28:30.034Z,191.31,PROCESSING
ORD-1786976374067-6AD56B6C,CUST-00902,2025-06-20T10:22:33.792Z,145.08,CANCELLED
ORD-1786976374067-446D9505,CUST-00421,2025-09-11T16:06:39.841Z,313.36,DELIVERED
ORD-1786976374067-CB79051C,CUST-00486,2026-03-30T15:01:34.609Z,464.54,PENDING
ORD-1786976374067-0E0594F0,CUST-00882,2025-02-10T03:47:51.862Z,103.63,DELIVERED
ORD-1786976374067-7D28A933,CUST-00940,2025-12-03T07:47:04.088Z,349.36,SHIPPED
ORD-1786976374067-609B1518,CUST-00528,2025-12-02T03:51:45.954Z,428.89,PROCESSING
ORD-1786976374067-23B9E438,CUST-00590,2025-08-14T17:31:05.717Z,86.34,COMPLETED
ORD-1786976374067-96178CE3,CUST-00025,2025-04-29T03:24:29.621Z,286.00,SHIPPED
ORD-1786976374067-0E9DC251,CUST-00562,2025-12-04T09:33:03.939Z,10.09,PROCESSING
ORD-1786976374067-95C27896,CUST-00925,2025-09-21T01:00:03.092Z,456.02,PROCESSING
ORD-1786976374067-99F23FFD,CUST-00256,2025-07-14T02:17:29.035Z,96.18,PROCESSING
ORD-1786976374067-F93B68E0,CUST-00148,2025-02-13T12:05:12.339Z,120.29,COMPLETED
ORD-1786976374067-D23010A8,CUST-00231,2026-04-30T01:38:51.822Z,387.64,CANCELLED
ORD-1786976374067-F04F9D12,CUST-00477,2026-06-25T16:11:12.410Z,342.64,PENDING
ORD-1786976374068-54FC11F8,CUST-00098,2026-03-03T18:46:24.310Z,286.81,CANCELLED
ORD-1786976374068-97C5D177,CUST-00468,2026-06-15T20:37:08.266Z,214.81,DELIVERED
ORD-1786976374068-DAD3F050,CUST-00519,2025-12-29T23:17:17.870Z,124.35,PROCESSING
ORD-1786976374068-4D9F7C01,CUST-00539,2026-08-12T09:05:33.042Z,118.58,SHIPPED
ORD-1786976374068-BEC04131,CUST-00690,2025-11-09T21:07:05.651Z,492.42,PENDING
ORD-1786976374068-F40CDF6F,CUST-00324,2025-10-28T12:12:53.965Z,373.49,CANCELLED
ORD-1786976374068-32C0708D,CUST-00559,2025-07-08T19:28:06.564Z,160.76,DELIVERED
ORD-1786976374068-CE4D6704,CUST-00370,2025-05-24T12:21:23.448Z,106.52,DELIVERED
ORD-1786976374068-9B5977A9,CUST-00525,2025-11-14T05:11:17.920Z,170.91,PENDING
ORD-1786976374068-A2B3F576,CUST-00318,2026-05-27T10:35:01.788Z,291.81,PENDING
ORD-1786976374068-6304F050,CUST-00272,2025-05-25T20:23:52.446Z,161.32,COMPLETED
ORD-1786976374068-CA516FF6,CUST-00408,2026-07-04T01:00:55.533Z,317.00,SHIPPED
ORD-1786976374068-0FE6329D,CUST-00870,2025-04-04T06:12:43.338Z,411.79,COMPLETED
ORD-1786976374068-3520E9D8,CUST-00845,2026-05-20T21:44:43.064Z,163.72,PROCESSING
ORD-1786976374068-67C8ED4F,CUST-00654,2025-05-18T08:24:56.243Z,25.63,CANCELLED
ORD-1786976374068-7EE58241,CUST-00584,2025-10-15T16:58:32.444Z,311.13,CANCELLED
ORD-1786976374068-227EDEE3,CUST-00610,2025-02-27T06:27:59.871Z,340.01,PENDING
ORD-1786976374068-411FEB52,CUST-00719,2025-08-07T01:30:16.026Z,33.16,PROCESSING
ORD-1786976374068-91E1BB6A,CUST-00612,2026-06-12T18:34:18.545Z,448.00,CANCELLED
ORD-1786976374068-A3DD0EBF,CUST-00658,2025-04-01T03:02:18.966Z,295.28,CANCELLED
ORD-1786976374068-A7CD2ABF,CUST-00472,2026-02-28T00:46:05.504Z,67.30,PENDING
ORD-1786976374068-553D55AD,CUST-00075,2026-07-27T10:10:23.220Z,488.28,DELIVERED
ORD-1786976374068-0C4C1D65,CUST-00576,2026-01-09T14:22:11.860Z,345.43,COMPLETED
ORD-1786976374068-B458055E,CUST-00185,2025-05-28T00:17:18.396Z,201.27,PENDING
ORD-1786976374068-B8B97654,CUST-00529,2025-06-13T15:10:04.893Z,403.47,COMPLETED
ORD-1786976374068-16045BB4,CUST-00185,2025-02-22T17:06:20.518Z,261.08,PROCESSING
ORD-1786976374068-C3550382,CUST-00026,2025-08-25T03:16:12.163Z,194.47,PENDING
ORD-1786976374068-4DA837E2,CUST-00344,2025-12-05T09:41:38.421Z,92.24,PENDING
ORD-1786976374068-739C88BB,CUST-00633,2026-03-01T13:06:53.939Z,92.77,PENDING
ORD-1786976374068-CCABC9FF,CUST-00248,2026-07-03T12:16:05.052Z,226.59,COMPLETED
ORD-1786976374068-D107D087,CUST-00246,2025-05-18T04:12:05.696Z,481.05,CANCELLED
ORD-1786976374068-D1E8FCFD,CUST-00063,2025-05-30T21:31:20.138Z,288.13,PENDING
ORD-1786976374068-6AA24BEE,CUST-00544,2025-06-03T09:16:01.991Z,34.42,PROCESSING
ORD-1786976374068-0B10035E,CUST-00283,2025-05-20T03:27:36.793Z,84.22,DELIVERED
ORD-1786976374068-AA3285F7,CUST-00269,2025-05-02T01:57:23.647Z,407.60,PROCESSING
ORD-1786976374068-EA94AF9E,CUST-00497,2026-02-23T00:45:00.815Z,244.81,DELIVERED
ORD-1786976374068-D433C0A7,CUST-00348,2025-12-10T02:26:03.683Z,211.46,PROCESSING
ORD-1786976374068-2E5615B5,CUST-00017,2026-03-19T02:50:36.434Z,149.26,DELIVERED
ORD-1786976374068-86B2BA0A,CUST-00669,2025-06-14T16:50:22.273Z,251.98,COMPLETED
ORD-1786976374068-D6EE61DA,CUST-00824,2025-07-21T00:09:52.842Z,345.77,PROCESSING
ORD-1786976374068-AAA49F19,CUST-00985,2025-02-06T21:33:18.373Z,168.19,PROCESSING
ORD-1786976374068-CBF59C8E,CUST-00391,2025-12-19T08:03:39.950Z,423.38,DELIVERED
ORD-1786976374068-1AF2B27F,CUST-00728,2026-03-29T23:56:02.700Z,212.35,COMPLETED
ORD-1786976374068-03919D1F,CUST-00410,2026-08-10T00:49:45.577Z,147.50,COMPLETED
ORD-1786976374068-C801883A,CUST-00245,2025-05-20T11:28:18.344Z,127.59,SHIPPED
ORD-1786976374068-8E3739DF,CUST-00048,2026-03-18T21:28:21.421Z,404.43,CANCELLED
ORD-1786976374068-43FE8F37,CUST-00936,2025-01-31T12:26:15.574Z,451.31,DELIVERED
ORD-1786976374068-C96C5E09,CUST-00098,2025-04-06T08:36:13.606Z,350.50,SHIPPED
ORD-1786976374068-16430F68,CUST-00860,2025-10-24T01:27:04.219Z,280.23,COMPLETED
ORD-1786976374068-0C69189A,CUST-00233,2026-01-10T02:12:34.580Z,174.09,PROCESSING
ORD-1786976374068-98E708C5,CUST-00312,2025-02-23T09:23:13.471Z,182.81,SHIPPED
ORD-1786976374068-69F80D3C,CUST-00294,2025-03-05T22:09:25.184Z,40.73,COMPLETED
ORD-1786976374068-239DC044,CUST-00578,2026-05-01T03:13:05.051Z,296.40,PENDING
ORD-1786976374068-58DDABEA,CUST-00438,2026-05-16T05:54:49.684Z,444.46,CANCELLED
ORD-1786976374068-3C39355F,CUST-00112,2025-10-15T12:04:59.272Z,444.25,PROCESSING
ORD-1786976374068-62FB66FF,CUST-00518,2025-01-07T03:23:29.969Z,286.35,SHIPPED
ORD-1786976374068-55637DD9,CUST-00620,2025-07-25T17:15:16.094Z,314.66,PROCESSING
ORD-1786976374068-A270DA35,CUST-00939,2025-08-13T21:11:28.120Z,371.82,PROCESSING
ORD-1786976374068-3F460004,CUST-00960,2025-10-20T21:44:40.822Z,286.23,COMPLETED
ORD-1786976374068-FB1D1BCE,CUST-00819,2025-03-29T15:58:46.981Z,24.69,SHIPPED
ORD-1786976374068-E42F5CAE,CUST-00320,2026-04-16T12:49:56.592Z,122.14,CANCELLED
ORD-1786976374068-1A92D144,CUST-00219,2026-05-06T05:30:28.148Z,353.16,COMPLETED
ORD-1786976374068-6F1870F2,CUST-00482,2026-05-31T19:15:13.914Z,337.51,PENDING
ORD-1786976374068-8CBA3B92,CUST-00038,2025-07-21T22:35:23.196Z,96.60,SHIPPED
ORD-1786976374068-2E5167DF,CUST-00199,2026-04-24T18:12:24.326Z,207.54,SHIPPED
ORD-1786976374068-D5B65625,CUST-00483,2026-01-19T23:03:14.378Z,231.63,CANCELLED
ORD-1786976374068-1674AA51,CUST-00198,2026-06-07T10:29:11.972Z,281.57,COMPLETED
ORD-1786976374068-CE5CEC44,CUST-00229,2025-08-13T00:15:36.310Z,434.96,DELIVERED
ORD-1786976374068-31AF1B28,CUST-00335,2025-10-28T10:52:04.483Z,95.82,PENDING
ORD-1786976374068-434186C4,CUST-00367,2025-03-17T08:38:32.314Z,271.29,COMPLETED
ORD-1786976374068-69671060,CUST-00073,2026-07-27T07:33:49.771Z,53.95,COMPLETED
ORD-1786976374068-789C9EDD,CUST-00170,2025-11-10T18:06:26.639Z,490.45,PENDING
ORD-1786976374068-D049A180,CUST-00130,2026-02-15T14:42:04.465Z,134.40,PENDING
ORD-1786976374068-1B47F586,CUST-00575,2025-07-24T12:42:53.936Z,334.47,PROCESSING
ORD-1786976374068-26102170,CUST-00112,2026-06-05T12:23:48.252Z,280.10,PROCESSING
ORD-1786976374068-C1F248BB,CUST-00031,2025-03-06T14:05:16.275Z,45.10,DELIVERED
ORD-1786976374068-FB594A14,CUST-00014,2026-06-06T10:37:41.270Z,74.64,CANCELLED
ORD-1786976374068-1069C030,CUST-00972,2025-09-14T07:05:05.084Z,429.53,PROCESSING
ORD-1786976374068-204653E4,CUST-00915,2025-09-26T22:52:34.634Z,321.31,PENDING
ORD-1786976374068-39DC059B,CUST-00244,2026-01-23T19:37:24.930Z,194.67,DELIVERED
ORD-1786976374068-9CAE9A95,CUST-00344,2025-02-12T06:10:59.375Z,354.21,PENDING
ORD-1786976374068-DD9EFEAE,CUST-00509,2025-12-02T09:24:17.425Z,331.61,CANCELLED
ORD-1786976374068-964FCB8B,CUST-00283,2025-05-21T11:05:05.497Z,454.57,DELIVERED
ORD-1786976374068-ABC6D1A4,CUST-00374,2026-04-16T12:22:24.051Z,397.45,PROCESSING
ORD-1786976374068-70D09AB3,CUST-00228,2026-02-10T04:00:50.415Z,398.90,DELIVERED
ORD-1786976374068-AD9108CB,CUST-00578,2026-02-17T03:03:37.345Z,48.92,PROCESSING
ORD-1786976374068-DBBFFA23,CUST-00979,2026-02-03T18:10:58.892Z,272.18,COMPLETED
ORD-1786976374068-8F146CA3,CUST-00297,2025-08-06T21:45:05.895Z,167.46,DELIVERED
ORD-1786976374068-03F62603,CUST-00794,2025-11-27T19:47:39.362Z,23.50,COMPLETED
ORD-1786976374068-8AA383CE,CUST-00420,2026-03-12T17:16:42.833Z,489.40,PENDING
ORD-1786976374068-41C585F3,CUST-00700,2025-03-01T07:35:02.644Z,191.29,PENDING
ORD-1786976374068-99FA474D,CUST-00012,2025-01-15T04:09:16.770Z,430.87,COMPLETED
ORD-1786976374068-94CB22FB,CUST-00130,2026-01-23T14:55:50.958Z,380.04,SHIPPED
ORD-1786976374068-77C7E06B,CUST-00177,2026-07-21T10:29:10.990Z,65.40,DELIVERED
ORD-1786976374068-C60D1DA4,CUST-00934,2026-04-18T15:27:32.155Z,194.15,COMPLETED
ORD-1786976374068-7A68CA8C,CUST-00329,2026-05-06T15:01:35.341Z,191.26,CANCELLED
ORD-1786976374068-60FDDD52,CUST-00999,2025-04-05T23:15:19.821Z,262.10,CANCELLED
ORD-1786976374068-DF83FBDA,CUST-00105,2026-05-09T19:10:44.500Z,178.62,PENDING
ORD-1786976374068-126AAE49,CUST-00306,2025-08-22T10:24:52.660Z,323.16,CANCELLED
ORD-1786976374068-951CBC49,CUST-00456,2025-10-23T02:01:41.965Z,278.48,SHIPPED
ORD-1786976374068-5FED72B4,CUST-00060,2026-01-20T16:10:57.780Z,24.96,PENDING
ORD-1786976374068-3DDE3685,CUST-00431,2025-05-04T19:28:12.103Z,53.08,CANCELLED
ORD-1786976374068-0D150C6A,CUST-00952,2025-05-05T05:57:55.209Z,139.39,SHIPPED
ORD-1786976374068-0F164E05,CUST-00832,2025-01-03T17:57:18.322Z,327.35,COMPLETED
ORD-1786976374068-E7735776,CUST-00199,2025-08-19T19:59:48.565Z,450.48,CANCELLED
ORD-1786976374068-B69BC050,CUST-00982,2025-01-19T17:20:22.681Z,221.18,PENDING
ORD-1786976374068-EC1CE822,CUST-00744,2025-06-24T21:30:18.113Z,99.03,COMPLETED
ORD-1786976374068-B2B9F6B3,CUST-00489,2025-11-13T09:20:45.271Z,457.04,PROCESSING
ORD-1786976374068-2AC6710D,CUST-00945,2026-07-10T21:36:44.306Z,294.30,COMPLETED
ORD-1786976374068-51B0A571,CUST-00826,2025-10-24T14:14:32.566Z,333.17,CANCELLED
ORD-1786976374068-3A4593E4,CUST-00997,2026-07-15T19:02:27.557Z,205.72,CANCELLED
ORD-1786976374068-9C9BD8ED,CUST-00458,2025-12-09T22:00:41.287Z,219.85,DELIVERED
ORD-1786976374068-EB99234F,CUST-00622,2025-08-04T22:39:43.989Z,364.79,DELIVERED
ORD-1786976374069-12B7E130,CUST-00275,2026-05-06T08:19:52.866Z,215.18,CANCELLED
ORD-1786976374069-777DB46F,CUST-00366,2025-10-08T15:53:42.008Z,392.39,CANCELLED
ORD-1786976374069-93B5530B,CUST-00913,2025-05-13T11:53:28.973Z,286.00,SHIPPED
ORD-1786976374069-450DB819,CUST-00367,2025-10-04T15:41:09.223Z,150.03,SHIPPED
ORD-1786976374069-DE993CDA,CUST-00908,2025-10-30T20:18:42.078Z,283.60,PENDING
ORD-1786976374069-1E0C71E2,CUST-00493,2026-03-19T16:06:57.361Z,183.40,DELIVERED
ORD-1786976374069-219D5A7D,CUST-00713,2025-04-10T08:18:56.542Z,17.63,CANCELLED
ORD-1786976374069-F16B6861,CUST-00337,2026-06-25T04:23:29.091Z,117.28,SHIPPED
ORD-1786976374069-53A70A5E,CUST-00784,2025-02-12T20:00:16.682Z,486.11,COMPLETED
ORD-1786976374069-6FB69A95,CUST-00728,2026-06-09T10:39:56.680Z,294.78,PROCESSING
ORD-1786976374069-B94BCB17,CUST-00585,2026-06-20T09:37:54.168Z,192.76,DELIVERED
ORD-1786976374069-4A775AA2,CUST-00286,2025-01-04T03:27:08.642Z,186.14,COMPLETED
ORD-1786976374069-288649FB,CUST-00620,2026-06-08T22:05:33.843Z,242.63,PROCESSING
ORD-1786976374069-9D8CCC1A,CUST-00073,2025-03-22T04:13:38.137Z,357.36,PENDING
ORD-1786976374069-A798AC7F,CUST-00263,2025-11-01T22:56:44.714Z,390.80,DELIVERED
ORD-1786976374069-E8CC0E14,CUST-00384,2025-07-30T14:19:01.561Z,442.96,PENDING
ORD-1786976374069-53106074,CUST-00993,2026-06-12T07:17:59.647Z,125.54,COMPLETED
ORD-1786976374069-6C1A54A7,CUST-00239,2025-06-15T23:43:10.158Z,302.41,COMPLETED
ORD-1786976374069-07967FE6,CUST-00891,2025-10-13T02:15:07.205Z,418.06,CANCELLED
ORD-1786976374069-821BA8FE,CUST-00200,2025-01-05T05:57:24.541Z,103.70,DELIVERED
ORD-1786976374069-8DCA49B9,CUST-00035,2026-02-08T07:10:18.400Z,112.10,SHIPPED
ORD-1786976374069-4883CFE2,CUST-00306,2025-03-17T11:50:08.923Z,457.12,DELIVERED
ORD-1786976374069-C7B179C8,CUST-00477,2026-04-07T04:58:03.525Z,245.53,SHIPPED
ORD-1786976374069-D216B7A9,CUST-00667,2025-12-11T11:32:06.853Z,258.89,COMPLETED
ORD-1786976374069-7B02B683,CUST-00865,2025-06-25T10:27:00.073Z,483.20,DELIVERED
ORD-1786976374069-C1034D46,CUST-00951,2025-01-30T10:44:03.708Z,20.33,COMPLETED
ORD-1786976374069-F1888272,CUST-00013,2026-05-21T06:37:30.720Z,71.70,CANCELLED
ORD-1786976374069-74E46FC7,CUST-00870,2026-04-08T22:17:53.836Z,105.71,CANCELLED
ORD-1786976374069-7FE11DBA,CUST-00359,2025-10-03T17:41:29.030Z,155.88,DELIVERED
ORD-1786976374069-17B02FB8,CUST-00989,2025-07-31T06:43:07.003Z,277.79,PENDING
ORD-1786976374069-4CE33A2D,CUST-00130,2025-05-28T00:57:22.138Z,326.80,PENDING
ORD-1786976374069-6B12D2E4,CUST-00002,2026-05-08T14:30:16.145Z,32.88,PENDING
ORD-1786976374069-BA255EA2,CUST-00346,2025-09-08T23:20:06.133Z,61.80,DELIVERED
ORD-1786976374069-909491E5,CUST-00141,2025-04-22T11:55:40.202Z,240.67,PROCESSING
ORD-1786976374069-D0D28331,CUST-00617,2026-06-19T06:35:59.094Z,234.36,PENDING
ORD-1786976374069-D9F1C324,CUST-00446,2026-04-15T00:18:35.264Z,359.61,PENDING
ORD-1786976374069-B31DFF95,CUST-00904,2025-08-22T17:56:16.893Z,440.63,COMPLETED
ORD-1786976374069-9BDEBA47,CUST-00892,2025-05-12T03:28:05.333Z,126.59,CANCELLED
ORD-1786976374069-0A126F15,CUST-00151,2025-06-10T11:24:50.028Z,12.33,SHIPPED
ORD-1786976374069-67013B03,CUST-00364,2025-06-03T05:24:29.010Z,71.33,DELIVERED
ORD-1786976374069-F7122CF5,CUST-00049,2026-02-02T12:53:17.655Z,374.14,COMPLETED
ORD-1786976374069-B4AE6B3A,CUST-00097,2026-03-05T07:52:57.496Z,196.22,SHIPPED
ORD-1786976374069-770B7606,CUST-00653,2026-01-17T16:36:09.512Z,224.20,PROCESSING
ORD-1786976374069-EF6FC280,CUST-00138,2026-08-09T13:31:28.072Z,343.62,PENDING
ORD-1786976374069-51012D7E,CUST-00824,2026-01-13T06:07:14.201Z,250.46,PROCESSING
ORD-1786976374069-3AEB6864,CUST-00864,2025-12-29T15:57:35.732Z,261.02,PENDING
ORD-1786976374069-FE464EBD,CUST-00854,2025-03-20T20:56:04.732Z,76.13,PENDING
ORD-1786976374069-AD451B2D,CUST-00371,2025-11-22T09:52:11.078Z,293.06,PROCESSING
ORD-1786976374069-9F2E67B6,CUST-00992,2025-08-15T19:06:36.411Z,454.22,COMPLETED
ORD-1786976374069-9338AE7F,CUST-00284,2025-09-03T05:05:59.519Z,171.93,SHIPPED
ORD-1786976374069-23496A5E,CUST-00658,2025-06-21T21:23:57.528Z,444.79,PENDING
ORD-1786976374069-F334D2F7,CUST-00820,2025-05-15T19:51:41.312Z,433.82,CANCELLED
ORD-1786976374069-B9CCE3AD,CUST-00531,2025-11-14T15:34:05.511Z,317.07,PENDING
ORD-1786976374069-6E5351BE,CUST-00284,2025-12-03T06:53:06.373Z,497.93,DELIVERED
ORD-1786976374069-580572E2,CUST-00848,2025-07-08T18:17:53.823Z,498.21,SHIPPED
ORD-1786976374069-19E8C5BC,CUST-00868,2025-11-18T07:45:53.301Z,335.10,COMPLETED
ORD-1786976374069-310A7843,CUST-00195,2025-08-09T05:55:25.913Z,152.11,PROCESSING
ORD-1786976374069-0290CE05,CUST-00410,2026-07-20T13:16:32.453Z,13.57,CANCELLED
ORD-1786976374069-E86CDE10,CUST-00046,2025-08-18T16:11:16.931Z,438.46,CANCELLED
ORD-1786976374069-D619B2DA,CUST-00056,2025-12-29T03:46:46.706Z,153.45,SHIPPED
ORD-1786976374069-BD8D291E,CUST-00802,2025-03-02T23:30:06.871Z,462.84,COMPLETED
ORD-1786976374069-75D9C660,CUST-00458,2026-07-14T18:24:20.045Z,138.56,PENDING
ORD-1786976374069-687818A1,CUST-00033,2025-02-02T15:51:21.975Z,188.38,CANCELLED
ORD-1786976374069-20AEAC7E,CUST-00976,2025-11-13T02:25:20.076Z,24.92,PROCESSING
ORD-1786976374069-CB86E5D5,CUST-00848,2026-04-24T21:41:57.012Z,175.05,PROCESSING
ORD-1786976374069-4D690A5D,CUST-00453,2025-03-29T11:53:27.566Z,260.85,COMPLETED
ORD-1786976374069-DB2AF1DB,CUST-00731,2025-01-11T04:49:12.607Z,74.19,CANCELLED
ORD-1786976374069-E9FCB16C,CUST-00530,2025-09-06T13:32:54.503Z,110.77,COMPLETED
ORD-1786976374069-A8E8C820,CUST-00575,2026-04-02T19:36:31.568Z,368.38,SHIPPED
ORD-1786976374069-39CFD1D5,CUST-00852,2025-06-20T11:33:38.269Z,104.97,CANCELLED
ORD-1786976374069-FACBDB1B,CUST-00438,2026-08-02T13:27:27.974Z,270.39,DELIVERED
ORD-1786976374069-684E3710,CUST-00642,2025-11-02T12:43:15.319Z,441.82,PROCESSING
ORD-1786976374069-D9CCC9FA,CUST-00964,2025-01-17T19:53:36.691Z,143.11,DELIVERED
ORD-1786976374069-25460F7E,CUST-00812,2025-07-30T16:38:50.724Z,386.40,DELIVERED
ORD-1786976374069-876895A5,CUST-00148,2026-05-20T16:04:26.975Z,162.92,PROCESSING
ORD-1786976374069-D46BDEA1,CUST-00572,2025-03-11T19:50:39.088Z,259.87,CANCELLED
ORD-1786976374069-520CA73E,CUST-00322,2025-09-28T14:25:08.766Z,315.81,PROCESSING
ORD-1786976374069-5ED6AD9F,CUST-00755,2026-08-12T21:24:08.174Z,313.08,SHIPPED
ORD-1786976374069-CCD3CA13,CUST-00586,2025-12-27T07:01:04.227Z,203.62,SHIPPED
ORD-1786976374069-95E587CA,CUST-00716,2026-03-22T05:34:03.369Z,123.47,CANCELLED
ORD-1786976374070-47770300,CUST-00542,2026-07-04T16:21:30.844Z,329.21,PROCESSING
ORD-1786976374070-F7252794,CUST-00865,2025-01-01T19:32:04.464Z,65.46,CANCELLED
ORD-1786976374070-0D8A6876,CUST-00442,2025-07-16T00:40:33.464Z,94.70,SHIPPED
ORD-1786976374070-9109A0C9,CUST-00541,2025-10-13T20:24:23.504Z,335.96,COMPLETED
ORD-1786976374070-9E02D6CE,CUST-00339,2025-12-11T05:34:46.053Z,78.71,DELIVERED
ORD-1786976374070-705E36E2,CUST-00708,2026-03-20T05:15:50.458Z,397.36,COMPLETED
ORD-1786976374070-8F993BA3,CUST-00097,2025-04-19T00:38:41.962Z,106.75,PENDING
ORD-1786976374070-9985F092,CUST-00623,2026-04-11T22:35:46.108Z,274.90,CANCELLED
ORD-1786976374070-151D49F4,CUST-00225,2025-08-27T16:52:19.497Z,333.70,PROCESSING
ORD-1786976374070-20BAAD9C,CUST-00479,2025-08-31T20:40:06.640Z,112.02,DELIVERED
ORD-1786976374070-C2CA7765,CUST-00355,2026-03-12T08:11:09.070Z,221.06,DELIVERED
ORD-1786976374070-885B82DD,CUST-00367,2026-02-28T15:15:21.662Z,41.16,SHIPPED
ORD-1786976374070-5561BCFA,CUST-00914,2025-11-02T18:14:57.893Z,345.47,SHIPPED
ORD-1786976374070-74B0D149,CUST-00361,2025-12-16T12:12:09.802Z,37.23,SHIPPED
ORD-1786976374070-B9343C86,CUST-00345,2026-03-07T14:41:56.586Z,241.95,CANCELLED
ORD-1786976374070-59FAE452,CUST-00489,2026-06-14T05:21:25.793Z,296.44,CANCELLED
ORD-1786976374070-3E13ACD9,CUST-00505,2025-06-21T23:18:22.704Z,234.81,PROCESSING
ORD-1786976374070-C6834A48,CUST-00001,2026-04-25T13:52:02.569Z,91.66,COMPLETED
ORD-1786976374070-4354A124,CUST-00639,2026-01-12T16:40:28.319Z,219.44,SHIPPED
ORD-1786976374070-485AECC6,CUST-00696,2025-11-05T09:31:12.553Z,119.91,PENDING
ORD-1786976374070-CB84E9F1,CUST-00857,2026-05-14T06:09:09.943Z,481.55,SHIPPED
ORD-1786976374070-77DA3A4C,CUST-00975,2025-04-09T21:42:52.312Z,59.17,COMPLETED
ORD-1786976374070-1261B279,CUST-00301,2025-03-08T11:41:02.831Z,306.78,CANCELLED
ORD-1786976374070-6930C79F,CUST-00291,2026-07-11T03:05:47.802Z,181.22,PROCESSING
ORD-1786976374070-324AB6C5,CUST-00087,2025-07-16T06:30:04.768Z,180.67,DELIVERED
ORD-1786976374070-92C4A20F,CUST-00379,2025-03-17T15:51:54.222Z,339.46,SHIPPED
ORD-1786976374070-23CD7CC9,CUST-00090,2025-05-21T18:56:29.218Z,218.47,COMPLETED
ORD-1786976374070-9777EDB1,CUST-00766,2025-06-26T20:20:32.946Z,135.65,COMPLETED
ORD-1786976374070-A8B009EC,CUST-00306,2026-05-12T07:30:52.818Z,124.48,COMPLETED
ORD-1786976374070-D2D2077A,CUST-00191,2026-02-19T09:28:56.268Z,175.54,PROCESSING
ORD-1786976374070-08E71630,CUST-00426,2025-08-11T23:01:05.321Z,468.08,CANCELLED
ORD-1786976374070-2B9C551C,CUST-00824,2026-01-22T04:52:04.666Z,298.35,SHIPPED
ORD-1786976374070-66BC62C1,CUST-00518,2025-03-10T20:59:20.617Z,427.87,SHIPPED
ORD-1786976374070-B114ED5F,CUST-00182,2025-02-08T13:15:18.884Z,293.92,PROCESSING
ORD-1786976374070-68CBD551,CUST-00445,2025-06-11T07:15:46.362Z,102.36,SHIPPED
ORD-1786976374070-5184A4D7,CUST-00219,2025-04-12T00:44:33.786Z,187.80,SHIPPED
ORD-1786976374070-5F18C7F2,CUST-00632,2025-02-20T05:20:27.455Z,377.46,SHIPPED
ORD-1786976374070-488658D9,CUST-00994,2026-03-10T11:58:52.243Z,493.65,CANCELLED
ORD-1786976374070-3A5D3B5D,CUST-00812,2025-11-23T17:42:37.837Z,442.78,PROCESSING
ORD-1786976374070-268FFA46,CUST-00767,2026-01-18T07:04:55.693Z,435.65,CANCELLED
ORD-1786976374070-668F7709,CUST-00291,2025-03-07T07:06:23.712Z,110.02,DELIVERED
ORD-1786976374070-42192DA1,CUST-00144,2025-04-28T13:53:19.300Z,262.20,COMPLETED
ORD-1786976374070-F1D93C77,CUST-00158,2025-02-03T01:15:40.684Z,37.95,SHIPPED
ORD-1786976374070-FF14DB44,CUST-00194,2025-05-30T11:20:56.873Z,228.83,CANCELLED
ORD-1786976374070-39C49C97,CUST-00471,2026-01-29T17:13:29.626Z,444.97,COMPLETED
ORD-1786976374070-C9937905,CUST-00904,2025-11-15T01:30:47.389Z,157.15,DELIVERED
ORD-1786976374070-A0FC765A,CUST-00916,2025-05-13T18:21:56.129Z,179.71,SHIPPED
ORD-1786976374070-C7EA6F80,CUST-00001,2025-01-04T19:08:05.545Z,184.94,COMPLETED
ORD-1786976374070-8B4DB599,CUST-00598,2025-07-31T15:23:51.606Z,455.50,PENDING
ORD-1786976374070-9D35487D,CUST-00148,2026-08-06T17:56:38.163Z,201.23,CANCELLED
ORD-1786976374070-18ECBFE6,CUST-00232,2026-03-25T20:23:19.867Z,225.11,PENDING
ORD-1786976374070-495B76B6,CUST-00887,2026-06-23T00:02:37.967Z,161.24,DELIVERED
ORD-1786976374070-55F1315B,CUST-00366,2026-02-24T21:13:30.583Z,120.14,COMPLETED
ORD-1786976374070-346689B9,CUST-00517,2025-10-22T18:50:27.020Z,333.24,COMPLETED
ORD-1786976374070-BD57C280,CUST-00751,2025-11-02T00:34:30.850Z,419.47,CANCELLED
ORD-1786976374070-611840DC,CUST-00168,2026-06-22T07:48:13.210Z,399.52,DELIVERED
ORD-1786976374070-360E1481,CUST-00541,2026-07-08T08:04:54.687Z,167.58,DELIVERED
ORD-1786976374070-B74F60BA,CUST-00132,2025-05-16T17:01:33.180Z,314.50,DELIVERED
ORD-1786976374070-A73C2CF3,CUST-00665,2026-06-13T12:48:05.478Z,278.90,CANCELLED
ORD-1786976374070-71FDA2C6,CUST-00972,2025-01-24T13:51:04.682Z,61.05,SHIPPED
ORD-1786976374070-557D750C,CUST-00652,2026-03-01T12:19:36.904Z,223.35,PENDING
ORD-1786976374070-8D5D744F,CUST-00588,2025-11-22T06:53:20.970Z,311.44,COMPLETED
ORD-1786976374070-2AEE0A5E,CUST-00044,2025-08-23T03:20:37.728Z,470.80,PROCESSING
ORD-1786976374070-514CE5CB,CUST-00623,2025-11-25T14:10:06.427Z,230.71,DELIVERED
ORD-1786976374070-7D47C727,CUST-00094,2026-02-09T05:48:56.316Z,192.85,CANCELLED
ORD-1786976374070-B9FDD683,CUST-00774,2025-02-02T22:53:44.857Z,463.99,CANCELLED
ORD-1786976374070-D98D0B66,CUST-00956,2026-06-06T07:08:38.985Z,509.09,PENDING
ORD-1786976374070-918DDC1E,CUST-00285,2025-09-05T08:57:56.493Z,103.50,PROCESSING
ORD-1786976374070-B396882A,CUST-00575,2026-03-28T12:22:11.169Z,413.58,COMPLETED
ORD-1786976374070-4BC1C340,CUST-00070,2025-07-27T21:08:34.172Z,163.14,DELIVERED
ORD-1786976374070-87F248CA,CUST-00846,2025-02-14T12:06:26.508Z,161.30,DELIVERED
ORD-1786976374070-716996DD,CUST-00719,2025-01-03T17:15:32.146Z,121.65,CANCELLED
ORD-1786976374070-C77E575C,CUST-00549,2026-05-20T12:54:41.299Z,378.91,DELIVERED
ORD-1786976374070-C3715831,CUST-00650,2026-02-22T10:29:55.973Z,360.41,CANCELLED
ORD-1786976374070-4D43EA40,CUST-00027,2025-03-07T13:51:51.641Z,377.84,PENDING
ORD-1786976374070-9CA040EA,CUST-00854,2025-03-01T03:02:24.053Z,317.85,DELIVERED
ORD-1786976374070-C58E30C0,CUST-00257,2025-02-22T00:21:06.265Z,250.80,PROCESSING
ORD-1786976374070-31CABDB4,CUST-00854,2025-07-24T21:45:18.727Z,88.30,COMPLETED
ORD-1786976374070-7F4DE377,CUST-00281,2025-05-04T00:10:37.940Z,356.21,COMPLETED
ORD-1786976374070-3AB0D954,CUST-00111,2026-07-03T08:35:49.966Z,197.30,COMPLETED
ORD-1786976374070-400E3ECF,CUST-00520,2025-11-27T22:00:29.193Z,413.33,COMPLETED
ORD-1786976374070-10C869EC,CUST-00135,2025-09-10T04:15:07.412Z,141.46,SHIPPED
ORD-1786976374070-545931F9,CUST-00604,2025-01-27T16:46:54.640Z,160.90,COMPLETED
ORD-1786976374070-DB33EE82,CUST-00858,2026-07-23T23:50:14.309Z,161.59,DELIVERED
ORD-1786976374070-66708048,CUST-00856,2025-03-22T11:51:25.225Z,371.53,SHIPPED
ORD-1786976374070-3B662DF3,CUST-00816,2025-09-30T07:29:20.832Z,319.10,PENDING
ORD-1786976374070-DE47E3CB,CUST-00136,2026-02-20T12:23:56.081Z,80.76,DELIVERED
ORD-1786976374070-DB1CB2B3,CUST-00921,2025-07-14T06:46:58.675Z,426.61,DELIVERED
ORD-1786976374070-D83839A5,CUST-00227,2026-07-21T01:30:12.490Z,196.15,CANCELLED
ORD-1786976374070-4DFED1F2,CUST-00215,2026-02-18T21:21:09.988Z,300.96,PENDING
ORD-1786976374070-A005C54A,CUST-00421,2026-05-05T02:37:07.778Z,157.19,PROCESSING
ORD-1786976374070-55C45AF1,CUST-00494,2026-06-17T16:29:57.696Z,71.74,CANCELLED
ORD-1786976374070-98B42510,CUST-00187,2025-04-26T09:05:33.564Z,491.79,DELIVERED
ORD-1786976374070-58641A17,CUST-00238,2025-07-06T19:15:03.698Z,108.35,PROCESSING
ORD-1786976374070-40C07A75,CUST-00765,2025-08-27T08:06:51.026Z,46.09,PROCESSING
ORD-1786976374070-CB11AEA6,CUST-00330,2025-05-30T07:41:21.700Z,103.64,SHIPPED
ORD-1786976374070-5F5DDEA3,CUST-00305,2025-09-29T22:25:11.681Z,360.92,PENDING
ORD-1786976374070-233B4874,CUST-00340,2026-02-21T11:46:26.813Z,265.07,PENDING
ORD-1786976374070-90CB1965,CUST-00231,2025-10-24T22:46:07.639Z,83.69,PENDING
ORD-1786976374070-800FBE33,CUST-00483,2026-02-22T14:24:54.157Z,166.08,CANCELLED
ORD-1786976374070-EF24D0C3,CUST-00926,2025-12-05T18:03:43.590Z,301.61,COMPLETED
ORD-1786976374070-F0857B0E,CUST-00520,2025-07-31T11:06:38.289Z,388.25,DELIVERED
ORD-1786976374070-D8A0B6DA,CUST-00931,2025-08-27T12:27:03.513Z,74.80,PROCESSING
ORD-1786976374070-B478A632,CUST-00990,2025-01-23T11:16:27.124Z,274.30,CANCELLED
ORD-1786976374070-BCFFAC3B,CUST-00161,2025-11-05T21:33:56.259Z,136.43,DELIVERED
ORD-1786976374070-5F00C3AC,CUST-00448,2026-03-05T03:03:57.920Z,312.73,CANCELLED
ORD-1786976374070-80173D92,CUST-00059,2025-03-02T02:17:35.489Z,505.74,CANCELLED
ORD-1786976374070-C1AFA5D3,CUST-00414,2025-10-15T14:27:42.602Z,489.83,DELIVERED
ORD-1786976374070-A84E8AD2,CUST-00488,2025-09-30T13:19:31.795Z,94.16,DELIVERED
ORD-1786976374070-2F852A24,CUST-00327,2025-04-30T16:41:01.319Z,199.60,DELIVERED
ORD-1786976374070-3BBE8D2B,CUST-00947,2026-04-24T20:32:18.449Z,136.63,SHIPPED
ORD-1786976374070-459DDD1F,CUST-00648,2025-10-04T13:23:42.128Z,268.44,COMPLETED
ORD-1786976374070-544E905D,CUST-00511,2025-04-01T18:52:52.351Z,435.38,COMPLETED
ORD-1786976374070-E2560A5F,CUST-00736,2025-11-27T00:58:08.714Z,494.77,SHIPPED
ORD-1786976374070-751267C3,CUST-00662,2026-01-21T15:45:34.015Z,486.24,PENDING
ORD-1786976374070-BEB0AED9,CUST-00721,2026-07-26T01:52:53.400Z,400.97,DELIVERED
ORD-1786976374070-6D37D358,CUST-00075,2025-06-18T06:15:38.279Z,254.80,PROCESSING
ORD-1786976374070-3F964976,CUST-00031,2026-06-11T10:46:09.024Z,182.80,PENDING
ORD-1786976374070-A3D12345,CUST-00700,2026-07-20T01:55:22.585Z,381.62,PENDING
ORD-1786976374070-BF5CB8A2,CUST-00704,2026-01-15T15:20:31.564Z,443.33,PROCESSING
ORD-1786976374070-283EABE8,CUST-00876,2025-04-12T17:40:40.435Z,398.97,DELIVERED
ORD-1786976374070-DE686062,CUST-00540,2025-03-31T23:33:58.303Z,248.08,SHIPPED
ORD-1786976374070-CBFE1E23,CUST-00729,2025-11-11T07:29:00.117Z,432.55,PENDING
ORD-1786976374070-BD1B0D8E,CUST-00740,2025-12-22T22:53:21.594Z,61.02,COMPLETED
ORD-1786976374070-3C27799E,CUST-00364,2026-04-09T01:02:10.737Z,425.04,CANCELLED
ORD-1786976374070-91888EFF,CUST-00091,2025-10-16T18:16:00.292Z,210.51,PENDING
ORD-1786976374070-A70BD612,CUST-00752,2026-08-10T07:39:20.592Z,412.60,SHIPPED
ORD-1786976374071-85388E4A,CUST-00767,2026-04-26T14:19:46.168Z,45.75,SHIPPED
ORD-1786976374071-5E09BBE2,CUST-00028,2025-09-11T10:02:12.380Z,132.63,PROCESSING
ORD-1786976374071-730BDF91,CUST-00188,2025-08-15T06:17:26.095Z,451.62,PROCESSING
ORD-1786976374071-4F326C8F,CUST-00673,2026-01-02T03:33:16.663Z,122.47,PROCESSING
ORD-1786976374071-6724E4DB,CUST-00726,2026-03-16T04:11:54.777Z,404.03,CANCELLED
ORD-1786976374071-1B7B021D,CUST-00173,2026-04-06T02:42:08.860Z,175.14,PROCESSING
ORD-1786976374071-926F3F56,CUST-00062,2025-01-08T11:09:56.313Z,108.58,CANCELLED
ORD-1786976374071-E11C0AC7,CUST-00279,2026-05-07T00:12:55.027Z,289.19,PENDING
ORD-1786976374071-39615603,CUST-00330,2025-10-21T19:05:04.822Z,478.74,COMPLETED
ORD-1786976374071-1C38D5EC,CUST-00365,2025-05-03T23:04:54.188Z,197.65,CANCELLED
ORD-1786976374071-4951CEE8,CUST-00344,2026-02-23T03:36:29.597Z,343.15,DELIVERED
ORD-1786976374071-7A1A9882,CUST-00658,2025-11-10T07:36:34.170Z,95.16,CANCELLED
ORD-1786976374071-107B063D,CUST-00304,2026-07-07T10:21:36.740Z,240.97,COMPLETED
ORD-1786976374071-BB871D89,CUST-00641,2026-08-03T09:44:24.931Z,343.04,CANCELLED
ORD-1786976374071-D0C70584,CUST-00405,2025-05-10T15:30:43.293Z,40.79,SHIPPED
ORD-1786976374071-EB458E56,CUST-00148,2026-06-06T11:56:27.948Z,352.56,DELIVERED
ORD-1786976374071-412C042B,CUST-00391,2025-04-06T18:47:43.960Z,452.54,COMPLETED
ORD-1786976374071-522A6206,CUST-00965,2025-05-26T06:59:41.401Z,250.92,CANCELLED
ORD-1786976374071-899C02B6,CUST-00833,2026-01-11T18:12:32.564Z,153.85,CANCELLED
ORD-1786976374071-138FF33B,CUST-00496,2025-10-31T23:10:06.110Z,31.55,PROCESSING
ORD-1786976374071-19E3B52C,CUST-00161,2026-01-20T02:15:34.230Z,185.97,CANCELLED
ORD-1786976374071-051366DA,CUST-00155,2026-03-29T05:33:13.018Z,22.26,CANCELLED
ORD-1786976374071-F6C9C3A2,CUST-00155,2025-02-25T15:27:28.502Z,268.43,PROCESSING
ORD-1786976374071-3788F651,CUST-00400,2026-04-24T15:21:32.581Z,420.57,PENDING
ORD-1786976374071-2A698717,CUST-00371,2026-02-08T01:48:16.706Z,131.74,PROCESSING
ORD-1786976374071-7E87E658,CUST-00533,2026-05-23T06:29:35.124Z,290.18,CANCELLED
ORD-1786976374071-54D71C3F,CUST-00295,2026-02-18T21:40:04.069Z,98.16,DELIVERED
ORD-1786976374071-88B6AF2F,CUST-00318,2026-07-25T16:42:41.601Z,27.58,COMPLETED
ORD-1786976374071-82FA4996,CUST-00729,2025-07-12T17:19:47.178Z,410.53,SHIPPED
ORD-1786976374071-EA25663C,CUST-00507,2025-06-03T02:51:36.487Z,153.19,CANCELLED
ORD-1786976374071-18D1522C,CUST-00515,2025-12-05T04:15:26.733Z,49.05,DELIVERED
ORD-1786976374071-54B6CFE0,CUST-00351,2026-01-09T08:23:13.817Z,34.83,SHIPPED
ORD-1786976374071-7CB32527,CUST-00767,2025-11-02T10:00:04.363Z,84.41,PROCESSING
ORD-1786976374071-1E496025,CUST-00243,2025-11-15T14:14:32.339Z,155.18,SHIPPED
ORD-1786976374071-90549631,CUST-00228,2025-12-02T09:51:21.405Z,264.07,PROCESSING
ORD-1786976374071-EDE2540B,CUST-00793,2025-04-02T12:43:14.019Z,353.82,PROCESSING
ORD-1786976374071-B986B381,CUST-00161,2025-06-16T21:18:33.695Z,311.89,PENDING
ORD-1786976374071-8ACF1E38,CUST-00672,2025-06-11T22:14:20.716Z,117.87,COMPLETED
ORD-1786976374071-3A90516F,CUST-00608,2025-06-12T11:17:39.100Z,324.06,CANCELLED
ORD-1786976374071-64BB59A5,CUST-00115,2025-09-17T11:13:08.918Z,127.03,PENDING
ORD-1786976374071-2575F892,CUST-00079,2026-01-15T03:01:06.043Z,225.21,PROCESSING
ORD-1786976374071-59764110,CUST-00230,2025-04-21T01:58:02.687Z,230.67,DELIVERED
ORD-1786976374071-5BDA40E2,CUST-00698,2026-02-24T15:51:51.720Z,487.89,PENDING
ORD-1786976374071-E3379C69,CUST-00523,2025-09-12T15:40:31.817Z,24.79,CANCELLED
ORD-1786976374071-F9F0D743,CUST-00906,2025-03-19T09:03:37.206Z,390.86,PENDING
ORD-1786976374071-C713D7C2,CUST-00274,2026-08-03T09:50:25.557Z,214.41,COMPLETED
ORD-1786976374071-C4354CB3,CUST-00963,2025-08-21T19:18:27.989Z,259.20,SHIPPED
ORD-1786976374071-66C877F5,CUST-00875,2025-10-19T17:20:50.614Z,343.17,CANCELLED
ORD-1786976374071-450E5749,CUST-00806,2025-06-07T01:38:50.907Z,102.77,CANCELLED
ORD-1786976374071-DCF7686A,CUST-00250,2026-05-27T23:35:59.232Z,495.01,PENDING
ORD-1786976374071-1F3E3508,CUST-00410,2025-01-12T01:20:33.957Z,336.78,PENDING
ORD-1786976374071-6E373C94,CUST-00748,2026-05-31T11:34:48.013Z,53.39,SHIPPED
ORD-1786976374071-7D52B1E9,CUST-00230,2025-01-07T05:45:55.629Z,132.77,PROCESSING
ORD-1786976374071-6312BA2D,CUST-00535,2025-03-05T23:14:17.140Z,489.67,PENDING
ORD-1786976374071-26F1CF7F,CUST-00836,2025-05-16T21:11:32.185Z,18.53,PROCESSING
ORD-1786976374071-CCCA38EE,CUST-00572,2026-08-10T03:24:56.945Z,313.94,CANCELLED
ORD-1786976374071-2307B4EA,CUST-00221,2025-09-16T12:54:59.625Z,323.43,COMPLETED
ORD-1786976374071-56AEE834,CUST-00019,2025-05-16T07:51:42.282Z,331.78,PROCESSING
ORD-1786976374071-66217291,CUST-00444,2025-07-15T01:57:41.767Z,172.83,CANCELLED
ORD-1786976374071-354A15E6,CUST-00235,2026-05-09T06:59:04.538Z,456.79,PROCESSING
ORD-1786976374071-6F1421F6,CUST-00493,2026-04-21T23:10:17.825Z,189.10,PENDING
ORD-1786976374071-67F58154,CUST-00754,2025-06-04T14:47:58.262Z,497.70,PENDING
ORD-1786976374071-C75F34E2,CUST-00684,2025-03-23T23:09:09.973Z,464.78,CANCELLED
ORD-1786976374071-170DB664,CUST-00143,2025-10-14T18:12:02.453Z,120.25,SHIPPED
ORD-1786976374071-A14F7311,CUST-00720,2026-03-18T15:39:37.259Z,65.48,DELIVERED
ORD-1786976374071-E272DE8F,CUST-00715,2026-07-22T10:10:12.104Z,394.10,PROCESSING
ORD-1786976374071-818EE98A,CUST-00089,2026-03-28T16:28:33.661Z,111.64,CANCELLED
ORD-1786976374071-A2161AAA,CUST-00787,2025-02-22T12:03:11.091Z,385.61,PENDING
ORD-1786976374071-18B1278A,CUST-00981,2026-07-10T06:08:48.337Z,343.66,DELIVERED
ORD-1786976374071-55A7FF56,CUST-00553,2026-06-30T05:06:18.682Z,46.35,SHIPPED
ORD-1786976374071-4C70D624,CUST-00118,2025-12-04T00:22:20.343Z,428.47,DELIVERED
ORD-1786976374071-E75CD6E5,CUST-00910,2025-05-26T06:47:40.456Z,310.16,PROCESSING
ORD-1786976374071-402E3289,CUST-00664,2025-11-22T01:08:12.024Z,65.29,PENDING
ORD-1786976374071-2D187714,CUST-00559,2026-05-31T14:35:10.094Z,312.02,PROCESSING
ORD-1786976374071-9CF4ED9D,CUST-00987,2025-11-12T12:08:26.235Z,384.03,COMPLETED
ORD-1786976374071-7EF25FF1,CUST-00181,2025-01-09T20:49:57.686Z,374.00,DELIVERED
ORD-1786976374071-4B3FF1D0,CUST-00733,2025-10-08T12:08:14.999Z,204.64,PROCESSING
ORD-1786976374071-3800F70B,CUST-00923,2026-01-24T16:10:09.900Z,165.57,CANCELLED
ORD-1786976374071-CAC7F351,CUST-00986,2025-10-05T13:58:09.111Z,227.50,PROCESSING
ORD-1786976374071-5C1393FD,CUST-00512,2026-01-01T12:23:52.486Z,338.50,SHIPPED
ORD-1786976374071-A56FFE68,CUST-00506,2025-07-08T06:46:21.004Z,275.97,SHIPPED
ORD-1786976374071-B3AD56EC,CUST-00681,2025-07-30T19:44:14.995Z,399.70,CANCELLED
ORD-1786976374071-346728E6,CUST-00330,2026-01-15T22:33:51.534Z,223.36,DELIVERED
ORD-1786976374071-43F3DAAB,CUST-00331,2026-03-23T06:33:13.320Z,312.03,PENDING
ORD-1786976374071-E766F183,CUST-00430,2026-03-13T21:15:14.405Z,345.22,COMPLETED
ORD-1786976374071-B4C76102,CUST-00338,2026-07-22T09:02:52.209Z,189.98,PENDING
ORD-1786976374071-536D267A,CUST-00855,2025-08-18T03:23:39.464Z,324.69,COMPLETED
ORD-1786976374071-744904F2,CUST-00254,2025-11-14T07:11:56.789Z,383.92,CANCELLED
ORD-1786976374071-D86DA9CD,CUST-00739,2025-10-13T09:30:49.429Z,260.20,PROCESSING
ORD-1786976374071-759CE8C6,CUST-00875,2025-06-16T12:59:40.698Z,94.43,CANCELLED
ORD-1786976374071-CD28C9C5,CUST-00190,2025-10-01T00:39:28.320Z,322.83,SHIPPED
ORD-1786976374071-C6EB27C7,CUST-00100,2025-03-08T00:47:56.542Z,296.55,DELIVERED
ORD-1786976374071-DCA86A8B,CUST-00470,2025-10-04T20:58:29.240Z,11.52,COMPLETED
ORD-1786976374071-DC74042F,CUST-00135,2025-10-09T19:58:20.730Z,62.94,COMPLETED
ORD-1786976374071-D7865C63,CUST-00670,2026-05-31T17:08:02.475Z,295.60,DELIVERED
ORD-1786976374071-E2EB1B16,CUST-00974,2026-04-19T05:44:52.199Z,414.65,CANCELLED
ORD-1786976374071-6BED9197,CUST-00741,2025-01-27T21:04:49.462Z,369.94,DELIVERED
ORD-1786976374071-AA21361E,CUST-00009,2025-11-18T17:57:02.831Z,280.58,SHIPPED
ORD-1786976374071-D5080F7C,CUST-00395,2026-04-23T00:57:37.448Z,384.12,PROCESSING
ORD-1786976374071-1AE21A9F,CUST-00399,2025-12-21T09:50:30.969Z,259.95,DELIVERED
ORD-1786976374071-00AD86F6,CUST-00726,2026-07-05T19:55:10.365Z,304.91,PROCESSING
ORD-1786976374071-49A85975,CUST-00034,2026-05-15T08:52:42.685Z,405.23,PROCESSING
ORD-1786976374071-7204ABEE,CUST-00295,2025-06-03T09:05:59.203Z,475.43,PROCESSING
ORD-1786976374071-6D0447DE,CUST-00945,2025-07-11T10:54:22.786Z,220.42,DELIVERED
ORD-1786976374071-5ADCAFA5,CUST-00112,2025-04-15T02:32:53.769Z,323.07,SHIPPED
ORD-1786976374071-398E0A31,CUST-00901,2026-04-17T00:33:22.814Z,341.14,DELIVERED
ORD-1786976374071-43B345D4,CUST-00294,2026-04-13T02:45:44.126Z,123.12,COMPLETED
ORD-1786976374071-77884C30,CUST-00869,2025-05-31T11:18:27.603Z,503.07,DELIVERED
ORD-1786976374071-7B2BD5A0,CUST-00978,2025-01-22T06:54:20.114Z,134.43,SHIPPED
ORD-1786976374071-69EE4046,CUST-00428,2025-03-25T14:22:42.066Z,214.95,CANCELLED
ORD-1786976374071-2AA42439,CUST-00122,2025-12-04T04:24:18.746Z,367.32,SHIPPED
ORD-1786976374071-F63A5764,CUST-00296,2026-02-02T04:22:36.389Z,28.10,CANCELLED
ORD-1786976374071-B017AA19,CUST-00662,2026-06-16T00:09:02.969Z,372.47,PENDING
ORD-1786976374071-B47276D2,CUST-00270,2025-09-04T02:37:35.406Z,400.88,COMPLETED
ORD-1786976374071-8F1786F6,CUST-00871,2025-04-16T10:23:55.640Z,461.05,COMPLETED
ORD-1786976374071-6E923632,CUST-00237,2025-12-30T00:22:48.748Z,72.30,COMPLETED
ORD-1786976374071-46ED8EA4,CUST-00524,2026-01-17T00:07:42.999Z,360.55,PROCESSING
ORD-1786976374071-AE061C5D,CUST-00515,2025-09-24T05:58:06.299Z,435.88,DELIVERED
ORD-1786976374071-425C3BBC,CUST-00814,2025-09-26T13:58:50.223Z,338.57,COMPLETED
ORD-1786976374071-B53CEC5B,CUST-00292,2025-04-02T01:08:49.503Z,139.26,PROCESSING
ORD-1786976374071-B450C1C2,CUST-00522,2025-07-06T19:33:15.470Z,17.66,COMPLETED
ORD-1786976374071-7DC7AC40,CUST-00037,2025-01-18T12:16:54.029Z,265.42,PROCESSING
ORD-1786976374071-C666430B,CUST-00272,2026-08-14T04:32:43.451Z,302.15,PROCESSING
ORD-1786976374071-2FA58BAD,CUST-00585,2025-12-06T20:59:03.159Z,258.77,COMPLETED
ORD-1786976374071-7EBF1C12,CUST-00211,2026-04-19T21:09:16.240Z,311.60,CANCELLED
ORD-1786976374071-6ECA914B,CUST-00313,2025-02-21T00:43:48.371Z,156.67,PROCESSING
ORD-1786976374071-6D5DADE7,CUST-00040,2025-06-22T21:42:01.921Z,47.16,CANCELLED
ORD-1786976374071-A698F324,CUST-00890,2025-05-10T07:45:41.674Z,52.55,CANCELLED
ORD-1786976374071-88A261AD,CUST-00157,2026-07-24T07:24:49.538Z,271.71,CANCELLED
ORD-1786976374071-DF81462F,CUST-00140,2026-04-13T03:04:05.900Z,153.02,PROCESSING
ORD-1786976374071-9BCC9CB8,CUST-00243,2025-10-19T04:00:27.900Z,309.79,PROCESSING
ORD-1786976374071-02EA1BC1,CUST-00926,2025-10-13T07:18:43.601Z,27.24,PENDING
ORD-1786976374071-289AC90F,CUST-00919,2025-10-16T20:16:43.411Z,401.74,PENDING
ORD-1786976374071-147A56BB,CUST-00720,2026-04-10T02:04:14.258Z,403.24,DELIVERED
ORD-1786976374071-2D6719E7,CUST-00317,2026-05-04T17:34:06.313Z,418.85,SHIPPED
ORD-1786976374071-C4971114,CUST-00941,2026-02-23T08:41:14.113Z,256.05,PROCESSING
ORD-1786976374071-24804822,CUST-00511,2025-07-16T06:40:58.052Z,413.52,COMPLETED
ORD-1786976374071-C8531B7E,CUST-00575,2026-07-18T10:41:40.726Z,210.94,DELIVERED
ORD-1786976374071-57BE2271,CUST-00091,2026-03-23T05:40:23.438Z,252.74,SHIPPED
ORD-1786976374071-FE9DA4B4,CUST-00326,2025-06-09T16:49:31.785Z,231.69,CANCELLED
ORD-1786976374071-D8996E2A,CUST-00860,2025-02-26T00:44:52.651Z,138.78,SHIPPED
ORD-1786976374071-0E38221B,CUST-00746,2026-06-27T17:18:30.171Z,425.11,COMPLETED
ORD-1786976374071-EFB94215,CUST-00611,2025-02-16T09:09:59.576Z,201.02,SHIPPED
ORD-1786976374071-A326258E,CUST-00686,2025-10-31T15:55:34.139Z,252.60,DELIVERED
ORD-1786976374071-1A427606,CUST-00779,2025-01-25T16:38:53.080Z,69.22,COMPLETED
ORD-1786976374071-990211C2,CUST-00956,2025-02-28T20:53:34.585Z,279.81,PENDING
ORD-1786976374071-682951FC,CUST-00936,2025-04-25T01:57:14.474Z,263.14,PENDING
ORD-1786976374071-ABF21ACA,CUST-00446,2025-03-18T20:52:26.847Z,287.87,COMPLETED
ORD-1786976374071-FC0CBFC8,CUST-00420,2026-01-30T02:41:01.707Z,17.79,COMPLETED
ORD-1786976374071-6DE05C7B,CUST-00528,2025-12-14T23:52:32.155Z,156.42,SHIPPED
ORD-1786976374071-196137C7,CUST-00761,2026-01-23T10:16:20.424Z,258.58,PENDING
ORD-1786976374071-58040486,CUST-00663,2025-10-23T07:57:55.044Z,402.32,CANCELLED
ORD-1786976374071-12117A7C,CUST-00920,2025-08-01T23:34:12.815Z,431.77,SHIPPED
ORD-1786976374071-45CBE2EA,CUST-00013,2026-06-09T10:35:56.050Z,346.90,COMPLETED
ORD-1786976374071-6CCC840C,CUST-00952,2026-04-02T10:04:23.977Z,95.10,DELIVERED
ORD-1786976374072-B91300DF,CUST-00190,2025-07-08T22:01:20.290Z,263.60,DELIVERED
ORD-1786976374072-A3AF9FBB,CUST-00400,2026-08-01T04:50:29.791Z,128.57,PENDING
ORD-1786976374072-8D8AD83C,CUST-00655,2025-02-06T07:54:44.702Z,34.59,COMPLETED
ORD-1786976374072-7972059B,CUST-00964,2025-05-28T06:52:48.242Z,250.08,DELIVERED
ORD-1786976374072-3A997E32,CUST-00231,2025-04-10T18:41:30.190Z,332.04,COMPLETED
ORD-1786976374072-5281CA72,CUST-00811,2025-02-17T17:39:53.381Z,417.94,CANCELLED
ORD-1786976374072-06CB6150,CUST-00003,2025-06-17T11:12:29.940Z,183.15,CANCELLED
ORD-1786976374072-E1CF5388,CUST-00978,2025-11-24T08:22:13.780Z,324.97,CANCELLED
ORD-1786976374072-EF890F8C,CUST-00001,2026-02-21T22:33:56.119Z,190.44,PROCESSING
ORD-1786976374072-175427C2,CUST-00319,2026-02-27T05:07:23.444Z,304.23,SHIPPED
ORD-1786976374072-5F2BB55E,CUST-00618,2025-11-21T23:35:31.325Z,453.88,CANCELLED
ORD-1786976374072-C1B187EF,CUST-00033,2025-02-08T11:33:28.259Z,194.41,DELIVERED
ORD-1786976374072-37775C64,CUST-00573,2025-10-10T10:36:31.167Z,295.13,SHIPPED
ORD-1786976374072-B976B37C,CUST-00874,2026-07-10T02:33:38.801Z,141.73,COMPLETED
ORD-1786976374072-004D1201,CUST-00728,2026-08-14T11:48:47.052Z,141.47,PROCESSING
ORD-1786976374072-02A97CAD,CUST-00841,2026-06-23T19:48:04.400Z,404.03,COMPLETED
ORD-1786976374072-49010F8F,CUST-00119,2025-12-06T00:56:07.265Z,504.38,COMPLETED
ORD-1786976374072-65257584,CUST-00510,2026-01-08T17:57:19.362Z,322.01,DELIVERED
ORD-1786976374072-CF19CA97,CUST-00623,2025-08-19T01:41:52.821Z,97.24,PENDING
ORD-1786976374072-3058DF78,CUST-00856,2025-06-08T19:07:49.810Z,341.71,PENDING
ORD-1786976374072-FC6343E9,CUST-00450,2025-12-16T13:05:33.277Z,234.92,COMPLETED
ORD-1786976374072-3ECCEEC3,CUST-00737,2025-03-09T21:29:44.183Z,378.65,COMPLETED
ORD-1786976374072-AC421A2F,CUST-00122,2025-09-07T00:03:49.226Z,120.80,SHIPPED
ORD-1786976374072-FAF5CA87,CUST-00724,2025-07-19T11:06:45.152Z,506.45,COMPLETED
ORD-1786976374072-F9F7BD7C,CUST-00436,2025-03-24T14:29:11.225Z,149.38,SHIPPED
ORD-1786976374072-B126C8DD,CUST-00406,2026-08-03T20:23:54.995Z,440.25,CANCELLED
ORD-1786976374072-0142B74E,CUST-00861,2025-03-01T16:42:38.600Z,40.45,SHIPPED
ORD-1786976374072-861AE753,CUST-00037,2025-12-18T11:44:24.541Z,500.19,PROCESSING
ORD-1786976374072-E1A9E18B,CUST-00693,2026-07-01T23:55:15.740Z,201.47,CANCELLED
ORD-1786976374072-06725D45,CUST-00130,2025-03-20T10:40:44.342Z,430.20,DELIVERED
ORD-1786976374072-80EF6982,CUST-00530,2026-03-21T16:40:31.542Z,331.50,SHIPPED
ORD-1786976374072-C292565A,CUST-00696,2026-07-30T17:15:24.966Z,426.15,DELIVERED
ORD-1786976374072-8A3C493E,CUST-00226,2026-02-01T16:32:00.681Z,311.13,PROCESSING
ORD-1786976374072-E46CB7BA,CUST-00367,2025-03-22T18:20:37.030Z,86.47,CANCELLED
ORD-1786976374072-E04BAC07,CUST-00216,2026-01-09T16:35:45.655Z,254.62,DELIVERED
ORD-1786976374072-E8228C17,CUST-00848,2025-07-02T12:00:27.501Z,12.04,DELIVERED
ORD-1786976374072-F58495F7,CUST-00854,2025-02-01T22:49:32.949Z,67.04,SHIPPED
ORD-1786976374072-16E14B1D,CUST-00556,2026-01-31T22:56:19.228Z,191.62,PROCESSING
ORD-1786976374072-57F83EF3,CUST-00154,2026-02-12T03:43:11.235Z,374.48,CANCELLED
ORD-1786976374072-ECCD01CF,CUST-00127,2026-03-24T18:31:43.604Z,56.89,SHIPPED
ORD-1786976374072-F75CD447,CUST-00801,2026-05-19T13:56:56.015Z,231.93,COMPLETED
ORD-1786976374072-CDA1C7B7,CUST-00483,2025-11-22T16:24:24.188Z,75.93,COMPLETED
ORD-1786976374072-4E26777F,CUST-00004,2026-01-23T03:44:55.430Z,206.79,PENDING
ORD-1786976374072-A7AF18D1,CUST-00336,2025-12-14T16:17:52.522Z,291.47,COMPLETED
ORD-1786976374072-71822883,CUST-00067,2026-07-24T12:00:30.275Z,390.89,COMPLETED
ORD-1786976374072-ECDF2E87,CUST-00310,2025-05-21T05:42:07.217Z,262.76,DELIVERED
ORD-1786976374072-34679FE6,CUST-00355,2026-01-11T13:03:45.422Z,497.17,PROCESSING
ORD-1786976374072-8287EE28,CUST-00994,2026-04-17T00:35:03.530Z,11.42,CANCELLED
ORD-1786976374072-7E274598,CUST-00843,2025-05-31T01:56:20.051Z,47.25,COMPLETED
ORD-1786976374072-B6967AAD,CUST-00767,2026-03-17T03:06:35.624Z,353.34,COMPLETED
ORD-1786976374072-96A74413,CUST-00189,2025-05-05T19:50:07.482Z,88.13,COMPLETED
ORD-1786976374072-603273EF,CUST-00982,2026-05-04T05:13:43.662Z,40.91,DELIVERED
ORD-1786976374072-26B32E2F,CUST-00118,2026-03-08T20:28:16.352Z,17.19,COMPLETED
ORD-1786976374072-E213E291,CUST-00794,2025-11-09T01:16:38.239Z,200.47,PROCESSING
ORD-1786976374072-A5EC9DD8,CUST-00373,2026-08-07T15:58:11.054Z,351.15,SHIPPED
ORD-1786976374072-C306AAD2,CUST-00918,2026-02-05T10:42:13.572Z,408.84,COMPLETED
ORD-1786976374072-DF3AD17E,CUST-00923,2025-02-10T21:04:34.636Z,21.42,PROCESSING
ORD-1786976374072-363AD716,CUST-00727,2025-03-06T23:09:48.978Z,249.02,PENDING
ORD-1786976374072-230C3453,CUST-00605,2026-02-04T17:23:08.855Z,54.25,PENDING
ORD-1786976374072-8AEB1359,CUST-00319,2025-03-12T02:43:30.748Z,172.54,PROCESSING
ORD-1786976374072-2E798167,CUST-00701,2026-06-16T08:33:27.126Z,130.69,SHIPPED
ORD-1786976374072-288FB905,CUST-00465,2025-01-28T12:41:43.493Z,154.62,DELIVERED
ORD-1786976374072-3DD6BF81,CUST-00086,2025-05-16T10:41:25.054Z,443.08,SHIPPED
ORD-1786976374072-A0518D65,CUST-00044,2025-05-03T09:59:21.224Z,197.11,PROCESSING
ORD-1786976374072-1BF74D97,CUST-00983,2026-08-04T21:35:08.385Z,487.19,PENDING
ORD-1786976374072-F09FC848,CUST-00292,2025-04-19T18:39:24.037Z,492.16,PENDING
ORD-1786976374072-53299E51,CUST-00165,2026-06-16T11:35:33.926Z,124.90,CANCELLED
ORD-1786976374072-34A71AE2,CUST-00731,2025-06-17T10:56:01.334Z,120.37,COMPLETED
ORD-1786976374072-8A56ADD2,CUST-00756,2025-05-27T21:09:10.449Z,280.54,CANCELLED
ORD-1786976374072-F0708332,CUST-00645,2025-08-29T20:12:26.825Z,58.18,SHIPPED
ORD-1786976374072-2AE42851,CUST-00055,2025-02-27T15:13:09.047Z,236.34,PROCESSING
ORD-1786976374072-124122D2,CUST-00470,2025-05-17T14:21:27.080Z,166.52,CANCELLED
ORD-1786976374072-7FB4F7E7,CUST-00489,2026-06-05T14:44:06.696Z,98.76,SHIPPED
ORD-1786976374072-74A175E6,CUST-00326,2025-10-17T23:43:52.304Z,105.46,DELIVERED
ORD-1786976374072-28C10730,CUST-00890,2025-10-22T00:23:51.718Z,315.42,PROCESSING
ORD-1786976374072-A3B70E04,CUST-00629,2025-06-09T10:20:38.612Z,76.87,CANCELLED
ORD-1786976374072-A4BB720F,CUST-00548,2025-01-29T09:15:52.472Z,196.74,SHIPPED
ORD-1786976374072-AE75F9D0,CUST-00671,2025-03-19T21:55:19.285Z,148.49,PENDING
ORD-1786976374072-62BD2D48,CUST-00694,2025-12-26T07:56:36.911Z,454.80,CANCELLED
ORD-1786976374072-71118855,CUST-00614,2025-06-21T15:36:03.302Z,356.44,CANCELLED
ORD-1786976374072-82415CE2,CUST-00441,2025-02-08T19:52:51.797Z,195.07,CANCELLED
ORD-1786976374072-F93CDA23,CUST-00579,2025-07-17T15:53:28.894Z,259.64,PROCESSING
ORD-1786976374072-E55A0EE0,CUST-00625,2025-10-22T23:28:52.532Z,409.91,CANCELLED
ORD-1786976374072-8B2ABAE6,CUST-00001,2026-02-27T16:38:05.089Z,336.64,PENDING
ORD-1786976374072-4A9FED07,CUST-00691,2025-10-22T09:55:23.438Z,463.23,COMPLETED
ORD-1786976374072-58A3EAE0,CUST-00144,2025-08-30T19:04:42.312Z,163.67,PENDING
ORD-1786976374072-AA8FE152,CUST-00506,2025-10-16T22:30:34.037Z,52.26,PENDING
ORD-1786976374072-08BAB12F,CUST-00239,2026-06-07T03:15:08.205Z,421.13,PROCESSING
ORD-1786976374072-656406FA,CUST-00515,2025-10-01T08:23:56.921Z,161.42,CANCELLED
ORD-1786976374072-37F78351,CUST-00070,2026-01-09T08:39:57.048Z,232.54,SHIPPED
ORD-1786976374072-DB19CEB1,CUST-00641,2025-04-08T03:34:25.191Z,473.55,COMPLETED
ORD-1786976374072-20111EB1,CUST-00633,2026-06-09T07:42:17.766Z,189.98,PROCESSING
ORD-1786976374072-6867B66F,CUST-00730,2025-09-27T05:22:01.110Z,435.57,DELIVERED
ORD-1786976374072-36C501E3,CUST-00183,2025-01-28T09:16:38.020Z,425.93,CANCELLED
ORD-1786976374072-3D809E32,CUST-00948,2025-08-02T15:05:38.247Z,65.74,SHIPPED
ORD-1786976374072-E8994E80,CUST-00280,2025-08-29T05:31:08.254Z,342.06,CANCELLED
ORD-1786976374072-D58BEE57,CUST-00512,2026-01-08T15:41:38.585Z,103.27,PENDING
ORD-1786976374072-05591CFC,CUST-00466,2025-12-02T23:00:19.895Z,189.23,PENDING
ORD-1786976374072-3E8ECA33,CUST-00613,2025-08-10T18:53:13.932Z,269.70,COMPLETED
ORD-1786976374072-FDF9A1FB,CUST-00902,2025-06-28T20:51:51.512Z,506.70,PROCESSING
ORD-1786976374072-CD5E1494,CUST-00858,2026-01-05T16:24:12.867Z,265.32,DELIVERED
ORD-1786976374072-98646BBE,CUST-00687,2025-04-03T02:10:36.715Z,114.03,DELIVERED
ORD-1786976374072-A846BA85,CUST-00674,2025-07-12T21:16:29.452Z,430.41,PENDING
ORD-1786976374073-3D16EE41,CUST-00342,2025-02-09T04:37:23.953Z,115.37,PROCESSING
ORD-1786976374073-42EC6231,CUST-00358,2025-07-24T17:16:12.236Z,178.99,PENDING
ORD-1786976374073-1B342E88,CUST-00408,2026-01-06T03:03:35.732Z,503.41,PENDING
ORD-1786976374073-55BC8A2E,CUST-00178,2026-03-16T22:03:36.631Z,267.96,PROCESSING
ORD-1786976374073-C2B7ED12,CUST-00325,2025-02-03T01:31:56.436Z,210.60,PROCESSING
ORD-1786976374073-4A5AB320,CUST-00563,2025-07-22T06:18:24.427Z,155.01,PENDING
ORD-1786976374073-4526174D,CUST-00920,2025-04-29T20:39:14.867Z,16.13,PENDING
ORD-1786976374073-6E40B461,CUST-00721,2025-04-06T22:01:19.332Z,298.67,PROCESSING
ORD-1786976374073-E2ECC3B1,CUST-00818,2026-07-04T10:01:46.623Z,487.22,COMPLETED
ORD-1786976374073-AFA6B72F,CUST-00627,2025-11-22T10:37:47.746Z,18.25,DELIVERED
ORD-1786976374073-FEA7D223,CUST-00370,2026-01-01T18:03:01.757Z,372.22,DELIVERED
ORD-1786976374073-7C54FE3C,CUST-00279,2026-01-08T19:58:40.089Z,241.40,DELIVERED
ORD-1786976374073-CC9D7623,CUST-00796,2025-09-04T17:22:14.212Z,416.27,PENDING
ORD-1786976374073-0F28A489,CUST-00314,2025-06-24T05:27:08.171Z,24.09,PROCESSING
ORD-1786976374073-1558B80B,CUST-00467,2026-03-11T05:51:13.459Z,294.99,SHIPPED
ORD-1786976374073-6EA1072A,CUST-00504,2025-08-28T07:21:25.978Z,228.03,COMPLETED
ORD-1786976374073-715880BD,CUST-00346,2026-05-15T05:35:45.561Z,209.05,COMPLETED
ORD-1786976374073-3089AA7E,CUST-00089,2025-04-11T11:54:33.148Z,363.65,PROCESSING
ORD-1786976374073-D1359EAD,CUST-00722,2026-05-29T00:09:16.568Z,371.13,SHIPPED
ORD-1786976374073-98D5144A,CUST-00828,2025-01-18T16:42:32.587Z,460.71,CANCELLED
ORD-1786976374073-719432FD,CUST-00953,2025-09-06T07:52:36.011Z,199.85,SHIPPED
ORD-1786976374073-A54E456D,CUST-00705,2025-12-06T14:21:36.173Z,284.34,DELIVERED
ORD-1786976374073-1130FF39,CUST-00398,2025-01-08T16:22:42.046Z,300.50,COMPLETED
ORD-1786976374073-C1BA8102,CUST-00870,2025-08-25T18:01:33.910Z,452.42,COMPLETED
ORD-1786976374073-2F500F6E,CUST-00719,2025-03-18T13:58:40.575Z,102.31,SHIPPED
ORD-1786976374073-8C6B0E61,CUST-00790,2026-07-11T15:03:53.414Z,422.57,COMPLETED
ORD-1786976374073-F7F592E1,CUST-00024,2025-07-14T00:59:52.840Z,285.43,CANCELLED
ORD-1786976374073-FFC7C701,CUST-00837,2026-05-31T07:35:29.566Z,94.19,COMPLETED
ORD-1786976374073-D883C506,CUST-00470,2025-05-08T08:50:28.917Z,380.85,SHIPPED
ORD-1786976374073-91A8B838,CUST-00702,2026-08-11T20:57:40.572Z,286.36,PROCESSING
ORD-1786976374073-565DC601,CUST-00268,2025-04-30T17:51:19.415Z,457.67,COMPLETED
ORD-1786976374073-84416EBD,CUST-00165,2026-03-03T12:52:26.294Z,173.10,SHIPPED
ORD-1786976374073-672DCDE9,CUST-00656,2026-06-11T09:07:02.174Z,192.36,COMPLETED
ORD-1786976374073-02276634,CUST-00120,2025-06-04T05:19:55.218Z,220.41,PROCESSING
ORD-1786976374073-2AFB9D81,CUST-00573,2026-02-04T20:04:43.386Z,499.62,PROCESSING
ORD-1786976374073-40E86F5F,CUST-00073,2026-03-15T01:31:33.800Z,151.62,SHIPPED
ORD-1786976374073-95507A33,CUST-00251,2026-05-05T00:18:39.691Z,315.37,CANCELLED
ORD-1786976374073-889DEC02,CUST-00276,2025-12-07T12:24:44.340Z,139.05,SHIPPED
ORD-1786976374073-4B01060B,CUST-00385,2026-03-01T04:39:46.465Z,429.19,PENDING
ORD-1786976374073-7B6E854B,CUST-00406,2025-05-10T22:49:27.098Z,381.71,PROCESSING
ORD-1786976374073-5354065D,CUST-00219,2026-08-02T21:37:40.739Z,267.88,PENDING
ORD-1786976374073-3BAC49F4,CUST-00062,2025-08-21T17:57:22.349Z,290.65,PENDING
ORD-1786976374073-C56D903D,CUST-00789,2026-03-10T11:25:49.050Z,270.79,SHIPPED
ORD-1786976374073-11516E6A,CUST-00017,2025-03-17T09:07:46.189Z,249.94,CANCELLED
ORD-1786976374073-A536292B,CUST-00164,2026-03-05T07:53:31.165Z,301.77,PROCESSING
ORD-1786976374073-763665C8,CUST-00352,2026-03-30T19:05:02.287Z,358.25,CANCELLED
ORD-1786976374073-AA52995D,CUST-00624,2025-04-08T05:43:53.130Z,298.72,PENDING
ORD-1786976374073-94FA9AC4,CUST-00720,2025-04-09T05:58:51.251Z,261.93,DELIVERED
ORD-1786976374073-F0BACB64,CUST-00753,2026-06-15T01:03:49.596Z,436.42,PENDING
ORD-1786976374073-C53F1168,CUST-00244,2025-09-16T10:49:56.232Z,329.34,PENDING
ORD-1786976374073-9C6EC136,CUST-00289,2026-03-08T05:11:42.203Z,434.77,PROCESSING
ORD-1786976374073-DEA537F6,CUST-00196,2025-01-03T22:02:31.689Z,81.86,PROCESSING
ORD-1786976374073-DD0C0022,CUST-00799,2025-04-05T20:43:07.939Z,476.66,SHIPPED
ORD-1786976374073-B0D81F77,CUST-00871,2025-02-19T23:21:35.791Z,263.02,PENDING
ORD-1786976374073-2D149F0A,CUST-00969,2026-03-13T06:12:14.862Z,146.63,PENDING
ORD-1786976374073-63DA9650,CUST-00499,2025-07-02T00:22:39.571Z,499.07,COMPLETED
ORD-1786976374073-A282B857,CUST-00047,2025-06-12T19:10:31.644Z,234.11,CANCELLED
ORD-1786976374073-D3A56EBF,CUST-00675,2026-03-24T02:12:52.787Z,267.47,SHIPPED
ORD-1786976374073-15D3BE3C,CUST-00664,2026-05-28T20:24:03.822Z,482.40,SHIPPED
ORD-1786976374073-F508015A,CUST-00418,2026-04-09T16:37:40.612Z,412.41,CANCELLED
ORD-1786976374073-6AE1B7BC,CUST-00928,2025-11-02T11:38:27.833Z,215.67,PROCESSING
ORD-1786976374073-D51CAC9E,CUST-00602,2026-05-18T05:37:17.823Z,367.40,DELIVERED
ORD-1786976374073-BAE194F3,CUST-00880,2025-08-14T22:14:09.779Z,320.65,PROCESSING
ORD-1786976374073-DE5F78D2,CUST-00088,2025-08-03T16:59:13.403Z,334.34,SHIPPED
ORD-1786976374073-430BC102,CUST-00744,2025-10-12T13:04:48.538Z,30.86,COMPLETED
ORD-1786976374073-264A8BA9,CUST-00313,2025-12-25T04:00:04.581Z,398.96,CANCELLED
ORD-1786976374073-F5CC6361,CUST-00061,2025-11-24T02:33:45.192Z,387.96,CANCELLED
ORD-1786976374073-CDA3BD54,CUST-00456,2025-07-03T13:58:23.388Z,167.65,COMPLETED
ORD-1786976374073-E7DA1445,CUST-00250,2026-06-19T12:42:55.932Z,383.62,DELIVERED
ORD-1786976374073-DB8DF298,CUST-00918,2026-04-10T20:59:50.044Z,404.91,DELIVERED
ORD-1786976374073-B944A86B,CUST-00431,2025-08-03T21:51:13.481Z,251.20,CANCELLED
ORD-1786976374073-C39F1C00,CUST-00718,2025-04-22T20:43:52.307Z,67.18,PROCESSING
ORD-1786976374073-22BB5B31,CUST-00896,2025-09-05T20:16:03.975Z,313.95,PENDING
ORD-1786976374073-8791B6FB,CUST-00787,2025-01-27T01:28:32.859Z,370.37,PENDING
ORD-1786976374073-FF48DD8B,CUST-00275,2025-04-01T06:02:25.678Z,324.58,CANCELLED
ORD-1786976374073-1E22DDB1,CUST-00948,2026-06-13T13:51:58.044Z,336.81,CANCELLED
ORD-1786976374073-21D983AF,CUST-00870,2025-07-01T23:57:10.679Z,184.92,SHIPPED
ORD-1786976374073-2DF05675,CUST-00289,2025-09-13T07:53:42.741Z,314.73,PENDING
ORD-1786976374073-8140B55E,CUST-00202,2025-04-29T01:39:26.555Z,39.17,PROCESSING
ORD-1786976374073-E13151B9,CUST-00342,2025-10-25T06:15:42.689Z,282.07,SHIPPED
ORD-1786976374073-31B84C01,CUST-00873,2025-12-11T09:30:51.213Z,426.69,CANCELLED
ORD-1786976374073-0E6A6282,CUST-00900,2026-05-17T20:16:22.665Z,351.20,CANCELLED
ORD-1786976374073-B697AD00,CUST-00258,2025-01-23T19:05:51.125Z,457.04,CANCELLED
ORD-1786976374073-3C7718BA,CUST-00867,2026-05-24T15:47:39.998Z,120.77,SHIPPED
ORD-1786976374073-2529F27F,CUST-00126,2025-03-01T10:32:26.557Z,458.76,COMPLETED
ORD-1786976374073-5E7B3D48,CUST-00343,2026-07-07T05:49:33.496Z,236.78,SHIPPED
ORD-1786976374073-CB0C1DB5,CUST-00432,2025-05-08T23:33:50.318Z,482.04,SHIPPED
ORD-1786976374073-25E48D0F,CUST-00765,2025-07-15T09:03:23.541Z,171.35,SHIPPED
ORD-1786976374073-01FD48A3,CUST-00381,2025-12-29T08:26:19.603Z,421.34,PROCESSING
ORD-1786976374073-B31E5A50,CUST-00576,2026-06-30T00:19:16.675Z,41.50,PROCESSING
ORD-1786976374073-8D622FAB,CUST-00976,2025-07-16T21:33:32.315Z,293.78,CANCELLED
ORD-1786976374073-CBEE7F20,CUST-00803,2026-03-23T22:26:05.163Z,476.84,PROCESSING
ORD-1786976374073-91557053,CUST-00521,2025-11-23T17:19:24.163Z,62.65,SHIPPED
ORD-1786976374073-54B256FC,CUST-00217,2026-01-11T07:07:32.222Z,157.22,DELIVERED
ORD-1786976374073-9BC55295,CUST-00640,2026-02-17T16:48:54.688Z,247.10,SHIPPED
ORD-1786976374074-8DBABCC3,CUST-00593,2025-03-26T04:48:40.494Z,142.01,PROCESSING
ORD-1786976374074-A4186D90,CUST-00559,2025-09-23T13:45:40.901Z,135.61,CANCELLED
ORD-1786976374074-50158204,CUST-00974,2026-04-10T01:03:47.493Z,138.70,SHIPPED
ORD-1786976374074-0D54C47B,CUST-00731,2026-06-16T18:31:32.667Z,246.73,PENDING
ORD-1786976374074-A9EF16EE,CUST-00152,2026-02-16T15:58:10.301Z,495.48,SHIPPED
ORD-1786976374074-1FAD51DA,CUST-00079,2025-10-21T22:19:21.420Z,388.59,PENDING
ORD-1786976374074-C3F6F6F5,CUST-00727,2025-01-31T00:01:24.910Z,121.20,SHIPPED
ORD-1786976374074-D00FD73F,CUST-00165,2026-01-15T12:31:35.781Z,401.75,PROCESSING
ORD-1786976374074-D2BA3C22,CUST-00990,2025-05-09T03:23:18.883Z,18.49,SHIPPED
ORD-1786976374074-4DA0FE34,CUST-00037,2025-11-05T07:38:08.789Z,124.82,PENDING
ORD-1786976374074-39BB8CAF,CUST-00413,2025-07-30T11:42:18.058Z,278.32,PENDING
ORD-1786976374074-ACC43430,CUST-00594,2025-11-12T01:50:06.213Z,330.28,DELIVERED
ORD-1786976374074-8933E966,CUST-00598,2025-06-03T02:23:41.128Z,280.63,COMPLETED
ORD-1786976374074-46BD8615,CUST-00324,2025-05-18T10:06:03.374Z,33.40,PROCESSING
ORD-1786976374074-8D572514,CUST-00178,2025-03-19T14:47:04.744Z,53.44,DELIVERED
ORD-1786976374074-65A8BC40,CUST-00257,2025-03-11T22:13:41.077Z,227.98,PENDING
ORD-1786976374074-A07694E9,CUST-00233,2026-02-25T14:27:08.462Z,70.41,COMPLETED
ORD-1786976374074-FD7773B9,CUST-00542,2026-07-14T06:09:22.024Z,248.83,PENDING
ORD-1786976374074-AE5F5DB9,CUST-00863,2025-12-12T06:05:15.026Z,392.54,CANCELLED
ORD-1786976374074-6CB6CF77,CUST-00963,2026-03-21T18:25:51.134Z,326.49,DELIVERED
ORD-1786976374074-9477C975,CUST-00347,2025-08-02T07:22:34.164Z,181.40,SHIPPED
ORD-1786976374074-68216184,CUST-00920,2025-03-02T20:48:35.181Z,331.13,PROCESSING
ORD-1786976374074-A54CA1F0,CUST-00861,2026-07-18T20:46:54.684Z,15.03,PENDING
ORD-1786976374074-56CFE78D,CUST-00779,2025-06-03T18:09:14.325Z,234.73,PENDING
ORD-1786976374074-3FA6180B,CUST-00693,2026-02-14T08:14:33.741Z,362.62,CANCELLED
ORD-1786976374074-F8DE93B9,CUST-00252,2026-06-14T20:51:51.286Z,69.79,PENDING
ORD-1786976374074-9E7EE261,CUST-00522,2026-07-04T23:19:20.704Z,386.14,DELIVERED
ORD-1786976374074-73D6A320,CUST-00113,2025-09-28T06:40:34.767Z,490.41,PROCESSING
ORD-1786976374074-5B0B11F6,CUST-00776,2026-03-09T11:06:57.742Z,16.78,COMPLETED
ORD-1786976374074-24170ADC,CUST-00441,2025-06-04T17:03:29.429Z,507.11,PENDING
ORD-1786976374074-41E67734,CUST-00185,2026-06-01T00:14:00.648Z,271.88,COMPLETED
ORD-1786976374074-88A341D3,CUST-00704,2025-07-18T07:30:33.428Z,475.31,DELIVERED
ORD-1786976374074-E85D4FAA,CUST-00967,2026-05-26T12:49:46.476Z,230.48,PENDING
ORD-1786976374074-3E289BE0,CUST-00384,2025-10-20T22:00:22.630Z,160.97,COMPLETED
ORD-1786976374074-F344850A,CUST-00562,2026-07-17T23:43:40.058Z,234.93,COMPLETED
ORD-1786976374074-34B78A76,CUST-00575,2025-10-23T19:44:03.376Z,478.42,COMPLETED
ORD-1786976374074-93F1E864,CUST-00998,2026-03-03T13:58:33.715Z,29.37,SHIPPED
ORD-1786976374074-EE97D10C,CUST-00260,2025-02-09T05:16:51.265Z,406.87,SHIPPED
ORD-1786976374074-98430105,CUST-00739,2025-06-29T12:26:31.741Z,150.38,CANCELLED
ORD-1786976374074-7B5B5F75,CUST-00204,2026-01-21T02:35:44.243Z,277.25,COMPLETED
ORD-1786976374074-6B667A52,CUST-00964,2026-05-23T17:56:35.529Z,398.07,CANCELLED
ORD-1786976374074-66E3BF8F,CUST-00566,2025-06-23T17:04:38.103Z,179.52,DELIVERED
ORD-1786976374074-62E5D01E,CUST-00124,2025-08-01T19:50:26.719Z,493.87,DELIVERED
ORD-1786976374074-2C25F74E,CUST-00345,2026-01-24T18:32:33.834Z,409.66,SHIPPED
ORD-1786976374074-1D94D812,CUST-00453,2025-09-14T01:37:07.559Z,370.51,CANCELLED
ORD-1786976374074-F377282A,CUST-00132,2026-08-12T06:34:08.736Z,86.61,PENDING
ORD-1786976374074-B6F36903,CUST-00874,2025-07-19T19:29:14.074Z,34.26,CANCELLED
ORD-1786976374074-98306655,CUST-00728,2025-11-30T10:20:44.575Z,125.88,PROCESSING
ORD-1786976374074-15AEE4D5,CUST-00716,2025-11-10T14:33:55.764Z,286.60,CANCELLED
ORD-1786976374074-15A52459,CUST-00932,2026-02-03T08:59:06.231Z,385.37,PROCESSING
ORD-1786976374074-B3635C7D,CUST-00278,2025-09-19T19:11:47.703Z,159.54,COMPLETED
ORD-1786976374074-1FA7C013,CUST-00716,2026-03-29T07:57:58.386Z,153.52,PENDING
ORD-1786976374074-432DA247,CUST-00217,2026-05-29T22:13:52.247Z,383.45,PENDING
ORD-1786976374074-0365E7D7,CUST-00035,2025-02-22T17:37:44.543Z,127.80,DELIVERED
ORD-1786976374074-CD91BDE9,CUST-00419,2026-01-16T13:19:20.825Z,434.60,SHIPPED
ORD-1786976374074-4D6AEFE3,CUST-00014,2025-03-11T10:49:22.709Z,269.62,CANCELLED
ORD-1786976374074-27364C98,CUST-00708,2025-11-01T19:31:59.827Z,299.48,COMPLETED
ORD-1786976374074-0B10A4FF,CUST-00885,2025-02-25T05:42:36.739Z,418.58,COMPLETED
ORD-1786976374074-5E834BCE,CUST-00288,2026-02-10T04:38:01.109Z,269.74,PENDING
ORD-1786976374074-CE3AD389,CUST-00257,2025-01-10T01:31:07.033Z,137.01,DELIVERED
ORD-1786976374074-3410FAE6,CUST-00106,2025-12-19T18:02:09.218Z,476.92,COMPLETED
ORD-1786976374074-FE4BD949,CUST-00030,2025-02-22T07:32:31.082Z,285.80,PENDING
ORD-1786976374074-348227D6,CUST-00188,2025-06-29T14:31:17.292Z,425.13,CANCELLED
ORD-1786976374074-7AFC0A39,CUST-00933,2025-01-05T11:31:27.291Z,54.83,DELIVERED
ORD-1786976374074-2658E270,CUST-00864,2026-05-22T20:24:50.620Z,366.60,CANCELLED
ORD-1786976374074-BB2E83EE,CUST-00973,2025-12-21T13:04:34.493Z,351.31,SHIPPED
ORD-1786976374074-C69B7859,CUST-00095,2025-05-19T06:25:55.509Z,56.09,PENDING
ORD-1786976374075-0D279287,CUST-00800,2026-05-01T22:55:28.265Z,59.46,DELIVERED
ORD-1786976374075-84C0A430,CUST-00454,2025-10-29T02:52:19.744Z,343.11,PENDING
ORD-1786976374075-D40B2D70,CUST-00274,2025-08-05T20:21:15.698Z,80.04,COMPLETED
ORD-1786976374075-1F1030DE,CUST-00067,2025-09-27T21:07:33.025Z,435.09,CANCELLED
ORD-1786976374075-C7E29755,CUST-00803,2026-07-12T16:23:16.390Z,438.78,SHIPPED
ORD-1786976374075-52F74697,CUST-00469,2025-12-02T04:51:56.778Z,375.51,CANCELLED
ORD-1786976374075-826B30BA,CUST-00686,2026-01-18T23:54:21.721Z,467.76,CANCELLED
ORD-1786976374075-30D47CD4,CUST-00600,2025-09-13T08:40:40.756Z,305.50,DELIVERED
ORD-1786976374075-CDADE470,CUST-00496,2025-08-16T11:42:30.344Z,377.78,CANCELLED
ORD-1786976374075-EC26B766,CUST-00872,2025-08-22T01:31:20.320Z,26.41,PENDING
ORD-1786976374075-08323633,CUST-00094,2025-12-31T00:06:04.659Z,60.85,DELIVERED
ORD-1786976374075-9CFB2F14,CUST-00931,2026-07-10T10:42:53.073Z,201.94,PROCESSING
ORD-1786976374075-8D3F7173,CUST-00559,2025-07-10T03:40:51.346Z,154.76,PENDING
ORD-1786976374075-479D6DBF,CUST-00014,2026-06-27T22:04:27.806Z,69.28,COMPLETED
ORD-1786976374075-7CA1C92D,CUST-00698,2025-03-09T02:05:00.042Z,207.15,PROCESSING
ORD-1786976374075-6F113F54,CUST-00646,2025-06-22T02:19:20.246Z,164.22,PENDING
ORD-1786976374075-E12E8817,CUST-00070,2026-03-05T09:29:26.749Z,323.49,DELIVERED
ORD-1786976374075-C4F23796,CUST-00770,2025-07-07T23:36:27.029Z,181.82,CANCELLED
ORD-1786976374075-83449A1E,CUST-00599,2025-04-20T08:14:44.454Z,249.16,PROCESSING
ORD-1786976374075-E468A358,CUST-00830,2025-06-14T21:08:28.187Z,256.34,SHIPPED
ORD-1786976374075-068888EB,CUST-00349,2026-01-27T21:35:33.154Z,29.17,SHIPPED
ORD-1786976374075-8BD11BE4,CUST-00516,2026-01-25T03:05:06.763Z,138.74,SHIPPED
ORD-1786976374075-626872D3,CUST-00914,2026-04-07T01:00:40.902Z,20.02,DELIVERED
ORD-1786976374075-FEA203A1,CUST-00378,2026-04-27T17:26:56.244Z,370.17,COMPLETED
ORD-1786976374075-4CAAE1A3,CUST-00011,2026-01-04T12:06:07.962Z,239.42,SHIPPED
ORD-1786976374075-0A59284E,CUST-00976,2026-02-11T03:34:57.264Z,191.21,SHIPPED
ORD-1786976374075-CFA78B2D,CUST-00463,2026-01-15T05:33:41.331Z,220.61,COMPLETED
ORD-1786976374075-2D13821D,CUST-00661,2025-02-07T03:24:42.711Z,373.59,COMPLETED
ORD-1786976374075-79A13A97,CUST-00130,2025-04-09T00:38:14.325Z,189.14,SHIPPED
ORD-1786976374075-27EBA9DB,CUST-00897,2025-04-22T21:27:45.851Z,195.33,SHIPPED
ORD-1786976374075-8260D14D,CUST-00349,2025-06-25T22:23:56.107Z,55.97,COMPLETED
ORD-1786976374075-D63D27B6,CUST-00245,2026-06-22T06:37:55.612Z,88.65,CANCELLED
ORD-1786976374075-91DF18E1,CUST-00181,2025-05-07T20:41:19.204Z,70.01,DELIVERED
ORD-1786976374075-13644C32,CUST-00464,2026-05-15T01:38:25.936Z,298.00,PROCESSING
ORD-1786976374075-589DC788,CUST-00811,2025-01-23T07:43:55.297Z,160.50,COMPLETED
ORD-1786976374075-A0746494,CUST-00044,2025-07-19T20:46:44.071Z,113.02,CANCELLED
ORD-1786976374075-A516891F,CUST-00511,2026-07-18T01:54:06.454Z,488.60,CANCELLED
ORD-1786976374075-86575394,CUST-00304,2026-03-05T12:50:24.101Z,442.86,CANCELLED
ORD-1786976374075-D1C755F0,CUST-00090,2025-02-01T00:13:05.323Z,180.10,COMPLETED
ORD-1786976374075-50B70786,CUST-00379,2026-05-09T20:11:28.131Z,292.26,DELIVERED
ORD-1786976374075-2D709D33,CUST-00042,2025-04-17T05:33:37.505Z,89.59,PENDING
ORD-1786976374075-FD8F84B5,CUST-00997,2026-03-07T16:48:30.829Z,115.22,CANCELLED
ORD-1786976374075-2C618CC9,CUST-00891,2025-07-08T22:24:18.965Z,25.32,PENDING
ORD-1786976374075-5B22D323,CUST-00665,2025-02-18T23:14:30.281Z,127.57,PENDING
ORD-1786976374075-31937116,CUST-00118,2026-05-17T08:58:54.039Z,171.59,PROCESSING
ORD-1786976374075-05C7BBBF,CUST-00096,2025-01-13T10:09:11.374Z,230.95,DELIVERED
ORD-1786976374075-1954979E,CUST-00549,2025-06-25T02:55:49.616Z,71.35,COMPLETED
ORD-1786976374075-D5D3E9DC,CUST-00942,2026-02-15T14:26:01.767Z,314.61,COMPLETED
ORD-1786976374075-4CC7C101,CUST-00653,2025-07-05T08:41:41.427Z,443.02,PROCESSING
ORD-1786976374075-51C0A783,CUST-00255,2025-07-20T11:49:29.867Z,407.73,COMPLETED
ORD-1786976374075-FA9F0D74,CUST-00989,2026-06-14T14:12:27.175Z,202.28,COMPLETED
ORD-1786976374075-06BA77B3,CUST-00854,2025-10-31T23:02:20.744Z,172.76,COMPLETED
ORD-1786976374075-2276E2D2,CUST-00330,2026-08-12T05:01:50.948Z,244.75,PENDING
ORD-1786976374075-0F48DE18,CUST-00942,2025-02-05T10:31:17.658Z,248.45,DELIVERED
ORD-1786976374075-39301562,CUST-00603,2026-04-06T07:37:43.153Z,454.10,DELIVERED
ORD-1786976374075-D69B38D8,CUST-00669,2026-05-10T12:56:01.773Z,152.45,SHIPPED
ORD-1786976374075-CD08262D,CUST-00216,2026-04-25T21:24:02.918Z,413.75,PROCESSING
ORD-1786976374075-A210693E,CUST-00939,2026-08-02T11:43:33.390Z,468.61,SHIPPED
ORD-1786976374075-66BBF1F4,CUST-00642,2025-02-20T07:05:58.266Z,24.04,DELIVERED
ORD-1786976374075-15DE8C18,CUST-00511,2025-09-14T02:41:25.197Z,369.33,SHIPPED
ORD-1786976374075-DD57E152,CUST-00020,2026-05-26T01:52:44.002Z,232.89,DELIVERED
ORD-1786976374075-FE4EA3F4,CUST-00384,2025-10-13T07:26:10.262Z,344.44,PENDING
ORD-1786976374075-6AF0AFC6,CUST-00193,2026-04-05T10:35:15.503Z,451.59,DELIVERED
ORD-1786976374075-45D03608,CUST-00849,2025-06-17T03:55:23.579Z,444.34,CANCELLED
ORD-1786976374075-B9525ADD,CUST-00911,2025-10-02T07:10:43.268Z,208.38,PROCESSING
ORD-1786976374075-8107D1C7,CUST-00891,2025-02-01T21:04:33.594Z,490.99,PROCESSING
ORD-1786976374075-6354C906,CUST-00273,2025-09-01T06:45:46.626Z,62.31,PROCESSING
ORD-1786976374075-468DE347,CUST-00143,2025-02-19T01:16:09.277Z,505.41,COMPLETED
ORD-1786976374075-6DFDE856,CUST-00119,2026-02-09T12:33:10.487Z,321.46,PENDING
ORD-1786976374075-AE4648A9,CUST-00679,2026-01-19T14:54:05.420Z,81.57,PENDING
ORD-1786976374075-5C4BEF55,CUST-00343,2026-04-10T09:25:34.028Z,333.70,COMPLETED
ORD-1786976374075-4952A898,CUST-00264,2025-09-23T09:45:57.042Z,440.10,SHIPPED
ORD-1786976374075-F689BFD1,CUST-00811,2025-12-22T04:34:04.198Z,384.43,DELIVERED
ORD-1786976374075-EE557965,CUST-00805,2025-08-19T10:21:41.717Z,62.97,COMPLETED
ORD-1786976374075-0ECF8ED5,CUST-00699,2025-09-20T10:22:18.008Z,109.86,CANCELLED
ORD-1786976374075-C985DD51,CUST-00772,2026-01-26T12:04:48.397Z,373.26,COMPLETED
ORD-1786976374075-D50B1F8C,CUST-00438,2025-11-30T23:17:15.365Z,241.00,PROCESSING
ORD-1786976374075-9AFDD876,CUST-00336,2025-11-02T19:05:23.127Z,237.11,CANCELLED
ORD-1786976374075-CA962FE5,CUST-00195,2025-01-05T23:49:33.600Z,25.62,PROCESSING
ORD-1786976374075-46127E5C,CUST-00015,2026-03-20T10:20:20.825Z,230.55,COMPLETED
ORD-1786976374075-63B63643,CUST-00434,2025-08-31T22:58:38.576Z,340.75,PROCESSING
ORD-1786976374075-9FF20449,CUST-00173,2025-08-23T07:55:48.105Z,322.43,SHIPPED
ORD-1786976374075-6094B6B5,CUST-00101,2026-08-06T07:29:06.727Z,239.10,DELIVERED
ORD-1786976374075-05C0A266,CUST-00963,2025-11-13T19:30:47.429Z,87.52,CANCELLED
ORD-1786976374075-B0717954,CUST-00600,2026-01-14T16:27:13.806Z,282.86,DELIVERED
ORD-1786976374075-86C88DD1,CUST-00458,2026-05-27T22:19:53.631Z,58.74,CANCELLED
ORD-1786976374075-0CFB2345,CUST-00267,2025-03-04T16:38:09.218Z,12.18,COMPLETED
ORD-1786976374075-EB4F07DA,CUST-00564,2025-03-08T17:54:09.557Z,221.68,CANCELLED
ORD-1786976374075-10C1F3AE,CUST-00108,2026-02-12T19:10:36.186Z,428.13,COMPLETED
ORD-1786976374075-97DD536D,CUST-00475,2025-05-15T16:24:10.094Z,317.90,COMPLETED
ORD-1786976374075-16216A6E,CUST-00363,2025-06-15T06:30:18.236Z,410.06,COMPLETED
ORD-1786976374075-75DF3673,CUST-00016,2026-04-26T19:38:11.276Z,161.56,CANCELLED
ORD-1786976374075-1016D9C9,CUST-00026,2025-10-24T20:14:35.407Z,462.70,PROCESSING
ORD-1786976374075-9B761ED6,CUST-00019,2025-12-07T01:19:25.817Z,84.10,PENDING
ORD-1786976374075-C2B1C830,CUST-00927,2025-04-06T05:54:35.490Z,466.40,SHIPPED
ORD-1786976374075-31B4EF9F,CUST-00289,2026-03-04T02:42:05.647Z,453.34,COMPLETED
ORD-1786976374075-D2514357,CUST-00161,2025-10-02T05:23:28.123Z,492.08,PENDING
ORD-1786976374075-158CD61C,CUST-00349,2025-03-07T10:10:09.944Z,318.86,PENDING
ORD-1786976374075-F68304C9,CUST-00511,2026-05-18T17:16:40.316Z,449.51,COMPLETED
ORD-1786976374075-F39D4859,CUST-00831,2025-03-31T21:12:46.932Z,441.10,CANCELLED
ORD-1786976374075-6C9F299E,CUST-00859,2026-07-25T21:34:44.165Z,235.52,PROCESSING
ORD-1786976374075-0D4AB9F9,CUST-00355,2025-05-21T09:34:22.713Z,414.91,SHIPPED
ORD-1786976374075-4B654273,CUST-00914,2025-04-27T20:39:06.494Z,197.10,COMPLETED
ORD-1786976374075-B25915EF,CUST-00646,2025-04-05T18:04:49.318Z,269.09,CANCELLED
ORD-1786976374075-62D5AA2A,CUST-00699,2025-12-09T10:00:21.996Z,376.13,CANCELLED
ORD-1786976374075-D4EF8BAC,CUST-00028,2026-02-23T20:26:49.823Z,241.43,PROCESSING
ORD-1786976374075-B4BC7207,CUST-00483,2026-01-20T10:53:03.052Z,481.22,PROCESSING
ORD-1786976374075-BDAE183D,CUST-00571,2026-06-03T18:25:06.800Z,296.74,SHIPPED
ORD-1786976374075-1C16F0FD,CUST-00599,2026-03-20T00:21:29.235Z,14.16,COMPLETED
ORD-1786976374075-5F7D28E4,CUST-00686,2025-12-26T22:14:38.040Z,418.40,PENDING
ORD-1786976374075-155A039E,CUST-00856,2025-11-13T01:09:23.400Z,85.76,PENDING
ORD-1786976374075-D9CF3FAE,CUST-00623,2025-08-25T19:49:20.682Z,128.49,SHIPPED
ORD-1786976374075-3158DAE7,CUST-00180,2026-01-05T10:39:48.650Z,357.58,COMPLETED
ORD-1786976374075-C8BAEE18,CUST-00379,2026-04-15T05:43:15.736Z,389.43,SHIPPED
ORD-1786976374075-A9DD7F0A,CUST-00828,2026-03-30T01:22:02.506Z,358.07,PENDING
ORD-1786976374075-3A3184EB,CUST-00281,2025-10-23T07:59:34.289Z,231.23,PROCESSING
ORD-1786976374075-E215F1DD,CUST-00735,2026-05-27T01:57:00.385Z,111.40,COMPLETED
ORD-1786976374075-3FA4CA6E,CUST-00679,2025-08-09T10:22:00.027Z,446.09,DELIVERED
ORD-1786976374075-E3FAA1BA,CUST-00687,2025-10-11T08:48:36.338Z,22.46,PROCESSING
ORD-1786976374075-F54C2872,CUST-00453,2026-03-24T17:49:24.993Z,28.63,PENDING
ORD-1786976374075-6B6D9CAC,CUST-00134,2025-07-10T00:13:30.490Z,99.36,CANCELLED
ORD-1786976374075-E2A8038E,CUST-00188,2025-10-10T12:40:34.549Z,130.20,PROCESSING
ORD-1786976374075-F963D5B7,CUST-00931,2025-03-10T11:54:10.084Z,429.45,PENDING
ORD-1786976374075-D07C0C78,CUST-00750,2025-07-08T03:32:17.969Z,323.30,SHIPPED
ORD-1786976374075-3DD5ECDF,CUST-00315,2025-02-16T01:33:42.795Z,191.23,SHIPPED
ORD-1786976374075-167A0980,CUST-00726,2026-06-12T22:55:17.109Z,364.10,PROCESSING
ORD-1786976374075-FE6FEAFA,CUST-00347,2025-11-23T01:32:21.621Z,429.83,SHIPPED
ORD-1786976374075-ED5BF40A,CUST-00718,2025-07-16T11:55:07.252Z,310.13,DELIVERED
ORD-1786976374075-39FB12BA,CUST-00195,2025-04-20T11:52:07.113Z,53.52,SHIPPED
ORD-1786976374075-7E509A7C,CUST-00830,2026-01-29T12:01:41.371Z,429.11,CANCELLED
ORD-1786976374075-6B78C524,CUST-00374,2025-10-20T22:10:34.065Z,486.44,CANCELLED
ORD-1786976374075-C8166CF9,CUST-00292,2025-11-24T07:52:32.294Z,21.31,SHIPPED
ORD-1786976374075-5835B325,CUST-00434,2025-03-20T08:58:25.927Z,430.89,DELIVERED
ORD-1786976374075-C35F9DFF,CUST-00964,2025-05-25T16:19:14.139Z,356.11,PROCESSING
ORD-1786976374075-44A09344,CUST-00975,2026-06-01T14:12:17.996Z,447.27,CANCELLED
ORD-1786976374075-097FE8D1,CUST-00847,2025-11-16T14:39:52.163Z,255.80,PENDING
ORD-1786976374075-06827C14,CUST-00514,2025-11-02T20:54:05.908Z,508.26,DELIVERED
ORD-1786976374075-215D7E62,CUST-00109,2025-07-03T08:26:09.425Z,158.46,SHIPPED
ORD-1786976374075-EA2A0E36,CUST-00874,2025-08-31T17:38:00.953Z,495.08,SHIPPED
ORD-1786976374075-1D2CCEB2,CUST-00669,2025-02-03T07:44:41.273Z,130.44,COMPLETED
ORD-1786976374075-D917E3FE,CUST-00794,2025-07-30T23:12:37.887Z,250.36,SHIPPED
ORD-1786976374075-1F0DCABE,CUST-00591,2026-03-04T04:20:23.797Z,496.67,COMPLETED
ORD-1786976374075-A9823C99,CUST-00876,2025-10-08T18:09:50.620Z,284.36,DELIVERED
ORD-1786976374075-935112D2,CUST-00102,2025-04-21T22:24:54.010Z,465.37,PROCESSING
ORD-1786976374075-E1CD25CC,CUST-00719,2026-03-28T09:10:02.956Z,382.15,CANCELLED
ORD-1786976374075-72D6F77E,CUST-00628,2026-02-10T16:55:01.831Z,455.22,PROCESSING
ORD-1786976374075-83E65CAA,CUST-00601,2025-04-30T16:41:47.362Z,101.91,PENDING
ORD-1786976374075-6CC14830,CUST-00290,2025-03-27T20:03:30.912Z,354.87,PENDING
ORD-1786976374075-6408A1BB,CUST-00174,2026-04-06T01:19:30.928Z,293.32,CANCELLED
ORD-1786976374075-6C506F98,CUST-00408,2025-07-28T15:44:18.350Z,194.38,DELIVERED
ORD-1786976374075-BD0C5658,CUST-00630,2026-07-12T14:09:45.227Z,153.60,PENDING
ORD-1786976374075-1000D5EE,CUST-00428,2025-05-23T00:14:45.064Z,237.91,COMPLETED
ORD-1786976374075-B176BBED,CUST-00287,2025-12-13T09:46:07.717Z,156.47,PENDING
ORD-1786976374075-AB5F0144,CUST-00278,2026-08-07T09:21:56.154Z,369.91,PROCESSING
ORD-1786976374075-27F6F8AE,CUST-00372,2025-04-13T01:40:11.775Z,174.21,DELIVERED
ORD-1786976374075-29195C0E,CUST-00275,2025-11-01T14:20:25.487Z,22.79,DELIVERED
ORD-1786976374075-89DF8F53,CUST-00699,2026-07-06T05:36:58.380Z,79.99,PROCESSING
ORD-1786976374075-73ABBE9E,CUST-00104,2025-05-27T16:46:49.588Z,348.29,CANCELLED
ORD-1786976374075-F13100FF,CUST-00298,2026-03-27T06:45:36.517Z,337.31,COMPLETED
ORD-1786976374075-DCCE3EF6,CUST-00216,2025-11-26T23:05:44.789Z,21.41,SHIPPED
ORD-1786976374075-F360C8E6,CUST-00771,2025-08-21T23:05:30.963Z,479.54,SHIPPED
ORD-1786976374076-8196CC28,CUST-00139,2026-03-28T09:50:55.763Z,363.72,PENDING
ORD-1786976374076-299CDAE3,CUST-00331,2025-12-19T16:32:25.366Z,343.94,COMPLETED
ORD-1786976374076-806A9312,CUST-00171,2025-01-15T20:10:44.175Z,387.49,SHIPPED
ORD-1786976374076-EDFF2DFB,CUST-00621,2025-04-20T07:40:49.784Z,452.29,PENDING
ORD-1786976374076-958390FC,CUST-00251,2026-01-23T04:28:14.649Z,79.60,CANCELLED
ORD-1786976374076-A56FDE27,CUST-00960,2025-09-23T09:25:34.230Z,88.62,CANCELLED
ORD-1786976374076-E2811FAB,CUST-00347,2025-05-21T20:25:18.103Z,287.81,DELIVERED
ORD-1786976374076-DC38DE73,CUST-00132,2025-03-07T18:09:27.273Z,322.89,SHIPPED
ORD-1786976374076-D0911CF4,CUST-00949,2026-06-12T17:43:15.501Z,57.44,DELIVERED
ORD-1786976374076-5CE65606,CUST-00490,2026-04-06T19:43:06.767Z,73.95,DELIVERED
ORD-1786976374076-65FAB919,CUST-00154,2025-05-23T17:56:47.791Z,348.61,SHIPPED
ORD-1786976374076-14684E59,CUST-00701,2026-07-06T09:15:57.992Z,242.65,COMPLETED
ORD-1786976374076-6E3FCFDF,CUST-00975,2026-04-10T08:51:37.490Z,219.90,DELIVERED
ORD-1786976374076-AD224022,CUST-00350,2025-05-28T06:01:05.784Z,84.12,DELIVERED
ORD-1786976374076-864DBC8F,CUST-00494,2026-05-17T06:27:02.830Z,341.08,COMPLETED
ORD-1786976374076-CFA3FFC1,CUST-00331,2025-07-18T18:01:56.423Z,72.59,CANCELLED
ORD-1786976374076-AF01FD98,CUST-00303,2026-05-12T11:37:27.146Z,183.74,PENDING
ORD-1786976374076-D1AE652A,CUST-00448,2026-02-01T18:13:00.166Z,319.82,DELIVERED
ORD-1786976374076-C6A64C06,CUST-00188,2025-01-10T17:35:49.811Z,496.86,COMPLETED
ORD-1786976374076-B918097A,CUST-00243,2025-02-13T18:43:52.035Z,46.17,SHIPPED
ORD-1786976374076-791CE95C,CUST-00520,2026-06-02T15:06:06.202Z,122.52,DELIVERED
ORD-1786976374076-72AB6620,CUST-00677,2025-07-13T22:35:37.457Z,235.95,COMPLETED
ORD-1786976374076-B087FC2C,CUST-00762,2026-08-08T07:49:36.860Z,180.60,CANCELLED
ORD-1786976374076-7857845A,CUST-00205,2025-12-07T18:33:12.761Z,178.13,PENDING
ORD-1786976374076-A5D9840F,CUST-00391,2025-07-01T15:21:00.175Z,458.93,CANCELLED
ORD-1786976374076-7482124B,CUST-00283,2025-06-18T03:24:47.374Z,479.89,PROCESSING
ORD-1786976374076-E501B804,CUST-00542,2025-11-13T09:27:46.864Z,398.92,PENDING
ORD-1786976374076-559C7D92,CUST-00185,2026-04-08T21:22:20.715Z,208.72,PENDING
ORD-1786976374076-BCDA623A,CUST-00197,2025-06-22T01:22:58.418Z,95.14,PROCESSING
ORD-1786976374076-6CB05CF3,CUST-00701,2025-11-16T05:12:38.647Z,374.76,PROCESSING
ORD-1786976374076-B84A711A,CUST-00997,2026-01-26T12:21:18.877Z,31.71,PENDING
ORD-1786976374076-5F15D784,CUST-00902,2025-04-01T02:50:25.053Z,356.34,COMPLETED
ORD-1786976374076-8C041EBA,CUST-00963,2025-08-19T03:24:29.106Z,359.05,CANCELLED
ORD-1786976374076-17BCAD60,CUST-00211,2025-11-02T14:50:31.626Z,491.94,DELIVERED
ORD-1786976374076-BD3D7F33,CUST-00695,2025-07-14T20:10:51.595Z,256.22,SHIPPED
ORD-1786976374076-ECB14C63,CUST-00742,2026-05-15T08:30:54.233Z,49.10,PENDING
ORD-1786976374076-396CA6D6,CUST-00152,2026-02-11T00:19:54.046Z,286.41,COMPLETED
ORD-1786976374076-4074F0CA,CUST-00180,2025-03-18T10:23:26.066Z,176.16,PROCESSING
ORD-1786976374076-F2C5845E,CUST-00924,2026-01-14T01:51:47.945Z,491.51,DELIVERED
ORD-1786976374076-940BEB19,CUST-00840,2026-07-25T14:36:34.230Z,459.12,COMPLETED
ORD-1786976374076-76DB7492,CUST-00696,2025-08-08T06:26:48.889Z,149.49,PENDING
ORD-1786976374076-8B900703,CUST-00503,2026-01-26T23:05:46.984Z,38.78,PROCESSING
ORD-1786976374076-D714DD1C,CUST-00402,2025-03-20T14:47:59.234Z,361.72,PENDING
ORD-1786976374076-86350048,CUST-00364,2026-06-11T16:12:52.421Z,199.17,DELIVERED
ORD-1786976374076-BC8857CB,CUST-00785,2026-08-03T15:36:46.503Z,26.01,CANCELLED
ORD-1786976374076-216E72F2,CUST-00439,2025-08-28T14:37:10.162Z,370.50,SHIPPED
ORD-1786976374076-798338F9,CUST-00940,2025-10-25T15:19:28.630Z,295.49,PENDING
ORD-1786976374076-099DC00C,CUST-00912,2025-07-08T06:40:21.004Z,35.85,SHIPPED
ORD-1786976374076-7ACD3F5F,CUST-00709,2025-07-28T04:01:25.724Z,312.71,DELIVERED
ORD-1786976374076-65A395D5,CUST-00609,2025-03-27T11:20:11.946Z,314.73,PENDING
ORD-1786976374076-7D90E6A4,CUST-00155,2025-04-03T20:41:17.911Z,263.71,PENDING
ORD-1786976374076-1278F9C5,CUST-00620,2025-01-24T14:25:19.151Z,90.99,COMPLETED
ORD-1786976374076-05EA1098,CUST-00567,2025-05-25T07:55:04.716Z,91.68,SHIPPED
ORD-1786976374076-D89D159A,CUST-00830,2025-12-22T15:42:03.730Z,295.12,PROCESSING
ORD-1786976374076-BD92BDD8,CUST-00074,2026-02-22T14:16:07.695Z,19.32,PROCESSING
ORD-1786976374076-836AFF6B,CUST-00936,2025-08-17T03:35:50.081Z,35.19,SHIPPED
ORD-1786976374076-F28F1DB5,CUST-00082,2026-04-18T22:59:11.097Z,172.60,PENDING
ORD-1786976374076-60909C82,CUST-00548,2025-07-31T10:43:31.774Z,43.28,SHIPPED
ORD-1786976374076-9575CC47,CUST-00392,2026-03-19T12:34:30.639Z,449.37,SHIPPED
ORD-1786976374076-6CE7FBF4,CUST-00287,2026-04-07T18:57:39.535Z,119.98,PROCESSING
ORD-1786976374076-273CB8A7,CUST-00925,2025-01-10T14:08:00.682Z,172.34,PENDING
ORD-1786976374076-2D0F486F,CUST-00248,2026-01-07T01:21:37.758Z,402.07,DELIVERED
ORD-1786976374076-616EC02A,CUST-00711,2025-08-23T05:28:50.297Z,154.96,COMPLETED
ORD-1786976374076-B8B80F63,CUST-00167,2025-03-17T02:01:50.945Z,185.16,DELIVERED
ORD-1786976374076-327FB7EB,CUST-00318,2026-02-17T15:28:37.058Z,271.11,DELIVERED
ORD-1786976374076-04C29324,CUST-00304,2025-06-09T19:36:08.419Z,469.02,CANCELLED
ORD-1786976374076-684DE234,CUST-00499,2025-07-21T22:19:54.693Z,16.60,DELIVERED
ORD-1786976374076-93F34D83,CUST-00219,2025-04-04T08:42:58.613Z,191.27,SHIPPED
ORD-1786976374076-6A4CD165,CUST-00695,2026-01-14T04:38:04.108Z,20.24,PROCESSING
ORD-1786976374076-6BA69539,CUST-00182,2026-01-28T03:47:14.088Z,369.16,DELIVERED
ORD-1786976374076-1FB43613,CUST-00224,2025-10-06T04:19:22.173Z,105.77,DELIVERED
ORD-1786976374076-C91DF738,CUST-00087,2025-09-03T19:37:49.926Z,285.23,COMPLETED
ORD-1786976374076-B592CD93,CUST-00571,2025-06-07T22:45:14.966Z,361.81,COMPLETED
ORD-1786976374076-8678019E,CUST-00901,2025-07-17T22:55:10.384Z,467.32,SHIPPED
ORD-1786976374076-CA4DE274,CUST-00467,2025-04-06T15:01:02.925Z,414.83,COMPLETED
ORD-1786976374076-A7C80839,CUST-00037,2025-12-26T13:22:20.362Z,141.69,PROCESSING
ORD-1786976374076-7BC463E7,CUST-00277,2026-06-05T21:25:46.837Z,502.57,PROCESSING
ORD-1786976374076-65347191,CUST-00539,2026-07-09T16:11:53.032Z,213.88,DELIVERED
ORD-1786976374076-A10BA10A,CUST-00648,2025-09-02T16:44:47.071Z,391.28,SHIPPED
ORD-1786976374076-56F39F22,CUST-00778,2025-12-02T23:21:21.980Z,476.90,PROCESSING
ORD-1786976374076-4E760B88,CUST-00109,2025-05-08T15:58:22.892Z,203.54,PROCESSING
ORD-1786976374076-C7241578,CUST-00921,2025-11-16T10:35:39.007Z,386.70,CANCELLED
ORD-1786976374076-F08C9245,CUST-00461,2025-05-09T22:49:52.949Z,439.42,COMPLETED
ORD-1786976374076-4CA6249A,CUST-00066,2025-06-23T07:11:01.437Z,235.21,CANCELLED
ORD-1786976374076-ACA6A617,CUST-00723,2025-01-06T04:23:19.006Z,337.49,CANCELLED
ORD-1786976374076-9921272F,CUST-00637,2025-12-08T03:16:13.290Z,108.11,DELIVERED
ORD-1786976374076-88CDF70A,CUST-00897,2026-06-10T20:33:48.784Z,434.52,COMPLETED
ORD-1786976374076-D97A2011,CUST-00294,2025-02-25T14:09:08.304Z,186.93,SHIPPED
ORD-1786976374076-ADCAD4CA,CUST-00473,2025-05-28T01:53:10.720Z,409.82,PROCESSING
ORD-1786976374076-4E130F50,CUST-00890,2026-06-15T12:29:26.723Z,414.65,COMPLETED
ORD-1786976374076-A3DACDCD,CUST-00102,2026-06-21T01:43:25.549Z,30.11,SHIPPED
ORD-1786976374076-E631578B,CUST-00934,2025-12-13T11:21:33.622Z,181.53,CANCELLED
ORD-1786976374076-2455D4D6,CUST-00663,2025-05-08T16:33:37.998Z,254.63,SHIPPED
ORD-1786976374076-3FC74BA7,CUST-00922,2026-01-22T19:15:21.410Z,243.31,SHIPPED
ORD-1786976374076-A38592B8,CUST-00080,2025-04-04T10:06:02.132Z,186.15,SHIPPED
ORD-1786976374076-7A46EA84,CUST-00704,2025-12-16T06:40:47.154Z,25.08,COMPLETED
ORD-1786976374076-B22F874E,CUST-00897,2025-05-23T16:31:57.259Z,349.55,PENDING
ORD-1786976374076-4DF58D4F,CUST-00178,2026-04-03T23:13:41.665Z,170.42,PROCESSING
ORD-1786976374076-F3C28B21,CUST-00112,2025-05-04T23:12:15.880Z,95.16,SHIPPED
ORD-1786976374076-932579F6,CUST-00333,2026-08-09T14:25:18.876Z,463.67,DELIVERED
ORD-1786976374076-5B95D5B0,CUST-00933,2025-11-28T21:01:30.537Z,297.86,CANCELLED
ORD-1786976374076-C2F275C4,CUST-00018,2025-02-06T01:52:39.625Z,114.87,SHIPPED
ORD-1786976374076-15803D66,CUST-00995,2025-09-16T23:37:40.830Z,266.44,DELIVERED
ORD-1786976374076-87FBF033,CUST-00417,2025-11-04T14:16:51.135Z,223.48,PROCESSING
ORD-1786976374076-5B9AE12B,CUST-00152,2026-07-31T14:39:28.995Z,350.30,SHIPPED
ORD-1786976374076-65907E33,CUST-00415,2026-08-06T14:57:46.092Z,476.50,COMPLETED
ORD-1786976374076-294767EF,CUST-00448,2026-02-11T11:03:02.836Z,492.74,PROCESSING
ORD-1786976374076-54018312,CUST-00176,2026-06-06T00:05:50.773Z,183.56,CANCELLED
ORD-1786976374076-11154B10,CUST-00860,2025-05-09T19:59:30.242Z,157.22,SHIPPED
ORD-1786976374076-62599BD6,CUST-00435,2026-04-25T10:45:51.318Z,277.46,COMPLETED
ORD-1786976374076-61F9F855,CUST-00801,2026-03-22T18:38:18.140Z,414.36,COMPLETED
ORD-1786976374076-3FB4ED86,CUST-00381,2026-02-04T03:10:29.229Z,113.71,DELIVERED
ORD-1786976374076-333C96E5,CUST-00352,2025-05-23T01:41:37.732Z,164.64,DELIVERED
ORD-1786976374076-F3B125D0,CUST-00712,2026-05-10T11:33:50.594Z,401.34,PROCESSING
ORD-1786976374076-2B0F832F,CUST-00442,2026-04-29T06:04:11.963Z,440.67,PROCESSING
ORD-1786976374076-718A07FF,CUST-00895,2026-01-10T06:22:51.818Z,135.34,PROCESSING
ORD-1786976374076-06781425,CUST-00617,2026-07-12T21:13:44.074Z,253.31,CANCELLED
ORD-1786976374076-E6A2A8F9,CUST-00411,2025-09-04T01:55:37.551Z,291.09,CANCELLED
ORD-1786976374076-BB619AF1,CUST-00046,2025-03-23T21:57:57.927Z,356.34,DELIVERED
ORD-1786976374076-5E6AF739,CUST-00264,2026-06-25T18:34:13.332Z,160.98,PENDING
ORD-1786976374076-D760F35C,CUST-00129,2026-01-13T10:26:03.006Z,225.02,PROCESSING
ORD-1786976374076-95F7BE73,CUST-00568,2026-02-18T02:33:17.722Z,190.44,PROCESSING
ORD-1786976374076-84D1F458,CUST-00339,2025-06-20T19:01:08.809Z,282.07,PENDING
ORD-1786976374076-45FA2073,CUST-00524,2026-04-24T02:40:26.942Z,183.54,PROCESSING
ORD-1786976374076-A284CF7C,CUST-00475,2026-06-26T20:56:50.845Z,74.96,DELIVERED
ORD-1786976374076-9987DF4B,CUST-00493,2026-08-04T11:02:25.372Z,349.90,DELIVERED
ORD-1786976374076-011616AF,CUST-00957,2026-08-09T11:35:22.196Z,346.38,CANCELLED
ORD-1786976374076-881A7F0C,CUST-00419,2025-01-24T23:34:55.475Z,481.30,CANCELLED
ORD-1786976374076-50EABF34,CUST-00257,2025-03-22T10:12:23.161Z,333.24,PROCESSING
ORD-1786976374076-C17346DA,CUST-00366,2026-01-17T23:59:10.080Z,382.81,CANCELLED
ORD-1786976374076-80AB0FBB,CUST-00032,2026-05-10T15:41:46.103Z,189.58,PENDING
ORD-1786976374076-E22A62CD,CUST-00048,2025-12-23T23:51:56.039Z,335.27,CANCELLED
ORD-1786976374076-04CE8623,CUST-00460,2025-09-24T13:04:02.839Z,63.60,CANCELLED
ORD-1786976374077-7AD89111,CUST-00209,2025-06-12T22:37:28.899Z,38.49,PROCESSING
ORD-1786976374077-511DC05E,CUST-00415,2025-05-22T22:34:07.648Z,456.07,PROCESSING
ORD-1786976374077-BDC34479,CUST-00708,2025-12-27T03:53:20.552Z,273.67,COMPLETED
ORD-1786976374077-060AA3AD,CUST-00376,2025-08-11T10:59:41.498Z,43.92,CANCELLED
ORD-1786976374077-6DD7878C,CUST-00351,2025-05-29T17:09:13.889Z,326.81,COMPLETED
ORD-1786976374077-4221916D,CUST-00431,2026-05-04T09:24:34.568Z,201.96,DELIVERED
ORD-1786976374077-70D4A784,CUST-00700,2025-09-18T14:15:12.201Z,321.89,COMPLETED
ORD-1786976374077-A457CB62,CUST-00787,2026-05-16T09:00:15.400Z,92.76,CANCELLED
ORD-1786976374077-7A1053BC,CUST-00096,2026-06-22T09:45:36.345Z,299.24,PROCESSING
ORD-1786976374077-921F6BDD,CUST-00529,2026-05-28T11:25:32.801Z,326.70,COMPLETED
ORD-1786976374077-912C864F,CUST-00933,2025-09-18T20:03:37.122Z,407.09,PENDING
ORD-1786976374077-8041D727,CUST-00734,2026-01-10T03:44:31.597Z,139.64,COMPLETED
ORD-1786976374077-C2F479A0,CUST-00986,2025-07-01T08:45:16.584Z,69.85,DELIVERED
ORD-1786976374077-C96DB6C2,CUST-00406,2025-06-21T04:45:52.385Z,94.22,DELIVERED
ORD-1786976374077-5297E479,CUST-00352,2026-04-04T09:57:45.079Z,485.16,DELIVERED
ORD-1786976374077-CC8B3FF0,CUST-00461,2026-06-21T06:43:28.654Z,57.51,PENDING
ORD-1786976374077-8589C87B,CUST-00803,2026-03-15T08:33:48.486Z,30.82,COMPLETED
ORD-1786976374077-9E936AFB,CUST-00410,2025-08-31T19:51:27.558Z,431.70,PENDING
ORD-1786976374077-24C56B40,CUST-00447,2025-04-05T01:14:57.518Z,238.92,PROCESSING
ORD-1786976374077-20B86D22,CUST-00858,2025-11-15T10:51:04.045Z,507.72,COMPLETED
ORD-1786976374077-05AC974A,CUST-00249,2025-03-04T11:38:13.286Z,174.72,DELIVERED
ORD-1786976374077-F503A7EF,CUST-00339,2025-05-10T16:06:18.896Z,58.83,SHIPPED
ORD-1786976374077-CD82149F,CUST-00685,2025-12-06T07:56:48.061Z,52.85,PROCESSING
ORD-1786976374077-CDFD4A18,CUST-00601,2026-01-24T10:55:40.871Z,223.68,SHIPPED
ORD-1786976374077-08A0B621,CUST-00048,2025-01-13T09:25:12.864Z,111.80,COMPLETED
ORD-1786976374077-8434FA40,CUST-00597,2026-04-19T14:47:07.036Z,169.82,CANCELLED
ORD-1786976374077-3B945F69,CUST-00610,2026-03-08T03:40:28.455Z,341.20,PROCESSING
ORD-1786976374077-61820F45,CUST-00041,2025-04-26T22:47:45.533Z,330.85,DELIVERED
ORD-1786976374077-B0631394,CUST-00303,2026-01-14T11:32:40.775Z,117.00,PROCESSING
ORD-1786976374077-1B6BE921,CUST-00278,2025-03-28T02:08:39.898Z,216.06,COMPLETED
ORD-1786976374077-C91524CA,CUST-00787,2025-05-06T13:21:24.607Z,81.23,CANCELLED
ORD-1786976374077-FB6C7D8D,CUST-00503,2025-01-28T02:27:31.862Z,449.01,PENDING
ORD-1786976374077-014A8512,CUST-00985,2025-01-13T12:12:22.438Z,462.51,COMPLETED
ORD-1786976374077-837A09D9,CUST-00416,2026-05-08T22:31:40.050Z,263.84,COMPLETED
ORD-1786976374077-540C66E7,CUST-00932,2026-07-02T11:19:57.185Z,348.05,CANCELLED
ORD-1786976374077-B3D2A183,CUST-00003,2026-05-10T23:58:27.416Z,258.52,SHIPPED
ORD-1786976374077-4D306C1C,CUST-00700,2026-02-20T22:53:19.406Z,473.78,DELIVERED
ORD-1786976374077-E69B02E1,CUST-00132,2026-01-11T13:49:24.509Z,414.23,PENDING
ORD-1786976374077-9D7AACCA,CUST-00593,2025-01-29T11:52:52.599Z,135.01,PENDING
ORD-1786976374077-5BD3942E,CUST-00641,2026-06-14T21:55:04.067Z,241.18,PROCESSING
ORD-1786976374077-00BAFA1A,CUST-00925,2026-03-30T11:46:49.201Z,343.76,SHIPPED
ORD-1786976374077-CCAC8760,CUST-00099,2025-06-26T00:11:02.575Z,486.98,PROCESSING
ORD-1786976374077-4EFA2DD8,CUST-00274,2026-07-31T04:52:29.923Z,425.95,PROCESSING
ORD-1786976374077-E2EAD42C,CUST-00747,2026-05-17T22:06:08.011Z,10.24,CANCELLED
ORD-1786976374077-9BCF4AA9,CUST-00122,2025-05-26T09:17:16.002Z,45.34,SHIPPED
ORD-1786976374077-578D86C9,CUST-00282,2025-01-11T01:41:32.272Z,353.92,SHIPPED
ORD-1786976374077-4231924F,CUST-00020,2025-06-06T10:10:58.813Z,242.16,DELIVERED
ORD-1786976374077-0A8298DC,CUST-00171,2025-10-22T20:49:19.176Z,94.80,CANCELLED
ORD-1786976374077-958B2D00,CUST-00712,2025-07-07T12:14:43.089Z,498.89,PENDING
ORD-1786976374077-87113486,CUST-00232,2025-05-01T10:12:36.538Z,287.80,DELIVERED
ORD-1786976374077-44C483C9,CUST-00894,2026-03-15T04:49:56.448Z,472.09,PENDING
ORD-1786976374077-698BF8B8,CUST-00386,2025-10-05T13:12:48.788Z,414.64,DELIVERED
ORD-1786976374077-6E8D71C3,CUST-00755,2026-05-25T02:34:27.168Z,235.80,DELIVERED
ORD-1786976374077-D17D6060,CUST-00198,2025-06-04T23:42:50.227Z,160.90,PROCESSING
ORD-1786976374077-E9C0F2E2,CUST-00239,2025-03-15T19:20:21.047Z,278.42,PROCESSING
ORD-1786976374077-50D1D0FD,CUST-00613,2026-01-29T09:17:49.182Z,300.86,PENDING
ORD-1786976374077-26BB210F,CUST-00682,2025-11-08T14:12:43.780Z,315.43,CANCELLED
ORD-1786976374077-3A2CA843,CUST-00263,2025-05-07T07:20:59.115Z,267.68,COMPLETED
ORD-1786976374077-ED692734,CUST-00514,2026-02-17T16:40:38.313Z,23.87,COMPLETED
ORD-1786976374077-5218E121,CUST-00417,2026-02-01T20:14:31.236Z,142.33,DELIVERED
ORD-1786976374077-34BB76EF,CUST-00649,2025-03-02T22:00:16.133Z,59.65,COMPLETED
ORD-1786976374077-6F756A86,CUST-00621,2026-07-14T16:32:58.452Z,206.05,PENDING
ORD-1786976374077-71E57E54,CUST-00441,2026-03-23T01:55:10.606Z,490.94,CANCELLED
ORD-1786976374077-4A54CC11,CUST-00128,2025-04-29T06:19:18.197Z,11.10,SHIPPED
ORD-1786976374077-67211E33,CUST-00876,2026-01-12T17:32:05.933Z,104.14,COMPLETED
ORD-1786976374077-AC018EB6,CUST-00179,2026-06-03T19:59:45.288Z,130.68,CANCELLED
ORD-1786976374077-F0E5736E,CUST-00010,2026-07-23T07:59:06.054Z,506.64,CANCELLED
ORD-1786976374077-48482A7E,CUST-00558,2025-03-27T15:40:26.037Z,442.27,DELIVERED
ORD-1786976374077-F5F14419,CUST-00511,2026-05-01T15:50:09.814Z,207.31,SHIPPED
ORD-1786976374077-304DAFAE,CUST-00197,2025-05-31T02:29:24.970Z,344.36,PENDING
ORD-1786976374077-DA52B48F,CUST-00551,2025-01-08T13:37:06.561Z,36.07,CANCELLED
ORD-1786976374077-A2B75927,CUST-00693,2026-03-22T00:47:38.070Z,444.41,CANCELLED
ORD-1786976374077-0024311A,CUST-00329,2025-01-22T21:11:03.124Z,103.85,DELIVERED
ORD-1786976374077-004D7510,CUST-00724,2026-07-09T05:54:32.364Z,53.71,DELIVERED
ORD-1786976374077-FC4F0757,CUST-00485,2026-04-28T10:36:52.429Z,62.30,CANCELLED
ORD-1786976374077-B6A1F37F,CUST-00026,2025-04-26T11:25:45.991Z,180.95,SHIPPED
ORD-1786976374077-BCC3D0A1,CUST-00360,2025-02-08T11:29:47.143Z,101.81,CANCELLED
ORD-1786976374077-8498B408,CUST-00620,2026-06-09T02:30:37.212Z,83.94,CANCELLED
ORD-1786976374077-00011842,CUST-00833,2025-04-26T19:32:54.490Z,87.46,CANCELLED
ORD-1786976374077-A177528D,CUST-00618,2026-02-25T01:18:15.457Z,324.64,CANCELLED
ORD-1786976374077-C49CAE64,CUST-00990,2026-01-25T15:37:07.151Z,340.12,COMPLETED
ORD-1786976374077-F3082378,CUST-00249,2025-12-03T23:58:03.185Z,203.75,CANCELLED
ORD-1786976374077-EB60AFA0,CUST-00451,2025-04-28T04:46:00.365Z,338.12,PENDING
ORD-1786976374077-0BB93371,CUST-00961,2026-07-29T07:19:33.837Z,371.54,COMPLETED
ORD-1786976374077-097A9292,CUST-00316,2026-08-13T01:02:01.434Z,211.15,COMPLETED
ORD-1786976374077-3D5FE950,CUST-00518,2026-01-03T19:08:54.787Z,366.22,COMPLETED
ORD-1786976374077-A84BEFE8,CUST-00567,2025-07-13T21:34:47.125Z,155.77,SHIPPED
ORD-1786976374077-456D3AB9,CUST-00266,2025-08-21T07:51:29.841Z,173.28,PROCESSING
ORD-1786976374077-07D8864E,CUST-00138,2025-01-22T03:12:23.600Z,363.92,CANCELLED
ORD-1786976374077-64EB4931,CUST-00920,2025-07-21T20:24:06.407Z,151.86,PENDING
ORD-1786976374077-9B834391,CUST-00823,2026-04-06T02:05:41.017Z,73.47,PROCESSING
ORD-1786976374077-948C2240,CUST-00201,2026-05-13T02:46:21.267Z,77.85,DELIVERED
ORD-1786976374077-5D6D52E3,CUST-00006,2026-04-12T15:24:05.460Z,397.06,DELIVERED
ORD-1786976374077-5B5456C1,CUST-00013,2026-03-12T05:14:59.932Z,305.21,DELIVERED
ORD-1786976374077-E162318F,CUST-00129,2025-08-09T00:32:02.629Z,361.91,PENDING
ORD-1786976374078-1A110137,CUST-00787,2025-03-27T21:01:30.269Z,488.60,COMPLETED
ORD-1786976374078-C6415358,CUST-00528,2026-04-02T19:13:30.291Z,299.75,CANCELLED
ORD-1786976374078-94C309FE,CUST-00227,2026-01-03T14:23:49.266Z,33.22,DELIVERED
ORD-1786976374078-1C8E9B40,CUST-00349,2025-01-23T19:46:55.294Z,399.26,DELIVERED
ORD-1786976374078-56E838C1,CUST-00928,2026-02-04T21:09:52.456Z,233.19,DELIVERED
ORD-1786976374078-5AE306F8,CUST-00432,2026-04-19T14:58:02.443Z,133.02,COMPLETED
ORD-1786976374078-7E0444BD,CUST-00344,2025-11-22T06:45:19.325Z,310.19,PROCESSING
ORD-1786976374078-25F8FCBB,CUST-00835,2025-09-08T12:03:19.659Z,409.64,DELIVERED
ORD-1786976374078-5AAE9F7B,CUST-00021,2025-09-03T15:12:38.516Z,23.45,PROCESSING
ORD-1786976374078-885E5B73,CUST-00603,2026-02-27T17:54:32.616Z,83.04,PENDING
ORD-1786976374078-5AE98E39,CUST-00871,2025-06-12T03:37:07.480Z,249.36,PENDING
ORD-1786976374078-CB3582F5,CUST-00911,2026-01-25T12:52:24.483Z,418.90,COMPLETED
ORD-1786976374078-98A7C9A1,CUST-00163,2025-12-29T12:38:46.361Z,323.29,PROCESSING
ORD-1786976374078-C2DEB54E,CUST-00306,2025-07-23T21:51:38.961Z,269.07,PENDING
ORD-1786976374078-5A6EA048,CUST-00452,2025-10-23T19:26:29.136Z,400.37,COMPLETED
ORD-1786976374078-0C96A26D,CUST-00143,2025-10-03T11:46:35.422Z,67.92,SHIPPED
ORD-1786976374078-97124F43,CUST-00635,2026-04-24T03:01:00.919Z,111.82,DELIVERED
ORD-1786976374078-1559CC1A,CUST-00191,2026-06-29T12:44:00.723Z,191.44,PROCESSING
ORD-1786976374078-C0CF97EC,CUST-00853,2025-11-24T09:03:35.763Z,442.05,COMPLETED
ORD-1786976374078-3FF3545D,CUST-00861,2026-01-16T06:50:02.353Z,209.24,PROCESSING
ORD-1786976374078-30D58E64,CUST-00273,2026-07-08T18:18:39.761Z,335.93,SHIPPED
ORD-1786976374078-A6F9524E,CUST-00279,2025-04-03T15:21:42.644Z,324.57,PROCESSING
ORD-1786976374078-5DD4D878,CUST-00595,2025-01-06T16:38:28.068Z,364.34,PENDING
ORD-1786976374078-8C833790,CUST-00612,2026-01-27T13:24:40.486Z,92.96,PENDING
ORD-1786976374078-53C387B2,CUST-00453,2025-12-25T04:37:20.699Z,87.32,COMPLETED
ORD-1786976374078-C6211112,CUST-00379,2026-04-05T13:33:46.516Z,238.22,CANCELLED
ORD-1786976374078-B1D8AC9A,CUST-00214,2025-05-13T06:06:07.083Z,276.37,COMPLETED
ORD-1786976374078-6537BB74,CUST-00705,2025-01-30T15:16:20.135Z,41.90,CANCELLED
ORD-1786976374078-8D62E5ED,CUST-00062,2025-05-24T22:02:55.082Z,261.05,SHIPPED
ORD-1786976374078-5B2B12C9,CUST-00780,2025-06-18T05:44:38.363Z,508.82,PENDING
ORD-1786976374078-3C9337DA,CUST-00264,2025-08-03T19:53:28.154Z,473.56,PROCESSING
ORD-1786976374078-D5967029,CUST-00991,2026-06-29T03:34:29.934Z,112.36,PROCESSING
ORD-1786976374078-B1D748B3,CUST-00105,2026-03-09T11:07:45.934Z,445.53,PENDING
ORD-1786976374078-2FCA782C,CUST-00282,2026-01-24T05:31:15.198Z,174.69,SHIPPED
ORD-1786976374078-75AF82C1,CUST-00467,2025-06-07T04:01:12.226Z,455.55,PROCESSING
ORD-1786976374078-A10580AB,CUST-00671,2026-04-24T16:54:05.805Z,267.46,COMPLETED
ORD-1786976374078-5B637EED,CUST-00785,2025-06-29T12:05:20.992Z,252.28,PENDING
ORD-1786976374078-F3965E28,CUST-00600,2025-06-08T18:39:20.669Z,249.33,DELIVERED
ORD-1786976374078-9C1A22C8,CUST-00552,2025-06-21T09:16:11.500Z,411.43,PENDING
ORD-1786976374078-A57DB5B8,CUST-00782,2025-04-19T18:33:08.808Z,374.00,DELIVERED
ORD-1786976374078-713C3EDF,CUST-00584,2025-08-25T07:14:23.037Z,53.60,PROCESSING
ORD-1786976374078-107A1E4C,CUST-00720,2025-12-07T22:49:19.555Z,261.69,PROCESSING
ORD-1786976374078-4414FB35,CUST-00282,2025-06-21T05:07:00.459Z,66.49,DELIVERED
ORD-1786976374078-5010AF7B,CUST-00656,2025-03-21T22:51:39.680Z,89.65,PROCESSING
ORD-1786976374078-16FB8B61,CUST-00501,2025-04-07T00:45:01.680Z,336.38,DELIVERED
ORD-1786976374078-04355924,CUST-00417,2026-01-17T03:45:17.709Z,459.66,PENDING
ORD-1786976374078-78DC49B5,CUST-00413,2026-02-20T02:31:04.490Z,225.09,CANCELLED
ORD-1786976374078-0AB65B7F,CUST-00301,2025-03-03T04:50:12.472Z,390.80,DELIVERED
ORD-1786976374078-C334CA58,CUST-00243,2026-03-07T23:55:48.816Z,23.01,PROCESSING
ORD-1786976374078-DA198E6B,CUST-00018,2025-12-06T05:21:23.153Z,187.10,PENDING
ORD-1786976374078-9133B9D2,CUST-00280,2026-03-19T11:00:23.363Z,416.83,SHIPPED
ORD-1786976374078-DA967F16,CUST-00272,2025-02-01T14:36:20.246Z,274.14,SHIPPED
ORD-1786976374078-F987B6F0,CUST-00962,2026-04-19T13:23:48.998Z,418.86,SHIPPED
ORD-1786976374078-CAB0801B,CUST-00093,2026-01-29T18:34:29.698Z,26.51,SHIPPED
ORD-1786976374078-97073495,CUST-00615,2025-11-30T15:33:17.711Z,116.82,CANCELLED
ORD-1786976374078-C22DF468,CUST-00168,2026-05-16T06:47:15.528Z,96.90,SHIPPED
ORD-1786976374078-6D6C4FAF,CUST-00178,2025-10-08T09:21:50.341Z,108.82,DELIVERED
ORD-1786976374078-804E8EAF,CUST-00564,2026-06-08T05:30:52.624Z,181.94,SHIPPED
ORD-1786976374078-B12E12A9,CUST-00404,2026-08-12T12:01:16.455Z,186.29,PROCESSING
ORD-1786976374078-E5C7986E,CUST-00808,2025-06-20T09:49:05.306Z,264.34,CANCELLED
ORD-1786976374078-AFB935C8,CUST-00498,2025-02-13T18:45:01.632Z,143.24,COMPLETED
ORD-1786976374078-911152D7,CUST-00124,2025-04-13T05:26:36.770Z,358.62,CANCELLED
ORD-1786976374078-54FBC8AF,CUST-00489,2025-10-29T15:39:31.883Z,211.50,DELIVERED
ORD-1786976374078-3427F7C5,CUST-00912,2026-07-30T22:03:17.365Z,190.61,PROCESSING
ORD-1786976374079-DACE3ACB,CUST-00881,2026-02-26T23:37:19.699Z,261.76,SHIPPED
ORD-1786976374079-F5891FBF,CUST-00808,2025-06-16T02:57:01.464Z,413.96,CANCELLED
ORD-1786976374079-A083C683,CUST-00183,2026-03-05T15:16:39.481Z,31.84,DELIVERED
ORD-1786976374079-74D06C72,CUST-00842,2026-04-17T07:25:07.371Z,472.87,DELIVERED
ORD-1786976374079-6406966F,CUST-00243,2026-03-03T20:50:08.130Z,345.39,DELIVERED
ORD-1786976374079-A0757652,CUST-00494,2025-05-06T01:19:33.942Z,443.20,CANCELLED
ORD-1786976374079-61BB71B2,CUST-00489,2026-04-14T08:55:12.996Z,308.88,COMPLETED
ORD-1786976374079-549C0A61,CUST-00722,2025-07-13T23:50:51.279Z,205.45,COMPLETED
ORD-1786976374079-1275763E,CUST-00848,2026-06-30T04:48:31.123Z,72.75,DELIVERED
ORD-1786976374079-00262484,CUST-00241,2026-07-06T09:04:37.273Z,246.51,PROCESSING
ORD-1786976374079-466BAA37,CUST-00078,2025-06-27T23:16:42.996Z,378.34,SHIPPED
ORD-1786976374079-6BA33B76,CUST-00585,2025-11-17T19:56:50.669Z,33.96,COMPLETED
ORD-1786976374079-87990D24,CUST-00980,2025-09-08T09:02:17.040Z,45.44,COMPLETED
ORD-1786976374079-67A3A4A8,CUST-00639,2025-12-26T16:20:40.505Z,156.54,PENDING
ORD-1786976374079-D1CA0244,CUST-00775,2025-09-04T10:42:58.137Z,124.81,COMPLETED
ORD-1786976374079-D5EBD3CA,CUST-00733,2026-06-06T06:04:10.211Z,18.62,COMPLETED
ORD-1786976374079-4BCCED20,CUST-00115,2025-08-08T15:16:25.280Z,61.16,COMPLETED
ORD-1786976374079-007E83BA,CUST-00300,2025-08-26T05:20:22.344Z,220.69,SHIPPED
ORD-1786976374079-4FDD2128,CUST-00553,2025-12-15T17:39:18.431Z,146.02,DELIVERED
ORD-1786976374079-09C58159,CUST-00340,2025-06-26T13:16:36.784Z,420.54,DELIVERED
ORD-1786976374079-EB34BE1E,CUST-00725,2025-07-30T08:57:57.890Z,375.96,CANCELLED
ORD-1786976374079-7ECB4020,CUST-00032,2026-01-15T15:41:02.446Z,343.14,SHIPPED
ORD-1786976374079-835AD3E9,CUST-00411,2025-04-28T17:18:10.945Z,213.70,PROCESSING
ORD-1786976374079-3C16B338,CUST-00017,2026-04-24T06:28:48.262Z,482.34,COMPLETED
ORD-1786976374079-97590F63,CUST-00395,2025-03-10T06:09:02.165Z,431.17,PROCESSING
ORD-1786976374079-2A531A46,CUST-00704,2025-10-26T08:39:56.759Z,256.73,CANCELLED
ORD-1786976374079-2670332C,CUST-00628,2026-02-06T10:49:21.940Z,168.06,PROCESSING
ORD-1786976374079-0FDA299D,CUST-00076,2025-02-18T17:03:48.971Z,119.40,CANCELLED
ORD-1786976374079-D31719F4,CUST-00230,2025-05-08T21:14:47.959Z,51.88,DELIVERED
ORD-1786976374079-295EE31C,CUST-00001,2026-03-18T05:22:53.882Z,375.43,PROCESSING
ORD-1786976374079-C84EE38C,CUST-00383,2026-08-04T05:36:10.426Z,18.80,COMPLETED
ORD-1786976374079-5D7FBB5B,CUST-00073,2026-07-23T21:48:00.641Z,88.12,SHIPPED
ORD-1786976374079-15AAB7BF,CUST-00181,2025-04-25T04:29:29.476Z,184.53,PENDING
ORD-1786976374079-9DA6F962,CUST-00956,2026-04-22T23:12:45.024Z,192.43,PENDING
ORD-1786976374079-3850C809,CUST-00063,2025-01-04T10:20:06.242Z,505.93,DELIVERED
ORD-1786976374079-377E6E5D,CUST-00684,2025-10-14T15:24:38.817Z,85.55,DELIVERED
ORD-1786976374079-1FA7F19C,CUST-00694,2025-08-21T01:27:40.060Z,395.60,DELIVERED
ORD-1786976374079-58EA96B7,CUST-00247,2025-07-17T03:46:56.905Z,134.28,DELIVERED
ORD-1786976374079-49C55FFD,CUST-00802,2025-05-05T21:57:13.927Z,474.55,CANCELLED
ORD-1786976374079-A4DB70CB,CUST-00206,2025-07-19T00:29:15.510Z,235.81,PENDING
ORD-1786976374079-DF22FD43,CUST-00745,2026-05-05T03:57:02.460Z,230.94,COMPLETED
ORD-1786976374079-D4C69CD0,CUST-00320,2026-07-31T12:25:18.512Z,489.26,CANCELLED
ORD-1786976374079-3F565F31,CUST-00462,2025-12-10T18:34:58.441Z,179.84,DELIVERED
ORD-1786976374079-C6ED1A64,CUST-00698,2025-01-21T01:30:05.677Z,306.96,PROCESSING
ORD-1786976374079-7FC164D2,CUST-00737,2025-11-28T05:17:23.970Z,504.98,COMPLETED
ORD-1786976374079-52BF3989,CUST-00908,2026-01-30T21:34:48.316Z,353.71,CANCELLED
ORD-1786976374079-3717B95C,CUST-00650,2025-02-07T01:30:54.332Z,36.02,COMPLETED
ORD-1786976374079-9E83D4D3,CUST-00221,2025-09-29T23:04:15.908Z,495.42,COMPLETED
ORD-1786976374079-6014D6AD,CUST-00048,2025-05-28T09:32:23.104Z,23.94,DELIVERED
ORD-1786976374079-1C237E7D,CUST-00436,2025-02-21T11:39:22.803Z,30.60,DELIVERED
ORD-1786976374079-95EB1D6D,CUST-00077,2025-07-05T00:39:39.489Z,262.77,SHIPPED
ORD-1786976374079-733D83A5,CUST-00646,2025-10-01T01:32:23.752Z,218.20,CANCELLED
ORD-1786976374079-54642697,CUST-00433,2025-01-06T09:03:00.153Z,303.12,PENDING
ORD-1786976374079-C73331D0,CUST-00579,2025-11-24T19:56:22.267Z,283.64,SHIPPED
ORD-1786976374079-14AFBB41,CUST-00016,2025-12-09T11:00:54.751Z,163.74,PENDING
ORD-1786976374079-A73396A7,CUST-00551,2025-11-30T00:21:36.080Z,166.44,PROCESSING
ORD-1786976374079-3FAD66F3,CUST-00838,2026-07-23T08:36:29.677Z,35.70,CANCELLED
ORD-1786976374079-67B1B37C,CUST-00986,2026-05-30T00:10:24.036Z,402.15,COMPLETED
ORD-1786976374079-71D88153,CUST-00516,2026-01-12T10:36:34.933Z,462.83,SHIPPED
ORD-1786976374079-0CD5412A,CUST-00738,2025-09-24T10:19:36.213Z,482.37,SHIPPED
ORD-1786976374079-F0032F24,CUST-00558,2026-04-04T04:50:08.027Z,115.69,COMPLETED
ORD-1786976374079-B6F998F1,CUST-00840,2026-03-18T21:06:17.435Z,140.07,SHIPPED
ORD-1786976374079-D2816ECE,CUST-00672,2025-12-15T13:27:24.286Z,315.61,PENDING
ORD-1786976374079-9230FB3D,CUST-00381,2025-11-26T04:52:13.385Z,48.82,COMPLETED
ORD-1786976374079-FF5F073C,CUST-00573,2025-12-22T22:02:12.305Z,389.93,SHIPPED
ORD-1786976374079-48BCBE7C,CUST-00863,2025-05-19T16:50:41.581Z,172.65,PENDING
ORD-1786976374079-2D8A16A0,CUST-00724,2026-06-12T23:47:28.746Z,249.24,COMPLETED
ORD-1786976374079-E94B0695,CUST-00456,2025-12-29T14:31:11.071Z,454.34,PENDING
ORD-1786976374079-8EFFBCA5,CUST-00125,2026-08-13T06:55:37.847Z,346.32,PENDING
ORD-1786976374079-A2481117,CUST-00656,2025-04-19T12:55:36.088Z,215.46,DELIVERED
ORD-1786976374079-6AE7CD86,CUST-00224,2025-08-17T01:51:33.997Z,370.17,PROCESSING
ORD-1786976374079-DEB52408,CUST-00125,2025-03-09T05:07:42.880Z,50.72,PENDING
ORD-1786976374079-DA8F0F3D,CUST-00863,2026-02-22T20:28:22.308Z,12.51,SHIPPED
ORD-1786976374080-7B9A1572,CUST-00848,2025-06-11T05:25:12.264Z,383.90,CANCELLED
ORD-1786976374080-50F1FD06,CUST-00386,2026-06-24T11:12:49.476Z,39.30,PENDING
ORD-1786976374080-DF4A4BB9,CUST-00703,2025-06-25T07:51:48.113Z,127.94,PROCESSING
ORD-1786976374080-17A7FFF9,CUST-00579,2025-04-17T01:04:47.295Z,91.68,PENDING
ORD-1786976374080-10942D3C,CUST-00881,2026-07-17T04:56:49.465Z,218.89,COMPLETED
ORD-1786976374080-C15A62EC,CUST-00323,2025-05-03T10:39:56.645Z,158.87,PENDING
ORD-1786976374080-C29DB066,CUST-00910,2026-03-15T18:25:15.347Z,295.33,CANCELLED
ORD-1786976374080-048717D2,CUST-00966,2025-12-05T09:49:03.224Z,438.22,COMPLETED
ORD-1786976374080-DD55C73E,CUST-00330,2026-07-26T11:49:57.876Z,216.84,DELIVERED
ORD-1786976374080-63148189,CUST-00851,2025-09-05T11:53:26.318Z,96.08,DELIVERED
ORD-1786976374080-4181021F,CUST-00788,2025-06-20T15:03:29.685Z,406.83,PENDING
ORD-1786976374080-32AEE3B1,CUST-00929,2025-07-15T08:48:26.619Z,353.50,DELIVERED
ORD-1786976374080-FC4533CA,CUST-00853,2025-04-22T00:02:01.775Z,353.15,PENDING
ORD-1786976374080-BC27639E,CUST-00043,2025-10-19T14:47:54.310Z,147.11,SHIPPED
ORD-1786976374080-679F8586,CUST-00943,2026-01-21T11:19:26.536Z,319.85,CANCELLED
ORD-1786976374080-A15169B2,CUST-00409,2025-04-15T14:16:09.333Z,202.21,PROCESSING
ORD-1786976374080-A420CD41,CUST-00213,2025-02-20T22:34:45.796Z,351.31,PENDING
ORD-1786976374080-C58E4D80,CUST-00953,2025-12-08T06:16:46.309Z,79.12,PROCESSING
ORD-1786976374080-D902FA82,CUST-00132,2025-03-13T10:52:15.729Z,501.49,PENDING
ORD-1786976374080-6EAF53A3,CUST-00998,2025-07-05T07:21:19.243Z,284.98,PROCESSING
ORD-1786976374080-BA494451,CUST-00828,2025-03-01T23:38:03.686Z,274.36,CANCELLED
ORD-1786976374080-83ED9C4D,CUST-00604,2025-08-08T18:30:37.895Z,240.99,PENDING
ORD-1786976374080-1ACCC9CE,CUST-00021,2025-04-29T14:50:10.874Z,460.56,CANCELLED
ORD-1786976374080-A03BF049,CUST-00974,2025-09-21T17:58:29.958Z,476.68,SHIPPED
ORD-1786976374080-9C2B99ED,CUST-00989,2026-06-07T11:02:41.345Z,80.43,CANCELLED
ORD-1786976374080-A9495449,CUST-00440,2025-05-09T16:21:49.594Z,508.96,PENDING
ORD-1786976374080-8CA9CF55,CUST-00064,2025-11-18T13:06:56.675Z,416.01,PENDING
ORD-1786976374080-B478F7DD,CUST-00866,2025-10-01T15:51:24.198Z,311.38,CANCELLED
ORD-1786976374080-6288B760,CUST-00673,2026-04-19T08:10:23.779Z,15.55,PROCESSING
ORD-1786976374080-F0C4EC20,CUST-00131,2025-06-05T22:55:26.553Z,112.55,PENDING
ORD-1786976374080-94428038,CUST-00435,2025-04-28T14:30:23.946Z,57.18,PENDING
ORD-1786976374080-9BFFFA06,CUST-00830,2025-10-08T16:01:17.984Z,223.21,COMPLETED
ORD-1786976374080-34439C99,CUST-00662,2025-01-19T12:15:25.271Z,12.40,COMPLETED
ORD-1786976374080-2D19D6FF,CUST-00408,2025-11-23T22:32:10.453Z,420.58,SHIPPED
ORD-1786976374080-7CB811DB,CUST-00130,2025-12-25T06:33:17.762Z,423.31,COMPLETED
ORD-1786976374080-13F26483,CUST-00232,2025-08-04T09:39:41.994Z,451.61,DELIVERED
ORD-1786976374080-72224763,CUST-00454,2026-07-22T04:51:24.221Z,430.87,DELIVERED
ORD-1786976374080-CF9FBA57,CUST-00785,2025-12-23T19:42:57.180Z,168.49,COMPLETED
ORD-1786976374080-F5BBA970,CUST-00546,2026-01-30T14:37:56.356Z,492.57,CANCELLED
ORD-1786976374080-A3B5BED7,CUST-00086,2026-03-06T20:14:20.040Z,216.58,DELIVERED
ORD-1786976374080-8CA1DDB5,CUST-00200,2025-12-27T08:52:37.859Z,27.72,PROCESSING
ORD-1786976374080-43F37E20,CUST-00896,2026-07-28T17:34:08.251Z,30.74,PROCESSING
ORD-1786976374080-C87891C5,CUST-00768,2025-07-24T15:42:52.019Z,242.96,CANCELLED
ORD-1786976374080-E685E0B4,CUST-00818,2026-07-06T19:56:46.724Z,130.67,PROCESSING
ORD-1786976374080-205326D1,CUST-00165,2025-06-21T12:02:56.277Z,403.18,CANCELLED
ORD-1786976374080-741B07BE,CUST-00330,2025-04-12T21:50:01.843Z,470.95,CANCELLED
ORD-1786976374080-BA2E75E1,CUST-00487,2026-03-29T23:19:57.832Z,229.09,DELIVERED
ORD-1786976374080-1C808307,CUST-00684,2026-02-01T06:06:30.459Z,64.69,CANCELLED
ORD-1786976374080-4CC40DE2,CUST-00705,2026-03-25T05:24:01.292Z,250.63,SHIPPED
ORD-1786976374080-9D3C1817,CUST-00495,2025-11-11T05:50:43.221Z,413.26,COMPLETED
ORD-1786976374080-02247017,CUST-00786,2026-07-09T17:14:15.445Z,325.30,PROCESSING
ORD-1786976374080-396FC178,CUST-00313,2025-11-29T08:56:40.734Z,360.26,COMPLETED
ORD-1786976374080-6F9A5545,CUST-00770,2025-01-06T00:05:55.067Z,15.49,PROCESSING
ORD-1786976374080-893D7182,CUST-00743,2025-07-12T04:03:48.271Z,504.84,CANCELLED
ORD-1786976374080-52DDA737,CUST-00882,2025-07-01T15:47:10.171Z,187.15,SHIPPED
ORD-1786976374080-4D7C919D,CUST-00380,2025-10-02T04:27:47.651Z,338.56,SHIPPED
ORD-1786976374080-C69E5B43,CUST-00581,2026-04-26T10:24:17.301Z,12.24,DELIVERED
ORD-1786976374080-82932085,CUST-00085,2025-05-07T11:11:22.703Z,214.77,COMPLETED
ORD-1786976374080-2D491C07,CUST-00814,2025-04-03T23:16:53.562Z,470.59,CANCELLED
ORD-1786976374080-AD60AC89,CUST-00600,2026-04-19T20:25:36.148Z,287.73,PROCESSING
ORD-1786976374080-A7F1D87E,CUST-00219,2025-12-02T17:10:11.009Z,500.33,PROCESSING
ORD-1786976374080-393AA31B,CUST-00100,2026-04-04T21:17:34.074Z,389.13,SHIPPED
ORD-1786976374080-4F2B8DCC,CUST-00901,2026-05-25T12:13:24.010Z,485.70,COMPLETED
ORD-1786976374080-7D5EB155,CUST-00843,2025-11-22T23:49:13.524Z,217.70,CANCELLED
ORD-1786976374080-EE7A68B1,CUST-00531,2026-07-05T15:44:28.339Z,212.50,CANCELLED
ORD-1786976374080-2A3927C1,CUST-00897,2025-08-09T16:22:41.859Z,82.61,SHIPPED
ORD-1786976374080-A3E8C1EC,CUST-00537,2025-06-04T20:28:44.396Z,58.47,DELIVERED
ORD-1786976374080-83F981BF,CUST-00702,2025-03-01T15:01:28.204Z,99.94,COMPLETED
ORD-1786976374080-E26BED55,CUST-00256,2026-04-19T02:23:42.859Z,325.01,COMPLETED
ORD-1786976374080-FA057861,CUST-00023,2026-03-19T23:51:43.276Z,163.75,PENDING
ORD-1786976374080-2F275A19,CUST-00595,2025-03-07T12:08:41.882Z,202.32,PROCESSING
ORD-1786976374080-BAF39B4B,CUST-00995,2025-09-08T00:48:47.235Z,333.98,CANCELLED
ORD-1786976374080-3F40ECC7,CUST-00964,2025-04-05T17:04:13.370Z,23.42,DELIVERED
ORD-1786976374080-AD6151AC,CUST-00360,2025-12-20T14:49:37.521Z,413.92,COMPLETED
ORD-1786976374080-8A434ACC,CUST-00501,2025-05-09T05:40:02.244Z,505.28,PENDING
ORD-1786976374080-5EFE6D93,CUST-00762,2026-01-02T06:54:56.086Z,179.90,PROCESSING
ORD-1786976374080-57776F39,CUST-00045,2026-01-20T21:29:16.224Z,482.93,SHIPPED
ORD-1786976374080-8B6A6B7B,CUST-00165,2025-04-23T17:18:28.473Z,176.30,SHIPPED
ORD-1786976374080-04F05210,CUST-00978,2025-11-25T01:57:32.847Z,207.82,PENDING
ORD-1786976374080-114C8CD8,CUST-00836,2025-06-24T09:27:19.722Z,315.62,COMPLETED
ORD-1786976374080-F1E6D509,CUST-00388,2025-06-19T10:26:43.486Z,410.73,COMPLETED
ORD-1786976374080-553F7A52,CUST-00503,2025-09-03T04:45:58.572Z,212.47,SHIPPED
ORD-1786976374080-D6334540,CUST-00549,2026-01-03T08:54:27.098Z,104.39,PROCESSING
ORD-1786976374080-4534C2CA,CUST-00012,2025-09-22T18:31:19.388Z,450.74,DELIVERED
ORD-1786976374080-AF462BFC,CUST-00892,2026-03-13T13:35:55.874Z,33.99,COMPLETED
ORD-1786976374080-E1261CE2,CUST-00968,2026-03-13T22:18:57.508Z,249.61,DELIVERED
ORD-1786976374080-25B7BAF4,CUST-00837,2025-06-05T15:26:22.610Z,450.52,SHIPPED
ORD-1786976374080-26C37ADB,CUST-00838,2025-12-29T19:54:44.059Z,414.25,DELIVERED
ORD-1786976374080-4F9B167E,CUST-00077,2026-04-17T02:36:51.147Z,489.26,SHIPPED
ORD-1786976374080-618CB5B9,CUST-00420,2025-10-30T12:25:22.490Z,245.13,PENDING
ORD-1786976374080-23722CC4,CUST-00972,2026-03-21T11:23:41.347Z,35.15,COMPLETED
ORD-1786976374080-E4DC91DA,CUST-00498,2026-03-02T04:14:18.089Z,224.56,DELIVERED
ORD-1786976374080-D3C6ED26,CUST-00579,2025-07-08T01:17:25.244Z,357.57,SHIPPED
ORD-1786976374080-A6CE26B4,CUST-00036,2025-11-02T21:32:33.279Z,79.09,COMPLETED
ORD-1786976374080-84931B96,CUST-00123,2025-06-30T00:35:06.940Z,416.49,COMPLETED
ORD-1786976374080-AA98F4F3,CUST-00387,2025-07-31T21:53:14.503Z,494.49,PENDING
ORD-1786976374080-5835003D,CUST-00200,2025-10-22T17:14:13.063Z,381.06,PENDING
ORD-1786976374080-64916982,CUST-00097,2025-03-26T21:53:52.232Z,164.93,CANCELLED
ORD-1786976374080-6E2190C7,CUST-00786,2025-10-24T20:06:08.649Z,237.15,PROCESSING
ORD-1786976374080-962CA1B8,CUST-00168,2026-06-18T20:48:13.667Z,11.98,CANCELLED
ORD-1786976374080-B807EE98,CUST-00747,2025-04-04T03:22:19.581Z,325.06,PENDING
ORD-1786976374080-92FCCFDB,CUST-00320,2025-05-08T13:14:23.060Z,148.87,DELIVERED
ORD-1786976374080-785D4E7B,CUST-00010,2026-06-29T19:18:57.300Z,283.60,DELIVERED
ORD-1786976374080-5CE33759,CUST-00198,2025-01-17T19:18:21.469Z,239.84,COMPLETED
ORD-1786976374080-DE76044C,CUST-00804,2025-09-27T17:09:19.195Z,450.47,DELIVERED
ORD-1786976374080-E52A7CAA,CUST-00887,2025-10-02T07:09:30.144Z,428.54,PENDING
ORD-1786976374080-3AD4F67B,CUST-00642,2025-09-04T07:00:41.356Z,433.04,PROCESSING
ORD-1786976374080-18872D54,CUST-00195,2025-07-28T08:25:37.430Z,231.28,COMPLETED
ORD-1786976374080-80796BE0,CUST-00015,2025-06-29T01:37:47.844Z,148.69,PROCESSING
ORD-1786976374080-FAACEC9D,CUST-00894,2025-05-18T18:01:39.692Z,126.96,PROCESSING
ORD-1786976374080-0542A18D,CUST-00287,2025-02-22T18:53:11.116Z,363.40,PENDING
ORD-1786976374080-3127D701,CUST-00055,2026-07-31T01:37:40.277Z,392.08,SHIPPED
ORD-1786976374080-6EA5909E,CUST-00954,2025-11-12T20:26:36.825Z,13.40,SHIPPED
ORD-1786976374080-539C9147,CUST-00709,2025-06-18T07:13:21.585Z,196.14,COMPLETED
ORD-1786976374080-2E72B5A0,CUST-00537,2026-03-23T15:33:15.983Z,50.20,CANCELLED
ORD-1786976374080-96959469,CUST-00235,2025-03-28T16:57:16.972Z,432.49,COMPLETED
ORD-1786976374080-E786739A,CUST-00873,2025-08-10T15:16:10.925Z,110.30,CANCELLED
ORD-1786976374080-42309CF4,CUST-00707,2025-06-12T19:34:06.120Z,444.21,DELIVERED
ORD-1786976374080-0B32E327,CUST-00501,2025-05-15T00:19:33.963Z,147.05,PENDING
ORD-1786976374080-6CA38CC1,CUST-00898,2026-04-06T14:06:06.612Z,292.77,PENDING
ORD-1786976374080-B503D00B,CUST-00968,2026-05-20T17:30:04.456Z,69.26,CANCELLED
ORD-1786976374080-59280B86,CUST-00197,2025-06-22T22:56:56.285Z,34.71,COMPLETED
ORD-1786976374080-4B6A3BE1,CUST-00338,2026-01-30T21:34:42.379Z,27.63,DELIVERED
ORD-1786976374080-F8808A1B,CUST-00549,2025-08-23T03:29:13.739Z,82.37,COMPLETED
ORD-1786976374080-677F6AEA,CUST-00509,2025-10-27T09:15:55.034Z,280.79,PENDING
ORD-1786976374080-87F46BB3,CUST-00646,2026-05-25T23:00:27.155Z,246.61,COMPLETED
ORD-1786976374080-891255EA,CUST-00583,2025-05-03T14:49:26.334Z,97.34,DELIVERED
ORD-1786976374080-587E7B83,CUST-00479,2025-12-28T18:33:58.201Z,488.13,CANCELLED
ORD-1786976374080-31DF45BF,CUST-00818,2025-11-07T22:08:12.054Z,343.97,CANCELLED
ORD-1786976374080-83A4071A,CUST-00241,2026-08-09T16:47:30.467Z,274.89,PENDING
ORD-1786976374080-382E4BD1,CUST-00077,2025-01-09T14:08:12.658Z,260.37,COMPLETED
ORD-1786976374080-938CB3D6,CUST-00078,2026-04-29T12:43:20.189Z,252.73,DELIVERED
ORD-1786976374080-41ADF055,CUST-00577,2025-07-31T07:56:06.258Z,414.00,COMPLETED
ORD-1786976374080-7D423D1F,CUST-00198,2026-06-16T07:21:42.966Z,83.59,COMPLETED
ORD-1786976374080-AADB6ACB,CUST-00986,2025-06-26T23:22:35.737Z,433.44,PROCESSING
ORD-1786976374080-A1A93341,CUST-00239,2026-02-06T10:17:59.641Z,140.38,COMPLETED
ORD-1786976374080-F9192846,CUST-00910,2026-07-05T05:40:46.643Z,119.85,PENDING
ORD-1786976374080-89E43055,CUST-00775,2026-08-09T15:28:21.664Z,499.38,COMPLETED
ORD-1786976374080-CFA73DF1,CUST-00928,2025-04-24T04:34:40.269Z,218.81,PENDING
ORD-1786976374080-160E7D9B,CUST-00376,2026-03-30T22:21:42.081Z,40.00,PENDING
ORD-1786976374080-6DE036DB,CUST-00751,2026-01-13T12:51:37.402Z,447.79,DELIVERED
ORD-1786976374080-A9D5DD0D,CUST-00376,2026-03-17T21:55:59.908Z,328.23,COMPLETED
ORD-1786976374080-F855A8ED,CUST-00006,2025-05-23T16:17:36.205Z,174.72,PROCESSING
ORD-1786976374080-7F411605,CUST-00472,2026-04-18T08:06:28.480Z,293.99,DELIVERED
ORD-1786976374080-73D7A9E0,CUST-00088,2025-01-28T18:54:31.708Z,508.72,PENDING
ORD-1786976374080-FA002063,CUST-00306,2026-03-17T19:04:29.117Z,80.54,PENDING
ORD-1786976374080-85465F87,CUST-00781,2025-01-19T16:23:48.118Z,140.72,SHIPPED
ORD-1786976374080-24B6A89D,CUST-00216,2025-03-30T20:13:05.563Z,464.73,PENDING
ORD-1786976374080-1A417199,CUST-00935,2025-09-26T11:41:04.778Z,168.04,DELIVERED
ORD-1786976374080-9EAB9A40,CUST-00567,2025-08-20T16:23:54.314Z,80.08,COMPLETED
ORD-1786976374080-E6A62902,CUST-00029,2026-02-14T00:24:17.036Z,251.94,PENDING
ORD-1786976374080-C0C8DBA3,CUST-00920,2026-02-06T04:49:18.112Z,226.45,PENDING
ORD-1786976374080-7C8C6A6F,CUST-00764,2025-06-30T09:33:40.045Z,156.49,SHIPPED
ORD-1786976374080-8309DA1D,CUST-00010,2026-01-23T17:52:33.665Z,218.31,PROCESSING
ORD-1786976374080-276A88E8,CUST-00373,2025-10-11T21:36:10.790Z,304.72,DELIVERED
ORD-1786976374080-F0D62F05,CUST-00711,2026-03-31T14:50:15.291Z,478.19,COMPLETED
ORD-1786976374080-92EF1119,CUST-00687,2026-04-02T06:25:22.806Z,198.53,DELIVERED
ORD-1786976374080-B5403C96,CUST-00525,2025-01-22T00:03:56.702Z,297.40,PROCESSING
ORD-1786976374080-4A121CB4,CUST-00067,2025-01-12T23:14:44.443Z,312.77,CANCELLED
ORD-1786976374080-EA97A268,CUST-00180,2025-10-06T18:55:29.351Z,198.15,PENDING
ORD-1786976374080-F98470FF,CUST-00690,2025-05-26T01:09:40.810Z,508.66,CANCELLED
ORD-1786976374080-7C2D70A3,CUST-00556,2025-10-16T22:46:50.869Z,417.59,COMPLETED
ORD-1786976374080-4BDB11E8,CUST-00104,2025-08-01T14:02:39.383Z,414.02,CANCELLED
ORD-1786976374080-A99E1533,CUST-00479,2025-04-30T05:28:54.517Z,307.06,CANCELLED
ORD-1786976374080-B2609D5A,CUST-00397,2025-07-17T03:16:42.377Z,299.09,COMPLETED
ORD-1786976374080-6831D240,CUST-00239,2026-07-13T22:16:13.089Z,116.59,PROCESSING
ORD-1786976374080-E2F2F464,CUST-00822,2025-11-29T02:00:34.788Z,259.08,PENDING
ORD-1786976374080-34962549,CUST-00155,2025-03-20T07:28:19.517Z,393.14,DELIVERED
ORD-1786976374080-176B602F,CUST-00792,2026-07-07T01:08:58.501Z,86.25,CANCELLED
ORD-1786976374080-E787AD6B,CUST-00309,2025-08-10T19:15:31.533Z,373.95,COMPLETED
ORD-1786976374080-9FBDBE9C,CUST-00383,2026-08-02T14:46:22.628Z,104.81,SHIPPED
ORD-1786976374080-D7F585C8,CUST-00287,2025-12-29T02:51:20.150Z,235.01,PENDING
ORD-1786976374080-AC4C015D,CUST-00713,2026-04-27T10:30:30.813Z,360.73,DELIVERED
ORD-1786976374080-3E33E48C,CUST-00502,2025-08-02T07:35:12.699Z,413.95,PENDING
ORD-1786976374080-2D172AF4,CUST-00942,2025-03-24T14:33:44.338Z,235.18,DELIVERED
ORD-1786976374080-82B30D70,CUST-00885,2025-05-20T05:00:31.229Z,147.47,COMPLETED
ORD-1786976374080-B9969713,CUST-00609,2025-10-11T16:30:57.097Z,430.16,CANCELLED
ORD-1786976374080-9EE8E713,CUST-00234,2025-01-01T18:52:03.725Z,476.09,PENDING
ORD-1786976374080-E1603B53,CUST-00552,2026-02-08T04:40:02.804Z,151.74,SHIPPED
ORD-1786976374080-B5C994B3,CUST-00588,2025-03-11T13:55:16.651Z,228.83,PROCESSING
ORD-1786976374080-0563E3B6,CUST-00392,2025-03-28T10:58:27.830Z,49.70,CANCELLED
ORD-1786976374080-7170404F,CUST-00768,2025-12-25T14:05:04.028Z,73.98,PENDING
ORD-1786976374081-6132CE67,CUST-00871,2025-03-11T21:48:57.019Z,99.22,PROCESSING
ORD-1786976374081-0660D161,CUST-00392,2025-02-01T02:52:28.838Z,306.71,COMPLETED
ORD-1786976374081-BCF97AE4,CUST-00804,2026-03-06T15:57:28.139Z,357.28,DELIVERED
ORD-1786976374081-8EE43C5C,CUST-00792,2025-10-08T00:07:23.201Z,437.33,SHIPPED
ORD-1786976374081-00609988,CUST-00347,2025-01-12T02:02:12.069Z,354.23,DELIVERED
ORD-1786976374081-C87B9199,CUST-00801,2025-08-01T04:23:20.172Z,186.93,SHIPPED
ORD-1786976374081-54F880EA,CUST-00226,2025-09-11T01:14:39.688Z,484.53,CANCELLED
ORD-1786976374081-FE78E783,CUST-00192,2025-08-16T22:41:32.204Z,235.96,COMPLETED
ORD-1786976374081-F49AB81B,CUST-00436,2025-12-15T13:42:45.303Z,188.10,PROCESSING
ORD-1786976374081-CE8D56EA,CUST-00778,2025-03-17T03:28:22.353Z,417.47,PENDING
ORD-1786976374081-2487CBA7,CUST-00308,2026-06-09T17:27:00.874Z,367.48,CANCELLED
ORD-1786976374081-F4014D1A,CUST-00372,2026-05-08T01:01:24.741Z,391.36,PROCESSING
ORD-1786976374081-2AC8719D,CUST-00620,2025-11-13T08:27:55.397Z,312.78,SHIPPED
ORD-1786976374081-DB7BB778,CUST-00205,2026-06-27T13:48:50.007Z,399.45,SHIPPED
ORD-1786976374081-FCE9AAB2,CUST-00797,2025-08-04T07:36:48.079Z,366.42,PROCESSING
ORD-1786976374081-9C71367D,CUST-00235,2026-06-29T05:14:21.286Z,118.08,DELIVERED
ORD-1786976374081-DF41B69F,CUST-00979,2026-02-06T01:30:36.609Z,313.59,SHIPPED
ORD-1786976374081-3C56224D,CUST-00544,2026-03-02T15:02:39.358Z,190.91,PROCESSING
ORD-1786976374081-5502B2AD,CUST-00361,2025-05-01T08:48:20.933Z,462.04,COMPLETED
ORD-1786976374081-D9A72C17,CUST-00895,2025-05-13T22:56:47.336Z,47.57,SHIPPED
ORD-1786976374081-FF9C9011,CUST-00615,2026-04-12T10:56:05.019Z,389.00,COMPLETED
ORD-1786976374081-29B52B81,CUST-00767,2025-07-01T11:48:00.611Z,345.29,CANCELLED
ORD-1786976374081-91607360,CUST-00717,2025-03-30T10:31:56.343Z,502.12,COMPLETED
ORD-1786976374081-45449F5B,CUST-00830,2025-04-24T16:11:02.402Z,206.67,COMPLETED
ORD-1786976374081-082ABDFC,CUST-00810,2026-05-31T14:12:20.330Z,328.05,PENDING
ORD-1786976374081-47260F95,CUST-00543,2025-07-19T22:00:44.238Z,385.87,PROCESSING
ORD-1786976374081-0E2FAB60,CUST-00575,2025-10-18T06:02:58.460Z,202.31,COMPLETED
ORD-1786976374081-70F68DD9,CUST-00287,2025-12-02T00:22:00.927Z,53.55,COMPLETED
ORD-1786976374081-4E95F748,CUST-00518,2026-01-29T07:30:49.205Z,339.60,SHIPPED
ORD-1786976374081-BF7B940E,CUST-00263,2026-01-22T12:51:18.180Z,171.65,COMPLETED
ORD-1786976374081-97F697EF,CUST-00852,2025-01-27T05:09:43.437Z,348.02,DELIVERED
ORD-1786976374081-DFC0C04A,CUST-00801,2025-03-01T00:24:21.056Z,232.24,PROCESSING
ORD-1786976374081-2CC0DFF0,CUST-00161,2025-08-22T07:04:45.463Z,314.17,CANCELLED
ORD-1786976374081-98506DEA,CUST-00048,2026-06-16T00:05:20.893Z,465.96,COMPLETED
ORD-1786976374081-1A5C2E80,CUST-00339,2026-05-02T19:48:15.661Z,490.21,COMPLETED
ORD-1786976374081-9F964208,CUST-00043,2026-06-05T19:20:43.606Z,291.04,PROCESSING
ORD-1786976374081-D77B42B2,CUST-00878,2026-03-22T09:03:08.607Z,477.40,COMPLETED
ORD-1786976374081-ABC6A8F3,CUST-00285,2026-03-26T06:22:50.778Z,218.98,COMPLETED
ORD-1786976374081-8F9253D4,CUST-00760,2025-01-11T15:00:15.647Z,263.04,CANCELLED
ORD-1786976374081-276D7355,CUST-00460,2026-07-15T19:57:17.635Z,486.96,CANCELLED
ORD-1786976374081-DCAAD2D8,CUST-00156,2025-01-24T18:26:47.523Z,233.51,CANCELLED
ORD-1786976374081-0194B6A9,CUST-00138,2025-09-05T17:49:24.384Z,136.57,PROCESSING
ORD-1786976374081-AD65FD6C,CUST-00154,2025-01-23T23:16:38.401Z,461.61,COMPLETED
ORD-1786976374081-E575C95D,CUST-00038,2025-07-30T14:54:58.960Z,434.76,CANCELLED
ORD-1786976374081-37E45871,CUST-00236,2026-06-24T02:16:17.422Z,332.44,PENDING
ORD-1786976374081-118D9605,CUST-00507,2026-07-17T03:05:16.078Z,429.12,PENDING
ORD-1786976374081-86010B89,CUST-00503,2026-07-23T23:27:48.798Z,67.32,CANCELLED
ORD-1786976374081-5BC98049,CUST-00481,2026-04-29T10:55:09.053Z,387.55,COMPLETED
ORD-1786976374081-3B9FAAE4,CUST-00427,2025-09-08T16:37:20.698Z,272.40,DELIVERED
ORD-1786976374081-0B1B4455,CUST-00375,2025-05-09T16:38:22.233Z,40.38,COMPLETED
ORD-1786976374081-385FD911,CUST-00001,2025-02-07T01:39:02.275Z,296.15,PROCESSING
ORD-1786976374081-A0A30C00,CUST-00777,2025-09-25T02:47:12.397Z,303.68,PROCESSING
ORD-1786976374081-A60D3606,CUST-00446,2025-11-11T05:44:51.224Z,339.31,DELIVERED
ORD-1786976374081-384DC4CF,CUST-00022,2025-06-29T16:45:56.388Z,469.37,DELIVERED
ORD-1786976374081-3CCFF478,CUST-00445,2025-10-18T11:09:07.158Z,312.96,CANCELLED
ORD-1786976374081-18E64D8A,CUST-00227,2025-07-28T18:28:03.987Z,223.42,CANCELLED
ORD-1786976374081-C5B2F53F,CUST-00701,2025-12-28T06:01:15.281Z,421.14,COMPLETED
ORD-1786976374081-602B08E2,CUST-00349,2026-01-18T22:43:15.412Z,163.32,SHIPPED
ORD-1786976374081-5880790E,CUST-00766,2026-07-22T03:32:34.888Z,405.85,DELIVERED
ORD-1786976374081-35644B42,CUST-00435,2025-01-08T10:56:50.454Z,292.48,DELIVERED
ORD-1786976374081-0811BA71,CUST-00664,2026-04-14T06:43:54.404Z,163.68,SHIPPED
ORD-1786976374081-FA9D48B6,CUST-00613,2025-09-19T12:22:24.880Z,450.85,COMPLETED
ORD-1786976374081-0FC8E85B,CUST-00513,2025-05-17T03:53:48.114Z,427.21,SHIPPED
ORD-1786976374081-035A25A2,CUST-00791,2026-07-18T13:15:36.451Z,508.17,DELIVERED
ORD-1786976374081-08117CB0,CUST-00804,2026-01-28T00:35:57.102Z,101.19,DELIVERED
ORD-1786976374081-7A4E93C6,CUST-00525,2025-09-28T11:01:59.976Z,121.58,PENDING
ORD-1786976374081-0BDFCF65,CUST-00834,2026-05-03T12:58:01.681Z,283.59,SHIPPED
ORD-1786976374081-6CB2EBA3,CUST-00614,2026-03-29T02:35:08.431Z,197.68,COMPLETED
ORD-1786976374081-F012B064,CUST-00799,2026-03-05T23:07:55.632Z,61.97,CANCELLED
ORD-1786976374081-B2BE3835,CUST-00707,2025-06-08T00:08:35.151Z,26.55,COMPLETED
ORD-1786976374081-364735DC,CUST-00859,2026-07-06T05:42:48.022Z,293.52,DELIVERED
ORD-1786976374081-5832BD89,CUST-00860,2026-04-27T22:12:42.163Z,39.54,COMPLETED
ORD-1786976374081-BC6A7ED5,CUST-00192,2025-02-11T08:50:13.067Z,299.31,PROCESSING
ORD-1786976374081-25197343,CUST-00811,2025-05-26T23:06:41.036Z,186.25,CANCELLED
ORD-1786976374081-FE5C570C,CUST-00685,2025-08-04T00:02:26.809Z,470.17,CANCELLED
ORD-1786976374081-A35119A0,CUST-00138,2025-06-25T00:11:19.179Z,330.64,CANCELLED
ORD-1786976374081-E040CAB1,CUST-00406,2025-02-05T12:13:57.899Z,132.20,COMPLETED
ORD-1786976374081-4EEF54A7,CUST-00774,2025-12-10T13:58:42.957Z,127.81,DELIVERED
ORD-1786976374081-26840096,CUST-00416,2026-05-14T23:57:45.714Z,475.57,PROCESSING
ORD-1786976374081-01B6E960,CUST-00386,2025-01-21T21:38:23.637Z,11.39,SHIPPED
ORD-1786976374081-634EA4A2,CUST-00353,2025-11-19T02:45:26.661Z,301.74,SHIPPED
ORD-1786976374081-1E488C8B,CUST-00691,2025-11-22T07:21:34.989Z,29.69,CANCELLED
ORD-1786976374081-C393E6F7,CUST-00761,2025-07-04T00:15:45.636Z,400.46,SHIPPED
ORD-1786976374081-B163631D,CUST-00268,2025-07-10T18:00:59.296Z,287.93,COMPLETED
ORD-1786976374081-38A787F1,CUST-00150,2025-09-03T07:36:41.871Z,425.78,PENDING
ORD-1786976374081-C8C2F7E2,CUST-00985,2025-10-17T08:52:31.866Z,106.30,CANCELLED
ORD-1786976374081-3FE7E9AB,CUST-00408,2025-09-30T06:15:38.691Z,106.14,PROCESSING
ORD-1786976374081-A00664EF,CUST-00941,2025-05-01T10:47:42.983Z,28.39,COMPLETED
ORD-1786976374081-42AFB2A9,CUST-00761,2025-12-16T20:43:09.043Z,80.17,CANCELLED
ORD-1786976374081-522DCA83,CUST-00701,2025-03-16T03:13:32.847Z,298.89,PROCESSING
ORD-1786976374081-B3D90BB7,CUST-00429,2025-03-21T06:06:07.750Z,305.70,PROCESSING
ORD-1786976374081-EDF9D86B,CUST-00785,2025-06-27T11:45:30.655Z,53.72,CANCELLED
ORD-1786976374081-2C7C3A3B,CUST-00773,2026-04-13T17:13:22.590Z,21.14,SHIPPED
ORD-1786976374081-D12D0928,CUST-00858,2025-12-16T14:53:42.794Z,418.23,COMPLETED
ORD-1786976374081-2920E6E5,CUST-00128,2025-02-08T18:30:13.745Z,32.22,PROCESSING
ORD-1786976374081-3C735941,CUST-00781,2026-03-22T08:19:24.054Z,474.14,CANCELLED
ORD-1786976374081-5B7B54C7,CUST-00941,2025-08-03T14:15:49.637Z,138.71,CANCELLED
ORD-1786976374081-5345D1D9,CUST-00740,2025-01-11T15:19:20.529Z,239.87,COMPLETED
ORD-1786976374081-2027CD66,CUST-00235,2026-03-16T00:40:09.737Z,122.05,CANCELLED
ORD-1786976374081-9981541F,CUST-00475,2025-03-08T16:22:15.869Z,316.78,PENDING
ORD-1786976374081-06E4C25A,CUST-00692,2026-04-10T04:50:07.696Z,269.20,SHIPPED
ORD-1786976374081-B45BB702,CUST-00816,2026-06-03T21:42:42.434Z,169.17,DELIVERED
ORD-1786976374081-F4734C3F,CUST-00322,2026-07-01T21:12:24.028Z,254.34,CANCELLED
ORD-1786976374081-1DAC6AF7,CUST-00305,2025-11-24T22:27:22.169Z,315.24,COMPLETED
ORD-1786976374081-3872FF32,CUST-00052,2026-01-04T23:15:49.560Z,108.68,COMPLETED
ORD-1786976374081-77241607,CUST-00240,2025-10-25T08:10:10.893Z,172.93,PENDING
ORD-1786976374081-0538C265,CUST-00721,2025-07-24T10:28:22.810Z,397.25,CANCELLED
ORD-1786976374081-2DD53864,CUST-00736,2025-10-06T18:47:44.088Z,53.50,DELIVERED
ORD-1786976374081-2213851C,CUST-00317,2026-04-28T04:08:13.711Z,195.05,SHIPPED
ORD-1786976374081-58253F45,CUST-00801,2026-03-22T07:17:03.542Z,140.48,CANCELLED
ORD-1786976374081-02E745F0,CUST-00978,2025-06-12T05:52:25.495Z,94.13,DELIVERED
ORD-1786976374081-0A7A03E8,CUST-00114,2026-02-07T00:48:31.452Z,213.19,SHIPPED
ORD-1786976374081-3DF54222,CUST-00186,2026-03-09T09:42:11.278Z,103.76,PROCESSING
ORD-1786976374081-2E94F093,CUST-00348,2025-01-05T23:40:01.216Z,407.18,SHIPPED
ORD-1786976374081-4178E5C5,CUST-00106,2025-07-15T09:23:42.426Z,465.65,PENDING
ORD-1786976374081-A2D47E95,CUST-00371,2026-06-03T17:41:17.623Z,107.04,DELIVERED
ORD-1786976374081-68CBE510,CUST-00251,2026-05-16T19:18:21.107Z,195.37,COMPLETED
ORD-1786976374081-BD3C41FE,CUST-00600,2025-08-18T14:51:55.349Z,434.03,DELIVERED
ORD-1786976374081-BAAACEDA,CUST-00846,2025-11-03T23:16:19.449Z,54.05,DELIVERED
ORD-1786976374081-C8962D5C,CUST-00232,2026-01-02T23:50:39.884Z,312.06,COMPLETED
ORD-1786976374081-2BB93776,CUST-00081,2025-10-10T22:30:32.279Z,219.96,COMPLETED
ORD-1786976374081-C3C1A46F,CUST-00703,2025-05-30T01:30:31.694Z,70.16,PENDING
ORD-1786976374081-16FE6895,CUST-00456,2025-12-07T00:21:08.496Z,204.24,PENDING
ORD-1786976374081-60D6887A,CUST-00978,2025-11-10T13:50:27.927Z,336.23,PROCESSING
ORD-1786976374081-DC1BE660,CUST-00970,2026-04-25T13:45:13.284Z,401.51,SHIPPED
ORD-1786976374081-3ED05BDA,CUST-00880,2026-03-17T20:37:26.939Z,201.92,COMPLETED
ORD-1786976374081-CFC8ADBC,CUST-00866,2026-03-02T07:49:09.077Z,78.34,PROCESSING
ORD-1786976374081-B54572C4,CUST-00881,2025-04-15T00:42:49.970Z,277.69,CANCELLED
ORD-1786976374081-21674429,CUST-00865,2025-11-28T18:06:18.359Z,193.90,DELIVERED
ORD-1786976374081-F645C17A,CUST-00638,2025-09-12T02:51:19.832Z,122.28,CANCELLED
ORD-1786976374081-9872DB0E,CUST-00541,2026-06-19T04:01:05.919Z,305.24,CANCELLED
ORD-1786976374081-B72AACC4,CUST-00827,2025-10-23T07:21:19.894Z,454.27,PROCESSING
ORD-1786976374081-7C880FCC,CUST-00156,2025-05-11T03:24:16.765Z,377.02,SHIPPED
ORD-1786976374081-D38492D7,CUST-00744,2025-12-11T03:04:15.619Z,107.41,CANCELLED
ORD-1786976374081-B3406862,CUST-00545,2026-05-25T13:35:18.825Z,469.51,PENDING
ORD-1786976374081-902FF75B,CUST-00391,2025-04-29T03:23:52.391Z,16.12,COMPLETED
ORD-1786976374081-141069FB,CUST-00393,2025-01-09T01:44:16.105Z,456.71,DELIVERED
ORD-1786976374081-056FFC86,CUST-00662,2026-06-15T10:43:23.087Z,357.22,SHIPPED
ORD-1786976374081-2F661C2A,CUST-00686,2026-01-31T13:10:25.891Z,443.48,PENDING
ORD-1786976374081-A7EC6E2B,CUST-00476,2025-04-12T04:17:48.405Z,321.85,SHIPPED
ORD-1786976374081-D10B1BCE,CUST-00141,2025-08-04T05:16:06.626Z,320.02,PENDING
ORD-1786976374081-D8B6C0E4,CUST-00283,2026-05-24T18:08:47.142Z,342.08,DELIVERED
ORD-1786976374081-C38F19C7,CUST-00942,2026-07-13T10:41:35.676Z,494.92,COMPLETED
ORD-1786976374081-F1C24C9E,CUST-00413,2025-03-12T01:21:19.765Z,82.90,SHIPPED
ORD-1786976374081-CAC9E911,CUST-00801,2026-02-04T07:22:14.688Z,20.45,PENDING
ORD-1786976374081-DDC187B5,CUST-00436,2026-01-06T22:57:04.455Z,242.41,SHIPPED
ORD-1786976374081-D0853DAD,CUST-00414,2026-02-10T20:32:27.553Z,90.78,CANCELLED
ORD-1786976374081-8A76C059,CUST-00596,2025-04-03T07:52:48.164Z,128.98,COMPLETED
ORD-1786976374081-7F1606D1,CUST-00090,2025-10-25T08:26:57.514Z,214.59,SHIPPED
ORD-1786976374081-1C65B584,CUST-00220,2026-06-07T08:14:00.157Z,394.20,SHIPPED
ORD-1786976374081-39DC8E3A,CUST-00152,2026-05-11T21:14:14.542Z,492.38,PROCESSING
ORD-1786976374081-731DC478,CUST-00822,2026-04-28T17:27:50.156Z,60.36,SHIPPED
ORD-1786976374081-49B7C407,CUST-00494,2025-05-22T19:14:14.136Z,184.75,PROCESSING
ORD-1786976374081-1890B354,CUST-00476,2025-03-13T23:10:18.241Z,228.18,COMPLETED
ORD-1786976374081-4E0D8BAF,CUST-00260,2026-03-27T14:23:50.312Z,295.45,COMPLETED
ORD-1786976374081-4795BDF6,CUST-00290,2026-07-22T20:10:23.537Z,506.80,SHIPPED
ORD-1786976374081-B78675CC,CUST-00565,2026-05-24T20:06:08.126Z,470.21,PENDING
ORD-1786976374081-08C9DDB1,CUST-00084,2026-07-10T23:52:30.966Z,373.96,SHIPPED
ORD-1786976374081-968F4322,CUST-00784,2026-01-03T19:58:19.633Z,281.32,PROCESSING
ORD-1786976374081-A60042DC,CUST-00844,2025-11-23T15:43:30.506Z,204.39,COMPLETED
ORD-1786976374081-879D1921,CUST-00581,2026-08-02T19:35:20.103Z,500.15,DELIVERED
ORD-1786976374081-6A78B301,CUST-00075,2025-08-09T22:16:01.762Z,258.49,DELIVERED
ORD-1786976374081-AA55DF89,CUST-00216,2026-03-21T05:41:46.377Z,340.80,DELIVERED
ORD-1786976374081-360BD0DA,CUST-00961,2025-01-25T06:28:34.259Z,254.91,SHIPPED
ORD-1786976374081-9CC43E87,CUST-00444,2026-04-11T01:20:29.963Z,295.71,SHIPPED
ORD-1786976374081-D1BCBE21,CUST-00647,2026-03-20T02:52:52.141Z,435.65,SHIPPED
ORD-1786976374081-CEAC62E7,CUST-00291,2025-10-03T09:50:18.989Z,188.34,PENDING
ORD-1786976374081-D25486C1,CUST-00089,2025-04-02T23:00:40.793Z,100.08,COMPLETED
ORD-1786976374081-52A9F3CF,CUST-00868,2025-03-09T08:07:45.379Z,454.41,PROCESSING
ORD-1786976374081-E9DAE422,CUST-00134,2025-02-18T05:37:53.730Z,104.61,PROCESSING
ORD-1786976374081-2D472B48,CUST-00058,2026-04-26T22:51:29.154Z,426.86,DELIVERED
ORD-1786976374081-84B958FC,CUST-00767,2025-12-22T02:31:00.789Z,270.99,SHIPPED
ORD-1786976374081-DD18FB68,CUST-00962,2025-08-02T04:36:36.135Z,130.73,COMPLETED
ORD-1786976374081-86264FE2,CUST-00447,2025-05-21T11:34:25.717Z,116.73,CANCELLED
ORD-1786976374081-E7E65A98,CUST-00681,2026-03-27T11:54:48.797Z,437.94,CANCELLED
ORD-1786976374081-00D00659,CUST-00761,2025-07-22T19:52:51.012Z,121.77,DELIVERED
ORD-1786976374081-42F8C07A,CUST-00345,2025-05-28T21:07:39.229Z,237.23,SHIPPED
ORD-1786976374081-60F7DF66,CUST-00733,2025-06-14T18:42:41.867Z,387.94,COMPLETED
ORD-1786976374081-1934235D,CUST-00313,2025-05-12T19:58:36.496Z,311.67,PENDING
ORD-1786976374081-EA12B024,CUST-00926,2026-08-04T20:14:42.216Z,61.39,SHIPPED
ORD-1786976374081-4AF9BA5A,CUST-00989,2025-02-25T07:56:05.316Z,352.85,COMPLETED
ORD-1786976374081-6CE485A9,CUST-00026,2026-03-30T13:23:47.156Z,450.70,SHIPPED
ORD-1786976374081-FDD2D9CF,CUST-00187,2026-06-20T19:52:05.056Z,314.90,COMPLETED
ORD-1786976374081-0F6F0159,CUST-00526,2026-07-11T00:55:20.711Z,308.93,PENDING
ORD-1786976374081-001F283F,CUST-00713,2025-10-30T19:39:57.694Z,171.30,CANCELLED
ORD-1786976374081-CDA3AB81,CUST-00763,2025-09-21T06:27:42.128Z,432.79,DELIVERED
ORD-1786976374081-7DD077F0,CUST-00313,2026-03-26T07:05:36.433Z,131.50,CANCELLED
ORD-1786976374081-CBD61B97,CUST-00565,2025-01-05T04:23:17.995Z,351.94,CANCELLED
ORD-1786976374081-5CD73A3F,CUST-00412,2026-01-31T15:52:56.387Z,452.61,DELIVERED
ORD-1786976374081-085A81DF,CUST-00879,2025-12-20T00:23:02.780Z,450.71,PROCESSING
ORD-1786976374081-B120DBF2,CUST-00792,2025-12-21T03:47:40.897Z,138.48,CANCELLED
ORD-1786976374081-ACF3FC31,CUST-00230,2025-04-08T20:46:39.313Z,255.30,COMPLETED
ORD-1786976374081-15430475,CUST-00332,2026-05-22T18:00:28.263Z,358.00,PROCESSING
ORD-1786976374081-ECA5AA45,CUST-00543,2025-03-05T15:38:33.637Z,171.71,PROCESSING
ORD-1786976374081-D1E0D5DB,CUST-00483,2025-10-20T17:11:37.881Z,126.99,SHIPPED
ORD-1786976374081-6E91DC5D,CUST-00415,2025-08-13T19:14:42.667Z,74.06,PROCESSING
ORD-1786976374081-A1CA74C6,CUST-00787,2025-08-24T20:32:32.195Z,432.42,PROCESSING
ORD-1786976374082-22BE596F,CUST-00879,2025-12-04T08:51:41.866Z,419.03,DELIVERED
ORD-1786976374082-BE565F3A,CUST-00009,2026-08-05T08:07:01.487Z,392.96,PROCESSING
ORD-1786976374082-94624B49,CUST-00227,2026-08-11T12:08:43.134Z,241.47,CANCELLED
ORD-1786976374082-066FA968,CUST-00898,2025-12-03T02:13:48.767Z,178.47,SHIPPED
ORD-1786976374082-616BF19C,CUST-00904,2025-07-09T23:23:08.687Z,439.99,COMPLETED
ORD-1786976374082-0B81939C,CUST-00916,2025-10-19T03:58:51.312Z,406.14,PENDING
ORD-1786976374082-B634DE95,CUST-00651,2026-03-02T21:58:04.294Z,45.83,COMPLETED
ORD-1786976374082-D7311273,CUST-00442,2025-04-19T07:52:00.317Z,186.19,SHIPPED
ORD-1786976374082-5C9282C7,CUST-00665,2026-06-10T08:10:19.646Z,354.01,COMPLETED
ORD-1786976374082-E8ED7A5A,CUST-00102,2026-07-03T10:33:24.618Z,282.64,CANCELLED
ORD-1786976374082-FB5BB091,CUST-00676,2026-05-07T10:33:35.027Z,328.28,CANCELLED
ORD-1786976374082-6B2E9371,CUST-00887,2026-05-17T17:59:48.995Z,133.78,CANCELLED
ORD-1786976374082-6D471D32,CUST-00099,2025-06-16T21:16:51.128Z,198.41,PENDING
ORD-1786976374082-034C7312,CUST-00478,2025-10-31T18:22:25.785Z,240.87,SHIPPED
ORD-1786976374082-44389626,CUST-00414,2025-04-19T05:04:18.788Z,186.16,CANCELLED
ORD-1786976374082-C42114E6,CUST-00134,2025-12-16T22:28:31.045Z,475.93,PROCESSING
ORD-1786976374082-B575CEDE,CUST-00933,2025-10-13T01:52:28.643Z,298.57,COMPLETED
ORD-1786976374082-0C5084FD,CUST-00143,2026-05-06T14:21:24.822Z,349.77,PENDING
ORD-1786976374082-3CE30146,CUST-00840,2026-08-07T20:08:27.377Z,38.98,PENDING
ORD-1786976374082-4FE79906,CUST-00023,2025-05-28T06:24:21.420Z,359.28,PROCESSING
ORD-1786976374082-5DF27DAA,CUST-00131,2026-06-05T21:20:41.365Z,65.57,DELIVERED
ORD-1786976374082-9F98AF20,CUST-00346,2025-02-03T06:01:31.183Z,478.48,DELIVERED
ORD-1786976374082-556CCB11,CUST-00775,2025-07-18T07:03:43.722Z,305.01,PENDING
ORD-1786976374082-10AF5435,CUST-00053,2026-08-03T14:24:27.685Z,154.61,PENDING
ORD-1786976374082-ED69CEDF,CUST-00353,2026-08-10T06:41:52.825Z,90.60,PROCESSING
ORD-1786976374082-449F0CE2,CUST-00229,2026-01-22T15:44:58.352Z,243.37,DELIVERED
ORD-1786976374082-8BE04BA4,CUST-00722,2026-07-27T22:13:19.900Z,388.23,CANCELLED
ORD-1786976374082-328826D4,CUST-00308,2025-10-19T09:33:38.425Z,276.16,CANCELLED
ORD-1786976374082-90A83BE0,CUST-00532,2025-06-25T19:00:18.609Z,18.64,PENDING
ORD-1786976374082-B7ADAC30,CUST-00613,2026-04-11T20:49:25.741Z,323.98,SHIPPED
ORD-1786976374082-60D742FF,CUST-00198,2026-04-09T03:08:21.772Z,483.12,PENDING
ORD-1786976374082-45B3FB91,CUST-00788,2025-06-29T20:32:38.691Z,446.19,PENDING
ORD-1786976374082-EC5518CB,CUST-00066,2025-04-01T05:01:01.288Z,115.52,PROCESSING
ORD-1786976374082-A752E713,CUST-00383,2026-02-08T16:28:35.572Z,24.15,PENDING
ORD-1786976374082-904B0725,CUST-00164,2026-04-21T02:49:06.632Z,103.79,PROCESSING
ORD-1786976374082-76D22B09,CUST-00969,2026-07-06T11:54:24.706Z,400.03,SHIPPED
ORD-1786976374082-7011EC68,CUST-00663,2025-03-15T06:04:27.877Z,160.17,PENDING
ORD-1786976374082-F9EAD3BC,CUST-00896,2026-03-25T17:02:44.458Z,17.06,SHIPPED
ORD-1786976374082-54832616,CUST-00247,2026-06-23T03:56:31.347Z,424.37,COMPLETED
ORD-1786976374082-A5408766,CUST-00383,2026-05-31T15:29:30.233Z,174.38,PROCESSING
ORD-1786976374082-7B945081,CUST-00801,2025-09-10T23:56:02.492Z,333.92,CANCELLED
ORD-1786976374082-2FA243F5,CUST-00520,2025-04-25T07:53:22.573Z,436.78,COMPLETED
ORD-1786976374082-FA08F671,CUST-00583,2025-06-19T06:15:32.879Z,500.84,COMPLETED
ORD-1786976374082-212E5896,CUST-00334,2025-08-30T21:22:31.939Z,277.50,CANCELLED
ORD-1786976374082-15660BF9,CUST-00196,2025-04-03T09:01:25.342Z,319.50,CANCELLED
ORD-1786976374082-DD0A25BF,CUST-00217,2026-02-15T09:56:56.402Z,213.88,PROCESSING
ORD-1786976374082-52533B21,CUST-00026,2026-05-31T15:53:39.710Z,151.28,DELIVERED
ORD-1786976374082-2097F61A,CUST-01000,2026-07-09T20:46:37.795Z,110.04,DELIVERED
ORD-1786976374082-A8758530,CUST-00357,2025-03-07T09:04:29.669Z,408.40,PENDING
ORD-1786976374082-887446A2,CUST-00745,2026-05-20T02:41:45.831Z,409.22,SHIPPED
ORD-1786976374082-4EA2BE74,CUST-00203,2026-01-17T10:45:35.081Z,414.15,COMPLETED
ORD-1786976374082-5E4A73B9,CUST-00702,2026-04-08T01:22:36.477Z,128.06,SHIPPED
ORD-1786976374082-83035F40,CUST-00602,2025-05-12T17:58:08.678Z,285.84,PENDING
ORD-1786976374082-F2FA1956,CUST-00667,2025-06-15T17:20:40.300Z,322.07,CANCELLED
ORD-1786976374082-1518F7C5,CUST-00494,2026-05-21T21:49:59.027Z,482.92,CANCELLED
ORD-1786976374082-F8F88483,CUST-00984,2025-06-07T16:46:02.572Z,388.59,COMPLETED
ORD-1786976374082-FE42A759,CUST-00448,2025-01-01T13:33:52.534Z,474.34,PROCESSING
ORD-1786976374082-9EC7BD89,CUST-00739,2025-04-27T15:11:40.969Z,317.80,COMPLETED
ORD-1786976374082-CB044418,CUST-00617,2026-02-21T14:15:05.155Z,101.07,SHIPPED
ORD-1786976374082-1A98C952,CUST-00115,2026-06-08T05:19:47.876Z,93.20,DELIVERED
ORD-1786976374082-A48A515F,CUST-00725,2025-01-08T07:40:17.256Z,454.86,CANCELLED
ORD-1786976374082-395196D1,CUST-00223,2025-12-12T06:56:33.000Z,408.06,PENDING
ORD-1786976374082-B31569C4,CUST-00129,2025-01-29T06:59:14.452Z,97.68,CANCELLED
ORD-1786976374082-2332E79C,CUST-00048,2026-04-17T18:00:17.386Z,239.98,SHIPPED
ORD-1786976374082-DBE36DA5,CUST-00911,2025-06-18T12:33:03.661Z,64.35,COMPLETED
ORD-1786976374082-97FBAA99,CUST-00638,2025-10-03T06:51:37.122Z,235.23,CANCELLED
ORD-1786976374082-E0F24F53,CUST-00021,2026-07-20T20:14:49.902Z,378.69,COMPLETED
ORD-1786976374082-B8DE5539,CUST-00876,2026-08-13T16:51:28.768Z,95.15,PENDING
ORD-1786976374082-A2E6FA5F,CUST-00551,2026-02-10T15:04:18.762Z,245.05,CANCELLED
ORD-1786976374082-B01EA00D,CUST-00883,2026-01-24T19:59:21.621Z,132.15,SHIPPED
ORD-1786976374082-11CA6D45,CUST-00608,2026-08-12T05:10:20.390Z,163.54,COMPLETED
ORD-1786976374082-4BA6E51B,CUST-00234,2026-02-14T11:22:01.108Z,293.68,PROCESSING
ORD-1786976374082-AB45AC1D,CUST-00880,2026-05-10T17:50:38.604Z,165.95,SHIPPED
ORD-1786976374082-E4F24E1C,CUST-00801,2025-10-23T04:58:03.278Z,440.17,PENDING
ORD-1786976374082-B2636C1D,CUST-00055,2026-01-24T17:53:32.892Z,53.43,CANCELLED
ORD-1786976374082-D8B985FA,CUST-00122,2026-05-09T11:32:28.910Z,165.51,PROCESSING
ORD-1786976374082-B47A7D53,CUST-00240,2025-04-09T19:27:32.989Z,329.06,CANCELLED
ORD-1786976374082-F9C80467,CUST-00330,2026-03-29T02:42:26.632Z,220.48,COMPLETED
ORD-1786976374082-00B7F050,CUST-00947,2025-08-16T16:04:33.172Z,434.73,DELIVERED
ORD-1786976374082-FA4F063C,CUST-00970,2025-09-26T22:42:16.026Z,367.58,CANCELLED
ORD-1786976374082-8246C96A,CUST-00575,2025-02-16T20:33:55.253Z,231.56,SHIPPED
ORD-1786976374082-D06D7995,CUST-00046,2025-07-20T12:24:49.747Z,428.53,DELIVERED
ORD-1786976374082-F2C88351,CUST-00855,2025-07-04T03:21:32.073Z,201.49,COMPLETED
ORD-1786976374082-568DF3CC,CUST-00610,2025-02-10T02:09:02.667Z,280.47,COMPLETED
ORD-1786976374082-19134724,CUST-00366,2025-07-21T04:02:15.065Z,288.52,PROCESSING
ORD-1786976374082-F1593114,CUST-00881,2025-12-28T01:16:58.163Z,497.33,SHIPPED
ORD-1786976374082-BAF148B2,CUST-00517,2026-05-11T01:25:59.799Z,211.77,SHIPPED
ORD-1786976374082-7D2627C5,CUST-00724,2025-01-19T10:55:23.886Z,34.00,PROCESSING
ORD-1786976374082-E72B321D,CUST-00291,2026-02-13T02:57:06.849Z,508.55,PROCESSING
ORD-1786976374082-96771387,CUST-00285,2026-05-14T12:56:07.547Z,142.20,PROCESSING
ORD-1786976374082-45CF8621,CUST-00683,2026-05-26T12:01:15.189Z,324.76,SHIPPED
ORD-1786976374082-BAAD0CA2,CUST-00444,2026-02-26T23:33:46.227Z,16.64,CANCELLED
ORD-1786976374082-B5E70115,CUST-00572,2026-04-08T23:33:01.054Z,214.07,SHIPPED
ORD-1786976374082-A6701E35,CUST-00114,2025-02-13T14:45:39.474Z,402.63,SHIPPED
ORD-1786976374082-46419395,CUST-00445,2025-08-06T12:06:24.729Z,423.29,SHIPPED
ORD-1786976374082-9C49FD44,CUST-00714,2025-03-05T14:29:49.270Z,218.09,PROCESSING
ORD-1786976374082-4E703A93,CUST-00314,2026-03-12T17:58:32.499Z,191.95,COMPLETED
ORD-1786976374082-264435BF,CUST-00996,2025-03-01T17:33:48.688Z,254.90,SHIPPED
ORD-1786976374082-A406982B,CUST-00969,2026-06-29T06:17:46.016Z,385.18,PROCESSING
ORD-1786976374082-CB59C689,CUST-00329,2026-03-04T07:31:42.002Z,68.08,COMPLETED
ORD-1786976374082-D40D6D6F,CUST-00246,2026-05-02T15:26:42.725Z,390.23,SHIPPED
ORD-1786976374082-1CDCD41A,CUST-00614,2026-02-09T08:09:40.727Z,489.17,CANCELLED
ORD-1786976374082-B23678AF,CUST-00289,2025-08-20T05:54:38.580Z,171.80,PROCESSING
ORD-1786976374082-E12826AC,CUST-00017,2026-02-05T19:41:57.320Z,101.53,DELIVERED
ORD-1786976374082-4E966913,CUST-00725,2025-12-05T05:58:39.719Z,477.31,PROCESSING
ORD-1786976374082-4A368B72,CUST-00697,2025-02-17T01:48:14.926Z,157.73,CANCELLED
ORD-1786976374082-21115439,CUST-00036,2025-12-26T12:30:14.435Z,79.38,PENDING
ORD-1786976374082-056A6906,CUST-00008,2026-07-26T11:24:25.983Z,128.91,CANCELLED
ORD-1786976374082-8AAA484C,CUST-00287,2025-04-17T17:08:19.948Z,334.71,DELIVERED
ORD-1786976374082-16B7C609,CUST-00178,2025-05-24T18:43:34.470Z,372.93,CANCELLED
ORD-1786976374082-41E1AF12,CUST-00616,2025-06-01T16:27:56.696Z,185.43,SHIPPED
ORD-1786976374082-B196062B,CUST-00278,2025-04-12T16:37:14.245Z,426.40,DELIVERED
ORD-1786976374082-8E59F279,CUST-00561,2025-09-29T12:46:29.917Z,170.47,COMPLETED
ORD-1786976374082-F6BCCF1D,CUST-00976,2026-08-13T05:38:33.184Z,401.81,PENDING
ORD-1786976374082-90EE7A1D,CUST-00720,2025-10-07T13:27:24.648Z,491.18,CANCELLED
ORD-1786976374082-1816EA61,CUST-00199,2026-01-23T04:21:02.998Z,31.06,SHIPPED
ORD-1786976374082-958F72A8,CUST-00662,2026-03-17T03:37:16.993Z,106.36,SHIPPED
ORD-1786976374082-CA89DB95,CUST-00773,2025-09-14T15:21:28.529Z,64.93,CANCELLED
ORD-1786976374082-A3CB8162,CUST-00081,2026-06-06T18:43:46.694Z,99.57,COMPLETED
ORD-1786976374082-F09E7EC7,CUST-00671,2026-04-13T05:01:35.113Z,79.11,DELIVERED
ORD-1786976374082-7AF5B060,CUST-00585,2025-05-14T11:30:25.684Z,280.63,SHIPPED
ORD-1786976374082-641783EB,CUST-00419,2026-07-07T13:05:00.793Z,448.90,DELIVERED
ORD-1786976374082-9F0C6D22,CUST-00225,2026-03-07T22:55:45.796Z,250.32,PROCESSING
ORD-1786976374082-F9FAE81C,CUST-00328,2026-02-19T23:30:13.546Z,196.91,DELIVERED
ORD-1786976374082-D3D78903,CUST-00588,2026-02-13T22:34:51.468Z,365.14,PENDING
ORD-1786976374082-66BADA20,CUST-00250,2026-07-17T20:39:29.517Z,186.09,COMPLETED
ORD-1786976374082-0D985D5B,CUST-00285,2025-12-27T08:53:49.904Z,245.38,SHIPPED
ORD-1786976374082-8EB4B603,CUST-00150,2025-04-12T02:03:51.691Z,436.77,SHIPPED
ORD-1786976374082-55A19AA8,CUST-00268,2025-04-25T11:57:39.767Z,490.16,PENDING
ORD-1786976374082-41DD8B66,CUST-00016,2026-02-01T08:10:04.175Z,302.55,CANCELLED
ORD-1786976374082-33786459,CUST-00701,2026-06-18T17:09:16.472Z,478.69,SHIPPED
ORD-1786976374082-D230AFBA,CUST-00709,2025-11-17T10:28:55.754Z,61.76,PENDING
ORD-1786976374082-E9F0AF89,CUST-00191,2025-05-09T04:58:16.600Z,170.12,COMPLETED
ORD-1786976374082-2C73A8C3,CUST-00145,2025-05-29T19:37:43.151Z,173.92,CANCELLED
ORD-1786976374082-CDD0EE32,CUST-00883,2026-03-31T04:27:56.002Z,509.45,PENDING
ORD-1786976374082-F29DCE62,CUST-00380,2025-10-25T00:01:55.897Z,504.28,DELIVERED
ORD-1786976374082-FDB0F200,CUST-00785,2025-05-28T21:10:08.759Z,349.77,DELIVERED
ORD-1786976374082-6EB73C48,CUST-00982,2025-06-20T22:19:19.717Z,151.26,PENDING
ORD-1786976374082-7A63E629,CUST-00001,2026-03-15T15:08:28.798Z,314.17,PROCESSING
ORD-1786976374082-0050FD53,CUST-00588,2026-01-01T05:55:42.933Z,476.02,COMPLETED
ORD-1786976374082-2E0B309C,CUST-00914,2025-03-17T08:57:50.454Z,392.96,CANCELLED
ORD-1786976374082-5DF2E4D9,CUST-00321,2025-12-02T16:24:44.311Z,251.18,CANCELLED
ORD-1786976374082-FF4D1A90,CUST-00619,2026-01-20T14:44:48.790Z,318.50,CANCELLED
ORD-1786976374082-4AD15C11,CUST-00783,2025-09-13T20:39:04.540Z,101.64,DELIVERED
ORD-1786976374082-AC794F83,CUST-00933,2025-11-25T08:44:37.589Z,181.05,PROCESSING
ORD-1786976374082-E1CD1936,CUST-00686,2026-02-18T10:19:40.524Z,117.78,DELIVERED
ORD-1786976374082-68B21E1F,CUST-00623,2025-05-09T23:53:37.341Z,382.47,DELIVERED
ORD-1786976374082-7A4FDBF7,CUST-00182,2025-11-12T11:36:07.136Z,470.12,PROCESSING
ORD-1786976374082-CE5AC3F4,CUST-00254,2026-07-03T23:23:29.745Z,451.38,DELIVERED
ORD-1786976374082-99F7FADB,CUST-00311,2025-11-25T15:57:58.121Z,109.48,COMPLETED
ORD-1786976374082-65E6D0BF,CUST-00187,2025-10-29T10:07:49.920Z,168.78,DELIVERED
ORD-1786976374082-F8C54166,CUST-00331,2026-04-13T02:30:00.973Z,489.01,PENDING
ORD-1786976374082-5115DFCF,CUST-00156,2025-12-05T13:52:55.025Z,348.18,DELIVERED
ORD-1786976374082-B3221513,CUST-00462,2025-10-07T17:29:15.811Z,269.59,PROCESSING
ORD-1786976374082-7F999016,CUST-00944,2026-02-24T15:55:30.122Z,215.31,PENDING
ORD-1786976374082-84082CB9,CUST-00555,2026-07-28T15:54:46.144Z,494.71,COMPLETED
ORD-1786976374082-B45329FE,CUST-00448,2026-07-12T00:05:48.155Z,95.70,DELIVERED
ORD-1786976374082-32C753FD,CUST-00120,2026-03-22T22:39:07.332Z,133.95,DELIVERED
ORD-1786976374082-95D537E9,CUST-00975,2025-08-19T21:53:36.397Z,47.33,PENDING
ORD-1786976374082-FCCDABEB,CUST-00920,2026-08-10T13:33:11.209Z,349.07,DELIVERED
ORD-1786976374082-5EBB72E9,CUST-00135,2026-08-01T13:04:00.909Z,352.23,DELIVERED
ORD-1786976374082-4F4E03A3,CUST-00581,2026-05-02T12:00:08.664Z,23.81,PROCESSING
ORD-1786976374082-1BEC403F,CUST-00322,2026-01-24T12:20:07.638Z,53.23,CANCELLED
ORD-1786976374082-17D5678B,CUST-00962,2026-01-07T20:53:36.437Z,251.46,COMPLETED
ORD-1786976374082-AB9F6B34,CUST-00379,2026-07-22T08:13:45.069Z,98.67,COMPLETED
ORD-1786976374082-DA5C67D7,CUST-00085,2025-03-15T13:10:48.282Z,347.96,DELIVERED
ORD-1786976374082-21BFEE77,CUST-00250,2026-02-06T13:11:16.623Z,135.47,CANCELLED
ORD-1786976374082-94009B2E,CUST-00893,2025-10-29T23:04:14.000Z,395.79,CANCELLED
ORD-1786976374082-BDD19D5C,CUST-00178,2026-02-14T15:42:10.595Z,29.38,CANCELLED
ORD-1786976374082-98646AB7,CUST-00296,2025-11-25T02:40:10.345Z,263.56,PROCESSING
ORD-1786976374082-ED2286D8,CUST-00612,2025-11-22T11:17:00.529Z,164.33,CANCELLED
ORD-1786976374082-D5B001EC,CUST-00066,2025-04-28T19:35:48.620Z,375.25,CANCELLED
ORD-1786976374082-3C1253A9,CUST-00392,2026-04-10T17:47:18.132Z,226.89,DELIVERED
ORD-1786976374082-E922C1F1,CUST-00168,2026-03-15T16:21:58.631Z,464.67,PROCESSING
ORD-1786976374082-2844F513,CUST-00276,2025-12-17T01:11:39.961Z,367.91,COMPLETED
ORD-1786976374082-7B313383,CUST-00455,2025-12-06T23:55:30.912Z,211.58,CANCELLED
ORD-1786976374082-CE2CF849,CUST-00439,2026-06-07T15:25:42.822Z,291.27,DELIVERED
ORD-1786976374082-3A39A836,CUST-00723,2025-07-29T05:44:52.584Z,306.80,COMPLETED
ORD-1786976374082-080280E9,CUST-00971,2026-05-27T03:54:10.498Z,452.57,CANCELLED
ORD-1786976374082-4618EE58,CUST-00024,2026-01-07T00:14:35.952Z,431.92,COMPLETED
ORD-1786976374082-0017C5DF,CUST-00791,2026-02-25T12:50:24.883Z,164.87,CANCELLED
ORD-1786976374082-09CCF053,CUST-00239,2025-01-20T06:29:59.142Z,21.77,SHIPPED
ORD-1786976374082-C9D024B7,CUST-00742,2026-06-29T00:37:46.682Z,255.75,DELIVERED
ORD-1786976374082-FD93F663,CUST-00241,2025-03-25T15:45:20.478Z,87.64,SHIPPED
ORD-1786976374082-81896513,CUST-00593,2025-10-12T02:28:35.714Z,109.42,COMPLETED
ORD-1786976374082-DB6A7698,CUST-00318,2026-01-10T14:58:57.304Z,222.54,SHIPPED
ORD-1786976374082-C2413C9E,CUST-00216,2026-07-29T23:07:59.522Z,120.94,DELIVERED
ORD-1786976374082-9C3DCAB0,CUST-00911,2026-06-21T20:36:50.990Z,255.31,SHIPPED
ORD-1786976374083-28A3E7CE,CUST-00055,2026-07-08T17:45:12.041Z,38.00,CANCELLED
ORD-1786976374083-00A22EEE,CUST-00398,2026-03-27T13:25:02.282Z,177.63,COMPLETED
ORD-1786976374083-C5405A7B,CUST-00804,2026-05-02T16:18:43.134Z,261.35,PROCESSING
ORD-1786976374083-FA0398B1,CUST-00995,2025-07-31T12:10:00.952Z,412.93,CANCELLED
ORD-1786976374083-71E814BC,CUST-00878,2026-04-01T13:41:08.668Z,354.68,PROCESSING
ORD-1786976374083-8E51792B,CUST-00445,2025-05-12T10:16:55.267Z,191.64,CANCELLED
ORD-1786976374083-EC18396D,CUST-00865,2025-09-08T08:19:37.000Z,420.07,COMPLETED
ORD-1786976374083-84F3D2AE,CUST-00234,2026-02-08T10:02:38.729Z,352.68,SHIPPED
ORD-1786976374083-BCE12132,CUST-00498,2026-05-17T11:29:21.808Z,155.66,CANCELLED
ORD-1786976374083-632B5D98,CUST-00472,2025-12-17T03:51:35.011Z,67.70,PROCESSING
ORD-1786976374083-0A158390,CUST-00269,2025-04-07T07:48:19.133Z,31.87,PENDING
ORD-1786976374083-BE6A73A6,CUST-00387,2025-12-19T01:27:11.036Z,128.47,DELIVERED
ORD-1786976374083-3030C82F,CUST-00820,2026-08-07T05:20:04.497Z,196.04,CANCELLED
ORD-1786976374083-603FB80C,CUST-00144,2026-01-28T15:12:13.217Z,242.17,SHIPPED
ORD-1786976374083-87A093E5,CUST-00538,2026-05-31T04:34:50.520Z,243.07,COMPLETED
ORD-1786976374083-8EA09162,CUST-01000,2025-11-12T00:06:22.318Z,75.46,PENDING
ORD-1786976374083-E7DA49A7,CUST-00836,2025-06-08T01:29:15.482Z,293.54,DELIVERED
ORD-1786976374083-ECC6F292,CUST-00635,2025-03-15T08:23:16.557Z,269.14,DELIVERED
ORD-1786976374083-5D83BAD1,CUST-00996,2025-11-17T09:48:29.111Z,77.57,DELIVERED
ORD-1786976374083-B918587C,CUST-00535,2026-06-07T18:51:49.627Z,407.32,COMPLETED
ORD-1786976374083-61E112E7,CUST-00827,2025-11-24T09:25:45.094Z,114.57,PENDING
ORD-1786976374083-5A7E9008,CUST-00486,2025-04-30T16:44:26.438Z,66.96,SHIPPED
ORD-1786976374083-7EC4356B,CUST-00421,2025-10-05T19:41:23.576Z,287.66,SHIPPED
ORD-1786976374083-9579CB59,CUST-00397,2025-02-21T09:20:18.947Z,218.54,DELIVERED
ORD-1786976374083-A4C14B23,CUST-00417,2026-04-01T13:49:06.947Z,209.48,SHIPPED
ORD-1786976374083-0E3C2FA2,CUST-00869,2025-12-03T22:26:23.902Z,480.17,PENDING
ORD-1786976374083-80A80BA0,CUST-00505,2025-03-14T16:52:30.115Z,467.46,PROCESSING
ORD-1786976374083-33C06D6D,CUST-00167,2026-05-11T08:12:06.411Z,223.85,PENDING
ORD-1786976374083-095FEDAF,CUST-00295,2026-01-18T02:46:44.352Z,111.82,CANCELLED
ORD-1786976374083-AF4C2959,CUST-00629,2025-09-11T00:28:12.764Z,143.66,COMPLETED
ORD-1786976374083-44C05960,CUST-00065,2025-03-17T10:24:28.111Z,76.06,COMPLETED
ORD-1786976374083-B46EAD55,CUST-00235,2025-02-16T14:55:28.823Z,100.57,COMPLETED
ORD-1786976374083-4F15B4CA,CUST-00794,2025-08-19T15:33:50.767Z,217.13,SHIPPED
ORD-1786976374083-3AFB3C74,CUST-00362,2026-03-18T05:17:20.039Z,375.70,PENDING
ORD-1786976374083-773E0AA7,CUST-00817,2026-05-21T23:57:36.874Z,407.40,PROCESSING
ORD-1786976374083-8CE31177,CUST-00711,2025-10-02T08:29:23.609Z,216.23,COMPLETED
ORD-1786976374083-8CD0116F,CUST-00091,2025-01-31T06:02:32.178Z,317.71,PENDING
ORD-1786976374083-E7CC1396,CUST-00830,2025-10-25T15:16:03.464Z,164.14,COMPLETED
ORD-1786976374083-8CF98DA2,CUST-00736,2025-02-16T20:40:05.888Z,429.67,COMPLETED
ORD-1786976374083-9FA52F6D,CUST-00734,2025-02-05T03:17:23.468Z,39.80,PENDING
ORD-1786976374083-CC9CB79A,CUST-00918,2026-07-20T22:26:03.868Z,284.29,COMPLETED
ORD-1786976374083-5D76E911,CUST-00561,2025-12-27T04:14:21.326Z,296.34,PENDING
ORD-1786976374083-3BD62399,CUST-00082,2026-03-10T09:17:55.595Z,389.26,DELIVERED
ORD-1786976374083-DC75D764,CUST-00217,2025-12-19T02:54:02.541Z,361.90,PROCESSING
ORD-1786976374083-A2C1A09F,CUST-00642,2026-02-23T20:36:08.558Z,506.54,SHIPPED
ORD-1786976374083-54DB17F3,CUST-00504,2025-06-01T19:12:32.536Z,460.83,PENDING
ORD-1786976374083-F9887B9D,CUST-00083,2025-10-10T01:41:11.245Z,227.26,CANCELLED
ORD-1786976374083-2BAA16E1,CUST-00575,2026-07-25T18:57:24.677Z,318.80,SHIPPED
ORD-1786976374083-6224514E,CUST-00333,2026-02-19T21:30:08.329Z,389.66,PENDING
ORD-1786976374083-D6EB0562,CUST-00977,2026-06-10T20:12:20.168Z,256.25,PENDING
ORD-1786976374083-0EF37267,CUST-00001,2026-08-05T00:50:07.479Z,348.34,DELIVERED
ORD-1786976374083-9456670D,CUST-00394,2025-03-31T09:54:29.929Z,220.62,CANCELLED
ORD-1786976374083-AFA26C21,CUST-00578,2025-08-01T23:52:40.777Z,369.32,CANCELLED
ORD-1786976374083-13A79F14,CUST-00456,2026-03-30T15:14:37.843Z,416.04,PROCESSING
ORD-1786976374083-D9E0F5C9,CUST-00232,2025-04-24T13:24:04.164Z,481.29,DELIVERED
ORD-1786976374083-7A7AA94B,CUST-00527,2025-10-17T00:48:34.204Z,341.35,COMPLETED
ORD-1786976374083-5B349DA3,CUST-00121,2025-10-26T18:16:41.817Z,187.32,PENDING
ORD-1786976374083-0165846E,CUST-00439,2026-06-21T22:04:10.806Z,418.59,CANCELLED
ORD-1786976374083-0E542130,CUST-00993,2025-07-20T10:24:54.005Z,477.59,PROCESSING
ORD-1786976374083-76C6CAB3,CUST-00364,2025-01-07T09:42:51.542Z,218.58,CANCELLED
ORD-1786976374083-38D1EDE0,CUST-00715,2025-06-22T17:40:57.922Z,492.77,DELIVERED
ORD-1786976374083-3C40A6FA,CUST-00581,2025-08-13T21:00:18.633Z,217.27,PROCESSING
ORD-1786976374083-7B6A2B12,CUST-00472,2026-03-13T19:56:56.297Z,112.57,CANCELLED
ORD-1786976374083-74DAB12C,CUST-00483,2026-05-08T10:23:39.559Z,449.63,PENDING
ORD-1786976374083-089811BC,CUST-00927,2026-05-20T19:23:41.338Z,462.07,PROCESSING
ORD-1786976374083-568A129D,CUST-00856,2025-05-06T21:37:02.684Z,90.96,CANCELLED
ORD-1786976374083-B0D5DF5C,CUST-00672,2026-06-26T12:06:16.804Z,200.84,SHIPPED
ORD-1786976374083-2D1E0C1A,CUST-00638,2026-03-02T04:23:15.121Z,465.91,SHIPPED
ORD-1786976374083-1D22A31A,CUST-00270,2025-05-13T17:44:28.334Z,387.19,PROCESSING
ORD-1786976374083-5375C007,CUST-00206,2026-03-20T03:26:33.186Z,131.86,CANCELLED
ORD-1786976374083-C4D3AEBD,CUST-00962,2025-07-17T21:46:02.556Z,296.64,SHIPPED
ORD-1786976374083-700C7A86,CUST-00059,2026-02-04T19:01:37.226Z,189.84,DELIVERED
ORD-1786976374083-3DD52EF4,CUST-00053,2025-08-12T12:15:25.731Z,269.14,PROCESSING
ORD-1786976374083-4DC0ED3C,CUST-00666,2026-01-14T17:09:28.427Z,423.07,CANCELLED
ORD-1786976374083-F5C33311,CUST-00650,2026-04-24T04:20:14.375Z,298.63,PENDING
ORD-1786976374083-BD4CDE6D,CUST-00665,2026-01-13T10:19:55.436Z,179.09,PENDING
ORD-1786976374083-DBC6079F,CUST-00130,2025-11-16T23:59:08.605Z,166.82,COMPLETED
ORD-1786976374083-58C6978B,CUST-00399,2025-10-08T11:48:02.968Z,414.14,PENDING
ORD-1786976374083-08E76A7C,CUST-00285,2025-03-29T09:42:57.748Z,138.91,PROCESSING
ORD-1786976374083-6823BD30,CUST-00177,2025-11-18T14:56:15.661Z,238.66,PENDING
ORD-1786976374083-D7972E9E,CUST-00647,2025-11-07T14:01:47.014Z,177.71,PENDING
ORD-1786976374083-F05E59FF,CUST-00913,2026-02-24T09:24:46.266Z,274.59,DELIVERED
ORD-1786976374083-6DDF7413,CUST-00816,2025-01-07T13:35:49.936Z,222.65,DELIVERED
ORD-1786976374083-719E8936,CUST-00287,2025-02-01T14:25:15.367Z,186.39,COMPLETED
ORD-1786976374083-ED3272BF,CUST-00321,2025-01-16T05:40:11.852Z,299.65,COMPLETED
ORD-1786976374083-49C7CE34,CUST-00429,2025-04-25T10:08:54.661Z,12.70,PENDING
ORD-1786976374083-A5F35080,CUST-00046,2025-03-31T17:52:45.457Z,481.75,DELIVERED
ORD-1786976374083-826D759F,CUST-00845,2025-12-09T01:27:34.017Z,45.19,PROCESSING
ORD-1786976374083-DCC2F109,CUST-00222,2026-02-26T17:05:29.902Z,435.80,CANCELLED
ORD-1786976374083-A362B169,CUST-00057,2026-03-01T21:08:04.075Z,242.92,PENDING
ORD-1786976374083-E62A8CB9,CUST-00158,2026-03-15T04:56:18.604Z,324.98,PROCESSING
ORD-1786976374083-8BD96514,CUST-00478,2026-03-01T19:50:02.823Z,447.86,SHIPPED
ORD-1786976374083-BD88B1A6,CUST-00474,2025-12-30T04:28:26.391Z,13.76,PENDING
ORD-1786976374083-F8BCBCE3,CUST-00657,2026-06-14T22:09:22.492Z,82.06,DELIVERED
ORD-1786976374083-FF930FB9,CUST-00720,2025-10-23T05:37:31.888Z,205.01,SHIPPED
ORD-1786976374083-E08C2726,CUST-00383,2025-12-01T01:04:47.218Z,353.09,PENDING
ORD-1786976374083-6C9E4CFB,CUST-00979,2026-07-10T12:34:01.122Z,442.65,CANCELLED
ORD-1786976374083-2C2B03D9,CUST-00320,2025-01-20T03:30:50.695Z,445.83,CANCELLED
ORD-1786976374083-6E2F0F4F,CUST-00298,2025-10-02T04:28:08.318Z,468.57,PROCESSING
ORD-1786976374083-97538457,CUST-00240,2026-02-01T01:24:27.128Z,26.52,PROCESSING
ORD-1786976374083-1523C760,CUST-00202,2025-04-22T16:28:11.582Z,269.47,DELIVERED
ORD-1786976374083-AABFD29D,CUST-00073,2026-01-26T02:51:35.887Z,429.02,DELIVERED
ORD-1786976374083-DAA25D75,CUST-00215,2026-02-25T19:26:29.256Z,215.44,SHIPPED
ORD-1786976374083-263E91F3,CUST-00673,2026-03-26T01:46:43.681Z,468.65,SHIPPED
ORD-1786976374083-7AFC6A8D,CUST-00583,2026-03-06T13:32:23.899Z,219.69,COMPLETED
ORD-1786976374083-EE245539,CUST-00238,2025-06-07T19:16:18.200Z,203.45,DELIVERED
ORD-1786976374083-D37AE7C0,CUST-00426,2025-11-14T01:40:56.849Z,263.95,SHIPPED
ORD-1786976374083-83643E54,CUST-00539,2025-02-13T10:59:39.781Z,386.53,PROCESSING
ORD-1786976374083-32CC6033,CUST-00871,2026-07-21T19:20:41.634Z,50.65,SHIPPED
ORD-1786976374083-87A3B22E,CUST-00328,2025-03-17T20:27:39.876Z,178.17,PENDING
ORD-1786976374083-1B8B8085,CUST-00869,2026-01-20T20:54:59.775Z,87.47,COMPLETED
ORD-1786976374083-5FE88420,CUST-00357,2026-03-14T05:38:31.039Z,109.12,COMPLETED
ORD-1786976374083-84F9D29B,CUST-00807,2026-03-30T08:44:39.589Z,263.66,SHIPPED
ORD-1786976374083-4E408106,CUST-00093,2025-03-03T23:07:52.670Z,196.86,SHIPPED
ORD-1786976374083-EADCCD79,CUST-00081,2025-01-14T13:22:25.599Z,402.56,PENDING
ORD-1786976374083-AF8EA279,CUST-00682,2026-06-26T20:31:41.846Z,467.71,DELIVERED
ORD-1786976374083-C25843DD,CUST-00322,2025-09-21T03:25:26.418Z,51.99,PROCESSING
ORD-1786976374083-732865CE,CUST-00441,2026-05-17T00:17:35.189Z,375.98,COMPLETED
ORD-1786976374083-6C3F85D9,CUST-00157,2025-03-27T19:09:20.785Z,366.71,DELIVERED
ORD-1786976374083-0055C361,CUST-00480,2025-11-17T18:58:30.434Z,353.78,PENDING
ORD-1786976374083-4D99C296,CUST-00590,2026-05-09T10:50:17.037Z,224.69,SHIPPED
ORD-1786976374083-CF9F0B5B,CUST-00539,2026-06-25T04:25:31.596Z,354.31,PROCESSING
ORD-1786976374083-63CE44B1,CUST-00138,2025-07-20T08:48:52.965Z,486.47,COMPLETED
ORD-1786976374083-AEDDFD7B,CUST-00346,2025-12-27T02:59:43.626Z,201.99,CANCELLED
ORD-1786976374083-BE12A3C3,CUST-00691,2025-02-21T15:13:29.207Z,366.72,COMPLETED
ORD-1786976374083-830F0A2F,CUST-00319,2025-06-26T14:11:40.661Z,398.89,COMPLETED
ORD-1786976374083-F3A7CF75,CUST-00712,2026-04-16T21:00:00.701Z,383.83,DELIVERED
ORD-1786976374083-63F70E2C,CUST-00825,2026-04-08T16:03:34.291Z,145.55,PENDING
ORD-1786976374083-C44F80E0,CUST-00082,2025-01-30T10:01:32.479Z,85.51,PROCESSING
ORD-1786976374083-8895AC24,CUST-00175,2026-06-07T02:45:39.396Z,63.13,DELIVERED
ORD-1786976374083-0E368C26,CUST-00172,2025-12-12T10:59:58.759Z,446.69,PENDING
ORD-1786976374083-6ECFC3D7,CUST-00681,2025-03-28T03:30:07.559Z,232.82,SHIPPED
ORD-1786976374083-75338E40,CUST-00025,2025-02-15T12:24:57.088Z,51.13,DELIVERED
ORD-1786976374083-743A0F96,CUST-00849,2025-10-17T05:25:57.360Z,411.71,SHIPPED
ORD-1786976374083-9E0912C1,CUST-00157,2026-05-27T02:28:40.132Z,290.24,COMPLETED
ORD-1786976374083-45613DB9,CUST-00804,2025-12-25T16:31:55.519Z,129.09,CANCELLED
ORD-1786976374083-6FAD428D,CUST-00562,2025-08-31T20:04:20.725Z,496.66,CANCELLED
ORD-1786976374083-6A39D812,CUST-00415,2026-05-04T05:25:40.808Z,227.08,PENDING
ORD-1786976374083-F35A4F22,CUST-00322,2025-02-04T10:23:49.488Z,193.08,COMPLETED
ORD-1786976374083-34BFBE9C,CUST-00952,2025-03-04T02:19:40.059Z,206.82,COMPLETED
ORD-1786976374083-15EBF537,CUST-00942,2025-06-28T09:54:57.063Z,450.26,CANCELLED
ORD-1786976374083-F11EBE8C,CUST-00125,2026-05-25T03:58:24.340Z,356.00,CANCELLED
ORD-1786976374083-8C2FBDD8,CUST-00968,2025-08-06T07:36:49.635Z,25.90,CANCELLED
ORD-1786976374083-BD11A485,CUST-00430,2026-01-27T23:38:10.149Z,139.59,DELIVERED
ORD-1786976374083-CD61488D,CUST-00083,2026-04-02T10:57:36.543Z,320.46,PROCESSING
ORD-1786976374083-8FF7230F,CUST-00163,2025-03-11T21:05:14.171Z,369.89,DELIVERED
ORD-1786976374083-09909607,CUST-00144,2026-01-04T12:21:19.293Z,489.31,PROCESSING
ORD-1786976374083-B7F90606,CUST-00785,2025-05-15T05:29:59.845Z,116.23,PROCESSING
ORD-1786976374083-34260FD8,CUST-00558,2026-06-13T14:16:20.080Z,51.15,CANCELLED
ORD-1786976374083-0C1E5AAC,CUST-00219,2026-03-09T14:13:41.504Z,217.92,DELIVERED
ORD-1786976374083-19FE3945,CUST-00032,2026-07-02T09:08:37.930Z,313.73,PENDING
ORD-1786976374083-5765489D,CUST-00696,2025-10-23T20:30:31.123Z,230.80,PENDING
ORD-1786976374083-741DA8F9,CUST-00759,2026-03-07T22:30:42.677Z,403.57,SHIPPED
ORD-1786976374083-E72CD404,CUST-00832,2025-10-12T19:55:37.023Z,337.65,SHIPPED
ORD-1786976374083-96BD7A80,CUST-00585,2026-06-30T03:51:15.535Z,460.30,PENDING
ORD-1786976374083-22D7000E,CUST-00397,2025-09-08T17:56:15.123Z,368.97,CANCELLED
ORD-1786976374083-C8A38590,CUST-00666,2026-07-14T17:09:03.844Z,345.14,SHIPPED
ORD-1786976374083-F76426BD,CUST-00545,2026-03-10T11:06:26.112Z,447.21,PROCESSING
ORD-1786976374083-AF8890E1,CUST-00176,2025-02-20T10:42:34.498Z,496.24,CANCELLED
ORD-1786976374083-E85FC91B,CUST-00030,2026-03-08T19:39:21.177Z,14.30,COMPLETED
ORD-1786976374083-2F72E951,CUST-00001,2025-10-14T04:39:33.595Z,339.60,CANCELLED
ORD-1786976374083-C005ECD7,CUST-00126,2025-02-12T18:58:41.620Z,144.47,PROCESSING
ORD-1786976374083-0EE5887C,CUST-00440,2025-03-11T04:33:55.018Z,436.43,PROCESSING
ORD-1786976374083-C7D974C4,CUST-00628,2025-04-17T02:34:38.876Z,351.83,CANCELLED
ORD-1786976374083-22C9D19E,CUST-00019,2025-06-20T00:01:43.866Z,237.93,COMPLETED
ORD-1786976374083-134D55CB,CUST-00230,2025-02-28T23:29:37.668Z,361.53,COMPLETED
ORD-1786976374083-7AA8321B,CUST-00458,2026-07-21T19:44:56.248Z,33.49,PROCESSING
ORD-1786976374083-A1C720D1,CUST-00995,2026-05-27T15:23:16.602Z,156.65,SHIPPED
ORD-1786976374083-013AD030,CUST-00671,2025-06-01T11:24:56.390Z,485.20,PENDING
ORD-1786976374083-C8FE0554,CUST-00523,2025-01-27T17:36:17.201Z,177.86,SHIPPED
ORD-1786976374083-FBB9C795,CUST-00378,2025-10-01T10:08:28.260Z,179.55,PROCESSING
ORD-1786976374083-9BC24425,CUST-00103,2025-05-22T02:13:59.859Z,291.94,DELIVERED
ORD-1786976374083-2833E338,CUST-00903,2026-05-11T21:35:53.180Z,35.83,CANCELLED
ORD-1786976374083-31AE27BC,CUST-00359,2025-03-26T06:13:05.180Z,197.88,PROCESSING
ORD-1786976374083-9E0714D7,CUST-00542,2026-07-28T21:17:17.941Z,239.57,PENDING
ORD-1786976374083-C18922D6,CUST-00289,2026-03-17T10:42:00.702Z,103.82,SHIPPED
ORD-1786976374083-044CE5FB,CUST-00520,2026-01-22T09:56:03.878Z,196.00,SHIPPED
ORD-1786976374083-F81042DE,CUST-00919,2026-08-01T05:10:10.763Z,378.84,PROCESSING
ORD-1786976374083-9DE3BCC3,CUST-00597,2026-03-13T05:28:16.617Z,260.19,CANCELLED
ORD-1786976374083-DC5B2851,CUST-00705,2025-07-02T16:58:40.996Z,368.12,CANCELLED
ORD-1786976374083-7AC49B0D,CUST-00515,2025-05-05T19:26:16.158Z,430.90,CANCELLED
ORD-1786976374083-55EB1F90,CUST-00335,2025-01-17T02:42:25.756Z,285.30,PROCESSING
ORD-1786976374083-AEDA505C,CUST-00246,2025-11-16T03:06:10.508Z,336.57,DELIVERED
ORD-1786976374083-5A50D63B,CUST-00948,2026-03-02T23:38:40.355Z,446.40,SHIPPED
ORD-1786976374083-ABB0C81B,CUST-00281,2025-09-21T14:43:43.181Z,144.29,PENDING
ORD-1786976374083-4110186F,CUST-00088,2025-10-29T22:07:47.709Z,221.21,DELIVERED
ORD-1786976374083-6A520A59,CUST-00059,2025-02-02T03:54:53.532Z,195.16,COMPLETED
ORD-1786976374083-77D0D5A1,CUST-00210,2025-06-12T01:44:34.919Z,158.02,DELIVERED
ORD-1786976374083-C3946728,CUST-00977,2026-04-06T03:42:09.520Z,325.18,COMPLETED
ORD-1786976374083-E9A0DC3E,CUST-00754,2025-05-12T09:45:16.369Z,288.91,COMPLETED
ORD-1786976374084-112E8765,CUST-00809,2026-05-12T11:23:21.444Z,501.50,SHIPPED
ORD-1786976374084-53B73DFF,CUST-00339,2026-04-13T05:37:45.541Z,368.47,PENDING
ORD-1786976374084-708745F4,CUST-00950,2025-09-21T23:44:47.630Z,151.60,PENDING
ORD-1786976374084-83054E07,CUST-00209,2025-04-05T00:11:42.133Z,165.94,COMPLETED
ORD-1786976374084-693FF9DC,CUST-00611,2026-06-08T22:25:02.433Z,391.73,CANCELLED
ORD-1786976374084-2DAA05A1,CUST-00136,2025-05-24T16:56:29.723Z,28.07,PROCESSING
ORD-1786976374084-4DC5CD73,CUST-00201,2025-08-18T01:14:19.076Z,131.03,PENDING
ORD-1786976374084-7FB33443,CUST-00311,2025-06-25T11:47:41.788Z,468.16,SHIPPED
ORD-1786976374084-5FFF6299,CUST-00853,2025-12-30T14:17:12.348Z,394.16,PROCESSING
ORD-1786976374084-1DD23AB6,CUST-00337,2025-05-01T06:54:44.583Z,428.28,COMPLETED
ORD-1786976374084-B32FA995,CUST-00819,2025-12-25T12:27:23.520Z,387.69,PROCESSING
ORD-1786976374084-E18A253B,CUST-00706,2025-03-14T06:05:56.609Z,442.92,COMPLETED
ORD-1786976374084-56FDC27C,CUST-00201,2026-05-12T02:26:32.530Z,493.81,PROCESSING
ORD-1786976374084-29E9A57D,CUST-00609,2025-06-17T16:59:18.568Z,101.95,SHIPPED
ORD-1786976374084-78D89917,CUST-00206,2026-05-28T10:45:11.406Z,425.90,SHIPPED
ORD-1786976374084-A3D0B8F3,CUST-00224,2025-07-14T16:21:21.613Z,292.07,CANCELLED
ORD-1786976374084-108C45B2,CUST-00206,2026-01-12T08:02:50.403Z,278.99,SHIPPED
ORD-1786976374084-4C4DA592,CUST-00205,2025-03-17T01:48:52.973Z,315.20,CANCELLED
ORD-1786976374084-F58AAF39,CUST-00104,2026-02-04T21:36:47.013Z,68.33,SHIPPED
ORD-1786976374084-90CEC406,CUST-00555,2026-06-18T05:12:13.380Z,268.54,CANCELLED
ORD-1786976374084-D1233AC9,CUST-00762,2026-04-29T12:54:30.340Z,96.22,PENDING
ORD-1786976374084-A85744D0,CUST-00565,2026-03-19T04:48:06.353Z,190.79,COMPLETED
ORD-1786976374084-74502723,CUST-00260,2025-07-25T01:55:15.533Z,111.34,PENDING
ORD-1786976374084-73D78664,CUST-00144,2025-05-13T03:39:58.556Z,150.54,CANCELLED
ORD-1786976374084-F83CD127,CUST-00479,2025-03-09T13:03:42.786Z,411.03,COMPLETED
ORD-1786976374084-53F33741,CUST-00656,2025-02-24T18:41:50.226Z,455.94,CANCELLED
ORD-1786976374084-A99F52F4,CUST-00523,2025-06-02T22:31:58.486Z,256.30,SHIPPED
ORD-1786976374084-C46EFBB1,CUST-00285,2025-01-26T02:46:29.206Z,184.97,DELIVERED
ORD-1786976374084-20FC4C38,CUST-00736,2025-07-05T23:56:06.640Z,182.21,DELIVERED
ORD-1786976374084-A18029C3,CUST-00043,2026-07-01T18:35:02.502Z,213.04,PROCESSING
ORD-1786976374084-29955518,CUST-00697,2025-09-26T20:43:35.742Z,249.05,CANCELLED
ORD-1786976374084-E728219D,CUST-00011,2025-10-31T02:50:12.197Z,478.22,CANCELLED
ORD-1786976374084-A4708A19,CUST-00231,2025-08-10T04:38:48.601Z,81.00,SHIPPED
ORD-1786976374084-2A2DA252,CUST-00036,2025-07-10T11:34:25.850Z,118.74,DELIVERED
ORD-1786976374084-8AAB773C,CUST-00092,2025-08-27T06:05:39.255Z,195.14,PROCESSING
ORD-1786976374084-91B5E01E,CUST-00395,2025-07-23T11:38:27.580Z,120.99,CANCELLED
ORD-1786976374084-D21226C6,CUST-00746,2025-10-18T09:30:33.424Z,252.33,COMPLETED
ORD-1786976374084-A74BEE91,CUST-00300,2025-10-01T00:57:49.315Z,379.84,PENDING
ORD-1786976374084-3EA21A69,CUST-00795,2025-08-21T06:47:30.300Z,313.37,PROCESSING
ORD-1786976374084-5761583B,CUST-00769,2026-02-24T11:03:06.445Z,335.98,PROCESSING
ORD-1786976374084-167F7236,CUST-00733,2025-12-28T19:35:07.457Z,265.55,PROCESSING
ORD-1786976374084-0142B121,CUST-00154,2026-08-14T21:11:24.522Z,478.36,PROCESSING
ORD-1786976374084-82AB6002,CUST-00937,2025-12-26T22:04:36.262Z,131.91,CANCELLED
ORD-1786976374084-0AEE4062,CUST-00031,2025-09-18T21:09:52.765Z,355.68,PROCESSING
ORD-1786976374084-C41AD99F,CUST-00528,2026-06-07T12:55:30.979Z,273.84,PENDING
ORD-1786976374084-5E00E936,CUST-00314,2026-08-07T12:48:24.328Z,198.12,COMPLETED
ORD-1786976374084-860D9EF3,CUST-00787,2025-07-12T18:33:36.097Z,295.47,CANCELLED
ORD-1786976374084-6E07636E,CUST-00491,2025-09-22T19:14:01.801Z,227.19,PROCESSING
ORD-1786976374084-3C9303DF,CUST-00837,2025-08-04T15:00:18.406Z,436.51,PROCESSING
ORD-1786976374084-CC87BBC3,CUST-00295,2025-03-21T05:33:32.393Z,414.88,SHIPPED
ORD-1786976374084-A4A41D95,CUST-00286,2025-05-16T14:59:44.741Z,273.87,PROCESSING
ORD-1786976374084-72BC3037,CUST-00900,2026-01-08T08:07:32.664Z,274.71,PENDING
ORD-1786976374084-1F961326,CUST-00803,2026-04-23T02:46:17.769Z,509.00,COMPLETED
ORD-1786976374084-EE6DDC60,CUST-00177,2025-03-20T15:00:36.136Z,377.17,PROCESSING
ORD-1786976374084-23D08499,CUST-00528,2025-04-23T00:18:46.366Z,499.43,COMPLETED
ORD-1786976374084-DFF2F438,CUST-00710,2025-09-25T11:12:47.880Z,283.01,CANCELLED
ORD-1786976374084-C35DE19F,CUST-00836,2025-11-15T08:21:33.063Z,341.60,CANCELLED
ORD-1786976374084-AFF4101B,CUST-00548,2026-03-23T02:35:23.164Z,132.98,PENDING
ORD-1786976374084-BEC49383,CUST-00898,2025-09-16T19:38:44.110Z,431.69,PENDING
ORD-1786976374084-2EDC6923,CUST-00025,2025-03-02T19:11:09.841Z,155.30,SHIPPED
ORD-1786976374084-F3B62D46,CUST-00749,2025-01-05T01:54:45.138Z,147.48,COMPLETED
ORD-1786976374084-F27DC7FF,CUST-00795,2025-01-15T16:36:55.916Z,120.02,COMPLETED
ORD-1786976374084-A274EA85,CUST-00842,2025-08-27T23:10:51.369Z,299.76,PENDING
ORD-1786976374084-5C4EE8AF,CUST-00008,2025-11-15T04:58:36.992Z,424.02,CANCELLED
ORD-1786976374084-E72D82CA,CUST-00384,2025-08-04T10:26:36.141Z,466.90,SHIPPED
ORD-1786976374084-D132B59F,CUST-00251,2026-01-02T05:14:30.236Z,89.59,PENDING
ORD-1786976374084-23C4E316,CUST-00804,2026-06-11T08:33:39.928Z,396.68,CANCELLED
ORD-1786976374084-A60900B1,CUST-00174,2026-03-30T11:45:45.303Z,464.94,PENDING
ORD-1786976374084-FAB1C743,CUST-00527,2026-07-10T00:13:39.469Z,253.46,CANCELLED
ORD-1786976374084-9F65C242,CUST-00106,2025-10-27T03:18:28.751Z,94.59,DELIVERED
ORD-1786976374084-C29EEF22,CUST-00045,2026-03-12T06:53:12.036Z,122.07,PENDING
ORD-1786976374084-7D3703AE,CUST-00676,2025-11-13T17:55:39.218Z,391.56,PENDING
ORD-1786976374084-2E930154,CUST-00322,2025-06-18T12:40:24.034Z,235.03,PROCESSING
ORD-1786976374084-1A98AA29,CUST-00830,2025-06-29T03:23:31.871Z,107.06,SHIPPED
ORD-1786976374084-25EBA1A4,CUST-00450,2026-06-26T22:09:07.884Z,113.72,CANCELLED
ORD-1786976374084-68C1529D,CUST-00289,2026-01-03T03:15:05.103Z,118.54,PROCESSING
ORD-1786976374084-F8A173E1,CUST-00908,2025-08-10T03:37:33.703Z,249.69,COMPLETED
ORD-1786976374084-B7A16A46,CUST-00383,2025-05-07T23:10:41.592Z,377.06,DELIVERED
ORD-1786976374084-80A74EFA,CUST-00343,2026-07-23T15:46:28.328Z,454.67,PENDING
ORD-1786976374084-D5F118F9,CUST-00793,2025-03-06T17:29:17.631Z,81.08,COMPLETED
ORD-1786976374084-3FE8DCD9,CUST-00317,2026-01-05T03:03:33.260Z,77.39,PENDING
ORD-1786976374084-399618A8,CUST-00495,2026-03-31T01:01:04.255Z,92.59,PENDING
ORD-1786976374084-40DBBDFD,CUST-00179,2025-01-15T17:37:20.646Z,411.28,CANCELLED
ORD-1786976374084-BD132626,CUST-00122,2025-09-29T08:51:54.701Z,210.23,COMPLETED
ORD-1786976374084-888E7E59,CUST-00923,2025-01-12T22:23:46.924Z,122.67,PENDING
ORD-1786976374084-BA3C0266,CUST-00301,2026-05-29T05:46:19.578Z,209.08,COMPLETED
ORD-1786976374084-00EBAC82,CUST-00359,2025-06-11T15:54:56.157Z,314.19,CANCELLED
ORD-1786976374084-4BC0D3C4,CUST-00907,2025-06-13T05:39:25.945Z,60.95,DELIVERED
ORD-1786976374084-3B11CF27,CUST-00004,2025-05-02T18:20:04.505Z,97.67,DELIVERED
ORD-1786976374084-605E1639,CUST-00930,2026-05-15T15:41:55.169Z,213.09,PENDING
ORD-1786976374084-DE965F03,CUST-00284,2026-04-30T22:17:58.084Z,451.29,CANCELLED
ORD-1786976374084-5774E051,CUST-00200,2025-07-13T23:08:09.840Z,237.09,CANCELLED
ORD-1786976374084-62081793,CUST-00631,2026-06-06T00:49:57.207Z,161.37,DELIVERED
ORD-1786976374084-B6AB3195,CUST-00375,2026-03-19T05:08:23.422Z,384.95,PENDING
ORD-1786976374084-57D0AC78,CUST-00065,2025-04-26T15:19:28.284Z,398.53,SHIPPED
ORD-1786976374084-6E283877,CUST-00486,2025-10-26T02:46:33.560Z,264.97,PROCESSING
ORD-1786976374084-12345D0D,CUST-00128,2026-07-06T07:25:28.244Z,17.64,DELIVERED
ORD-1786976374084-F0E57E5A,CUST-00530,2025-11-23T06:48:14.574Z,465.26,DELIVERED
ORD-1786976374084-150949C1,CUST-00566,2025-12-22T12:18:48.779Z,63.12,PROCESSING
ORD-1786976374084-ED855BD3,CUST-00218,2025-12-14T08:35:19.500Z,348.20,PROCESSING
ORD-1786976374084-D7DEEA0F,CUST-00028,2025-01-27T12:56:30.658Z,106.41,CANCELLED
ORD-1786976374084-7EF8C609,CUST-00067,2025-08-07T04:13:45.127Z,184.84,CANCELLED
ORD-1786976374084-EA8DF0DA,CUST-00073,2025-01-02T21:35:49.467Z,433.48,DELIVERED
ORD-1786976374084-1A768F7D,CUST-00509,2025-11-15T09:15:17.837Z,364.17,CANCELLED
ORD-1786976374084-DA8FE409,CUST-00870,2025-06-21T08:58:27.474Z,375.11,COMPLETED
ORD-1786976374084-C1E3363D,CUST-00469,2025-02-22T23:17:25.340Z,132.56,DELIVERED
ORD-1786976374084-7A1C4718,CUST-00267,2025-05-30T04:50:23.380Z,225.28,SHIPPED
ORD-1786976374084-A6A37884,CUST-00302,2025-05-13T07:17:42.152Z,169.86,PROCESSING
ORD-1786976374084-5D2D9B51,CUST-00899,2026-07-30T16:23:14.768Z,114.24,CANCELLED
ORD-1786976374084-A4F4CAC7,CUST-00311,2025-09-24T20:57:44.540Z,43.92,DELIVERED
ORD-1786976374084-B9AD68AB,CUST-00078,2026-04-15T07:25:20.088Z,124.48,DELIVERED
ORD-1786976374084-CA5C502C,CUST-00475,2025-05-27T15:26:35.523Z,431.63,DELIVERED
ORD-1786976374084-1CB6DE93,CUST-00533,2025-01-09T02:25:28.903Z,240.52,COMPLETED
ORD-1786976374084-7FF85F96,CUST-00194,2026-03-27T01:01:45.534Z,493.03,SHIPPED
ORD-1786976374084-6D152715,CUST-00472,2026-05-14T09:52:50.124Z,497.00,PROCESSING
ORD-1786976374084-37A4B279,CUST-00698,2025-07-16T07:29:57.914Z,402.60,DELIVERED
ORD-1786976374084-CDF64E78,CUST-00046,2026-03-26T21:47:18.506Z,250.19,SHIPPED
ORD-1786976374084-F16560AE,CUST-00531,2025-02-18T08:03:32.094Z,344.76,PROCESSING
ORD-1786976374084-0D7FFDA5,CUST-00508,2025-09-29T23:38:06.488Z,407.12,DELIVERED
ORD-1786976374084-7CA0EC31,CUST-00231,2026-07-10T12:13:58.165Z,443.51,COMPLETED
ORD-1786976374084-327E7A77,CUST-00291,2025-02-22T02:23:42.184Z,252.15,SHIPPED
ORD-1786976374084-F1A69840,CUST-00912,2025-11-01T02:49:47.959Z,159.01,PROCESSING
ORD-1786976374084-312628FD,CUST-00466,2025-07-07T20:24:45.482Z,474.11,DELIVERED
ORD-1786976374084-12E0A8A6,CUST-00884,2025-11-21T00:31:14.647Z,486.82,PENDING
ORD-1786976374084-D57DE10F,CUST-00137,2025-05-18T18:37:46.433Z,248.30,CANCELLED
ORD-1786976374084-1DC3869C,CUST-00214,2026-03-29T08:26:36.893Z,363.24,PENDING
ORD-1786976374084-03FB3E45,CUST-00209,2026-03-02T21:33:16.614Z,213.48,PENDING
ORD-1786976374084-18214E91,CUST-00913,2025-12-19T04:39:04.668Z,353.18,PROCESSING
ORD-1786976374084-71CD1CDC,CUST-00893,2025-06-16T21:17:54.696Z,252.18,SHIPPED
ORD-1786976374084-5DC1BA05,CUST-00977,2025-04-25T06:41:05.586Z,331.90,PROCESSING
ORD-1786976374084-4C696FCB,CUST-00873,2025-11-14T17:24:16.500Z,328.55,SHIPPED
ORD-1786976374084-D66D5426,CUST-00952,2026-03-12T10:52:44.561Z,314.85,DELIVERED
ORD-1786976374084-498C9232,CUST-00486,2025-07-27T13:30:42.053Z,76.60,SHIPPED
ORD-1786976374084-8E892260,CUST-00109,2025-12-29T22:26:28.061Z,411.20,PENDING
ORD-1786976374084-EE93D55A,CUST-00551,2025-07-24T01:30:28.133Z,54.47,DELIVERED
ORD-1786976374084-342EB424,CUST-00984,2025-06-05T23:12:46.869Z,390.20,DELIVERED
ORD-1786976374084-F1A23E30,CUST-00659,2025-04-26T02:54:00.410Z,36.18,PROCESSING
ORD-1786976374084-2B6091BA,CUST-00466,2025-05-06T15:38:46.520Z,450.57,COMPLETED
ORD-1786976374084-C47D3566,CUST-00972,2025-10-15T12:31:22.092Z,54.48,CANCELLED
ORD-1786976374084-3EA2D437,CUST-00598,2025-10-15T05:58:36.890Z,412.13,PROCESSING
ORD-1786976374085-460CBD83,CUST-00787,2025-04-09T19:02:12.643Z,403.75,DELIVERED
ORD-1786976374085-19AF2714,CUST-00266,2026-05-16T15:13:16.703Z,45.14,PROCESSING
ORD-1786976374085-B1CC1F82,CUST-00625,2026-05-25T17:23:52.233Z,284.21,COMPLETED
ORD-1786976374085-578C7D72,CUST-00235,2025-09-07T17:25:06.198Z,16.66,CANCELLED
ORD-1786976374085-5EFABF92,CUST-00611,2025-07-05T04:11:16.154Z,226.36,SHIPPED
ORD-1786976374085-185062FE,CUST-00316,2025-03-07T00:31:16.172Z,353.18,DELIVERED
ORD-1786976374085-1D208D64,CUST-00041,2025-02-26T13:02:54.912Z,27.23,DELIVERED
ORD-1786976374085-6C3FA63E,CUST-00456,2025-02-22T06:01:46.063Z,426.42,DELIVERED
ORD-1786976374085-27B368F7,CUST-00510,2025-11-11T15:16:13.732Z,325.84,PROCESSING
ORD-1786976374085-C2B27BC3,CUST-00883,2025-01-25T06:35:03.346Z,492.85,SHIPPED
ORD-1786976374085-C48FD020,CUST-00054,2025-08-26T07:16:30.098Z,393.62,PENDING
ORD-1786976374085-6F926C86,CUST-00861,2025-05-15T02:00:09.682Z,61.50,DELIVERED
ORD-1786976374085-E211627F,CUST-00914,2025-08-14T21:24:34.253Z,326.33,DELIVERED
ORD-1786976374085-AD3D89AE,CUST-00371,2025-04-25T06:07:31.314Z,71.89,PENDING
ORD-1786976374085-7284FB55,CUST-00853,2025-04-01T23:07:14.284Z,317.45,PROCESSING
ORD-1786976374085-A913D3F2,CUST-00652,2025-09-06T23:27:47.497Z,132.05,PENDING
ORD-1786976374085-01CBC339,CUST-00107,2025-02-01T07:35:39.844Z,133.50,SHIPPED
ORD-1786976374085-B81C2970,CUST-00541,2025-03-06T01:24:11.018Z,316.85,CANCELLED
ORD-1786976374085-1D4BC150,CUST-00296,2025-09-15T07:59:37.961Z,191.13,SHIPPED
ORD-1786976374085-EC407019,CUST-00396,2025-05-04T22:31:42.212Z,466.20,CANCELLED
ORD-1786976374085-637BF32E,CUST-00356,2025-11-03T04:27:32.134Z,91.90,COMPLETED
ORD-1786976374085-768360C5,CUST-00432,2026-07-04T22:14:38.714Z,462.06,COMPLETED
ORD-1786976374085-BBADB4BF,CUST-00857,2026-06-24T00:33:49.753Z,47.51,SHIPPED
ORD-1786976374085-5F88462A,CUST-00782,2026-03-18T20:23:02.444Z,491.78,PENDING
ORD-1786976374085-51DB0E37,CUST-00263,2025-12-11T04:00:54.279Z,179.94,COMPLETED
ORD-1786976374085-7B678D49,CUST-00277,2025-06-13T17:41:35.924Z,446.42,DELIVERED
ORD-1786976374085-B01AFEAF,CUST-00431,2025-09-11T03:19:29.994Z,358.58,PROCESSING
ORD-1786976374085-A9EDBA41,CUST-00064,2025-01-23T09:17:20.636Z,72.94,COMPLETED
ORD-1786976374085-5C6880E3,CUST-00911,2026-03-06T20:03:52.643Z,431.88,COMPLETED
ORD-1786976374085-C96F679D,CUST-00494,2026-04-03T23:05:34.601Z,40.82,PENDING
ORD-1786976374085-60A2A2E3,CUST-00005,2026-02-22T17:21:00.887Z,154.53,COMPLETED
ORD-1786976374085-F4A73E60,CUST-00109,2025-01-07T00:30:55.412Z,170.32,CANCELLED
ORD-1786976374085-9B5392EC,CUST-00129,2026-06-13T09:46:02.112Z,416.18,CANCELLED
ORD-1786976374085-4DF16F89,CUST-00383,2025-12-19T14:37:57.132Z,119.44,CANCELLED
ORD-1786976374085-F6841572,CUST-00960,2026-03-24T17:01:34.032Z,323.02,PROCESSING
ORD-1786976374085-6FF16317,CUST-00827,2025-05-02T11:38:26.633Z,276.92,COMPLETED
ORD-1786976374085-7A3AB6CD,CUST-00953,2025-09-05T18:03:18.527Z,445.83,COMPLETED
ORD-1786976374085-F68481D7,CUST-00487,2025-05-21T19:45:42.194Z,66.33,SHIPPED
ORD-1786976374085-9CEBC981,CUST-00171,2025-10-17T00:33:38.681Z,444.42,DELIVERED
ORD-1786976374085-A301771E,CUST-00568,2025-03-13T06:33:42.614Z,220.92,SHIPPED
ORD-1786976374085-CD665898,CUST-00333,2025-04-10T22:46:31.648Z,96.59,DELIVERED
ORD-1786976374085-B081D16E,CUST-00438,2026-06-29T05:36:33.149Z,312.32,PROCESSING
ORD-1786976374085-C16867BB,CUST-00002,2026-04-04T00:43:54.759Z,424.97,DELIVERED
ORD-1786976374085-9AC9378B,CUST-00096,2025-08-03T05:02:59.834Z,47.06,CANCELLED
ORD-1786976374085-AD713148,CUST-00336,2025-09-04T12:06:34.862Z,507.79,DELIVERED
ORD-1786976374085-FA4BBCC6,CUST-00455,2025-07-26T09:01:12.550Z,350.26,COMPLETED
ORD-1786976374085-48376EF5,CUST-00618,2025-07-29T09:16:23.057Z,433.62,PROCESSING
ORD-1786976374085-EA6E2337,CUST-00037,2025-04-22T15:31:41.176Z,265.28,COMPLETED
ORD-1786976374085-32192F95,CUST-00485,2025-11-12T20:44:19.976Z,80.22,COMPLETED
ORD-1786976374085-718EC44D,CUST-00680,2025-09-23T14:34:44.084Z,322.17,COMPLETED
ORD-1786976374086-EED963B2,CUST-00996,2026-02-13T18:50:23.863Z,405.82,SHIPPED
ORD-1786976374086-C0E6234C,CUST-00194,2025-04-11T04:53:30.293Z,334.86,COMPLETED
ORD-1786976374086-168CC801,CUST-00729,2025-03-12T03:43:07.665Z,169.85,CANCELLED
ORD-1786976374086-1CD37E08,CUST-00173,2026-06-13T22:21:01.797Z,173.57,CANCELLED
ORD-1786976374086-C99ABF69,CUST-00135,2025-12-25T04:46:23.668Z,177.91,PROCESSING
ORD-1786976374086-449DF86A,CUST-00934,2026-05-18T12:40:16.152Z,371.14,PENDING
ORD-1786976374086-461358FE,CUST-00203,2025-11-01T23:59:07.134Z,35.58,SHIPPED
ORD-1786976374086-76DC0E94,CUST-00288,2025-09-07T21:19:41.708Z,458.15,PROCESSING
ORD-1786976374086-DE60EB54,CUST-00602,2026-03-03T15:04:09.272Z,392.77,PROCESSING
ORD-1786976374086-C2C6C865,CUST-00115,2026-07-27T20:13:31.473Z,355.93,PROCESSING
ORD-1786976374086-AE651B00,CUST-00712,2026-07-13T14:15:08.249Z,166.58,PROCESSING
ORD-1786976374086-0A12D749,CUST-00427,2025-10-20T15:03:47.169Z,250.02,PENDING
ORD-1786976374086-73ED885A,CUST-00633,2025-07-13T16:27:19.053Z,118.32,SHIPPED
ORD-1786976374086-F61FA513,CUST-00609,2025-12-12T11:40:51.321Z,354.10,SHIPPED
ORD-1786976374086-8A52F368,CUST-00791,2025-05-14T14:50:50.673Z,160.55,PROCESSING
ORD-1786976374086-748F226E,CUST-00742,2025-01-08T09:19:29.384Z,377.40,PROCESSING
ORD-1786976374086-D51D5C31,CUST-00591,2025-05-02T11:30:46.611Z,355.62,COMPLETED
ORD-1786976374086-BD940734,CUST-00711,2025-12-09T13:44:36.062Z,426.07,CANCELLED
ORD-1786976374086-DB51ED1D,CUST-00427,2025-12-14T03:47:11.956Z,47.90,SHIPPED
ORD-1786976374086-2CCA709C,CUST-00124,2025-09-25T21:17:27.918Z,151.36,COMPLETED
ORD-1786976374086-16726044,CUST-00938,2025-01-19T06:26:45.131Z,339.44,PROCESSING
ORD-1786976374086-C879275C,CUST-00575,2025-06-23T08:36:38.521Z,437.22,SHIPPED
ORD-1786976374086-A3B79302,CUST-00789,2025-05-11T04:39:28.100Z,265.04,CANCELLED
ORD-1786976374086-9621A076,CUST-00478,2025-03-14T14:18:16.021Z,411.36,SHIPPED
ORD-1786976374086-4F846A16,CUST-00053,2025-11-25T22:22:02.886Z,418.24,COMPLETED
ORD-1786976374086-8B0E0F00,CUST-00263,2025-12-08T19:12:32.475Z,211.70,PROCESSING
ORD-1786976374086-8938F197,CUST-00713,2026-05-08T11:55:43.835Z,501.32,SHIPPED
ORD-1786976374086-8DDAA555,CUST-00873,2025-05-04T12:46:48.293Z,417.65,PROCESSING
ORD-1786976374086-0A01F7D7,CUST-00833,2026-07-26T20:52:15.149Z,346.72,SHIPPED
ORD-1786976374086-44DDD331,CUST-00656,2025-06-05T07:09:00.312Z,101.18,SHIPPED
ORD-1786976374086-9208273C,CUST-00855,2026-04-17T14:27:01.148Z,95.37,PENDING
ORD-1786976374086-B0E3F2FF,CUST-00351,2025-12-19T20:41:35.358Z,334.23,CANCELLED
ORD-1786976374086-50014B7B,CUST-00203,2025-07-28T20:27:41.074Z,125.40,COMPLETED
ORD-1786976374086-DFD1C827,CUST-00762,2026-01-26T07:00:40.873Z,249.45,PROCESSING
ORD-1786976374086-12E11C7D,CUST-00891,2025-09-24T17:38:03.277Z,475.40,CANCELLED
ORD-1786976374086-49AECA9E,CUST-00640,2025-10-22T10:29:49.740Z,468.15,DELIVERED
ORD-1786976374086-BBBE36B1,CUST-00260,2026-05-27T22:16:19.869Z,424.01,SHIPPED
ORD-1786976374086-2DABB2E8,CUST-00690,2025-09-01T15:06:25.801Z,434.66,CANCELLED
ORD-1786976374086-AC71B19A,CUST-00138,2026-01-06T09:43:56.971Z,79.63,COMPLETED
ORD-1786976374086-36465444,CUST-00890,2025-05-24T23:34:26.192Z,502.45,PROCESSING
ORD-1786976374086-6E02A9D9,CUST-00726,2025-08-26T03:42:14.612Z,431.90,DELIVERED
ORD-1786976374086-5C064DE4,CUST-00395,2026-04-05T19:44:07.450Z,87.63,CANCELLED
ORD-1786976374086-17138968,CUST-00182,2026-03-31T21:53:40.963Z,92.12,PROCESSING
ORD-1786976374086-06D179B9,CUST-00467,2025-05-28T12:31:45.547Z,246.14,CANCELLED
ORD-1786976374086-66B1D269,CUST-00612,2026-01-06T07:18:06.741Z,427.94,COMPLETED
ORD-1786976374086-ABCAE13E,CUST-00045,2026-04-10T10:59:24.428Z,333.31,PROCESSING
ORD-1786976374086-D76CB874,CUST-00178,2025-09-01T15:56:45.370Z,89.13,PENDING
ORD-1786976374086-3D907083,CUST-00335,2025-12-03T10:39:51.675Z,81.51,SHIPPED
ORD-1786976374086-1761448C,CUST-00656,2025-01-30T17:58:15.021Z,226.16,COMPLETED
ORD-1786976374086-140A4120,CUST-00159,2026-04-23T09:02:08.389Z,372.82,DELIVERED
ORD-1786976374086-429920C7,CUST-00331,2025-06-03T06:39:41.870Z,185.52,COMPLETED
ORD-1786976374086-5490AD3F,CUST-00590,2025-04-10T01:24:07.601Z,82.69,PENDING
ORD-1786976374086-E714BAAC,CUST-00012,2025-04-17T15:37:34.039Z,425.15,DELIVERED
ORD-1786976374086-29B0A5F3,CUST-00793,2026-02-25T11:01:30.628Z,259.09,DELIVERED
ORD-1786976374086-60033239,CUST-00245,2025-05-03T02:00:08.041Z,293.29,SHIPPED
ORD-1786976374086-219A351D,CUST-00837,2025-05-05T22:20:29.199Z,67.10,COMPLETED
ORD-1786976374086-D265B7B7,CUST-00040,2025-04-03T23:55:46.204Z,305.68,PENDING
ORD-1786976374086-51B5132D,CUST-00190,2025-09-21T01:37:52.422Z,409.33,PENDING
ORD-1786976374086-A2B865A4,CUST-00885,2026-05-15T17:17:02.501Z,319.14,DELIVERED
ORD-1786976374086-8D18C753,CUST-00488,2025-12-03T11:33:58.843Z,243.79,CANCELLED
ORD-1786976374086-0D14BC15,CUST-00533,2025-12-21T12:41:24.762Z,483.20,PENDING
ORD-1786976374086-A2E0FB8C,CUST-00926,2026-01-17T06:01:40.139Z,275.23,COMPLETED
ORD-1786976374086-B2FBF1E2,CUST-00417,2026-07-10T17:38:50.625Z,489.70,PROCESSING
ORD-1786976374086-A23BF582,CUST-00663,2025-04-20T03:45:13.028Z,452.27,DELIVERED
ORD-1786976374087-1CC26DF0,CUST-00313,2026-02-22T21:13:23.189Z,240.03,COMPLETED
ORD-1786976374087-B11CE851,CUST-00136,2025-06-13T23:01:39.388Z,197.53,SHIPPED
ORD-1786976374087-E276F8F2,CUST-00703,2026-07-04T05:40:45.792Z,336.64,SHIPPED
ORD-1786976374087-2F5AF115,CUST-00158,2025-08-10T17:28:25.911Z,51.49,DELIVERED
ORD-1786976374087-DB3C40D9,CUST-00323,2026-06-05T20:35:01.973Z,476.29,COMPLETED
ORD-1786976374087-BA38BC14,CUST-00619,2025-10-05T08:54:22.200Z,381.26,DELIVERED
ORD-1786976374087-0C3EC782,CUST-00203,2025-03-10T15:30:36.321Z,274.82,PENDING
ORD-1786976374087-79B4C3FF,CUST-00242,2026-03-07T20:25:49.599Z,493.61,COMPLETED
ORD-1786976374087-E180C9CA,CUST-00921,2025-09-20T21:02:04.986Z,384.15,SHIPPED
ORD-1786976374087-7868CEAA,CUST-00998,2025-01-20T07:34:00.186Z,366.97,PENDING
ORD-1786976374087-B4C0FFBB,CUST-00723,2025-10-14T14:33:30.451Z,207.51,SHIPPED
ORD-1786976374087-701E2CA8,CUST-00853,2026-07-07T07:59:35.310Z,427.73,PROCESSING
ORD-1786976374087-5DCF6E15,CUST-00346,2026-02-24T04:51:57.589Z,148.69,PENDING
ORD-1786976374087-714F8990,CUST-00240,2026-07-29T23:11:58.545Z,256.43,PENDING
ORD-1786976374087-70B37CDC,CUST-00437,2025-09-22T00:26:26.032Z,445.49,CANCELLED
ORD-1786976374087-DDF61B8D,CUST-00550,2026-01-23T16:10:33.874Z,349.22,SHIPPED
ORD-1786976374087-8E7AEAA7,CUST-00136,2025-02-15T02:17:51.567Z,143.10,SHIPPED
ORD-1786976374087-E5410834,CUST-00703,2026-04-18T17:25:20.774Z,258.21,COMPLETED
ORD-1786976374087-A70BC316,CUST-00198,2026-08-08T04:45:25.080Z,329.02,PROCESSING
ORD-1786976374087-48FDA063,CUST-00166,2026-07-04T14:56:55.919Z,228.63,SHIPPED
ORD-1786976374087-ED007A0D,CUST-00646,2026-04-30T21:38:58.373Z,33.03,DELIVERED
ORD-1786976374087-204513F1,CUST-00362,2026-03-23T14:23:38.619Z,291.99,COMPLETED
ORD-1786976374087-68EA3E5E,CUST-00627,2025-11-27T18:57:33.557Z,124.06,CANCELLED
ORD-1786976374087-23B719AF,CUST-00315,2026-06-11T10:36:25.237Z,149.44,DELIVERED
ORD-1786976374087-48A92444,CUST-00521,2025-12-16T10:46:32.111Z,64.46,PENDING
ORD-1786976374087-A46B96EC,CUST-00529,2025-01-21T07:25:59.364Z,343.29,PROCESSING
ORD-1786976374087-FCE0209F,CUST-00015,2025-07-19T05:52:40.002Z,344.80,COMPLETED
ORD-1786976374087-EDDF52B6,CUST-00337,2025-03-12T17:00:23.504Z,149.11,DELIVERED
ORD-1786976374087-9739C312,CUST-00225,2026-05-30T17:02:02.592Z,362.01,PENDING
ORD-1786976374087-1FDB4901,CUST-00018,2025-02-28T00:22:04.211Z,428.71,DELIVERED
ORD-1786976374087-6161CE0D,CUST-00954,2026-03-21T21:24:31.683Z,287.27,CANCELLED
ORD-1786976374087-70A7E984,CUST-00191,2025-09-05T19:42:55.616Z,444.18,COMPLETED
ORD-1786976374087-F576BF62,CUST-00690,2025-04-10T11:23:07.063Z,245.06,PENDING
ORD-1786976374087-91C6C97A,CUST-00498,2025-02-16T15:48:52.656Z,341.42,PENDING
ORD-1786976374087-22E229D0,CUST-00275,2026-07-30T18:30:37.701Z,294.65,COMPLETED
ORD-1786976374087-BC3609CF,CUST-00918,2026-05-25T09:02:38.261Z,183.22,CANCELLED
ORD-1786976374087-9386E937,CUST-00185,2025-07-10T22:44:35.714Z,333.86,PENDING
ORD-1786976374087-7242BFC5,CUST-00995,2025-09-21T04:55:43.867Z,505.73,DELIVERED
ORD-1786976374087-98FD90C8,CUST-00417,2026-05-13T09:50:33.829Z,498.06,PROCESSING
ORD-1786976374087-1A08234E,CUST-00314,2026-03-30T20:57:36.758Z,237.77,PROCESSING
ORD-1786976374087-6386EE1D,CUST-00286,2025-03-12T16:38:41.243Z,426.58,PROCESSING
ORD-1786976374087-ACE43074,CUST-00100,2025-11-25T00:12:28.435Z,385.66,CANCELLED
ORD-1786976374087-5B6C479C,CUST-00250,2026-07-29T02:58:51.253Z,151.53,PENDING
ORD-1786976374087-BB676A80,CUST-00235,2025-04-27T21:31:42.004Z,177.60,CANCELLED
ORD-1786976374087-8F7FDCA2,CUST-00761,2026-03-02T13:10:30.665Z,255.49,CANCELLED
ORD-1786976374087-61146A12,CUST-00731,2025-05-16T20:47:06.186Z,35.70,PENDING
ORD-1786976374087-4267D3AA,CUST-00697,2026-01-28T17:25:25.115Z,367.84,COMPLETED
ORD-1786976374087-54887DF2,CUST-00429,2025-01-11T13:37:48.213Z,88.22,PENDING
ORD-1786976374087-8E1C702D,CUST-00707,2025-06-22T15:48:55.028Z,125.73,PENDING
ORD-1786976374087-473D1C0F,CUST-00029,2026-01-23T10:55:09.333Z,214.17,PROCESSING
ORD-1786976374087-733AC536,CUST-00746,2025-02-16T14:37:44.872Z,226.38,SHIPPED
ORD-1786976374087-9FDC7DF1,CUST-00460,2025-06-15T07:49:14.523Z,170.97,CANCELLED
ORD-1786976374087-3F07EE6F,CUST-00510,2025-08-20T03:12:22.692Z,232.83,PROCESSING
ORD-1786976374087-D43EC7E9,CUST-00417,2025-09-21T13:24:26.995Z,291.72,PROCESSING
ORD-1786976374087-42BCF2DB,CUST-00934,2025-04-23T05:03:00.734Z,500.75,CANCELLED
ORD-1786976374087-662FD70F,CUST-00362,2026-07-17T05:39:20.064Z,244.35,COMPLETED
ORD-1786976374087-1AA265EE,CUST-00451,2025-02-15T07:20:05.076Z,49.69,PROCESSING
ORD-1786976374087-B4FB78FE,CUST-00531,2025-05-09T23:19:33.144Z,259.92,DELIVERED
ORD-1786976374087-226AF3FA,CUST-00642,2026-04-13T14:20:38.110Z,458.67,PENDING
ORD-1786976374087-65C19462,CUST-00635,2025-08-18T23:51:39.592Z,496.03,COMPLETED
ORD-1786976374087-B0E45F97,CUST-00556,2025-07-26T09:23:33.596Z,214.77,DELIVERED
ORD-1786976374087-6182BABD,CUST-00230,2026-06-21T17:51:42.953Z,116.81,PROCESSING
ORD-1786976374087-C8161B07,CUST-00298,2025-08-18T00:09:35.739Z,380.11,CANCELLED
ORD-1786976374087-36E35515,CUST-00823,2025-02-23T18:47:35.190Z,460.77,DELIVERED
ORD-1786976374087-BCE05E09,CUST-00883,2025-07-12T07:03:15.815Z,409.01,COMPLETED
ORD-1786976374087-24536D85,CUST-00961,2025-08-04T06:14:07.251Z,445.01,PROCESSING
ORD-1786976374087-5B399C76,CUST-00093,2025-05-08T21:37:02.082Z,393.99,PENDING
ORD-1786976374087-D25DAAB4,CUST-00195,2025-03-12T22:33:56.733Z,223.89,DELIVERED
ORD-1786976374087-4F6AEB1B,CUST-00465,2025-03-24T18:35:17.308Z,119.68,CANCELLED
ORD-1786976374087-B9A718A7,CUST-00159,2025-12-23T15:42:16.676Z,496.25,CANCELLED
ORD-1786976374087-C5E438E9,CUST-00947,2026-01-16T18:06:17.229Z,428.90,SHIPPED
ORD-1786976374087-8293AB36,CUST-00011,2026-03-15T23:37:39.682Z,157.31,SHIPPED
ORD-1786976374088-A72B6E90,CUST-00866,2025-07-24T18:30:52.383Z,158.73,DELIVERED
ORD-1786976374088-FED6B29C,CUST-00089,2025-10-17T08:56:35.546Z,476.54,PENDING
ORD-1786976374088-5BB4F7F3,CUST-00250,2026-02-14T17:19:43.458Z,289.15,COMPLETED
ORD-1786976374088-65C1A561,CUST-00740,2025-09-12T02:40:31.529Z,255.42,PENDING
ORD-1786976374088-E1125382,CUST-00950,2025-07-16T08:27:39.186Z,310.54,COMPLETED
ORD-1786976374088-65F4F8B1,CUST-00883,2026-05-19T11:38:15.335Z,470.54,PROCESSING
ORD-1786976374088-0A4D87BA,CUST-00125,2026-05-21T19:44:35.991Z,402.07,PROCESSING
ORD-1786976374088-CE5197F7,CUST-00896,2025-07-04T10:50:47.398Z,271.89,PROCESSING
ORD-1786976374088-D008F698,CUST-00847,2026-05-18T00:54:10.081Z,60.28,CANCELLED
ORD-1786976374088-AA2A07B4,CUST-00779,2026-04-11T16:20:30.225Z,64.06,DELIVERED
ORD-1786976374088-9D060365,CUST-00622,2026-01-19T06:08:48.820Z,163.04,DELIVERED
ORD-1786976374088-E93410CD,CUST-00967,2026-01-11T16:25:43.122Z,23.48,SHIPPED
ORD-1786976374088-B50DF121,CUST-00596,2025-11-14T04:35:20.997Z,158.44,CANCELLED
ORD-1786976374088-E08B8C6B,CUST-00376,2025-11-04T22:10:28.323Z,68.17,SHIPPED
ORD-1786976374088-599D24A3,CUST-00057,2025-09-20T15:48:31.519Z,278.35,CANCELLED
ORD-1786976374088-9B26734B,CUST-00296,2025-10-15T13:49:14.590Z,463.01,DELIVERED
ORD-1786976374088-5B208800,CUST-00304,2025-11-28T12:20:22.685Z,451.00,DELIVERED
ORD-1786976374088-562E8786,CUST-00433,2025-08-09T00:47:41.667Z,162.99,SHIPPED
ORD-1786976374088-969A45C1,CUST-00619,2025-06-09T16:51:35.022Z,115.14,CANCELLED
ORD-1786976374088-84F2C04F,CUST-00392,2026-04-25T07:46:36.675Z,357.81,CANCELLED
ORD-1786976374088-1B9C0123,CUST-00663,2026-06-05T19:44:23.012Z,154.59,PROCESSING
ORD-1786976374088-4A516B17,CUST-00047,2026-06-16T00:15:46.017Z,60.75,PROCESSING
ORD-1786976374088-0AD41D1D,CUST-00209,2025-01-19T08:40:21.818Z,340.08,DELIVERED
ORD-1786976374088-627D4596,CUST-00419,2026-01-18T01:11:48.247Z,264.60,CANCELLED
ORD-1786976374088-53E06AC5,CUST-00274,2026-02-17T08:45:27.939Z,256.57,COMPLETED
ORD-1786976374088-487D4EF1,CUST-00663,2025-06-22T23:15:29.485Z,297.08,SHIPPED
ORD-1786976374088-EE072C93,CUST-00882,2026-06-28T01:12:30.034Z,366.35,CANCELLED
ORD-1786976374088-43F71B95,CUST-00054,2025-06-01T15:06:56.789Z,349.98,CANCELLED
ORD-1786976374088-CCC22E62,CUST-00776,2026-04-02T16:59:23.620Z,449.51,SHIPPED
ORD-1786976374088-03DB3630,CUST-00842,2025-08-27T12:07:27.388Z,488.35,CANCELLED
ORD-1786976374088-E509A7E4,CUST-00371,2025-04-04T11:45:48.404Z,225.13,PENDING
ORD-1786976374088-BFAE6678,CUST-00234,2026-07-26T10:12:02.743Z,493.83,CANCELLED
ORD-1786976374088-268B4CA9,CUST-00746,2026-07-11T06:12:13.819Z,18.50,SHIPPED
ORD-1786976374088-E082EC31,CUST-00385,2026-01-07T11:44:19.910Z,435.64,PROCESSING
ORD-1786976374088-43D7422E,CUST-00664,2025-01-06T22:14:46.517Z,258.25,SHIPPED
ORD-1786976374088-48EEBC4B,CUST-00621,2026-02-27T20:09:00.755Z,429.36,SHIPPED
ORD-1786976374088-AF37D6EF,CUST-00155,2026-02-13T11:59:52.651Z,58.22,PROCESSING
ORD-1786976374088-937AC39B,CUST-00736,2026-06-25T21:18:33.342Z,372.46,SHIPPED
ORD-1786976374088-D081FD52,CUST-00077,2025-04-07T08:58:16.836Z,21.78,PROCESSING
ORD-1786976374088-DB49C816,CUST-00663,2026-08-13T18:54:10.952Z,443.18,CANCELLED
ORD-1786976374088-49593289,CUST-00585,2026-02-04T23:45:10.159Z,251.01,PENDING
ORD-1786976374090-8A77A0F7,CUST-00754,2026-08-14T07:15:57.109Z,240.98,SHIPPED
ORD-1786976374090-7F24201D,CUST-00130,2025-04-08T20:51:36.914Z,243.90,SHIPPED
ORD-1786976374090-FB20BF4A,CUST-00060,2026-05-29T14:18:37.961Z,239.28,COMPLETED
ORD-1786976374090-14C471AE,CUST-00351,2025-12-09T03:00:56.382Z,315.39,PENDING
ORD-1786976374090-018094B7,CUST-00732,2025-02-04T04:07:22.759Z,290.85,PENDING
ORD-1786976374090-1ECBFC98,CUST-00177,2025-11-23T09:13:01.154Z,290.61,SHIPPED
ORD-1786976374090-AD1A6701,CUST-00854,2026-01-22T07:06:03.776Z,444.61,PENDING
ORD-1786976374090-8FD9CCA5,CUST-00098,2025-05-12T22:14:25.183Z,68.51,CANCELLED
ORD-1786976374090-B1B2E11A,CUST-00498,2025-02-03T21:29:11.736Z,437.65,DELIVERED
ORD-1786976374090-83080942,CUST-00674,2025-04-03T05:37:16.188Z,79.91,PENDING
ORD-1786976374090-D8CAB8EC,CUST-00444,2025-08-20T17:34:54.856Z,330.58,DELIVERED
ORD-1786976374090-BBB8458A,CUST-00239,2026-01-16T13:04:49.349Z,295.56,SHIPPED
ORD-1786976374090-BA943749,CUST-00788,2026-05-22T21:33:29.252Z,263.39,PENDING
ORD-1786976374090-7113AF92,CUST-00473,2025-03-08T03:12:24.479Z,290.73,CANCELLED
ORD-1786976374090-A22AAB3E,CUST-00105,2025-11-01T11:46:41.986Z,130.53,SHIPPED
ORD-1786976374090-48CCAE1B,CUST-00276,2025-05-22T10:15:25.350Z,171.21,PENDING
ORD-1786976374090-7DB72D38,CUST-00829,2026-06-02T19:55:08.495Z,293.85,CANCELLED
ORD-1786976374090-FF75AD89,CUST-00947,2026-04-22T17:17:31.432Z,70.91,PENDING
ORD-1786976374090-5E173499,CUST-00805,2026-02-27T08:17:45.162Z,294.56,PENDING
ORD-1786976374090-1F31300E,CUST-00043,2025-10-08T22:51:21.089Z,386.70,DELIVERED
ORD-1786976374090-91213CD5,CUST-00822,2025-10-11T05:33:55.766Z,403.59,PENDING
ORD-1786976374090-10D720DF,CUST-00567,2025-09-14T18:14:38.747Z,145.28,CANCELLED
ORD-1786976374090-D64CBC55,CUST-00983,2025-06-28T14:36:12.357Z,497.16,DELIVERED
ORD-1786976374090-27EB6C08,CUST-00981,2025-12-29T17:28:53.674Z,156.25,COMPLETED
ORD-1786976374090-4EDF4C52,CUST-00739,2026-05-05T17:19:55.375Z,282.23,COMPLETED
ORD-1786976374090-5B12AC63,CUST-00793,2026-07-06T02:10:30.002Z,315.63,COMPLETED
ORD-1786976374090-74A16039,CUST-00072,2025-11-23T12:02:50.995Z,312.20,COMPLETED
ORD-1786976374090-144E57B9,CUST-00808,2025-06-06T21:46:23.133Z,84.83,SHIPPED
ORD-1786976374090-B9BBBB1A,CUST-00738,2025-08-20T18:51:33.361Z,491.14,DELIVERED
ORD-1786976374090-30777D05,CUST-00455,2025-07-04T08:07:05.658Z,225.02,SHIPPED
ORD-1786976374090-A439B19B,CUST-00748,2025-08-26T23:22:22.889Z,158.39,PENDING
ORD-1786976374090-85DF8616,CUST-00288,2026-02-14T23:41:30.809Z,393.75,COMPLETED
ORD-1786976374090-3EDA7EE4,CUST-00355,2025-12-28T17:44:54.041Z,130.12,SHIPPED
ORD-1786976374090-A83D6BCA,CUST-00606,2025-02-26T03:33:35.297Z,282.76,COMPLETED
ORD-1786976374090-B800C594,CUST-00096,2025-01-06T08:05:49.736Z,186.37,DELIVERED
ORD-1786976374090-64F26B7C,CUST-00371,2025-08-28T15:00:48.334Z,100.80,CANCELLED
ORD-1786976374090-4BEB86F5,CUST-00589,2025-09-19T01:00:01.873Z,289.55,CANCELLED
ORD-1786976374090-6A9F6838,CUST-00893,2025-11-20T07:07:00.006Z,279.53,PROCESSING
ORD-1786976374090-919A35C2,CUST-00261,2026-05-06T07:10:03.157Z,283.90,COMPLETED
ORD-1786976374090-BB731C63,CUST-00856,2026-06-26T15:45:29.440Z,338.22,DELIVERED
ORD-1786976374090-B2522AB1,CUST-00655,2026-07-20T13:45:54.278Z,507.17,COMPLETED
ORD-1786976374090-0032E1B0,CUST-00528,2025-12-25T11:58:59.676Z,222.96,PENDING
ORD-1786976374090-A567213F,CUST-00732,2025-09-19T08:57:00.603Z,81.26,COMPLETED
ORD-1786976374090-DD0CD9C0,CUST-00777,2025-11-17T15:30:39.318Z,414.95,SHIPPED
ORD-1786976374090-9215D431,CUST-00200,2025-05-25T08:23:40.288Z,404.18,DELIVERED
ORD-1786976374090-5BB2ABB1,CUST-00149,2025-04-25T20:24:04.420Z,82.56,DELIVERED
ORD-1786976374090-058304F1,CUST-00594,2025-05-01T12:12:03.230Z,36.00,PENDING
ORD-1786976374090-A33F3D4B,CUST-00655,2026-05-29T01:13:41.517Z,438.31,PENDING
ORD-1786976374090-B5745EDD,CUST-00815,2026-03-13T18:32:02.320Z,15.80,CANCELLED
ORD-1786976374090-B67CF609,CUST-00170,2026-02-15T10:00:47.918Z,359.48,CANCELLED
ORD-1786976374090-611DA999,CUST-00787,2025-03-27T09:32:16.699Z,78.52,DELIVERED
ORD-1786976374090-DD069AE1,CUST-00921,2026-01-06T03:19:29.656Z,274.58,DELIVERED
ORD-1786976374090-29C04A79,CUST-00495,2026-08-07T15:44:47.433Z,438.89,CANCELLED
ORD-1786976374090-1F991A72,CUST-00804,2025-07-01T14:18:00.169Z,190.54,SHIPPED
ORD-1786976374090-C3301C8A,CUST-00620,2026-04-25T08:14:50.994Z,296.23,PENDING
ORD-1786976374090-43EDA9E1,CUST-00516,2026-04-10T06:43:43.665Z,100.72,PENDING
ORD-1786976374090-28471A73,CUST-00618,2025-02-24T23:21:13.421Z,393.99,CANCELLED
ORD-1786976374090-5C1B3CB5,CUST-00439,2026-04-01T14:27:40.501Z,398.72,CANCELLED
ORD-1786976374090-77A54E6D,CUST-00089,2025-06-24T13:50:49.819Z,91.49,CANCELLED
ORD-1786976374090-6DD53548,CUST-00876,2025-06-19T19:29:15.784Z,384.15,COMPLETED
ORD-1786976374090-F6CDC8B8,CUST-00060,2026-06-29T14:52:16.458Z,73.53,DELIVERED
ORD-1786976374090-B0FBC888,CUST-00274,2026-06-19T22:54:22.153Z,450.40,PENDING
ORD-1786976374090-7FF313BB,CUST-00063,2025-12-20T01:14:58.932Z,485.83,CANCELLED
ORD-1786976374090-0CCFC0C4,CUST-00732,2026-03-06T23:38:41.688Z,185.12,CANCELLED
ORD-1786976374090-F78DAE5B,CUST-00938,2026-04-10T09:14:18.970Z,495.61,COMPLETED
ORD-1786976374090-74A22E74,CUST-00645,2025-07-22T07:51:47.826Z,43.47,PENDING
ORD-1786976374090-41583681,CUST-00992,2025-02-01T11:31:19.506Z,82.27,PROCESSING
ORD-1786976374090-E63AB345,CUST-00452,2026-04-03T02:33:40.887Z,118.18,SHIPPED
ORD-1786976374090-79282AA4,CUST-00230,2025-09-27T17:54:47.149Z,448.61,PENDING
ORD-1786976374090-724E31A7,CUST-00415,2025-05-15T22:20:21.348Z,314.38,COMPLETED
ORD-1786976374090-55030A02,CUST-00181,2025-12-25T16:57:26.320Z,504.61,CANCELLED
ORD-1786976374090-662CE340,CUST-00124,2026-05-21T06:00:06.681Z,263.99,DELIVERED
ORD-1786976374090-61382F58,CUST-00484,2025-04-08T18:35:40.942Z,491.47,DELIVERED
ORD-1786976374090-AF88AA64,CUST-00978,2025-04-30T16:34:03.269Z,166.15,DELIVERED
ORD-1786976374090-ED9CE0FE,CUST-00181,2026-08-04T10:40:55.689Z,497.06,PENDING
ORD-1786976374090-AD53725D,CUST-00375,2025-01-30T11:10:21.204Z,145.81,PROCESSING
ORD-1786976374090-1E2E6DB1,CUST-00159,2026-07-01T18:33:18.213Z,144.01,SHIPPED
ORD-1786976374090-1AC0EC77,CUST-00813,2025-11-06T12:36:14.055Z,252.36,PROCESSING
ORD-1786976374090-2D850CB5,CUST-00219,2026-03-24T01:37:34.587Z,217.09,PENDING
ORD-1786976374090-9D68FC7D,CUST-00762,2026-04-24T19:46:54.891Z,16.74,CANCELLED
ORD-1786976374090-18BF8DA8,CUST-00972,2026-06-16T10:17:31.628Z,167.37,PENDING
ORD-1786976374090-324BDD08,CUST-00051,2026-04-27T03:56:54.754Z,390.80,PROCESSING
ORD-1786976374090-21E76EDD,CUST-00112,2026-06-03T06:03:38.819Z,156.87,DELIVERED
ORD-1786976374090-1315902F,CUST-00207,2025-09-30T21:32:03.561Z,502.85,PENDING
ORD-1786976374090-159804CA,CUST-00358,2026-06-12T07:57:42.524Z,128.76,SHIPPED
ORD-1786976374090-BBAF5E75,CUST-00853,2025-08-06T09:56:43.288Z,86.24,COMPLETED
ORD-1786976374090-50E52598,CUST-00973,2025-07-29T08:19:13.575Z,194.99,CANCELLED
ORD-1786976374090-19FCFC98,CUST-00509,2025-02-28T11:33:23.658Z,59.45,CANCELLED
ORD-1786976374090-362FB11C,CUST-00168,2025-06-28T06:45:10.848Z,428.79,SHIPPED
ORD-1786976374090-4090D9A6,CUST-00273,2026-05-16T17:55:58.980Z,321.16,CANCELLED
ORD-1786976374090-BC210AF0,CUST-00542,2026-03-31T13:29:11.428Z,311.35,CANCELLED
ORD-1786976374090-2253046C,CUST-00049,2026-03-26T07:16:28.036Z,387.35,CANCELLED
ORD-1786976374090-6EDD42B0,CUST-00148,2025-08-29T01:58:08.325Z,302.42,CANCELLED
ORD-1786976374090-A602D5F9,CUST-00943,2025-09-30T14:23:40.903Z,120.50,CANCELLED
ORD-1786976374090-3FCF6A65,CUST-00808,2026-02-08T06:43:30.411Z,492.78,COMPLETED
ORD-1786976374090-C7A81A1E,CUST-00599,2026-05-15T09:50:01.732Z,368.36,CANCELLED
ORD-1786976374090-5D522290,CUST-00433,2025-08-02T09:15:47.121Z,71.88,SHIPPED
ORD-1786976374090-EAC9F4BD,CUST-00476,2026-08-04T08:36:24.028Z,228.39,PROCESSING
ORD-1786976374090-02F3C113,CUST-00913,2026-01-12T21:37:58.188Z,498.52,PROCESSING
ORD-1786976374090-79E1E075,CUST-00895,2025-05-15T17:53:43.486Z,268.78,DELIVERED
ORD-1786976374090-E49F1CC7,CUST-00601,2026-08-07T02:01:56.921Z,491.76,DELIVERED
ORD-1786976374090-26A44653,CUST-00170,2026-02-28T10:34:23.331Z,258.88,SHIPPED
ORD-1786976374090-5EFC2529,CUST-00146,2025-10-28T06:24:37.591Z,388.59,COMPLETED
ORD-1786976374090-A06F6624,CUST-00333,2026-02-13T01:37:01.853Z,480.97,PENDING
ORD-1786976374090-FCDEA7D1,CUST-00814,2025-09-21T01:54:27.338Z,158.84,COMPLETED
ORD-1786976374090-644A3950,CUST-00831,2026-06-12T00:15:27.652Z,441.86,DELIVERED
ORD-1786976374090-3294746D,CUST-00422,2025-09-20T09:47:19.418Z,281.12,COMPLETED
ORD-1786976374090-153F75C1,CUST-00264,2025-03-13T01:07:37.801Z,378.96,PENDING
ORD-1786976374090-731C0CED,CUST-00014,2025-03-15T01:17:16.599Z,110.43,PENDING
ORD-1786976374090-6A048668,CUST-00045,2025-11-17T00:04:55.550Z,303.11,PENDING
ORD-1786976374090-637FF3D2,CUST-00979,2026-07-17T04:34:24.245Z,180.83,PROCESSING
ORD-1786976374090-D281B163,CUST-00547,2026-07-12T11:28:26.783Z,160.13,COMPLETED
ORD-1786976374090-885E18A0,CUST-00195,2025-11-27T13:19:21.588Z,318.09,SHIPPED
ORD-1786976374090-C62A1A77,CUST-00198,2025-03-27T09:54:06.771Z,94.27,COMPLETED
ORD-1786976374090-4FE6D469,CUST-00614,2026-02-26T13:16:04.192Z,491.15,PENDING
ORD-1786976374090-32EBDA0D,CUST-00042,2026-06-21T23:35:43.435Z,425.33,PENDING
ORD-1786976374090-EED5112F,CUST-00828,2026-01-04T03:11:20.362Z,446.21,PENDING
ORD-1786976374090-587206FA,CUST-00973,2025-05-22T02:41:54.064Z,214.47,COMPLETED
ORD-1786976374090-8C2A86C4,CUST-00484,2025-02-10T16:37:33.910Z,139.06,DELIVERED
ORD-1786976374090-0603CA69,CUST-00826,2025-10-30T20:32:59.372Z,107.91,CANCELLED
ORD-1786976374090-8891BE66,CUST-00326,2025-03-15T19:00:52.924Z,17.53,CANCELLED
ORD-1786976374090-E90C1CAD,CUST-00628,2025-08-01T03:12:20.418Z,40.41,DELIVERED
ORD-1786976374090-83C6BF64,CUST-00049,2025-12-01T02:33:37.843Z,362.99,SHIPPED
ORD-1786976374090-C533A302,CUST-00096,2025-08-03T04:11:35.172Z,422.25,DELIVERED
ORD-1786976374090-6D2EA4C9,CUST-00409,2025-09-27T23:36:08.636Z,114.83,PROCESSING
ORD-1786976374090-A5A5D55B,CUST-00093,2025-08-05T19:54:14.341Z,392.26,PROCESSING
ORD-1786976374091-5C79CE93,CUST-00443,2025-10-18T01:02:38.309Z,161.85,COMPLETED
ORD-1786976374091-DE4D8CAE,CUST-00293,2025-10-05T18:59:21.894Z,428.56,CANCELLED
ORD-1786976374091-A63C2F32,CUST-00166,2025-02-07T04:37:37.833Z,135.55,PROCESSING
ORD-1786976374091-20A77B4E,CUST-00635,2026-03-18T02:07:08.406Z,457.60,CANCELLED
ORD-1786976374091-605A0F9A,CUST-00621,2025-10-04T00:06:03.959Z,143.29,PENDING
ORD-1786976374091-F0894B6C,CUST-00846,2025-10-16T07:10:27.949Z,406.26,SHIPPED
ORD-1786976374091-122CBAC1,CUST-00457,2026-01-05T23:36:43.031Z,240.37,COMPLETED
ORD-1786976374091-6E2D91B3,CUST-00682,2026-01-07T15:43:06.657Z,74.97,SHIPPED
ORD-1786976374091-83225AB3,CUST-00186,2025-03-08T07:02:24.942Z,209.38,COMPLETED
ORD-1786976374091-95BB0727,CUST-00193,2025-09-19T01:56:26.580Z,419.39,DELIVERED
ORD-1786976374091-CB184371,CUST-00356,2026-02-23T12:11:20.561Z,426.16,CANCELLED
ORD-1786976374091-0C7CE28F,CUST-00326,2026-03-12T11:38:37.486Z,151.74,COMPLETED
ORD-1786976374091-838DBE72,CUST-00333,2025-08-03T20:28:03.232Z,148.38,DELIVERED
ORD-1786976374091-574CB10A,CUST-00493,2025-07-12T02:09:50.640Z,218.79,DELIVERED
ORD-1786976374091-27FF2B3E,CUST-00454,2026-03-28T18:38:19.020Z,329.66,DELIVERED
ORD-1786976374091-0DB1FE35,CUST-00515,2025-05-30T03:00:35.587Z,443.08,PROCESSING
ORD-1786976374091-7FF92F64,CUST-00941,2025-01-13T04:33:19.371Z,94.66,PENDING
ORD-1786976374091-BB879C05,CUST-00655,2025-11-27T00:57:17.669Z,215.92,DELIVERED
ORD-1786976374091-9FB9233B,CUST-00099,2026-03-15T10:02:16.223Z,326.87,SHIPPED
ORD-1786976374091-ADDA5E7C,CUST-00919,2025-07-30T03:57:19.422Z,11.68,PROCESSING
ORD-1786976374091-B3588352,CUST-00558,2025-08-12T02:10:30.412Z,155.35,PENDING
ORD-1786976374091-2B5BB8A9,CUST-00737,2025-01-10T03:20:54.969Z,310.95,DELIVERED
ORD-1786976374091-A163D664,CUST-00765,2026-04-02T09:05:55.721Z,498.75,CANCELLED
ORD-1786976374091-EAA092C0,CUST-00323,2025-01-04T18:45:48.842Z,173.56,DELIVERED
ORD-1786976374091-6DF109EB,CUST-00572,2025-08-23T08:32:03.470Z,242.87,PENDING
ORD-1786976374091-29231D31,CUST-00603,2026-05-28T23:38:31.532Z,434.53,SHIPPED
ORD-1786976374091-72F7DE41,CUST-00370,2025-10-03T22:03:30.625Z,73.38,CANCELLED
ORD-1786976374091-675C6AD0,CUST-00738,2026-07-09T14:01:07.755Z,423.33,CANCELLED
ORD-1786976374091-6F6FA1FA,CUST-00478,2026-04-30T10:27:27.827Z,460.38,DELIVERED
ORD-1786976374091-1C4C3D7F,CUST-00204,2026-02-01T19:41:06.135Z,219.48,SHIPPED
ORD-1786976374091-D3762B25,CUST-00811,2026-01-04T21:36:43.450Z,313.50,CANCELLED
ORD-1786976374091-F91367E3,CUST-00944,2025-01-03T15:40:43.243Z,114.36,CANCELLED
ORD-1786976374091-14679A28,CUST-00822,2025-04-01T05:04:18.166Z,122.54,PENDING
ORD-1786976374091-E3274EA3,CUST-00368,2025-05-21T22:38:22.137Z,70.57,SHIPPED
ORD-1786976374091-BD2A2E33,CUST-00996,2026-04-23T11:05:40.075Z,133.81,PROCESSING
ORD-1786976374091-F0F172A0,CUST-00039,2025-05-12T17:58:44.243Z,78.64,SHIPPED
ORD-1786976374091-7D54D560,CUST-00471,2026-03-11T14:13:40.004Z,504.17,PROCESSING
ORD-1786976374091-F78AD5BD,CUST-00408,2025-11-01T11:47:17.445Z,324.65,CANCELLED
ORD-1786976374091-8B482C41,CUST-00597,2026-04-21T14:32:33.585Z,415.97,SHIPPED
ORD-1786976374091-971754B6,CUST-00062,2026-06-08T01:48:34.989Z,353.83,CANCELLED
ORD-1786976374091-924835D1,CUST-00556,2025-08-27T17:15:11.671Z,20.58,PENDING
ORD-1786976374091-379E0D6B,CUST-00580,2026-01-18T09:19:54.532Z,63.11,PROCESSING
ORD-1786976374091-5BF5CF98,CUST-00217,2026-03-12T23:07:53.658Z,167.86,PENDING
ORD-1786976374091-085B4C2F,CUST-00422,2025-10-16T20:50:51.264Z,203.34,COMPLETED
ORD-1786976374091-51C294AF,CUST-00348,2025-03-02T15:35:09.223Z,247.20,PENDING
ORD-1786976374091-A6431EE6,CUST-00091,2025-11-10T17:48:29.773Z,104.12,SHIPPED
ORD-1786976374091-6D8076FD,CUST-00034,2025-07-31T07:56:53.178Z,334.32,COMPLETED
ORD-1786976374091-87F2C40E,CUST-00151,2026-07-09T05:38:51.146Z,239.44,SHIPPED
ORD-1786976374091-D993658C,CUST-00177,2025-05-19T16:10:12.284Z,293.28,SHIPPED
ORD-1786976374091-6EE98A23,CUST-00816,2026-04-01T09:04:40.807Z,13.21,DELIVERED
ORD-1786976374091-14AF7FD5,CUST-00741,2026-04-16T07:41:49.909Z,398.63,DELIVERED
ORD-1786976374091-9868DE7D,CUST-00101,2025-01-17T07:24:40.413Z,394.60,PROCESSING
ORD-1786976374091-C841190F,CUST-00765,2025-04-22T01:24:35.497Z,264.82,COMPLETED
ORD-1786976374091-7F4EBF35,CUST-00855,2026-05-09T15:48:50.166Z,123.15,SHIPPED
ORD-1786976374091-13450951,CUST-00524,2026-03-29T10:15:57.187Z,92.05,COMPLETED
ORD-1786976374091-531B3948,CUST-00346,2025-04-27T06:18:38.090Z,79.43,PROCESSING
ORD-1786976374091-7813B5B5,CUST-00521,2025-01-14T21:25:14.203Z,230.73,SHIPPED
ORD-1786976374091-EDCB6E79,CUST-00979,2025-10-13T11:14:39.434Z,152.29,COMPLETED
ORD-1786976374091-6CB2AAA6,CUST-00333,2026-07-02T23:51:44.291Z,163.24,PENDING
ORD-1786976374091-122C9D71,CUST-00058,2026-07-06T15:59:12.251Z,57.26,COMPLETED
ORD-1786976374091-0E4C32F2,CUST-00493,2025-08-12T08:35:37.745Z,185.61,DELIVERED
ORD-1786976374091-214B1E13,CUST-00132,2025-02-11T13:59:43.472Z,173.58,SHIPPED
ORD-1786976374091-CA7C13BC,CUST-00387,2025-02-26T20:47:17.762Z,77.47,PENDING
ORD-1786976374091-6B3455AD,CUST-00401,2026-07-18T06:33:03.770Z,199.65,CANCELLED
ORD-1786976374091-8EB05D4D,CUST-00819,2025-01-25T05:55:48.500Z,21.05,SHIPPED
ORD-1786976374091-9596CA15,CUST-00039,2025-12-07T09:28:45.709Z,404.78,PENDING
ORD-1786976374091-75F32FE6,CUST-00309,2025-08-27T19:33:21.991Z,145.87,CANCELLED
ORD-1786976374091-BB4BA96B,CUST-00322,2025-12-22T07:39:46.612Z,470.62,SHIPPED
ORD-1786976374091-7D42A900,CUST-00699,2025-02-25T07:29:32.891Z,364.49,COMPLETED
ORD-1786976374091-C3DF3888,CUST-00162,2025-04-08T07:31:14.423Z,128.42,SHIPPED
ORD-1786976374091-636F0602,CUST-00275,2025-04-21T15:16:53.152Z,307.46,PENDING
ORD-1786976374092-5BEA62A5,CUST-00322,2025-06-17T14:02:15.880Z,419.07,DELIVERED
ORD-1786976374092-DD48F7EA,CUST-00628,2026-03-17T11:18:39.782Z,134.16,SHIPPED
ORD-1786976374092-30D827DA,CUST-00903,2025-09-22T17:52:17.793Z,450.10,CANCELLED
ORD-1786976374092-29174BB2,CUST-00370,2026-05-30T06:00:09.995Z,286.63,PROCESSING
ORD-1786976374092-42941CEE,CUST-00921,2026-07-14T03:13:00.327Z,21.69,DELIVERED
ORD-1786976374092-2994399B,CUST-00390,2026-06-06T15:49:04.266Z,230.06,PROCESSING
ORD-1786976374092-50EF4E46,CUST-00208,2026-07-16T00:21:05.188Z,217.69,PROCESSING
ORD-1786976374092-901E9D8C,CUST-00272,2026-03-22T03:19:58.242Z,41.04,PROCESSING
ORD-1786976374092-1AC625AF,CUST-00451,2026-07-14T06:22:58.044Z,469.12,CANCELLED
ORD-1786976374092-E71E10A2,CUST-00045,2026-07-31T23:57:41.500Z,439.41,SHIPPED
ORD-1786976374092-73C3A94B,CUST-00579,2025-04-16T16:35:26.280Z,161.24,CANCELLED
ORD-1786976374092-8FA51C0E,CUST-00082,2025-12-08T03:49:38.763Z,113.87,PROCESSING
ORD-1786976374092-DF501291,CUST-00492,2025-12-30T18:30:56.903Z,87.19,PROCESSING
ORD-1786976374092-CB204D06,CUST-00659,2025-01-07T10:20:03.361Z,399.00,PROCESSING
ORD-1786976374092-FE551053,CUST-00767,2025-01-06T23:29:25.660Z,200.74,SHIPPED
ORD-1786976374092-B0609C9C,CUST-00357,2026-06-10T17:46:19.542Z,486.20,COMPLETED
ORD-1786976374092-27D50215,CUST-00501,2025-07-22T04:00:58.963Z,155.88,PROCESSING
ORD-1786976374092-A6952EF3,CUST-00419,2026-06-12T09:33:52.149Z,360.83,SHIPPED
ORD-1786976374092-35682E13,CUST-00713,2025-08-18T20:57:50.884Z,93.08,COMPLETED
ORD-1786976374092-728910B5,CUST-00472,2025-03-21T14:31:23.558Z,396.35,CANCELLED
ORD-1786976374092-5579AA89,CUST-00845,2026-03-27T18:02:51.277Z,452.58,DELIVERED
ORD-1786976374092-B72CFA6D,CUST-00126,2025-07-24T01:09:39.415Z,255.99,PROCESSING
ORD-1786976374092-941B71C8,CUST-00352,2026-03-25T15:54:47.471Z,333.53,SHIPPED
ORD-1786976374092-ED82ABA5,CUST-00380,2025-09-27T20:16:32.574Z,280.33,SHIPPED
ORD-1786976374092-123904FF,CUST-00187,2025-02-21T02:29:03.709Z,228.63,PENDING
ORD-1786976374092-9F3603EC,CUST-00706,2025-09-06T05:16:14.200Z,383.47,PROCESSING
ORD-1786976374092-D6D76C39,CUST-00735,2026-08-04T01:03:47.635Z,75.67,CANCELLED
ORD-1786976374092-5BEAB320,CUST-00831,2026-06-18T20:01:18.679Z,151.30,PROCESSING
ORD-1786976374092-E5FD08B7,CUST-00306,2026-06-23T00:57:32.489Z,102.05,PENDING
ORD-1786976374092-70013881,CUST-00221,2026-07-07T08:40:44.006Z,113.27,CANCELLED
ORD-1786976374092-17094464,CUST-00001,2025-09-10T07:27:02.958Z,236.04,PROCESSING
ORD-1786976374092-5A45A28F,CUST-00433,2026-03-13T05:31:27.369Z,203.99,PROCESSING
ORD-1786976374092-4F708C53,CUST-00715,2025-09-10T03:21:03.783Z,164.95,SHIPPED
ORD-1786976374092-23F6C484,CUST-00486,2026-08-03T08:31:44.126Z,262.34,PROCESSING
ORD-1786976374092-AA66963F,CUST-00305,2025-09-12T15:41:07.315Z,343.27,COMPLETED
ORD-1786976374092-F01BF628,CUST-00215,2026-03-19T09:06:56.700Z,155.90,SHIPPED
ORD-1786976374092-7D5FED46,CUST-00923,2025-09-25T05:20:50.712Z,135.80,PENDING
ORD-1786976374092-D246E65D,CUST-00284,2025-06-18T22:37:39.237Z,78.64,CANCELLED
ORD-1786976374092-0457C51A,CUST-00714,2026-01-22T23:16:27.611Z,139.41,PROCESSING
ORD-1786976374092-D23DE909,CUST-00320,2026-03-26T22:37:58.042Z,490.97,PENDING
ORD-1786976374092-453986D1,CUST-00865,2025-01-10T06:16:02.016Z,56.48,SHIPPED
ORD-1786976374092-8B349891,CUST-00684,2026-03-14T06:01:37.425Z,407.56,DELIVERED
ORD-1786976374092-D7C299F6,CUST-00120,2025-07-27T13:47:39.048Z,407.50,SHIPPED
ORD-1786976374092-9DC83B6A,CUST-00089,2025-04-17T16:59:57.069Z,11.23,COMPLETED
ORD-1786976374092-1B4FF9F4,CUST-00238,2026-01-08T18:35:14.419Z,223.33,DELIVERED
ORD-1786976374092-F1B77AE7,CUST-00441,2026-05-12T00:01:59.557Z,152.66,PROCESSING
ORD-1786976374092-76F71955,CUST-00452,2025-05-12T03:25:32.059Z,159.14,SHIPPED
ORD-1786976374092-A512C167,CUST-00516,2026-06-12T18:01:30.118Z,285.99,PENDING
ORD-1786976374092-D573C5F5,CUST-00416,2025-03-08T12:56:15.661Z,328.89,PENDING
ORD-1786976374092-C68B0915,CUST-00361,2025-05-15T17:58:00.961Z,268.79,PENDING
ORD-1786976374092-72AC6A8F,CUST-00488,2026-05-25T20:11:34.235Z,482.07,COMPLETED
ORD-1786976374092-CE62C02B,CUST-00562,2025-10-04T00:49:13.881Z,20.30,PROCESSING
ORD-1786976374092-82E8EB80,CUST-00553,2025-04-29T00:45:48.814Z,431.28,CANCELLED
ORD-1786976374092-E8192DD8,CUST-00055,2025-03-24T03:53:02.640Z,191.21,COMPLETED
ORD-1786976374092-C1FC7D9A,CUST-00233,2026-07-03T13:54:21.953Z,410.21,PROCESSING
ORD-1786976374092-5C33F236,CUST-00508,2025-03-03T18:18:01.126Z,42.09,SHIPPED
ORD-1786976374092-559DBCF9,CUST-00555,2026-01-10T03:18:29.063Z,71.22,SHIPPED
ORD-1786976374092-0544ECFB,CUST-00327,2026-01-15T10:37:31.840Z,502.42,PENDING
ORD-1786976374092-1E8A61C6,CUST-00034,2026-06-25T18:09:34.491Z,396.59,CANCELLED
ORD-1786976374092-61063438,CUST-00751,2026-03-20T17:01:43.547Z,483.75,DELIVERED
ORD-1786976374092-8B10F519,CUST-00814,2025-10-30T11:36:36.719Z,92.57,COMPLETED
ORD-1786976374092-F4A7F52E,CUST-00646,2025-11-11T15:48:45.662Z,266.54,CANCELLED
ORD-1786976374092-06F38635,CUST-00388,2025-07-25T09:13:35.473Z,183.02,CANCELLED
ORD-1786976374092-790D539B,CUST-00322,2025-07-19T03:32:27.084Z,280.21,PROCESSING
ORD-1786976374092-13FA0EE7,CUST-00954,2025-03-13T14:37:12.877Z,166.68,CANCELLED
ORD-1786976374092-6CE41DD7,CUST-00443,2025-04-09T15:13:43.869Z,74.62,DELIVERED
ORD-1786976374092-167E46E7,CUST-00863,2025-06-07T16:01:43.218Z,242.21,PENDING
ORD-1786976374092-181B5382,CUST-00858,2025-02-09T06:11:54.636Z,67.55,COMPLETED
ORD-1786976374092-1D34DC74,CUST-00380,2025-02-02T02:00:23.390Z,233.47,SHIPPED
ORD-1786976374092-D7D87D31,CUST-00175,2025-09-29T15:14:12.385Z,201.89,DELIVERED
ORD-1786976374092-5D928262,CUST-00705,2025-01-27T00:04:18.501Z,120.89,DELIVERED
ORD-1786976374092-F5944307,CUST-00159,2026-02-12T10:17:07.000Z,196.22,PENDING
ORD-1786976374092-0964C1AD,CUST-00306,2025-11-05T13:51:23.263Z,400.10,PROCESSING
ORD-1786976374093-CE1DBB18,CUST-00330,2025-10-18T12:58:16.462Z,378.87,DELIVERED
ORD-1786976374093-66C979AB,CUST-00049,2025-07-10T17:51:28.175Z,226.42,DELIVERED
ORD-1786976374093-310488E3,CUST-00235,2025-06-21T17:10:02.681Z,72.00,COMPLETED
ORD-1786976374093-32DA50BC,CUST-00064,2026-04-23T03:45:56.102Z,52.78,CANCELLED
ORD-1786976374093-73B4F7BB,CUST-00273,2026-06-20T15:13:57.948Z,54.05,PENDING
ORD-1786976374093-60B32CC9,CUST-00189,2025-05-05T15:38:54.445Z,140.06,PENDING
ORD-1786976374093-A9570C91,CUST-00493,2025-08-25T04:42:42.363Z,331.66,SHIPPED
ORD-1786976374093-D3D1E90A,CUST-00519,2026-01-23T01:28:06.410Z,10.41,PENDING
ORD-1786976374093-CE89DFA2,CUST-00465,2026-08-02T00:27:58.402Z,158.58,PROCESSING
ORD-1786976374093-48B6F4C0,CUST-00237,2026-01-05T19:11:28.681Z,235.03,COMPLETED
ORD-1786976374093-9FD39167,CUST-00676,2026-03-12T21:33:00.441Z,189.77,COMPLETED
ORD-1786976374093-FA56E1A3,CUST-00683,2025-09-09T20:19:09.086Z,441.74,CANCELLED
ORD-1786976374093-3BF918E9,CUST-00913,2026-06-15T07:07:48.567Z,75.86,SHIPPED
ORD-1786976374093-25A414C5,CUST-00767,2026-05-30T14:54:20.252Z,428.28,PENDING
ORD-1786976374093-C03455E1,CUST-00924,2025-09-14T23:57:43.231Z,395.53,PROCESSING
ORD-1786976374093-E7A6F3E5,CUST-00974,2025-10-12T09:23:49.070Z,271.34,CANCELLED
ORD-1786976374093-F8C6E407,CUST-00379,2025-12-14T06:26:40.383Z,490.42,SHIPPED
ORD-1786976374093-0F3350D3,CUST-00697,2025-08-05T22:23:10.525Z,233.45,PROCESSING
ORD-1786976374093-0C20AE0A,CUST-00479,2026-03-15T15:44:57.213Z,203.51,PROCESSING
ORD-1786976374093-B3EE594A,CUST-00641,2026-07-27T04:50:53.194Z,187.23,SHIPPED
ORD-1786976374093-C95E2D8B,CUST-00618,2025-12-10T14:11:41.656Z,211.03,PENDING
ORD-1786976374093-5CC894DB,CUST-00446,2025-09-15T07:03:27.985Z,469.68,PENDING
ORD-1786976374093-EA0B1B6F,CUST-00193,2025-08-14T12:44:00.890Z,21.77,PROCESSING
ORD-1786976374093-59168062,CUST-00702,2025-07-30T10:00:39.105Z,398.46,DELIVERED
ORD-1786976374093-F81D4A4D,CUST-00340,2026-05-22T22:43:40.767Z,120.25,DELIVERED
ORD-1786976374093-DE1990CE,CUST-00927,2025-11-26T21:16:29.480Z,385.87,COMPLETED
ORD-1786976374093-48F1CC89,CUST-00486,2026-07-20T07:32:57.028Z,461.77,PENDING
ORD-1786976374093-B938E77A,CUST-00269,2025-09-12T07:08:19.243Z,419.79,DELIVERED
ORD-1786976374093-23E48537,CUST-00304,2025-02-21T20:07:46.179Z,203.95,DELIVERED
ORD-1786976374093-000B9B56,CUST-00052,2026-05-30T16:34:10.316Z,312.55,PROCESSING
ORD-1786976374093-23F061BF,CUST-00263,2025-01-31T09:55:01.398Z,460.54,PENDING
ORD-1786976374093-D1C2BE74,CUST-00850,2025-09-14T04:43:01.010Z,134.49,PENDING
ORD-1786976374093-E9B5925E,CUST-00647,2025-01-06T16:29:14.846Z,203.45,PENDING
ORD-1786976374093-CB10176A,CUST-00864,2025-10-13T05:38:01.229Z,96.31,SHIPPED
ORD-1786976374093-D5ED0CE6,CUST-00094,2025-08-13T21:43:55.176Z,333.18,DELIVERED
ORD-1786976374093-230C730C,CUST-00725,2026-01-19T13:26:53.796Z,476.01,CANCELLED
ORD-1786976374093-53388CEF,CUST-00134,2026-05-23T20:29:22.609Z,293.83,COMPLETED
ORD-1786976374093-0A6A2CED,CUST-00286,2025-04-21T05:13:58.029Z,294.16,SHIPPED
ORD-1786976374093-B2B37427,CUST-00383,2025-08-26T05:05:45.348Z,304.48,CANCELLED
ORD-1786976374093-DDE2F482,CUST-00749,2025-01-25T00:44:07.619Z,390.20,COMPLETED
ORD-1786976374093-E3D59E11,CUST-00209,2025-05-31T17:26:57.401Z,151.12,DELIVERED
ORD-1786976374093-BA72022E,CUST-00702,2026-08-09T10:18:48.234Z,174.32,DELIVERED
ORD-1786976374093-F322862A,CUST-00990,2026-05-27T11:55:52.686Z,70.87,DELIVERED
ORD-1786976374093-91D278C3,CUST-00385,2025-08-03T00:53:47.398Z,141.07,SHIPPED
ORD-1786976374093-5FE9E905,CUST-00253,2026-02-06T04:55:42.820Z,192.40,CANCELLED
ORD-1786976374093-0D22EDD0,CUST-00912,2025-08-21T23:38:55.066Z,284.74,COMPLETED
ORD-1786976374093-3A7DB076,CUST-00500,2026-04-07T20:32:13.110Z,125.66,COMPLETED
ORD-1786976374093-9043B440,CUST-00629,2026-05-28T23:53:07.292Z,262.79,PENDING
ORD-1786976374093-32250AF0,CUST-00143,2026-03-14T08:08:45.263Z,400.68,PENDING
ORD-1786976374093-BCAB1D81,CUST-00209,2025-03-30T11:35:14.140Z,78.70,COMPLETED
ORD-1786976374093-A42E8904,CUST-00333,2026-06-02T08:22:42.949Z,386.42,COMPLETED
ORD-1786976374093-C285D885,CUST-00006,2025-09-14T20:29:12.908Z,402.12,PROCESSING
ORD-1786976374093-090E55A0,CUST-00099,2026-07-15T02:32:08.600Z,83.02,PENDING
ORD-1786976374093-A61C7B4C,CUST-00010,2026-02-17T17:43:59.503Z,185.19,SHIPPED
ORD-1786976374093-4AE5E29A,CUST-00511,2025-11-18T01:40:04.410Z,403.60,PENDING
ORD-1786976374093-E095AF11,CUST-00592,2025-02-18T16:24:19.194Z,438.34,DELIVERED
ORD-1786976374093-4A46DD38,CUST-00341,2025-08-03T06:03:25.372Z,134.29,PROCESSING
ORD-1786976374093-AAAE0CF5,CUST-00349,2025-10-05T15:37:14.652Z,255.72,COMPLETED
ORD-1786976374093-7EE766B8,CUST-00871,2026-03-26T13:26:22.183Z,366.40,PROCESSING
ORD-1786976374093-460A1FF7,CUST-00656,2025-09-18T14:04:37.775Z,473.71,PENDING
ORD-1786976374093-6AC72119,CUST-00211,2026-05-27T02:52:43.487Z,276.62,PENDING
ORD-1786976374093-3A921397,CUST-00270,2025-10-14T16:45:26.372Z,144.05,COMPLETED
ORD-1786976374093-D2A13E21,CUST-00150,2025-05-28T05:42:04.283Z,493.02,PENDING
ORD-1786976374093-EB2D3E22,CUST-00073,2025-02-22T19:47:36.904Z,352.87,PENDING
ORD-1786976374093-7029FE57,CUST-00959,2025-03-09T07:42:49.559Z,264.95,PROCESSING
ORD-1786976374093-682BF423,CUST-00959,2025-10-15T05:42:58.577Z,307.47,SHIPPED
ORD-1786976374093-60C0B061,CUST-00609,2025-05-06T12:38:01.134Z,471.55,PENDING
ORD-1786976374093-20B097AA,CUST-00097,2025-07-09T19:06:18.412Z,262.18,PROCESSING
ORD-1786976374093-3DEE4EE1,CUST-00569,2025-01-06T15:18:55.158Z,476.78,PENDING
ORD-1786976374093-D0A08B7A,CUST-00345,2025-10-09T18:27:02.955Z,342.94,SHIPPED
ORD-1786976374093-056731C1,CUST-00259,2025-06-16T04:30:18.090Z,109.43,CANCELLED
ORD-1786976374093-93F0796B,CUST-00267,2026-06-14T06:15:30.829Z,280.33,SHIPPED
ORD-1786976374093-3450D843,CUST-00675,2026-05-27T05:20:16.676Z,377.71,CANCELLED
ORD-1786976374093-0B27E46A,CUST-00095,2026-05-29T01:46:15.179Z,172.58,PENDING
ORD-1786976374093-BC2820D6,CUST-00655,2025-03-12T20:15:54.557Z,458.52,PROCESSING
ORD-1786976374093-FFFBD661,CUST-00521,2026-02-08T01:32:02.123Z,225.17,DELIVERED
ORD-1786976374093-0A01D191,CUST-00924,2026-08-12T18:47:16.552Z,304.14,PROCESSING
ORD-1786976374093-FF27A5D7,CUST-00885,2025-04-12T06:08:58.925Z,143.85,COMPLETED
ORD-1786976374093-0ADF59BB,CUST-00854,2025-09-01T06:41:07.344Z,398.11,DELIVERED
ORD-1786976374093-F8A5D270,CUST-00982,2026-08-08T01:23:24.677Z,342.68,CANCELLED
ORD-1786976374093-7DCDF364,CUST-00318,2025-03-12T22:11:05.116Z,136.40,SHIPPED
ORD-1786976374093-186887E6,CUST-00954,2026-01-18T10:41:52.956Z,82.82,CANCELLED
ORD-1786976374093-40E0177B,CUST-00429,2025-09-06T16:32:47.902Z,279.43,COMPLETED
ORD-1786976374093-F1E9A67F,CUST-00520,2025-12-26T00:54:41.561Z,315.18,COMPLETED
ORD-1786976374093-1CC8939B,CUST-00386,2025-02-03T09:49:06.822Z,14.69,PROCESSING
ORD-1786976374093-357ECB43,CUST-00435,2026-07-13T16:21:19.691Z,440.52,DELIVERED
ORD-1786976374093-F641BAA5,CUST-00808,2025-04-21T05:30:37.212Z,123.37,PENDING
ORD-1786976374093-5E933670,CUST-00638,2025-12-31T13:24:40.149Z,93.96,CANCELLED
ORD-1786976374093-1F4481DB,CUST-00129,2025-12-23T06:53:15.209Z,496.31,PENDING
ORD-1786976374093-6A77F235,CUST-00118,2025-08-06T14:54:31.693Z,509.86,SHIPPED
ORD-1786976374094-65C4B9F1,CUST-00848,2025-07-21T06:31:21.628Z,28.70,PENDING
ORD-1786976374094-AC394FBC,CUST-00981,2025-11-21T06:59:33.853Z,406.12,CANCELLED
ORD-1786976374094-B83F1484,CUST-00597,2026-06-29T17:15:33.211Z,178.79,PENDING
ORD-1786976374094-7F1F60E2,CUST-00935,2025-12-25T17:06:55.707Z,85.08,PENDING
ORD-1786976374094-322EBA8D,CUST-00547,2026-02-05T23:20:22.309Z,431.21,DELIVERED
ORD-1786976374094-2F2A2166,CUST-00767,2026-03-27T04:30:09.100Z,292.07,CANCELLED
ORD-1786976374094-C5133274,CUST-00748,2025-05-18T13:48:43.955Z,166.58,CANCELLED
ORD-1786976374094-44B644DB,CUST-00377,2025-10-06T20:03:56.692Z,393.62,SHIPPED
ORD-1786976374094-C5027211,CUST-00834,2025-09-07T16:02:59.803Z,300.64,COMPLETED
ORD-1786976374094-67395367,CUST-00765,2025-05-24T08:22:04.766Z,275.09,DELIVERED
ORD-1786976374094-B0DA6115,CUST-00859,2025-03-06T07:26:56.273Z,466.87,SHIPPED
ORD-1786976374094-CA9964C3,CUST-00082,2025-02-22T01:19:41.112Z,158.20,DELIVERED
ORD-1786976374094-2E5A5987,CUST-00097,2026-03-29T08:22:57.383Z,263.59,CANCELLED
ORD-1786976374094-AB05A4A2,CUST-00824,2025-01-30T11:16:14.023Z,300.56,SHIPPED
ORD-1786976374094-CF06862E,CUST-00977,2025-08-05T05:47:02.016Z,456.92,PROCESSING
ORD-1786976374094-3A35DC42,CUST-00723,2026-02-04T01:19:26.524Z,390.68,SHIPPED
ORD-1786976374094-8FE2FB51,CUST-00771,2025-01-28T14:19:47.107Z,311.78,CANCELLED
ORD-1786976374094-578D5293,CUST-00100,2025-12-02T00:35:43.125Z,444.14,COMPLETED
ORD-1786976374094-FEB73400,CUST-00746,2026-08-07T17:07:53.573Z,397.57,PROCESSING
ORD-1786976374094-6C66F0B7,CUST-00781,2026-03-30T04:06:02.751Z,81.41,CANCELLED
ORD-1786976374094-7ED11B6D,CUST-00227,2025-05-11T09:57:24.833Z,363.11,DELIVERED
ORD-1786976374094-D56C7CF3,CUST-00339,2025-10-27T21:58:23.856Z,492.11,CANCELLED
ORD-1786976374094-155A39A8,CUST-00902,2026-05-09T15:02:43.215Z,417.43,PENDING
ORD-1786976374094-00FF03D0,CUST-00915,2026-06-29T23:14:05.932Z,261.97,SHIPPED
ORD-1786976374094-3F076840,CUST-00735,2025-03-17T15:24:36.352Z,132.59,COMPLETED
ORD-1786976374094-6BC43179,CUST-00150,2025-12-22T17:23:17.445Z,444.97,PENDING
ORD-1786976374094-59516A50,CUST-00624,2026-04-22T18:09:31.698Z,283.69,CANCELLED
ORD-1786976374094-7C1878CA,CUST-00504,2025-07-24T15:56:36.258Z,492.62,DELIVERED
ORD-1786976374094-A2FCB858,CUST-00652,2026-01-09T06:33:48.953Z,262.38,PROCESSING
ORD-1786976374094-5A699F5B,CUST-00323,2026-07-25T18:44:10.325Z,194.15,PENDING
ORD-1786976374094-04CB19A0,CUST-00470,2025-09-13T02:19:34.620Z,326.54,PENDING
ORD-1786976374094-B9788024,CUST-00006,2026-04-14T07:27:13.367Z,255.13,SHIPPED
ORD-1786976374094-BD6ACCA1,CUST-00948,2026-05-02T22:48:48.070Z,333.57,PROCESSING
ORD-1786976374094-90F26A11,CUST-00990,2025-06-16T04:40:32.549Z,79.60,CANCELLED
ORD-1786976374094-1665D9B6,CUST-00724,2026-05-18T14:59:46.359Z,58.47,DELIVERED
ORD-1786976374094-C102E412,CUST-00469,2025-06-01T20:14:31.059Z,77.68,PROCESSING
ORD-1786976374094-9E89F877,CUST-00995,2025-11-23T18:32:00.993Z,502.28,PENDING
ORD-1786976374094-FCFC531D,CUST-00878,2026-08-01T13:23:35.783Z,465.99,CANCELLED
ORD-1786976374094-A1F934A4,CUST-00808,2025-06-21T22:24:47.206Z,291.15,COMPLETED
ORD-1786976374094-E22BDF63,CUST-00162,2026-03-14T13:05:37.655Z,199.11,SHIPPED
ORD-1786976374094-6B6AC737,CUST-00060,2025-12-06T10:43:26.467Z,447.99,PENDING
ORD-1786976374094-E7F15FA0,CUST-00624,2025-11-09T17:14:07.856Z,482.76,DELIVERED
ORD-1786976374094-91654E2B,CUST-00755,2025-03-17T16:31:12.217Z,162.21,CANCELLED
ORD-1786976374094-3B027623,CUST-00603,2025-03-21T23:08:05.166Z,138.83,CANCELLED
ORD-1786976374094-6C995818,CUST-00074,2026-02-01T11:33:01.373Z,40.50,COMPLETED
ORD-1786976374094-D56F4A99,CUST-00082,2025-03-02T10:27:28.430Z,413.42,SHIPPED
ORD-1786976374094-2526DCC6,CUST-00388,2026-02-06T12:05:43.504Z,283.96,DELIVERED
ORD-1786976374094-DF8DB2F2,CUST-00859,2026-02-21T00:35:07.660Z,116.46,CANCELLED
ORD-1786976374094-9051AD63,CUST-00970,2025-03-16T00:20:18.629Z,51.13,PENDING
ORD-1786976374094-088CCEAF,CUST-00857,2025-01-25T14:13:41.268Z,48.31,SHIPPED
ORD-1786976374094-F2BDF594,CUST-00346,2026-03-09T04:32:06.439Z,403.96,CANCELLED
ORD-1786976374094-0833FCD3,CUST-00689,2025-07-09T16:41:21.022Z,341.29,DELIVERED
ORD-1786976374094-1399DC09,CUST-00234,2025-06-22T00:52:21.518Z,454.55,PROCESSING
ORD-1786976374094-22E79F7B,CUST-00574,2026-06-01T20:05:32.028Z,129.51,CANCELLED
ORD-1786976374094-EFA35976,CUST-00381,2025-03-19T03:33:37.969Z,78.69,DELIVERED
ORD-1786976374094-C39D408E,CUST-00159,2025-01-09T12:55:55.084Z,91.22,PROCESSING
ORD-1786976374094-01F43277,CUST-00955,2025-02-20T07:33:47.005Z,129.54,PENDING
ORD-1786976374094-EED54CC0,CUST-00425,2026-03-22T11:29:11.800Z,439.48,COMPLETED
ORD-1786976374094-56B07399,CUST-00963,2025-10-14T00:19:41.337Z,100.89,CANCELLED
ORD-1786976374094-939699E3,CUST-00703,2026-03-14T06:07:43.508Z,145.34,DELIVERED
ORD-1786976374094-2D365DC5,CUST-00707,2025-02-15T04:48:18.969Z,124.34,COMPLETED
ORD-1786976374094-495A4313,CUST-00232,2025-03-31T04:04:01.170Z,57.84,PROCESSING
ORD-1786976374094-ED6480B7,CUST-00473,2025-08-07T11:04:23.194Z,443.72,CANCELLED
ORD-1786976374094-99F3F8EC,CUST-00202,2025-12-12T11:05:00.911Z,477.27,CANCELLED
ORD-1786976374094-81C5D2D8,CUST-00067,2025-09-29T06:40:26.020Z,389.28,CANCELLED
ORD-1786976374094-CECF457F,CUST-00323,2025-03-16T09:31:02.804Z,461.83,DELIVERED
ORD-1786976374094-18915B59,CUST-00892,2025-12-05T22:47:52.597Z,446.68,CANCELLED
ORD-1786976374094-7421F5B9,CUST-00350,2025-02-07T06:05:00.296Z,479.30,CANCELLED
ORD-1786976374094-ED6204DC,CUST-00739,2026-07-19T02:55:28.981Z,254.86,DELIVERED
ORD-1786976374094-439F3B3D,CUST-00244,2026-03-04T09:08:17.525Z,94.06,DELIVERED
ORD-1786976374094-1C123D4B,CUST-00441,2025-08-25T05:44:08.778Z,272.70,COMPLETED
ORD-1786976374094-AD6D9116,CUST-00022,2026-01-08T05:31:41.779Z,209.78,DELIVERED
ORD-1786976374094-9850FE57,CUST-00588,2025-11-06T12:01:42.440Z,362.85,CANCELLED
ORD-1786976374094-1616AE2D,CUST-00947,2026-08-03T01:30:40.376Z,143.31,SHIPPED
ORD-1786976374094-202377B4,CUST-00834,2026-04-14T10:24:19.015Z,99.82,PROCESSING
ORD-1786976374094-9C2F3E67,CUST-00660,2025-06-05T21:43:29.053Z,436.08,DELIVERED
ORD-1786976374094-FECB7F6C,CUST-00871,2025-07-27T16:34:40.804Z,420.19,PROCESSING
ORD-1786976374094-C4E794C7,CUST-00332,2025-02-13T18:43:47.405Z,23.37,PROCESSING
ORD-1786976374094-91031E02,CUST-00413,2025-04-12T12:34:28.280Z,430.41,CANCELLED
ORD-1786976374094-FAE9FBBB,CUST-00467,2026-07-04T16:02:28.012Z,395.09,DELIVERED
ORD-1786976374094-3261F62E,CUST-00414,2025-06-11T23:39:01.322Z,402.34,SHIPPED
ORD-1786976374094-6D12B905,CUST-00305,2025-06-04T19:20:14.505Z,321.37,DELIVERED
ORD-1786976374094-1163D346,CUST-00339,2025-07-24T22:56:03.553Z,140.60,PENDING
ORD-1786976374094-02F25744,CUST-00640,2025-10-27T20:36:57.119Z,202.63,PROCESSING
ORD-1786976374094-BBD41F8D,CUST-00020,2026-02-09T00:32:44.781Z,285.54,DELIVERED
ORD-1786976374094-EB9467A0,CUST-00924,2026-04-26T08:12:40.782Z,204.64,CANCELLED
ORD-1786976374094-D239EBC5,CUST-00636,2025-11-08T10:11:38.748Z,99.02,DELIVERED
ORD-1786976374094-3CC87780,CUST-00022,2026-04-12T13:57:49.112Z,206.54,PROCESSING
ORD-1786976374094-D8F7C241,CUST-00100,2026-06-15T21:05:38.587Z,443.21,PROCESSING
ORD-1786976374094-071B132D,CUST-00312,2025-08-13T04:35:34.035Z,88.30,CANCELLED
ORD-1786976374094-68DE2548,CUST-00886,2026-07-09T22:00:09.769Z,413.99,PROCESSING
ORD-1786976374094-9B4AC9F9,CUST-00512,2025-05-26T01:35:55.979Z,53.79,CANCELLED
ORD-1786976374094-B21CFDD6,CUST-00866,2026-08-03T19:23:50.106Z,398.58,PROCESSING
ORD-1786976374094-2F1A616C,CUST-00545,2026-05-18T01:00:14.027Z,170.70,PROCESSING
ORD-1786976374094-9BEED965,CUST-00902,2026-06-11T14:09:22.194Z,152.31,DELIVERED
ORD-1786976374094-FB5B7FE3,CUST-00108,2025-04-07T19:56:19.402Z,194.62,PENDING
ORD-1786976374094-EBDC1CA6,CUST-00969,2025-06-12T23:53:01.517Z,438.42,PENDING
ORD-1786976374094-BC22BFC0,CUST-00322,2026-07-03T11:00:59.431Z,305.53,CANCELLED
ORD-1786976374094-38BF6B2C,CUST-00432,2025-12-29T21:40:59.039Z,421.71,PROCESSING
ORD-1786976374094-DFC4DFB2,CUST-00421,2026-08-06T21:47:29.380Z,25.82,PENDING
ORD-1786976374094-D42AFB41,CUST-00689,2026-04-19T02:18:05.966Z,261.50,CANCELLED
ORD-1786976374094-C9961EAB,CUST-00185,2025-03-30T07:35:03.247Z,299.31,DELIVERED
ORD-1786976374094-306CB33D,CUST-00888,2025-12-20T14:59:23.355Z,290.41,DELIVERED
ORD-1786976374094-A3473528,CUST-00674,2025-05-04T02:18:39.679Z,109.17,COMPLETED
ORD-1786976374094-B7ED8EF8,CUST-00419,2026-05-10T18:31:36.461Z,119.46,CANCELLED
ORD-1786976374094-FB30D6FF,CUST-00560,2026-04-07T12:18:32.023Z,225.36,PENDING
ORD-1786976374094-7BA37D0D,CUST-00463,2026-03-20T15:08:48.971Z,347.11,PROCESSING
ORD-1786976374094-D7C0EF9A,CUST-00728,2025-05-15T13:32:36.634Z,182.67,SHIPPED
ORD-1786976374094-A797CB76,CUST-00282,2026-03-28T07:12:41.900Z,355.19,PROCESSING
ORD-1786976374094-CD8DCCA5,CUST-00864,2026-02-26T00:42:32.584Z,386.17,CANCELLED
ORD-1786976374094-0F1F60A6,CUST-00402,2025-08-08T22:25:40.157Z,505.46,DELIVERED
ORD-1786976374094-E177A5AC,CUST-00835,2025-10-13T15:29:09.865Z,335.56,PROCESSING
ORD-1786976374094-FB1C26F8,CUST-00939,2025-01-26T20:36:48.706Z,166.06,PROCESSING
ORD-1786976374094-43ACDC73,CUST-00877,2025-03-24T14:49:40.818Z,458.87,CANCELLED
ORD-1786976374094-683DBDCB,CUST-00423,2025-07-28T08:39:18.493Z,130.41,DELIVERED
ORD-1786976374094-07CA04F8,CUST-00496,2026-07-20T10:46:04.226Z,241.08,DELIVERED
ORD-1786976374094-051E9ED5,CUST-00073,2025-01-11T20:26:37.107Z,31.46,DELIVERED
ORD-1786976374094-B50C1113,CUST-00493,2026-04-26T10:24:13.060Z,455.53,CANCELLED
ORD-1786976374094-E3D44648,CUST-00812,2026-01-07T04:04:22.516Z,352.38,SHIPPED
ORD-1786976374094-0997E181,CUST-00368,2026-05-02T13:51:21.784Z,256.68,SHIPPED
ORD-1786976374094-08C0C968,CUST-00900,2025-03-06T08:26:36.793Z,240.09,PROCESSING
ORD-1786976374094-6802DC62,CUST-00437,2025-08-19T02:36:07.392Z,251.51,CANCELLED
ORD-1786976374094-112E3E66,CUST-00244,2026-05-09T03:51:59.214Z,217.28,PROCESSING
ORD-1786976374094-BA81495B,CUST-00446,2025-07-01T17:16:55.428Z,258.97,PENDING
ORD-1786976374094-0F5812BF,CUST-00288,2025-05-18T15:49:35.674Z,268.51,DELIVERED
ORD-1786976374094-04A6486D,CUST-00414,2025-05-05T16:39:13.388Z,221.56,COMPLETED
ORD-1786976374094-0C7F919D,CUST-00910,2026-03-19T23:05:49.356Z,26.40,PENDING
ORD-1786976374094-6B248E50,CUST-00460,2025-08-17T14:37:08.290Z,457.30,PROCESSING
ORD-1786976374094-52FCE6AA,CUST-00159,2025-04-07T08:30:20.296Z,228.44,SHIPPED
ORD-1786976374094-7988CEE1,CUST-00598,2025-05-17T12:12:55.450Z,279.91,CANCELLED
ORD-1786976374094-D8FFFD39,CUST-00743,2025-07-02T05:03:29.543Z,495.77,COMPLETED
ORD-1786976374094-6FFFE79E,CUST-00768,2026-02-04T03:53:04.124Z,248.35,PENDING
ORD-1786976374094-DEA3B674,CUST-00423,2026-04-26T18:12:26.606Z,253.29,SHIPPED
ORD-1786976374094-E2D0CF76,CUST-00879,2025-09-11T21:14:48.481Z,456.67,CANCELLED
ORD-1786976374094-EEC560F7,CUST-00332,2025-08-25T00:17:08.566Z,456.10,SHIPPED
ORD-1786976374094-D54F6539,CUST-00052,2026-02-17T00:23:44.271Z,495.80,DELIVERED
ORD-1786976374094-BBAD28E9,CUST-00598,2025-05-14T15:47:26.330Z,358.93,CANCELLED
ORD-1786976374094-81B7B7E5,CUST-00321,2025-11-30T03:27:29.474Z,266.59,SHIPPED
ORD-1786976374094-1D97D3FC,CUST-00204,2025-12-26T23:38:35.409Z,468.05,COMPLETED
ORD-1786976374094-DBE0C256,CUST-00704,2025-08-19T18:47:35.083Z,436.97,CANCELLED
ORD-1786976374094-8DD542ED,CUST-00803,2026-03-16T02:18:29.200Z,24.38,DELIVERED
ORD-1786976374094-EAB0EA3F,CUST-00626,2026-04-20T03:56:26.304Z,169.14,PENDING
ORD-1786976374094-9FB95947,CUST-00720,2026-04-06T13:07:00.564Z,364.54,SHIPPED
ORD-1786976374094-501C49A1,CUST-00199,2025-07-13T02:58:27.524Z,91.48,DELIVERED
ORD-1786976374094-651813F7,CUST-00881,2025-11-02T20:39:54.333Z,40.00,SHIPPED
ORD-1786976374094-92348892,CUST-00628,2025-11-22T00:53:43.809Z,219.47,SHIPPED
ORD-1786976374094-49D9A6D0,CUST-00595,2026-04-23T11:16:30.771Z,23.72,PENDING
ORD-1786976374094-755C868F,CUST-00684,2026-05-20T09:18:15.140Z,243.66,DELIVERED
ORD-1786976374094-6BC0D519,CUST-00335,2025-03-29T21:35:05.124Z,164.35,PROCESSING
ORD-1786976374094-F04A8E1F,CUST-00872,2025-01-18T01:57:50.330Z,42.28,DELIVERED
ORD-1786976374094-E5A9AD34,CUST-00554,2026-05-16T02:30:38.395Z,409.08,DELIVERED
ORD-1786976374094-A01CFF27,CUST-00808,2025-12-21T02:26:26.663Z,215.96,PENDING
ORD-1786976374094-23E5801E,CUST-00591,2026-06-03T15:15:34.850Z,486.13,COMPLETED
ORD-1786976374094-5ABE07F1,CUST-00810,2025-08-24T00:21:54.020Z,70.74,CANCELLED
ORD-1786976374094-95E4B76A,CUST-00079,2025-06-11T20:14:31.272Z,348.08,CANCELLED
ORD-1786976374094-2D2ED963,CUST-00761,2025-01-10T20:10:25.838Z,477.70,CANCELLED
ORD-1786976374094-9AED8DFE,CUST-00117,2025-08-02T12:50:46.375Z,437.70,DELIVERED
ORD-1786976374094-5A474808,CUST-00636,2026-05-28T09:11:39.727Z,182.77,PENDING
ORD-1786976374094-BBB302B6,CUST-00598,2026-07-07T23:08:45.921Z,295.76,DELIVERED
ORD-1786976374094-8F5A012F,CUST-00434,2025-01-05T10:18:09.068Z,230.55,DELIVERED
ORD-1786976374094-96139ECF,CUST-00973,2025-06-18T23:32:50.227Z,289.70,COMPLETED
ORD-1786976374094-1F956512,CUST-00565,2026-03-19T05:41:37.837Z,99.95,PENDING
ORD-1786976374094-B3B3747A,CUST-00748,2025-07-12T22:52:13.312Z,197.14,SHIPPED
ORD-1786976374094-EC8F2C31,CUST-00981,2025-09-06T13:04:27.207Z,411.56,PENDING
ORD-1786976374094-5A6E7DFD,CUST-00519,2025-07-13T02:01:24.967Z,91.11,CANCELLED
ORD-1786976374094-845B69AC,CUST-00911,2025-02-03T05:27:59.623Z,265.36,PENDING
ORD-1786976374094-82B1F79A,CUST-00358,2026-06-03T04:27:50.027Z,305.94,PENDING
ORD-1786976374094-A7855EAD,CUST-00830,2026-01-16T16:54:36.997Z,129.92,COMPLETED
ORD-1786976374094-60CB28D4,CUST-00689,2025-12-15T03:13:12.990Z,420.44,COMPLETED
ORD-1786976374094-8121C47C,CUST-00391,2025-01-31T12:46:00.528Z,303.04,DELIVERED
ORD-1786976374094-04B2AA39,CUST-00701,2025-01-14T21:36:33.949Z,85.70,DELIVERED
ORD-1786976374094-166F09E1,CUST-00373,2025-08-24T23:44:22.298Z,291.36,COMPLETED
ORD-1786976374094-B16EF843,CUST-00384,2025-05-12T18:57:26.572Z,64.56,CANCELLED
ORD-1786976374094-50C61F6C,CUST-00700,2026-02-18T20:17:41.517Z,444.83,PROCESSING
ORD-1786976374094-8C4D4EF8,CUST-00291,2025-01-11T10:22:12.780Z,386.29,PROCESSING
ORD-1786976374094-37CD6960,CUST-00432,2025-02-05T05:24:52.708Z,82.29,PENDING
ORD-1786976374094-50FC263D,CUST-00678,2026-02-04T16:49:51.942Z,314.92,SHIPPED
ORD-1786976374095-FEE9CD42,CUST-00432,2025-04-08T00:43:35.823Z,280.35,DELIVERED
ORD-1786976374095-0991C716,CUST-00933,2025-08-12T07:00:40.789Z,294.05,CANCELLED
ORD-1786976374095-30F0C120,CUST-00427,2025-06-18T08:23:16.908Z,89.15,PROCESSING
ORD-1786976374095-D56919C8,CUST-00784,2025-03-11T22:47:07.532Z,410.96,DELIVERED
ORD-1786976374095-93316A32,CUST-00154,2025-06-15T18:04:47.305Z,344.30,COMPLETED
ORD-1786976374095-9B977362,CUST-00633,2025-10-04T08:07:25.022Z,363.86,CANCELLED
ORD-1786976374095-CF05A01B,CUST-00568,2025-12-06T21:31:52.829Z,160.06,SHIPPED
ORD-1786976374095-98ACF142,CUST-00717,2025-04-16T13:41:39.107Z,430.18,COMPLETED
ORD-1786976374095-21355531,CUST-00897,2025-10-12T08:01:15.667Z,396.40,PENDING
ORD-1786976374095-0D4CA011,CUST-00397,2025-07-12T14:24:22.796Z,25.06,PROCESSING
ORD-1786976374095-5680174D,CUST-00434,2026-03-09T05:13:09.427Z,17.66,PROCESSING
ORD-1786976374095-29E5B4C2,CUST-00562,2025-11-15T22:01:52.495Z,278.86,CANCELLED
ORD-1786976374095-88F7C0A1,CUST-00748,2025-12-24T03:05:47.372Z,380.26,CANCELLED
ORD-1786976374095-F2BD8651,CUST-00376,2025-09-02T11:36:03.248Z,352.80,COMPLETED
ORD-1786976374095-A32462AF,CUST-00604,2026-02-21T08:06:45.193Z,153.69,PENDING
ORD-1786976374095-909EC41A,CUST-00238,2025-10-09T01:05:21.365Z,172.94,CANCELLED
ORD-1786976374095-1347B994,CUST-00285,2026-05-27T07:52:20.294Z,61.66,COMPLETED
ORD-1786976374095-1CD0FDCC,CUST-00922,2025-11-18T22:15:56.043Z,348.46,DELIVERED
ORD-1786976374095-4965F10E,CUST-00105,2025-04-07T05:42:44.881Z,390.76,DELIVERED
ORD-1786976374095-56E8B40D,CUST-00645,2025-09-13T08:17:12.037Z,90.08,SHIPPED
ORD-1786976374095-3A10442F,CUST-00100,2025-11-03T01:00:56.730Z,332.70,SHIPPED
ORD-1786976374095-7FF87CFA,CUST-00972,2025-12-12T10:26:10.179Z,291.27,PENDING
ORD-1786976374095-351EFF88,CUST-00619,2025-01-27T17:28:51.883Z,338.67,PROCESSING
ORD-1786976374095-47974A9A,CUST-00505,2025-09-20T01:14:43.167Z,228.64,PROCESSING
ORD-1786976374095-5928B84F,CUST-00662,2025-02-21T09:30:17.088Z,287.35,CANCELLED
ORD-1786976374095-876C67D3,CUST-00203,2025-10-17T08:20:41.984Z,317.26,DELIVERED
ORD-1786976374095-06C99A14,CUST-00590,2026-04-20T05:49:53.057Z,143.58,PENDING
ORD-1786976374095-74DAA6D0,CUST-00901,2026-02-08T06:46:16.906Z,464.26,DELIVERED
ORD-1786976374095-34F66BE6,CUST-00120,2026-05-24T03:04:26.311Z,380.01,PENDING
ORD-1786976374095-BF3FED1B,CUST-00506,2025-05-23T19:40:06.938Z,226.83,PROCESSING
ORD-1786976374095-F472791B,CUST-00816,2026-02-04T21:45:45.229Z,422.46,DELIVERED
ORD-1786976374095-9672E985,CUST-00076,2025-12-23T07:44:02.901Z,59.38,COMPLETED
ORD-1786976374095-E4B3EB97,CUST-00760,2025-05-21T17:09:36.006Z,282.12,PROCESSING
ORD-1786976374095-4805615B,CUST-00441,2025-11-26T03:41:44.810Z,312.66,PENDING
ORD-1786976374095-BB66120D,CUST-00446,2025-03-14T12:17:33.230Z,44.13,COMPLETED
ORD-1786976374095-C3B31615,CUST-00566,2026-04-27T13:40:47.770Z,70.13,PENDING
ORD-1786976374095-3CAF1E1C,CUST-00281,2025-01-21T08:40:38.615Z,232.93,PROCESSING
ORD-1786976374095-E7FC97E7,CUST-00668,2026-07-20T19:34:40.566Z,235.29,COMPLETED
ORD-1786976374095-9F7A8C10,CUST-00411,2025-07-15T20:12:46.650Z,384.94,COMPLETED
ORD-1786976374095-A18640E0,CUST-00728,2026-04-24T06:04:40.431Z,445.54,PENDING
ORD-1786976374095-023AA4B4,CUST-00289,2026-01-03T13:56:55.992Z,27.65,DELIVERED
ORD-1786976374095-34BA74A4,CUST-00936,2025-09-08T23:49:37.853Z,132.75,PENDING
ORD-1786976374095-07A1D992,CUST-00758,2026-04-01T17:56:51.315Z,339.06,COMPLETED
ORD-1786976374095-0F42CA7B,CUST-00510,2025-07-09T14:04:00.706Z,193.02,SHIPPED
ORD-1786976374095-C90B0AC1,CUST-00645,2026-03-21T04:12:28.816Z,213.44,PROCESSING
ORD-1786976374095-FE62D196,CUST-00420,2025-12-25T15:34:15.523Z,170.45,SHIPPED
ORD-1786976374095-F889752D,CUST-00554,2025-01-08T07:17:18.372Z,54.55,SHIPPED
ORD-1786976374095-06BA474F,CUST-00860,2026-06-14T14:34:28.498Z,315.11,SHIPPED
ORD-1786976374095-3DC33ACF,CUST-00374,2025-05-18T12:20:15.678Z,207.20,CANCELLED
ORD-1786976374095-98622579,CUST-00270,2025-11-29T07:58:34.176Z,93.14,COMPLETED
ORD-1786976374095-2E3CA168,CUST-00106,2026-03-30T08:39:24.814Z,483.05,COMPLETED
ORD-1786976374095-1CB69CC2,CUST-00750,2026-06-02T05:30:03.282Z,241.08,COMPLETED
ORD-1786976374095-A814C5C3,CUST-00513,2026-01-23T01:42:53.550Z,460.53,SHIPPED
ORD-1786976374095-F392EACB,CUST-00522,2026-07-27T05:42:57.617Z,124.04,COMPLETED
ORD-1786976374095-95964F09,CUST-00789,2025-01-12T05:04:48.184Z,427.11,PROCESSING
ORD-1786976374095-E721BCD2,CUST-00463,2025-03-08T21:09:51.448Z,124.36,CANCELLED
ORD-1786976374095-9BBD6CD2,CUST-00752,2026-03-17T08:08:54.699Z,168.65,SHIPPED
ORD-1786976374095-26CBB540,CUST-00629,2025-01-11T18:06:42.418Z,265.96,DELIVERED
ORD-1786976374095-719EF9F9,CUST-00306,2025-08-23T21:56:15.085Z,459.63,CANCELLED
ORD-1786976374095-87B49C5A,CUST-00889,2025-01-24T06:04:26.350Z,386.90,COMPLETED
ORD-1786976374095-B5EB3164,CUST-00728,2025-07-01T23:53:05.369Z,450.02,CANCELLED
ORD-1786976374095-1EE3FF8C,CUST-00427,2025-03-10T01:21:40.636Z,284.71,DELIVERED
ORD-1786976374095-48ADC688,CUST-00039,2025-12-19T01:12:23.416Z,95.52,SHIPPED
ORD-1786976374095-F24A12D8,CUST-00763,2025-11-02T10:42:16.502Z,114.03,PENDING
ORD-1786976374095-9AC6C91B,CUST-00319,2025-11-07T12:02:44.211Z,334.75,DELIVERED
ORD-1786976374095-F9A8411F,CUST-00318,2025-07-03T10:46:50.657Z,457.75,COMPLETED
ORD-1786976374095-9929A663,CUST-00469,2025-10-31T02:09:23.235Z,305.54,DELIVERED
ORD-1786976374095-3BD08685,CUST-00020,2025-01-16T06:47:55.638Z,496.77,SHIPPED
ORD-1786976374095-519866E3,CUST-00303,2025-05-02T12:25:19.016Z,279.56,CANCELLED
ORD-1786976374095-FB21C3A1,CUST-00790,2026-04-18T05:19:23.744Z,177.62,CANCELLED
ORD-1786976374095-05DABED0,CUST-00511,2025-02-02T09:55:05.038Z,271.55,PROCESSING
ORD-1786976374095-14C5A319,CUST-00056,2026-01-12T23:18:28.126Z,159.16,COMPLETED
ORD-1786976374095-1FC6816E,CUST-00596,2026-03-26T19:50:08.103Z,51.59,COMPLETED
ORD-1786976374095-7E0CDD73,CUST-00528,2025-03-21T02:12:28.082Z,408.18,PROCESSING
ORD-1786976374095-B55838FB,CUST-00605,2026-02-15T12:37:37.137Z,329.02,SHIPPED
ORD-1786976374095-73EBB975,CUST-00079,2026-03-07T05:49:38.245Z,276.41,SHIPPED
ORD-1786976374095-12414D1D,CUST-00226,2025-08-20T06:52:37.247Z,483.71,PROCESSING
ORD-1786976374095-CC216684,CUST-00694,2025-12-12T08:00:03.776Z,170.47,PROCESSING
ORD-1786976374095-C5A68B92,CUST-00613,2026-05-06T02:33:28.745Z,106.88,PENDING
ORD-1786976374095-D3F4EBE7,CUST-00467,2025-07-17T19:28:46.871Z,154.49,CANCELLED
ORD-1786976374095-93D8782A,CUST-00290,2026-06-03T15:05:06.179Z,332.95,SHIPPED
ORD-1786976374095-43087F71,CUST-00045,2026-07-14T22:08:07.038Z,143.76,DELIVERED
ORD-1786976374095-C138E35A,CUST-00150,2026-05-12T14:57:56.311Z,70.32,COMPLETED
ORD-1786976374095-13EA12ED,CUST-00570,2025-07-21T21:44:31.676Z,11.96,PENDING
ORD-1786976374095-40FE0D25,CUST-00156,2025-08-27T23:48:37.351Z,208.44,SHIPPED
ORD-1786976374095-DC720370,CUST-00727,2025-07-12T20:39:41.666Z,350.51,PROCESSING
ORD-1786976374095-A4956B03,CUST-00905,2025-10-24T05:00:22.467Z,373.73,COMPLETED
ORD-1786976374095-A4452FB1,CUST-00733,2026-04-28T18:17:28.781Z,199.21,PENDING
ORD-1786976374095-342CD952,CUST-00135,2025-04-08T10:05:37.918Z,427.19,PENDING
ORD-1786976374095-CAB2DED2,CUST-00457,2025-01-15T05:13:01.306Z,434.94,SHIPPED
ORD-1786976374095-046A38B8,CUST-00225,2025-09-15T02:45:47.720Z,335.78,PENDING
ORD-1786976374095-6F281AF7,CUST-00956,2025-10-13T01:38:22.650Z,239.86,SHIPPED
ORD-1786976374095-69660D98,CUST-00531,2025-12-26T01:52:57.259Z,38.62,DELIVERED
ORD-1786976374095-03AC2940,CUST-00895,2025-08-16T12:53:51.342Z,215.17,PENDING
ORD-1786976374095-1F116749,CUST-00244,2025-02-04T12:26:58.612Z,140.44,PENDING
ORD-1786976374095-0E51CC88,CUST-00594,2025-09-02T13:14:39.265Z,121.60,PROCESSING
ORD-1786976374095-8B7C7462,CUST-00724,2026-04-24T21:47:29.119Z,152.09,DELIVERED
ORD-1786976374095-74C1303D,CUST-00489,2025-12-15T14:41:32.413Z,157.43,PROCESSING
ORD-1786976374095-D4D2242A,CUST-00408,2025-09-21T10:27:55.595Z,233.49,COMPLETED
ORD-1786976374095-FDA16C1C,CUST-00469,2025-10-01T04:34:10.401Z,414.20,PENDING
ORD-1786976374095-5FECD2C8,CUST-00597,2026-08-06T20:47:06.963Z,151.92,CANCELLED
ORD-1786976374095-B0979F1B,CUST-00330,2025-10-03T14:39:05.427Z,242.73,DELIVERED
ORD-1786976374095-3A306057,CUST-00413,2025-04-24T13:29:13.133Z,333.65,PENDING
ORD-1786976374095-A264063A,CUST-00608,2025-05-23T02:32:33.123Z,472.34,PENDING
ORD-1786976374095-208A6E4B,CUST-00747,2026-03-14T16:39:37.201Z,122.39,PROCESSING
ORD-1786976374095-76A516FC,CUST-00426,2025-05-12T02:44:07.431Z,482.15,SHIPPED
ORD-1786976374095-74BADF82,CUST-00170,2026-05-10T11:10:42.442Z,258.22,PROCESSING
ORD-1786976374095-61A19C9A,CUST-00726,2026-06-06T02:44:59.067Z,189.61,COMPLETED
ORD-1786976374095-F0E501E8,CUST-00825,2026-05-09T22:07:51.692Z,392.03,COMPLETED
ORD-1786976374095-7698F512,CUST-00664,2025-10-16T21:46:32.972Z,171.61,DELIVERED
ORD-1786976374095-99DA7EF7,CUST-00626,2025-12-24T23:36:32.688Z,161.76,COMPLETED
ORD-1786976374095-22BDD9C8,CUST-00097,2025-11-29T21:39:45.336Z,479.43,SHIPPED
ORD-1786976374095-AF8B47E2,CUST-00751,2025-12-04T12:30:47.406Z,450.70,CANCELLED
ORD-1786976374095-6A7E952D,CUST-00065,2025-06-07T13:00:59.031Z,20.60,SHIPPED
ORD-1786976374095-3BA960D0,CUST-00235,2025-02-07T04:59:18.274Z,133.04,PENDING
ORD-1786976374095-C708DDC2,CUST-00173,2026-06-27T05:49:48.761Z,154.79,DELIVERED
ORD-1786976374095-00C45958,CUST-00599,2025-08-16T18:21:45.827Z,379.34,PROCESSING
ORD-1786976374095-48D85E90,CUST-00163,2026-01-01T09:05:04.212Z,472.07,PROCESSING
ORD-1786976374095-F44050E7,CUST-00541,2026-08-04T21:13:59.992Z,185.17,COMPLETED
ORD-1786976374095-A0A3FF3B,CUST-00694,2026-07-26T20:28:44.057Z,281.85,CANCELLED
ORD-1786976374095-D3DFA600,CUST-00607,2025-01-01T03:02:19.744Z,269.02,CANCELLED
ORD-1786976374095-0813B874,CUST-00295,2025-02-17T09:44:30.887Z,177.44,PROCESSING
ORD-1786976374095-883FD910,CUST-00916,2026-04-03T09:20:39.911Z,207.70,PENDING
ORD-1786976374095-55495679,CUST-00256,2025-11-20T20:08:23.060Z,211.39,CANCELLED
ORD-1786976374095-B2D693D6,CUST-00983,2025-06-21T14:55:27.879Z,389.18,CANCELLED
ORD-1786976374095-B4C72683,CUST-00506,2026-01-02T22:27:24.760Z,327.16,CANCELLED
ORD-1786976374095-2DB34E25,CUST-00062,2026-01-11T11:12:15.854Z,482.40,COMPLETED
ORD-1786976374095-D9FC9844,CUST-00164,2025-04-05T15:53:36.453Z,362.37,PENDING
ORD-1786976374095-350F1DC0,CUST-00052,2026-07-14T13:40:34.790Z,466.60,CANCELLED
ORD-1786976374095-0231642C,CUST-00919,2025-04-17T01:39:16.273Z,51.24,SHIPPED
ORD-1786976374095-32AD4D9F,CUST-00690,2025-11-03T09:18:24.551Z,364.33,COMPLETED
ORD-1786976374095-5F29E2ED,CUST-00061,2025-12-09T01:18:33.183Z,288.40,SHIPPED
ORD-1786976374095-69C8A67F,CUST-00750,2026-01-03T09:36:57.775Z,324.43,SHIPPED
ORD-1786976374095-E4E916D6,CUST-00951,2026-05-01T18:48:51.471Z,467.25,CANCELLED
ORD-1786976374095-053A8BF6,CUST-00606,2025-05-28T02:34:28.429Z,338.47,PENDING
ORD-1786976374095-C8A5D93C,CUST-00194,2026-04-18T14:18:26.861Z,75.90,PENDING
ORD-1786976374095-E121229A,CUST-00999,2025-08-05T22:16:47.105Z,51.51,CANCELLED
ORD-1786976374095-028540D2,CUST-00341,2025-02-25T04:10:23.394Z,333.75,PROCESSING
ORD-1786976374095-FC2847B8,CUST-00003,2026-02-06T00:55:38.961Z,274.57,DELIVERED
ORD-1786976374095-711F2FA7,CUST-00203,2025-03-08T09:55:53.594Z,122.52,DELIVERED
ORD-1786976374095-8685C111,CUST-00012,2026-08-01T13:18:08.008Z,451.69,DELIVERED
ORD-1786976374095-CE8191F2,CUST-00312,2025-12-06T15:17:52.167Z,346.39,COMPLETED
ORD-1786976374095-0664E67F,CUST-00070,2025-02-01T01:59:09.711Z,220.88,COMPLETED
ORD-1786976374095-CF9F9022,CUST-00638,2026-06-24T17:35:32.871Z,86.92,PENDING
ORD-1786976374095-C4994F26,CUST-00707,2026-07-13T20:11:30.769Z,398.67,SHIPPED
ORD-1786976374095-84CE0F1B,CUST-00764,2025-07-11T02:47:28.781Z,344.97,PROCESSING
ORD-1786976374095-FB7AF242,CUST-00424,2026-02-15T15:31:56.556Z,291.64,PROCESSING
ORD-1786976374095-025D118A,CUST-00581,2025-09-20T13:34:41.953Z,126.02,COMPLETED
ORD-1786976374095-C6BD7A5E,CUST-00156,2025-08-04T15:34:16.098Z,23.50,DELIVERED
ORD-1786976374095-6BA28E17,CUST-00137,2025-12-11T18:43:57.793Z,75.02,COMPLETED
ORD-1786976374095-40BBA748,CUST-00687,2026-04-29T05:03:37.893Z,301.91,SHIPPED
ORD-1786976374095-3286FEE0,CUST-00294,2025-12-08T10:22:19.794Z,468.07,DELIVERED
ORD-1786976374095-4FFDFEBA,CUST-00962,2026-03-25T01:41:32.221Z,133.08,DELIVERED
ORD-1786976374095-CA0F6FC3,CUST-00303,2025-10-18T06:55:05.621Z,462.03,DELIVERED
ORD-1786976374095-C43F31AC,CUST-00888,2025-12-11T14:21:29.490Z,337.01,PENDING
ORD-1786976374095-06BAF1D7,CUST-00667,2026-02-09T05:57:03.797Z,189.09,COMPLETED
ORD-1786976374095-22FE33D0,CUST-00243,2026-01-27T21:52:47.713Z,374.67,DELIVERED
ORD-1786976374095-3C843E36,CUST-00580,2025-02-06T04:53:44.005Z,265.27,SHIPPED
ORD-1786976374095-FC91E456,CUST-00681,2025-07-15T13:59:48.209Z,107.98,PENDING
ORD-1786976374095-3F7064AF,CUST-00301,2025-11-22T07:25:16.793Z,418.70,PENDING
ORD-1786976374095-DFC60162,CUST-00034,2026-07-30T00:17:43.542Z,400.60,DELIVERED
ORD-1786976374095-28183D31,CUST-00630,2025-05-30T15:25:49.638Z,471.62,PROCESSING
ORD-1786976374095-8D3AA483,CUST-00516,2025-10-29T04:40:21.019Z,452.51,SHIPPED
ORD-1786976374095-E7894B51,CUST-00150,2025-05-07T10:23:08.713Z,65.13,COMPLETED
ORD-1786976374095-FBA7507A,CUST-00381,2026-02-28T10:40:57.754Z,125.76,SHIPPED
ORD-1786976374095-FF6FA78D,CUST-00684,2025-12-10T17:52:39.649Z,155.28,SHIPPED
ORD-1786976374095-9B0A491F,CUST-00870,2026-03-20T12:46:21.906Z,249.42,PENDING
ORD-1786976374095-1F0ABD36,CUST-00784,2026-05-17T10:57:37.366Z,123.51,DELIVERED
ORD-1786976374095-8249FCD7,CUST-00781,2025-10-18T08:34:21.541Z,58.50,DELIVERED
ORD-1786976374095-6E59D875,CUST-00202,2026-04-08T05:56:25.344Z,371.28,PENDING
ORD-1786976374095-F5230835,CUST-00232,2025-04-21T05:19:14.027Z,372.93,CANCELLED
ORD-1786976374095-F00451D5,CUST-00606,2026-01-04T11:17:56.017Z,89.31,COMPLETED
ORD-1786976374095-3B9A985A,CUST-00143,2025-08-30T09:53:03.998Z,409.53,COMPLETED
ORD-1786976374095-D2E5AE86,CUST-00653,2026-04-28T03:00:23.688Z,23.59,SHIPPED
ORD-1786976374095-D44AB27A,CUST-00418,2026-06-02T13:55:03.921Z,105.26,COMPLETED
ORD-1786976374095-F800EF8E,CUST-00881,2025-01-27T16:15:08.544Z,269.74,PROCESSING
ORD-1786976374095-50362601,CUST-00916,2026-02-19T15:20:27.827Z,190.87,COMPLETED
ORD-1786976374095-9CA46441,CUST-00117,2025-04-04T08:09:52.711Z,297.96,PENDING
ORD-1786976374095-5C998206,CUST-00330,2025-07-31T00:06:20.930Z,48.55,SHIPPED
ORD-1786976374095-7900C06A,CUST-00436,2025-02-22T07:08:14.332Z,117.91,PROCESSING
ORD-1786976374095-7BF2172D,CUST-00884,2026-05-04T09:25:10.762Z,481.75,DELIVERED
ORD-1786976374095-6E00A52D,CUST-00397,2026-04-17T04:37:38.825Z,283.27,CANCELLED
ORD-1786976374095-3750FD05,CUST-00333,2025-06-29T06:51:44.776Z,352.70,DELIVERED
ORD-1786976374095-F56F0D3F,CUST-00130,2025-07-23T12:59:30.865Z,330.72,COMPLETED
ORD-1786976374095-246CB46A,CUST-00220,2025-10-05T15:56:29.309Z,191.06,PROCESSING
ORD-1786976374095-1256A56F,CUST-00547,2026-07-25T08:45:30.505Z,124.35,DELIVERED
ORD-1786976374095-E4E23860,CUST-00063,2025-12-01T03:16:07.525Z,89.63,PENDING
ORD-1786976374095-051A24B8,CUST-00969,2026-02-21T19:15:54.350Z,198.29,COMPLETED
ORD-1786976374095-9678E2E4,CUST-00124,2026-04-17T07:13:25.505Z,439.38,PROCESSING
ORD-1786976374095-6D68E7FF,CUST-00570,2026-01-09T15:09:58.739Z,139.59,SHIPPED
ORD-1786976374095-F455B7F0,CUST-00814,2025-06-22T10:39:47.610Z,361.09,DELIVERED
ORD-1786976374095-EC2F1819,CUST-00487,2026-08-03T21:14:34.256Z,28.53,PROCESSING
ORD-1786976374095-072581A8,CUST-00781,2025-12-18T00:03:25.953Z,139.44,COMPLETED
ORD-1786976374095-1DEF98D7,CUST-00417,2025-09-29T23:12:52.768Z,113.67,DELIVERED
ORD-1786976374095-95D550B1,CUST-00225,2026-01-02T22:32:06.457Z,448.33,PROCESSING
ORD-1786976374095-27696D69,CUST-00646,2025-06-02T17:41:59.276Z,183.41,SHIPPED
ORD-1786976374095-1A29D33F,CUST-00101,2025-09-04T06:09:00.239Z,172.76,DELIVERED
ORD-1786976374095-93A5669D,CUST-00300,2025-08-28T13:10:33.882Z,97.11,PENDING
ORD-1786976374096-F8304065,CUST-00988,2025-12-10T14:35:31.833Z,38.58,DELIVERED
ORD-1786976374096-B3522E10,CUST-00826,2025-08-17T02:16:26.249Z,222.74,PENDING
ORD-1786976374096-9BABF6B2,CUST-00378,2026-07-13T11:40:43.271Z,280.33,PENDING
ORD-1786976374096-4138E644,CUST-00405,2026-03-18T05:17:57.993Z,30.47,PROCESSING
ORD-1786976374096-42887869,CUST-00553,2026-03-30T17:41:35.271Z,162.89,PROCESSING
ORD-1786976374096-0288345F,CUST-00542,2026-05-24T13:32:45.212Z,220.09,DELIVERED
ORD-1786976374096-BBEFAEF4,CUST-00582,2025-04-05T23:23:55.468Z,399.91,PROCESSING
ORD-1786976374096-53BFBF8A,CUST-00087,2025-05-07T15:20:05.089Z,104.88,DELIVERED
ORD-1786976374096-39E77676,CUST-00916,2025-01-19T07:49:47.765Z,101.67,DELIVERED
ORD-1786976374096-257D378B,CUST-00141,2025-07-18T22:32:15.730Z,477.13,COMPLETED
ORD-1786976374096-0F032A77,CUST-00656,2026-07-27T03:27:19.702Z,168.28,DELIVERED
ORD-1786976374096-2BD38B3F,CUST-00095,2026-03-17T23:14:47.433Z,117.66,PENDING
ORD-1786976374096-D47C48EB,CUST-00752,2025-02-21T12:14:35.097Z,408.97,PENDING
ORD-1786976374096-10D4A02B,CUST-00360,2025-01-31T17:40:45.498Z,152.56,DELIVERED
ORD-1786976374096-74A9D676,CUST-00813,2026-06-27T22:22:13.383Z,97.57,SHIPPED
ORD-1786976374096-4FD7A693,CUST-00603,2025-03-15T16:41:23.815Z,487.36,CANCELLED
ORD-1786976374096-6BE41492,CUST-00671,2025-07-15T14:05:03.410Z,423.09,DELIVERED
ORD-1786976374096-A3939869,CUST-00773,2025-09-24T20:07:47.712Z,125.22,CANCELLED
ORD-1786976374096-E7F2BA9E,CUST-00637,2026-08-05T08:53:25.891Z,160.06,SHIPPED
ORD-1786976374096-D0B09D23,CUST-00245,2026-01-31T00:20:27.462Z,155.68,DELIVERED
ORD-1786976374096-1B2C3A76,CUST-00376,2026-02-10T11:01:56.185Z,328.75,SHIPPED
ORD-1786976374096-32CD8EF7,CUST-00775,2025-11-30T01:19:32.955Z,414.53,SHIPPED
ORD-1786976374096-45B575BB,CUST-00929,2026-07-13T14:07:49.089Z,90.83,DELIVERED
ORD-1786976374096-F92F0BBD,CUST-00987,2025-08-19T06:03:55.477Z,209.23,DELIVERED
ORD-1786976374096-C40ECF2A,CUST-00196,2025-04-09T23:35:29.211Z,495.58,COMPLETED
ORD-1786976374096-35ABAF93,CUST-00402,2026-06-06T17:30:51.899Z,206.39,PROCESSING
ORD-1786976374096-5CBBE789,CUST-00757,2025-05-06T07:05:33.789Z,105.49,DELIVERED
ORD-1786976374096-63460D7A,CUST-00339,2025-12-20T16:51:40.500Z,209.53,SHIPPED
ORD-1786976374096-53D66E1E,CUST-00430,2026-05-12T12:57:52.477Z,263.05,PENDING
ORD-1786976374096-E21EBF05,CUST-00546,2025-02-19T00:21:20.420Z,323.10,PENDING
ORD-1786976374096-94D0C448,CUST-00764,2026-01-22T23:00:17.991Z,137.53,COMPLETED
ORD-1786976374096-DD80DD30,CUST-00438,2025-02-24T23:14:30.427Z,260.06,PENDING
ORD-1786976374096-A5B8BD0D,CUST-00178,2026-01-16T04:45:17.891Z,372.07,PROCESSING
ORD-1786976374096-FAEEF520,CUST-00223,2026-07-01T19:18:14.689Z,89.07,PENDING
ORD-1786976374096-EDF35CE6,CUST-00609,2026-03-13T15:19:15.111Z,182.84,PENDING
ORD-1786976374096-946DD0D5,CUST-00618,2026-03-12T07:56:19.031Z,479.49,PENDING
ORD-1786976374096-6B1CC2B2,CUST-00243,2026-07-16T09:47:21.865Z,161.62,DELIVERED
ORD-1786976374096-AD20D15D,CUST-00289,2026-06-25T11:16:47.878Z,208.86,SHIPPED
ORD-1786976374096-38D6C272,CUST-00608,2025-07-08T20:59:51.727Z,73.57,SHIPPED
ORD-1786976374096-F2C4E8F5,CUST-00475,2025-11-02T16:51:58.283Z,402.35,COMPLETED
ORD-1786976374096-A5662FCE,CUST-00666,2025-10-04T00:59:05.223Z,503.26,COMPLETED
ORD-1786976374096-694F98D5,CUST-00423,2026-01-27T02:47:32.156Z,225.37,SHIPPED
ORD-1786976374096-473588AD,CUST-00200,2025-11-02T06:25:52.633Z,243.01,PENDING
ORD-1786976374096-BB6CABB1,CUST-00087,2025-04-28T22:50:56.616Z,182.06,PROCESSING
ORD-1786976374096-B1CA11EF,CUST-00062,2025-10-10T00:04:43.787Z,259.15,PROCESSING
ORD-1786976374096-0BB00579,CUST-00870,2025-04-08T13:49:38.275Z,236.75,PENDING
ORD-1786976374096-549ECDE3,CUST-00166,2025-04-18T06:09:55.715Z,321.60,SHIPPED
ORD-1786976374096-FB46EA0E,CUST-00249,2025-01-05T14:27:10.422Z,306.53,DELIVERED
ORD-1786976374096-DFDBA071,CUST-00285,2025-09-05T19:54:22.226Z,178.03,PENDING
ORD-1786976374096-BA86EC88,CUST-00168,2026-01-26T09:28:07.813Z,157.35,SHIPPED
ORD-1786976374096-D07E2E6D,CUST-00020,2026-04-28T04:32:43.068Z,159.51,COMPLETED
ORD-1786976374096-1FDAC7FC,CUST-00397,2025-10-18T23:54:48.492Z,154.98,SHIPPED
ORD-1786976374096-12419863,CUST-00155,2025-07-06T07:39:01.352Z,162.28,CANCELLED
ORD-1786976374096-566920DD,CUST-00444,2026-01-31T17:03:03.925Z,325.90,SHIPPED
ORD-1786976374096-B172845B,CUST-00129,2025-09-16T20:35:30.648Z,44.43,PROCESSING
ORD-1786976374096-01708339,CUST-00211,2026-02-07T16:31:20.602Z,450.24,SHIPPED
ORD-1786976374096-F9A4D656,CUST-00319,2025-08-31T21:58:47.668Z,409.84,DELIVERED
ORD-1786976374096-48448794,CUST-00074,2025-09-20T23:37:41.745Z,480.81,PENDING
ORD-1786976374096-FD625C56,CUST-00147,2025-07-20T07:03:51.854Z,167.24,PENDING
ORD-1786976374096-8130F618,CUST-00945,2026-05-16T16:37:59.207Z,454.38,COMPLETED
ORD-1786976374096-5A96275C,CUST-00117,2026-04-01T03:32:38.395Z,88.50,SHIPPED
ORD-1786976374096-E018894A,CUST-00388,2026-06-23T16:07:49.577Z,67.42,PENDING
ORD-1786976374096-319BBFDC,CUST-00327,2025-01-06T14:51:38.858Z,312.89,DELIVERED
ORD-1786976374096-38240F04,CUST-00258,2026-05-26T15:43:10.914Z,161.32,COMPLETED
ORD-1786976374096-86B2BED7,CUST-00975,2025-06-04T07:24:55.330Z,185.93,CANCELLED
ORD-1786976374096-DBD4A6BC,CUST-00811,2025-12-14T04:51:34.396Z,41.11,PROCESSING
ORD-1786976374096-864E605E,CUST-00734,2025-02-28T03:25:13.119Z,178.45,PENDING
ORD-1786976374096-EBD9B591,CUST-00176,2025-05-31T14:08:08.756Z,324.03,COMPLETED
ORD-1786976374096-29175396,CUST-00091,2025-05-10T07:42:33.956Z,324.53,PENDING
ORD-1786976374096-9F9AF0BE,CUST-00541,2025-12-16T17:42:37.561Z,292.54,COMPLETED
ORD-1786976374096-31C25D7F,CUST-00029,2026-02-26T02:22:46.484Z,414.75,PROCESSING
ORD-1786976374096-2B88097A,CUST-00654,2026-06-23T20:33:26.006Z,278.01,SHIPPED
ORD-1786976374096-27C20457,CUST-00404,2025-11-21T11:53:06.071Z,445.57,CANCELLED
ORD-1786976374096-621D4D35,CUST-00666,2025-04-09T05:35:28.154Z,94.78,PENDING
ORD-1786976374096-C7BBFA1C,CUST-00605,2025-08-05T12:18:25.946Z,454.04,DELIVERED
ORD-1786976374096-C153D7BB,CUST-00364,2025-01-13T18:52:17.591Z,286.75,DELIVERED
ORD-1786976374096-D752D820,CUST-00564,2025-05-28T13:43:56.644Z,139.86,PENDING
ORD-1786976374096-1B65FE7A,CUST-00918,2026-05-18T23:06:15.886Z,257.56,CANCELLED
ORD-1786976374096-559DA997,CUST-00750,2025-07-23T10:03:50.933Z,267.56,PROCESSING
ORD-1786976374096-4AADBD96,CUST-00521,2025-02-10T04:18:44.625Z,108.76,DELIVERED
ORD-1786976374096-7D992133,CUST-00463,2026-07-18T03:18:14.863Z,55.03,COMPLETED
ORD-1786976374096-A22C332B,CUST-00626,2026-04-04T10:49:47.859Z,450.88,COMPLETED
ORD-1786976374096-B5E01CDC,CUST-00429,2025-10-05T23:36:52.015Z,145.59,SHIPPED
ORD-1786976374096-4FE9B149,CUST-00164,2025-10-02T17:21:27.546Z,438.01,CANCELLED
ORD-1786976374096-D649A8E4,CUST-00997,2026-05-03T23:25:22.435Z,192.17,PENDING
ORD-1786976374096-2910A328,CUST-00534,2025-09-13T02:25:26.491Z,258.07,CANCELLED
ORD-1786976374096-59098D02,CUST-00637,2026-01-12T04:04:47.001Z,46.47,PROCESSING
ORD-1786976374096-933A9A12,CUST-00627,2025-07-24T21:59:23.691Z,479.03,PROCESSING
ORD-1786976374096-E76EC53E,CUST-00094,2026-04-19T21:50:08.883Z,86.52,CANCELLED
ORD-1786976374096-780BF5B5,CUST-00590,2026-02-25T04:19:20.948Z,273.79,PROCESSING
ORD-1786976374096-4CEDA3AF,CUST-00965,2026-01-18T04:01:42.311Z,407.90,PROCESSING
ORD-1786976374096-522D7FC2,CUST-00189,2025-04-21T09:31:12.439Z,486.65,COMPLETED
ORD-1786976374096-55804164,CUST-00135,2025-05-11T01:37:07.396Z,410.30,SHIPPED
ORD-1786976374096-E3FE671B,CUST-00472,2026-06-05T21:49:40.034Z,53.00,DELIVERED
ORD-1786976374096-42FA7094,CUST-00349,2025-05-04T10:49:44.590Z,60.94,DELIVERED
ORD-1786976374096-A2CC2F85,CUST-00029,2025-07-20T08:39:33.241Z,92.26,DELIVERED
ORD-1786976374096-B7591A40,CUST-00407,2025-08-01T07:30:20.697Z,19.57,PENDING
ORD-1786976374096-04060693,CUST-00381,2026-06-20T19:34:31.372Z,93.84,SHIPPED
ORD-1786976374096-7A916B88,CUST-00656,2025-06-12T15:01:01.040Z,109.41,DELIVERED
ORD-1786976374096-C3697843,CUST-00358,2026-01-24T16:11:57.595Z,490.71,PENDING
ORD-1786976374096-33D12FA8,CUST-00620,2026-02-03T10:58:26.336Z,338.34,COMPLETED
ORD-1786976374096-7F68ACAC,CUST-00777,2025-08-28T22:48:38.334Z,219.27,CANCELLED
ORD-1786976374096-5B3C06D9,CUST-00944,2026-03-28T18:11:42.109Z,464.60,DELIVERED
ORD-1786976374096-EBE5068A,CUST-00288,2025-01-30T09:24:41.515Z,224.99,DELIVERED
ORD-1786976374096-BC2F7879,CUST-00395,2025-08-07T17:42:45.350Z,276.52,DELIVERED
ORD-1786976374096-8A06350B,CUST-00168,2025-12-05T18:56:38.706Z,205.71,DELIVERED
ORD-1786976374096-A1AE3371,CUST-00407,2026-03-04T23:33:05.362Z,180.14,CANCELLED
ORD-1786976374096-CC63F129,CUST-00138,2025-11-14T13:44:29.386Z,445.23,PENDING
ORD-1786976374096-0DFE5462,CUST-00973,2026-03-30T05:59:04.852Z,274.83,SHIPPED
ORD-1786976374096-68CFDC67,CUST-00061,2025-03-11T11:18:46.759Z,147.96,DELIVERED
ORD-1786976374096-3E39C372,CUST-00909,2026-01-03T10:09:58.315Z,481.34,PENDING
ORD-1786976374096-A014E936,CUST-00705,2025-04-01T11:14:01.042Z,338.49,CANCELLED
ORD-1786976374096-FACCE71E,CUST-00129,2025-04-11T16:36:41.757Z,149.79,DELIVERED
ORD-1786976374096-A827B3E4,CUST-00840,2026-02-17T18:56:38.191Z,175.99,SHIPPED
ORD-1786976374096-B1276DA7,CUST-00796,2026-05-29T09:47:38.701Z,380.44,PROCESSING
ORD-1786976374096-A7FF4C9E,CUST-00399,2026-07-04T23:43:35.120Z,264.88,COMPLETED
ORD-1786976374096-1FB76C29,CUST-00695,2026-04-18T12:31:39.193Z,384.97,PENDING
ORD-1786976374096-60C5C002,CUST-00761,2026-08-12T09:06:12.213Z,132.08,DELIVERED
ORD-1786976374096-18F98446,CUST-00910,2025-03-16T03:20:57.310Z,126.90,DELIVERED
ORD-1786976374096-F09FB2BF,CUST-00119,2025-11-30T04:20:24.660Z,267.64,CANCELLED
ORD-1786976374096-DE35A1CF,CUST-00653,2025-08-05T22:09:21.265Z,430.28,PROCESSING
ORD-1786976374096-4186D81F,CUST-00166,2026-05-09T15:17:21.970Z,260.37,DELIVERED
ORD-1786976374096-FE423792,CUST-00021,2025-08-29T23:02:07.896Z,215.18,PROCESSING
ORD-1786976374096-47FF5B5A,CUST-00823,2025-12-22T10:29:25.797Z,508.92,PROCESSING
ORD-1786976374096-0B9B6F1C,CUST-00895,2025-01-21T19:49:59.612Z,165.29,PROCESSING
ORD-1786976374096-0FBE6149,CUST-00403,2025-08-26T20:04:40.974Z,222.70,PENDING
ORD-1786976374096-16C7D6C0,CUST-00198,2026-08-13T02:32:51.776Z,464.24,DELIVERED
ORD-1786976374096-7A849282,CUST-00818,2026-01-03T06:27:23.733Z,410.41,DELIVERED
ORD-1786976374096-85CD55FF,CUST-00967,2025-11-02T18:18:40.077Z,153.93,COMPLETED
ORD-1786976374096-0A50091E,CUST-00957,2025-09-14T03:26:06.617Z,134.65,PENDING
ORD-1786976374096-CB5FD58E,CUST-00027,2025-05-10T12:00:07.369Z,448.05,PROCESSING
ORD-1786976374096-B42C7D35,CUST-00182,2025-03-08T00:25:09.636Z,63.15,CANCELLED
ORD-1786976374096-5B47C6B7,CUST-00184,2025-04-18T02:29:38.168Z,331.88,SHIPPED
ORD-1786976374096-95108726,CUST-00805,2026-06-17T05:55:52.823Z,180.83,COMPLETED
ORD-1786976374096-D859FB1D,CUST-00448,2025-01-03T04:39:19.535Z,489.84,CANCELLED
ORD-1786976374096-3C7AC25E,CUST-00251,2025-07-31T05:29:41.238Z,125.17,CANCELLED
ORD-1786976374096-3E8EAF21,CUST-00188,2025-09-03T14:57:19.794Z,35.13,COMPLETED
ORD-1786976374096-4C39D678,CUST-00597,2025-07-15T05:21:10.532Z,76.34,COMPLETED
ORD-1786976374096-FED00C90,CUST-00832,2025-07-05T05:40:53.701Z,305.26,PENDING
ORD-1786976374096-D12EAB91,CUST-00987,2025-05-17T18:18:03.229Z,248.11,SHIPPED
ORD-1786976374096-96F13B34,CUST-00921,2025-11-25T14:52:01.234Z,292.45,SHIPPED
ORD-1786976374096-B67DD11A,CUST-00672,2025-02-16T12:21:27.162Z,17.75,DELIVERED
ORD-1786976374096-F877E319,CUST-00468,2026-06-30T06:56:07.876Z,248.19,CANCELLED
ORD-1786976374096-370AA539,CUST-00383,2026-02-17T16:50:23.637Z,196.17,SHIPPED
ORD-1786976374096-D26ACB59,CUST-00944,2026-05-30T18:03:07.916Z,287.65,CANCELLED
ORD-1786976374096-AF308F2F,CUST-00445,2025-10-30T15:43:41.616Z,254.13,PENDING
ORD-1786976374096-386655C6,CUST-00574,2025-09-26T21:14:24.904Z,125.51,SHIPPED
ORD-1786976374096-CD6FFDB5,CUST-00749,2026-03-24T05:47:39.279Z,112.97,PENDING
ORD-1786976374096-15018F15,CUST-00861,2025-04-23T19:08:23.664Z,23.19,CANCELLED
ORD-1786976374096-DD6A8568,CUST-00590,2025-02-09T14:01:33.007Z,380.66,PROCESSING
ORD-1786976374096-24818718,CUST-00591,2025-04-22T09:25:47.564Z,89.42,SHIPPED
ORD-1786976374096-0B37BB18,CUST-00534,2025-11-06T13:33:01.987Z,254.29,SHIPPED
ORD-1786976374096-225C3E1A,CUST-00388,2026-05-01T08:05:49.012Z,268.83,DELIVERED
ORD-1786976374096-8355E50E,CUST-00779,2025-10-23T06:22:58.704Z,357.51,DELIVERED
ORD-1786976374096-BA8A8856,CUST-00357,2025-12-19T02:18:13.394Z,74.21,CANCELLED
ORD-1786976374096-81016EBE,CUST-00665,2026-02-24T00:08:57.107Z,376.08,CANCELLED
ORD-1786976374096-E0611BD6,CUST-00555,2026-05-04T15:51:49.046Z,381.23,PENDING
ORD-1786976374096-28CDADDD,CUST-00435,2025-09-03T23:39:31.449Z,105.36,COMPLETED
ORD-1786976374096-C505EAFE,CUST-00218,2025-08-01T15:05:25.561Z,113.74,PENDING
ORD-1786976374096-09538284,CUST-00750,2025-09-08T11:42:10.439Z,187.21,CANCELLED
ORD-1786976374096-87D735E0,CUST-00402,2026-01-27T21:04:53.100Z,487.35,DELIVERED
ORD-1786976374096-7176FD37,CUST-00516,2025-07-03T12:13:40.102Z,446.80,COMPLETED
ORD-1786976374096-53DB9D34,CUST-00172,2025-10-16T21:36:54.663Z,38.74,COMPLETED
ORD-1786976374096-5582E48C,CUST-00124,2025-09-25T05:14:42.396Z,146.31,CANCELLED
ORD-1786976374096-2D1B37A4,CUST-00666,2025-04-16T07:45:41.299Z,366.21,DELIVERED
ORD-1786976374096-37EC3414,CUST-00504,2026-06-06T02:49:27.058Z,471.79,COMPLETED
ORD-1786976374096-EE721C2E,CUST-00749,2026-07-12T10:51:33.726Z,194.68,SHIPPED
ORD-1786976374096-0AB14BAC,CUST-00547,2025-04-20T17:02:05.830Z,441.78,COMPLETED
ORD-1786976374096-45A65F9F,CUST-00618,2026-08-12T23:45:11.434Z,362.10,CANCELLED
ORD-1786976374096-5C34210F,CUST-00911,2025-08-17T15:14:40.871Z,73.38,DELIVERED
ORD-1786976374096-A66828E0,CUST-00429,2026-07-31T17:08:44.453Z,204.77,SHIPPED
ORD-1786976374096-5002B645,CUST-00561,2026-02-08T18:43:51.434Z,429.38,CANCELLED
ORD-1786976374096-933FCA2E,CUST-00459,2025-10-19T02:55:01.887Z,467.25,COMPLETED
ORD-1786976374096-FB831816,CUST-00840,2026-06-06T23:26:59.501Z,29.15,CANCELLED
ORD-1786976374096-29D80833,CUST-00751,2026-01-04T23:15:00.708Z,290.55,SHIPPED
ORD-1786976374096-EE1023F4,CUST-00141,2026-01-27T06:13:34.813Z,351.96,DELIVERED
ORD-1786976374096-F1F70A23,CUST-00301,2025-09-11T07:55:07.497Z,326.46,COMPLETED
ORD-1786976374096-3260FD16,CUST-00596,2026-02-28T20:07:42.982Z,342.17,DELIVERED
ORD-1786976374096-9D531C57,CUST-00526,2025-03-22T12:46:50.598Z,177.81,SHIPPED
ORD-1786976374096-83628A4C,CUST-00802,2025-10-01T04:21:20.726Z,478.81,CANCELLED
ORD-1786976374096-C8FA8043,CUST-00814,2025-12-24T07:01:47.468Z,218.30,PROCESSING
ORD-1786976374096-686FC8F1,CUST-00131,2025-02-21T04:29:37.954Z,77.90,PENDING
ORD-1786976374096-6E6A4719,CUST-00696,2025-05-21T01:56:18.810Z,233.98,PROCESSING
ORD-1786976374096-59A063C8,CUST-00793,2025-02-18T14:21:23.008Z,115.47,COMPLETED
ORD-1786976374096-42CA3B2C,CUST-00476,2026-06-20T22:18:48.659Z,487.45,PENDING
ORD-1786976374096-4D03B4F8,CUST-00744,2025-07-11T02:56:18.506Z,484.81,DELIVERED
ORD-1786976374096-C1D93B1F,CUST-00545,2025-08-18T22:09:32.759Z,344.29,CANCELLED
ORD-1786976374096-4DA90C80,CUST-00148,2026-06-30T00:19:45.281Z,285.90,PENDING
ORD-1786976374096-3959A837,CUST-00799,2025-12-26T17:58:59.106Z,479.96,CANCELLED
ORD-1786976374096-14152473,CUST-00610,2026-07-01T02:03:12.236Z,224.85,COMPLETED
ORD-1786976374096-829C5CB2,CUST-00329,2026-07-19T14:39:01.729Z,366.71,SHIPPED
ORD-1786976374096-41587518,CUST-00180,2025-04-27T07:00:39.754Z,122.03,PENDING
ORD-1786976374096-0334254C,CUST-00405,2025-01-22T07:17:46.478Z,212.22,CANCELLED
ORD-1786976374096-24FF5F29,CUST-00372,2025-04-21T05:44:03.817Z,451.48,CANCELLED
ORD-1786976374096-35E91182,CUST-00393,2025-08-30T20:27:30.219Z,12.74,CANCELLED
ORD-1786976374096-829BF58D,CUST-00579,2025-02-02T19:10:31.420Z,140.32,DELIVERED
ORD-1786976374096-5E185963,CUST-00995,2026-05-05T03:23:06.723Z,417.72,PENDING
ORD-1786976374096-4B8D6217,CUST-00406,2026-03-28T13:11:54.582Z,259.71,PROCESSING
ORD-1786976374096-F7DA6B72,CUST-00093,2025-01-14T21:08:08.232Z,285.72,CANCELLED
ORD-1786976374096-4723C537,CUST-00774,2025-11-23T13:15:49.524Z,475.64,SHIPPED
ORD-1786976374096-CB8BA432,CUST-00592,2025-03-21T21:54:06.818Z,300.78,CANCELLED
ORD-1786976374096-88BAB83D,CUST-00699,2026-07-21T00:09:12.838Z,208.26,PENDING
ORD-1786976374096-0C3F7865,CUST-00869,2026-02-20T20:23:22.711Z,266.63,PROCESSING
ORD-1786976374096-8D0DD430,CUST-00329,2026-04-10T19:08:40.673Z,180.90,CANCELLED
ORD-1786976374096-B5B87CBD,CUST-00830,2026-03-02T08:52:31.257Z,268.49,SHIPPED
ORD-1786976374097-C3CCAC48,CUST-00202,2026-01-05T17:27:56.980Z,408.21,DELIVERED
ORD-1786976374097-661F5FF3,CUST-00647,2025-05-19T21:06:38.198Z,441.65,CANCELLED
ORD-1786976374097-CF7504BB,CUST-00037,2026-01-26T10:37:03.168Z,334.58,PENDING
ORD-1786976374097-E9847C76,CUST-00506,2026-02-02T05:41:41.021Z,116.13,PROCESSING
ORD-1786976374097-907D3770,CUST-00038,2025-08-05T20:24:58.840Z,157.56,PROCESSING
ORD-1786976374097-F06C4347,CUST-00236,2025-11-07T03:36:39.094Z,217.85,COMPLETED
ORD-1786976374097-BEFC840F,CUST-00041,2026-01-26T11:30:52.651Z,484.01,SHIPPED
ORD-1786976374097-D7958A3A,CUST-00263,2025-01-14T00:56:07.564Z,34.25,DELIVERED
ORD-1786976374097-BC2423C6,CUST-00265,2025-09-03T02:35:41.527Z,444.41,PROCESSING
ORD-1786976374097-86AB6E00,CUST-00330,2025-03-27T17:02:52.013Z,239.67,PENDING
ORD-1786976374097-C75B6F11,CUST-00791,2025-01-23T01:20:18.483Z,152.20,PROCESSING
ORD-1786976374097-99047809,CUST-00091,2026-03-10T21:17:23.278Z,254.72,DELIVERED
ORD-1786976374097-3A46860A,CUST-00142,2025-09-19T06:08:02.943Z,131.29,COMPLETED
ORD-1786976374097-7844B7D8,CUST-00967,2026-04-14T16:54:36.222Z,113.77,SHIPPED
ORD-1786976374097-791A3111,CUST-00403,2025-11-16T12:38:17.587Z,293.38,COMPLETED
ORD-1786976374097-6A253803,CUST-00472,2025-05-12T03:32:21.924Z,318.13,COMPLETED
ORD-1786976374097-BE09DB42,CUST-00175,2025-11-13T04:31:08.027Z,332.66,DELIVERED
ORD-1786976374097-5E1B8011,CUST-00624,2025-02-04T06:36:33.416Z,279.17,PROCESSING
ORD-1786976374097-362540AA,CUST-00612,2025-10-05T05:35:40.306Z,70.85,CANCELLED
ORD-1786976374097-2A7914E7,CUST-00337,2025-05-18T07:46:31.427Z,408.04,PENDING
ORD-1786976374097-7266B7A7,CUST-00769,2025-07-20T05:36:20.426Z,180.14,COMPLETED
ORD-1786976374097-C8837092,CUST-00823,2025-08-23T02:18:29.933Z,106.02,SHIPPED
ORD-1786976374097-74C41270,CUST-00797,2025-12-18T00:36:09.314Z,501.65,SHIPPED
ORD-1786976374097-D2C28102,CUST-00073,2025-04-19T12:45:07.284Z,71.96,COMPLETED
ORD-1786976374097-FDFC75C2,CUST-00485,2025-08-02T12:17:06.988Z,417.20,COMPLETED
ORD-1786976374097-5EF95A16,CUST-00370,2025-12-08T19:03:46.474Z,17.52,DELIVERED
ORD-1786976374097-1E81956A,CUST-00211,2025-08-23T12:10:02.116Z,241.18,PENDING
ORD-1786976374097-E38EBE6D,CUST-00470,2026-01-08T11:54:12.948Z,224.88,PROCESSING
ORD-1786976374097-A9EBA507,CUST-00937,2025-02-22T07:38:22.097Z,478.04,CANCELLED
ORD-1786976374097-841737D3,CUST-00981,2025-11-22T19:10:23.090Z,232.21,DELIVERED
ORD-1786976374097-F573CE04,CUST-00524,2026-03-29T19:40:12.464Z,215.02,SHIPPED
ORD-1786976374097-39DE075E,CUST-00648,2025-07-12T22:36:52.471Z,485.90,COMPLETED
ORD-1786976374097-C22AA9DC,CUST-00807,2026-01-11T01:59:14.346Z,172.02,SHIPPED
ORD-1786976374097-6726FBEC,CUST-00095,2025-07-30T16:15:12.557Z,233.72,CANCELLED
ORD-1786976374097-03580465,CUST-00920,2025-01-01T13:13:17.987Z,475.44,COMPLETED
ORD-1786976374097-F066DB43,CUST-00595,2026-05-12T23:26:01.237Z,116.85,SHIPPED
ORD-1786976374097-A97DD139,CUST-00664,2025-09-22T21:19:01.999Z,43.05,SHIPPED
ORD-1786976374097-B3D1F4ED,CUST-00818,2026-03-15T22:42:55.397Z,48.81,COMPLETED
ORD-1786976374097-9A7693BC,CUST-00616,2026-04-21T03:31:07.663Z,444.92,SHIPPED
ORD-1786976374097-E4FEC611,CUST-00990,2025-02-24T10:52:56.090Z,61.19,SHIPPED
ORD-1786976374097-715D07AB,CUST-00825,2025-10-15T17:55:43.485Z,216.94,SHIPPED
ORD-1786976374097-85D07435,CUST-00535,2025-12-19T17:54:21.244Z,308.66,PENDING
ORD-1786976374097-CAA84F5E,CUST-00100,2025-07-01T07:26:48.996Z,283.96,PENDING
ORD-1786976374097-C33C6B89,CUST-00667,2026-08-07T00:15:11.289Z,13.06,CANCELLED
ORD-1786976374097-B243CB88,CUST-00691,2025-02-27T23:58:45.468Z,286.01,SHIPPED
ORD-1786976374097-8777FED6,CUST-00296,2026-02-05T13:18:00.372Z,129.64,DELIVERED
ORD-1786976374097-303C6BFE,CUST-00959,2025-09-21T11:00:55.493Z,254.83,CANCELLED
ORD-1786976374097-F03E8CC2,CUST-00436,2025-05-18T01:39:15.898Z,95.83,PROCESSING
ORD-1786976374097-089D1935,CUST-00630,2026-04-04T14:00:39.247Z,188.19,COMPLETED
ORD-1786976374097-743EF188,CUST-00001,2025-03-17T14:56:33.540Z,379.87,PROCESSING
ORD-1786976374097-958B3CF6,CUST-00762,2026-05-12T04:12:04.067Z,347.62,COMPLETED
ORD-1786976374097-19FCF24D,CUST-00162,2025-07-29T11:32:21.781Z,367.94,PENDING
ORD-1786976374097-7E29A073,CUST-00520,2025-08-08T19:40:42.068Z,319.96,CANCELLED
ORD-1786976374097-750B6BC2,CUST-00914,2025-05-03T11:58:15.295Z,401.53,PENDING
ORD-1786976374097-885B373A,CUST-00129,2026-02-02T01:53:03.664Z,61.27,COMPLETED
ORD-1786976374097-39E13A85,CUST-00470,2026-07-01T02:26:00.230Z,471.80,PENDING
ORD-1786976374097-30F84682,CUST-00899,2025-02-22T16:34:55.621Z,318.19,PENDING
ORD-1786976374097-6CAF2160,CUST-00638,2025-10-22T13:45:29.875Z,134.41,PROCESSING
ORD-1786976374097-C7BA5DD9,CUST-00780,2026-02-03T00:16:52.051Z,460.75,PROCESSING
ORD-1786976374097-127DFB40,CUST-00548,2025-07-29T02:13:15.300Z,446.88,SHIPPED
ORD-1786976374097-1CFAEEF0,CUST-00466,2025-08-14T22:28:35.721Z,172.74,CANCELLED
ORD-1786976374097-1C08661D,CUST-00727,2025-09-14T23:36:30.018Z,243.13,SHIPPED
ORD-1786976374097-1621F44D,CUST-00939,2025-12-10T06:28:50.323Z,160.78,PENDING
ORD-1786976374097-4E55E1ED,CUST-00354,2025-03-21T18:18:35.030Z,470.56,COMPLETED
ORD-1786976374097-9B7AF6E7,CUST-00297,2025-11-13T08:04:53.713Z,488.20,CANCELLED
ORD-1786976374097-AC1FB692,CUST-00403,2026-02-23T00:25:08.980Z,366.32,COMPLETED
ORD-1786976374097-59DCDB73,CUST-00970,2025-06-03T13:35:51.613Z,389.31,DELIVERED
ORD-1786976374097-5E35A4EE,CUST-00279,2025-06-22T01:37:05.593Z,328.10,PROCESSING
ORD-1786976374097-1D8969F6,CUST-00397,2025-10-02T14:57:28.224Z,230.52,PENDING
ORD-1786976374097-00A2C127,CUST-00420,2026-08-03T21:09:13.829Z,241.81,PROCESSING
ORD-1786976374097-F2A04C9B,CUST-00905,2025-07-23T08:09:06.888Z,166.80,SHIPPED
ORD-1786976374097-1F59CE90,CUST-00196,2025-07-05T20:31:27.949Z,184.13,COMPLETED
ORD-1786976374097-5037EE31,CUST-00752,2025-06-26T22:30:03.588Z,93.54,CANCELLED
ORD-1786976374097-E8F6E5FB,CUST-00015,2025-05-30T07:15:35.075Z,220.80,SHIPPED
ORD-1786976374097-BE0FDB2C,CUST-00472,2025-08-31T08:56:20.655Z,128.48,PROCESSING
ORD-1786976374097-F7FC8A17,CUST-00646,2025-07-09T13:26:43.248Z,288.22,COMPLETED
ORD-1786976374097-B8B15D08,CUST-00774,2025-10-22T17:43:58.025Z,159.45,PROCESSING
ORD-1786976374097-4BB6254D,CUST-00976,2025-09-02T12:23:17.099Z,397.20,SHIPPED
ORD-1786976374097-CA1EFB9F,CUST-00424,2025-09-26T06:43:30.422Z,259.52,PROCESSING
ORD-1786976374097-A81F7061,CUST-00338,2025-10-21T07:36:29.778Z,199.84,PROCESSING
ORD-1786976374097-F4DC1648,CUST-00541,2026-01-02T15:55:12.957Z,476.87,DELIVERED
ORD-1786976374097-F72CC013,CUST-00224,2026-05-29T17:01:38.730Z,237.75,PENDING
ORD-1786976374097-959929E1,CUST-00107,2025-09-02T08:33:22.910Z,282.18,PENDING
ORD-1786976374097-32269269,CUST-00184,2025-06-15T19:36:45.357Z,249.29,DELIVERED
ORD-1786976374097-02CC5D34,CUST-00253,2025-04-07T23:24:31.801Z,377.02,PENDING
ORD-1786976374097-78DE8729,CUST-00501,2025-09-10T10:44:09.619Z,355.30,PROCESSING
ORD-1786976374097-97D60F9E,CUST-00517,2025-03-07T02:22:35.565Z,199.00,DELIVERED
ORD-1786976374097-512B2733,CUST-00003,2026-07-01T21:24:33.434Z,405.41,PROCESSING
ORD-1786976374097-94C90DAD,CUST-00642,2025-07-12T16:37:35.218Z,25.79,SHIPPED
ORD-1786976374097-B8A8414F,CUST-00580,2026-06-17T02:07:27.920Z,246.43,PENDING
ORD-1786976374097-EEDA0D30,CUST-00370,2026-03-02T03:33:29.429Z,96.56,PROCESSING
ORD-1786976374097-93096753,CUST-00149,2026-04-15T22:36:52.508Z,453.22,CANCELLED
ORD-1786976374097-10EF0D22,CUST-00817,2026-07-31T01:16:32.713Z,475.91,PENDING
ORD-1786976374097-1A423AE5,CUST-00525,2026-07-31T00:31:22.248Z,316.00,DELIVERED
ORD-1786976374097-8DB43BCE,CUST-00570,2025-05-05T03:41:58.910Z,90.23,PROCESSING
ORD-1786976374097-EA4AC738,CUST-00607,2025-07-03T11:00:41.847Z,321.82,SHIPPED
ORD-1786976374097-4FA6403A,CUST-00954,2026-04-26T00:43:17.129Z,45.47,PROCESSING
ORD-1786976374097-760343BE,CUST-00737,2025-03-20T13:01:19.604Z,102.62,PROCESSING
ORD-1786976374097-5F241008,CUST-00636,2025-09-07T03:57:45.108Z,319.30,SHIPPED
ORD-1786976374097-3BBEF860,CUST-00938,2025-02-05T20:07:36.743Z,86.97,DELIVERED
ORD-1786976374097-9D70D7F5,CUST-00222,2025-12-10T18:26:43.024Z,341.99,PROCESSING
ORD-1786976374097-F44FC752,CUST-00376,2025-12-07T08:19:11.792Z,204.63,DELIVERED
ORD-1786976374097-14517AA5,CUST-00605,2026-06-21T16:32:15.031Z,320.03,CANCELLED
ORD-1786976374097-DD3128B6,CUST-00481,2025-09-24T11:48:52.572Z,161.33,COMPLETED
ORD-1786976374097-3B5FA3CC,CUST-00345,2026-04-18T05:51:28.586Z,271.65,DELIVERED
ORD-1786976374097-DAE0ADFC,CUST-00497,2025-06-08T04:20:45.130Z,402.68,DELIVERED
ORD-1786976374097-96CEFCF9,CUST-00794,2026-01-27T03:59:27.130Z,206.60,DELIVERED
ORD-1786976374097-7E7E29B6,CUST-00738,2025-02-28T22:36:34.477Z,140.92,COMPLETED
ORD-1786976374097-CF82C4F9,CUST-00625,2025-06-19T21:56:44.835Z,35.57,PROCESSING
ORD-1786976374097-41F0D2C3,CUST-00307,2026-03-13T16:35:26.850Z,72.35,CANCELLED
ORD-1786976374097-AC7684D6,CUST-00918,2025-11-15T11:46:22.938Z,397.12,SHIPPED
ORD-1786976374097-8C793822,CUST-00791,2025-03-20T17:45:12.392Z,157.66,COMPLETED
ORD-1786976374097-F7D7D685,CUST-00985,2026-04-10T11:40:34.878Z,459.08,SHIPPED
ORD-1786976374097-1B43E011,CUST-00117,2025-04-25T12:43:44.896Z,208.49,DELIVERED
ORD-1786976374097-5ED32C79,CUST-00278,2025-11-14T02:31:41.031Z,430.61,COMPLETED
ORD-1786976374097-F3C722F5,CUST-00875,2026-05-13T16:48:49.892Z,28.27,COMPLETED
ORD-1786976374097-6455A69A,CUST-00186,2025-11-08T06:12:02.033Z,331.78,DELIVERED
ORD-1786976374097-3443780A,CUST-00288,2025-12-28T00:43:52.800Z,496.94,SHIPPED
ORD-1786976374097-FDBDD8D5,CUST-00644,2025-07-09T15:25:09.668Z,217.79,CANCELLED
ORD-1786976374097-123F5433,CUST-00080,2026-05-25T08:12:02.182Z,353.32,SHIPPED
ORD-1786976374097-F6D925B2,CUST-00017,2025-01-12T09:49:21.513Z,367.93,SHIPPED
ORD-1786976374097-893C7318,CUST-00005,2025-11-29T20:18:37.268Z,141.71,CANCELLED
ORD-1786976374097-AEA66E81,CUST-00187,2025-03-23T07:09:16.263Z,358.97,DELIVERED
ORD-1786976374097-DA12FC9A,CUST-00408,2025-09-06T08:57:30.224Z,82.89,PENDING
ORD-1786976374097-892EE45C,CUST-00337,2025-10-12T15:46:46.914Z,409.99,COMPLETED
ORD-1786976374097-D7B99978,CUST-00986,2026-01-08T16:01:03.260Z,30.31,COMPLETED
ORD-1786976374097-71FF0C92,CUST-00787,2025-09-04T00:45:55.648Z,310.72,DELIVERED
ORD-1786976374097-3B5EAD34,CUST-00059,2025-09-29T00:55:10.791Z,61.85,SHIPPED
ORD-1786976374097-146DD431,CUST-00192,2025-08-12T17:09:05.252Z,332.42,PENDING
ORD-1786976374097-61731839,CUST-00306,2025-12-14T10:33:44.937Z,359.76,COMPLETED
ORD-1786976374097-F4C06959,CUST-00003,2025-04-07T20:52:36.837Z,429.40,COMPLETED
ORD-1786976374097-B5F00BDB,CUST-00113,2025-10-02T06:14:48.564Z,434.42,CANCELLED
ORD-1786976374097-D859995C,CUST-00528,2026-05-28T01:08:58.015Z,322.81,PROCESSING
ORD-1786976374097-C2FBBD10,CUST-00208,2025-08-11T05:31:26.552Z,130.42,DELIVERED
ORD-1786976374097-E1A07294,CUST-00791,2025-06-06T06:02:20.176Z,21.07,PROCESSING
ORD-1786976374097-78012C09,CUST-00066,2025-03-23T21:53:00.061Z,279.11,DELIVERED
ORD-1786976374097-6575E632,CUST-00866,2026-01-12T09:17:28.510Z,503.44,CANCELLED
ORD-1786976374097-A0E4DBD8,CUST-00107,2026-01-13T16:47:34.321Z,230.87,DELIVERED
ORD-1786976374097-94099EED,CUST-00155,2025-02-25T05:12:22.252Z,186.56,PROCESSING
ORD-1786976374097-E5DAE466,CUST-00118,2025-02-26T06:43:18.415Z,122.59,SHIPPED
ORD-1786976374097-E7EF8FD6,CUST-00174,2025-04-30T23:06:00.057Z,365.34,PROCESSING
ORD-1786976374097-53EBADC6,CUST-00466,2026-05-17T23:28:47.239Z,496.36,SHIPPED
ORD-1786976374097-9500D035,CUST-00944,2026-05-04T20:47:28.925Z,377.78,PENDING
ORD-1786976374097-B7365A30,CUST-00841,2026-01-09T03:05:05.352Z,128.86,PROCESSING
ORD-1786976374097-D26BF438,CUST-00043,2025-02-13T06:18:14.498Z,382.38,DELIVERED
ORD-1786976374097-37B6BF3C,CUST-00588,2026-07-31T02:52:00.795Z,25.25,PROCESSING
ORD-1786976374097-859027DF,CUST-00065,2025-09-03T23:46:16.965Z,208.01,SHIPPED
ORD-1786976374097-936475ED,CUST-00438,2025-03-10T16:06:03.661Z,492.82,COMPLETED
ORD-1786976374097-84362BFB,CUST-00794,2025-01-08T16:29:36.749Z,476.97,DELIVERED
ORD-1786976374097-9B4CA323,CUST-00238,2026-07-23T15:12:23.016Z,210.06,SHIPPED
ORD-1786976374097-DFA50EAB,CUST-00258,2026-04-16T23:28:54.269Z,219.07,COMPLETED
ORD-1786976374097-FFCFD1F7,CUST-00417,2026-05-20T15:23:59.796Z,261.64,PROCESSING
ORD-1786976374097-3E1C34B4,CUST-00516,2025-03-19T13:35:12.890Z,189.83,CANCELLED
ORD-1786976374097-0EB44A5C,CUST-00982,2025-08-05T23:19:12.323Z,485.37,PROCESSING
ORD-1786976374097-E2488565,CUST-00859,2026-04-01T19:17:40.027Z,248.95,COMPLETED
ORD-1786976374097-6A7ACB61,CUST-00623,2026-05-08T20:59:15.038Z,440.55,PENDING
ORD-1786976374097-9615A5E0,CUST-00239,2026-01-29T15:17:57.027Z,91.36,COMPLETED
ORD-1786976374097-0391752E,CUST-00497,2026-06-15T10:09:24.885Z,220.70,PENDING
ORD-1786976374097-EB3342BB,CUST-00293,2026-01-24T13:49:58.430Z,85.27,PENDING
ORD-1786976374097-07ACB35E,CUST-00718,2025-10-01T12:21:25.450Z,117.63,PENDING
ORD-1786976374097-A065C70D,CUST-00029,2026-06-08T01:49:06.752Z,369.88,CANCELLED
ORD-1786976374097-677F13B3,CUST-00054,2026-01-08T01:21:04.364Z,11.20,DELIVERED
ORD-1786976374097-DE5E68EA,CUST-00612,2026-06-15T20:19:45.004Z,278.68,DELIVERED
ORD-1786976374097-2788E503,CUST-00121,2025-09-05T00:23:26.188Z,200.92,COMPLETED
ORD-1786976374097-6CD7A575,CUST-00777,2025-10-11T22:43:00.277Z,270.22,PROCESSING
ORD-1786976374097-33557726,CUST-00471,2025-07-20T15:03:46.482Z,233.51,CANCELLED
ORD-1786976374097-1D4F1E6E,CUST-00280,2026-02-01T13:21:05.179Z,92.94,PENDING
ORD-1786976374097-381135C2,CUST-00352,2025-03-10T23:30:32.783Z,280.37,DELIVERED
ORD-1786976374097-19E53885,CUST-00595,2025-05-14T23:44:21.675Z,22.99,SHIPPED
ORD-1786976374097-6AEA7255,CUST-00215,2026-03-07T09:58:29.749Z,364.38,CANCELLED
ORD-1786976374097-EEC9E645,CUST-00121,2026-05-08T01:29:54.235Z,402.03,SHIPPED
ORD-1786976374097-3676910D,CUST-00425,2026-08-03T13:47:50.710Z,89.82,COMPLETED
ORD-1786976374097-0D006BB4,CUST-00435,2026-03-05T03:05:29.001Z,134.27,CANCELLED
ORD-1786976374097-0920378A,CUST-00391,2026-02-22T12:51:00.845Z,375.87,DELIVERED
ORD-1786976374097-A6394615,CUST-00320,2025-11-23T18:33:04.358Z,66.77,DELIVERED
ORD-1786976374097-492229B7,CUST-00829,2025-10-23T05:39:35.862Z,403.09,PENDING
ORD-1786976374097-851D57DF,CUST-00510,2025-10-08T05:50:28.907Z,358.82,PENDING
ORD-1786976374097-E1717B08,CUST-00184,2025-04-26T01:55:09.905Z,191.10,SHIPPED
ORD-1786976374097-E63A3BA3,CUST-00753,2026-02-25T00:11:01.749Z,106.15,SHIPPED
ORD-1786976374097-82173E56,CUST-00218,2025-06-25T19:43:30.098Z,364.07,CANCELLED
ORD-1786976374097-99B89964,CUST-00561,2025-02-09T05:15:31.605Z,209.88,CANCELLED
ORD-1786976374097-9BCDFD22,CUST-00082,2026-03-25T21:28:02.804Z,281.69,PENDING
ORD-1786976374097-39DEA899,CUST-00075,2026-03-21T12:53:55.636Z,136.81,DELIVERED
ORD-1786976374097-45668E4C,CUST-00792,2025-05-15T03:21:20.595Z,171.42,COMPLETED
ORD-1786976374097-2F37A190,CUST-00741,2025-08-26T03:35:55.619Z,132.05,DELIVERED
ORD-1786976374097-867058C3,CUST-00937,2026-04-29T19:03:40.690Z,36.37,CANCELLED
ORD-1786976374097-71067F09,CUST-00844,2025-12-22T14:10:38.824Z,108.64,COMPLETED
ORD-1786976374097-3079AC43,CUST-00963,2025-03-14T17:14:20.759Z,401.16,CANCELLED
ORD-1786976374097-42941E9A,CUST-00580,2025-12-04T11:52:29.050Z,44.61,PROCESSING
ORD-1786976374097-20BABF9D,CUST-00480,2025-02-22T19:05:52.324Z,125.56,COMPLETED
ORD-1786976374097-52DD4BC2,CUST-00232,2025-03-30T10:18:45.216Z,387.85,CANCELLED
ORD-1786976374097-8365412D,CUST-00905,2025-12-29T19:21:01.207Z,373.60,DELIVERED
ORD-1786976374097-7C3F9C27,CUST-00889,2025-04-18T23:19:15.464Z,217.78,COMPLETED
ORD-1786976374097-02D28F60,CUST-00160,2025-02-21T13:04:19.635Z,121.21,SHIPPED
ORD-1786976374097-5B776638,CUST-00959,2026-05-02T23:29:10.738Z,124.83,PROCESSING
ORD-1786976374097-E9BC57AB,CUST-00115,2026-01-04T00:37:26.092Z,233.63,PROCESSING
ORD-1786976374097-6490B7F2,CUST-00894,2025-10-16T11:19:18.604Z,150.02,COMPLETED
ORD-1786976374097-E5D1C06C,CUST-00135,2026-06-17T04:22:39.458Z,448.93,PROCESSING
ORD-1786976374097-EE159F2D,CUST-00370,2026-02-25T08:38:17.736Z,375.31,PROCESSING
ORD-1786976374097-76E8FB94,CUST-00403,2025-01-09T01:41:58.426Z,67.71,SHIPPED
ORD-1786976374097-B58DB4A9,CUST-00517,2026-05-18T22:55:00.202Z,117.69,COMPLETED
ORD-1786976374097-F66F6487,CUST-00883,2025-08-08T14:38:03.881Z,134.24,COMPLETED
ORD-1786976374097-6DE9ACB8,CUST-00163,2026-06-27T23:23:47.373Z,477.33,PENDING
ORD-1786976374097-A17BAEB5,CUST-00941,2025-08-08T03:52:29.186Z,64.58,PENDING
ORD-1786976374097-5D0E112A,CUST-00545,2025-12-03T21:20:56.823Z,94.19,PROCESSING
ORD-1786976374098-4B613994,CUST-00678,2026-01-18T20:47:25.477Z,242.86,COMPLETED
ORD-1786976374098-33230B74,CUST-00098,2025-02-21T17:06:23.916Z,324.56,SHIPPED
ORD-1786976374098-FFEBF291,CUST-00329,2025-09-25T00:42:42.941Z,201.86,DELIVERED
ORD-1786976374098-0C6CD7B1,CUST-00856,2026-06-10T23:49:11.864Z,216.91,SHIPPED
ORD-1786976374098-8678F952,CUST-00367,2025-09-18T22:53:55.962Z,16.94,CANCELLED
ORD-1786976374098-BA1272D4,CUST-00166,2025-08-21T21:08:27.052Z,45.76,SHIPPED
ORD-1786976374098-B6B926F3,CUST-00343,2025-02-26T19:58:55.079Z,290.62,DELIVERED
ORD-1786976374098-B7D67E34,CUST-00708,2025-01-23T15:45:36.782Z,310.96,COMPLETED
ORD-1786976374098-2D39DEAD,CUST-00037,2025-09-29T11:50:42.588Z,159.18,DELIVERED
ORD-1786976374098-88F96B92,CUST-00676,2025-02-18T18:44:40.400Z,394.37,DELIVERED
ORD-1786976374098-3799D600,CUST-00043,2026-02-03T10:21:19.845Z,470.26,SHIPPED
ORD-1786976374098-C68B6392,CUST-00129,2025-12-05T01:07:11.116Z,170.15,CANCELLED
ORD-1786976374098-1AF79B0E,CUST-00419,2026-07-26T13:55:18.288Z,383.93,SHIPPED
ORD-1786976374098-A8A7EB79,CUST-00914,2025-07-01T10:51:19.650Z,79.68,COMPLETED
ORD-1786976374098-4AAC5793,CUST-00776,2025-10-11T20:22:02.744Z,282.67,SHIPPED
ORD-1786976374098-55BE0D62,CUST-00340,2025-12-09T03:04:10.301Z,179.99,PROCESSING
ORD-1786976374098-C9E24CFD,CUST-00435,2025-10-22T08:28:03.216Z,142.96,PENDING
ORD-1786976374098-A806F4D1,CUST-00988,2025-11-21T22:37:29.543Z,311.09,SHIPPED
ORD-1786976374098-67070D8E,CUST-00757,2025-06-11T23:08:55.517Z,405.11,COMPLETED
ORD-1786976374098-41AB1465,CUST-00354,2025-07-23T23:41:20.597Z,216.14,DELIVERED
ORD-1786976374098-C63FAD40,CUST-00233,2025-03-09T03:26:01.855Z,505.39,CANCELLED
ORD-1786976374098-BDE4D6DF,CUST-00816,2026-01-04T05:36:51.687Z,504.89,SHIPPED
ORD-1786976374098-D4453ACA,CUST-00065,2025-10-30T16:30:49.224Z,78.12,DELIVERED
ORD-1786976374098-0FE88B42,CUST-00783,2025-01-02T05:53:34.327Z,429.47,COMPLETED
ORD-1786976374098-E2A89CA4,CUST-00259,2026-06-03T11:00:16.201Z,447.91,PROCESSING
ORD-1786976374098-DD47C76F,CUST-00586,2026-03-08T08:47:35.256Z,506.69,COMPLETED
ORD-1786976374098-DD515587,CUST-00794,2026-02-10T13:29:27.421Z,444.11,DELIVERED
ORD-1786976374098-2126C855,CUST-00102,2026-03-26T00:25:54.455Z,494.51,CANCELLED
ORD-1786976374098-FB488586,CUST-00723,2025-08-21T16:45:31.781Z,219.12,PENDING
ORD-1786976374098-8C1A1406,CUST-00229,2025-11-25T16:22:51.642Z,507.74,CANCELLED
ORD-1786976374098-30D04EB6,CUST-00271,2025-05-16T22:46:24.311Z,98.28,SHIPPED
ORD-1786976374098-B0A2C5B4,CUST-00756,2025-12-17T11:34:46.863Z,94.67,DELIVERED
ORD-1786976374098-0BB83F0C,CUST-00846,2025-06-13T01:46:43.545Z,44.70,SHIPPED
ORD-1786976374098-B402C183,CUST-00928,2025-09-25T13:41:38.180Z,323.23,PENDING
ORD-1786976374098-B9850B84,CUST-00102,2025-11-23T22:58:01.915Z,413.65,PENDING
ORD-1786976374098-373C12CE,CUST-00700,2026-07-18T16:25:00.881Z,476.57,PENDING
ORD-1786976374098-9EC6DC7A,CUST-00291,2026-07-11T02:06:05.645Z,70.28,PENDING
ORD-1786976374099-E3459F46,CUST-00858,2026-01-17T10:37:01.014Z,27.96,CANCELLED
ORD-1786976374099-1AC32F18,CUST-00859,2025-12-19T06:08:11.535Z,24.52,CANCELLED
ORD-1786976374099-41B8CE2E,CUST-00347,2026-07-10T09:10:00.754Z,508.42,PROCESSING
ORD-1786976374099-C2B164C1,CUST-00059,2026-07-06T18:12:56.254Z,77.54,COMPLETED
ORD-1786976374099-875FB672,CUST-00326,2026-06-19T21:46:36.443Z,387.16,PENDING
ORD-1786976374099-D3088409,CUST-00335,2026-05-17T02:27:46.403Z,444.14,PROCESSING
ORD-1786976374099-B2EB2EB5,CUST-00375,2025-10-07T12:18:19.072Z,17.34,DELIVERED
ORD-1786976374099-C06B1177,CUST-00555,2025-05-20T04:36:38.825Z,308.02,SHIPPED
ORD-1786976374099-0CC3D386,CUST-00647,2025-02-25T02:19:54.423Z,200.45,COMPLETED
ORD-1786976374099-F56EB764,CUST-00252,2025-08-06T15:59:26.372Z,37.97,SHIPPED
ORD-1786976374099-5027EE46,CUST-00320,2025-04-18T05:35:44.377Z,113.32,PENDING
ORD-1786976374099-C2857DE2,CUST-00665,2025-12-22T06:11:05.854Z,70.30,CANCELLED
ORD-1786976374099-5FBADC4B,CUST-00246,2025-09-29T17:26:16.397Z,76.01,COMPLETED
ORD-1786976374099-9DEEC8A6,CUST-00798,2025-03-17T15:50:45.847Z,359.50,PENDING
ORD-1786976374099-6E680515,CUST-00705,2025-05-29T04:41:16.054Z,347.67,SHIPPED
ORD-1786976374099-436213B6,CUST-00903,2025-08-19T10:23:54.588Z,400.23,PENDING
ORD-1786976374099-CDE28CCC,CUST-00663,2025-11-04T23:18:36.513Z,179.31,SHIPPED
ORD-1786976374099-6C36C90D,CUST-00594,2025-07-24T07:14:40.691Z,150.67,PROCESSING
ORD-1786976374099-46A96E0B,CUST-00043,2025-11-20T03:53:17.271Z,496.38,SHIPPED
ORD-1786976374099-9FF20C98,CUST-00161,2026-08-05T11:59:16.036Z,318.24,CANCELLED
ORD-1786976374099-BA7D754A,CUST-00227,2025-03-08T21:40:23.893Z,349.99,COMPLETED
ORD-1786976374099-E37BB387,CUST-00001,2026-07-14T05:30:45.845Z,111.04,CANCELLED
ORD-1786976374099-37E6CBF7,CUST-00803,2025-02-08T04:26:38.824Z,369.94,CANCELLED
ORD-1786976374099-BAC7BBC4,CUST-00627,2026-05-09T07:19:06.628Z,87.80,PROCESSING
ORD-1786976374099-DC2DF197,CUST-00495,2026-07-25T13:50:22.075Z,84.41,COMPLETED
ORD-1786976374099-98B584A8,CUST-00081,2026-01-25T13:55:22.704Z,282.97,PENDING
ORD-1786976374099-C8063913,CUST-00831,2026-02-02T05:31:59.120Z,60.24,CANCELLED
ORD-1786976374099-619FDDE5,CUST-00082,2025-01-24T22:39:17.268Z,459.08,PENDING
ORD-1786976374099-27CBA119,CUST-00469,2025-08-29T17:12:40.129Z,501.15,DELIVERED
ORD-1786976374099-E0D4B2C7,CUST-00606,2026-03-24T12:05:09.181Z,426.87,SHIPPED
ORD-1786976374099-F4F4EBFE,CUST-00362,2025-01-16T15:51:56.480Z,220.65,PENDING
ORD-1786976374099-F9C4FAB4,CUST-00504,2025-10-14T13:00:53.336Z,382.66,CANCELLED
ORD-1786976374099-B4794B5B,CUST-00125,2025-12-19T11:25:45.686Z,243.68,PENDING
ORD-1786976374099-8E8E8034,CUST-00795,2025-01-02T19:18:34.879Z,409.72,COMPLETED
ORD-1786976374099-C73F94ED,CUST-00474,2026-06-30T03:44:56.158Z,17.00,COMPLETED
ORD-1786976374099-90089093,CUST-00123,2026-02-09T01:12:34.345Z,264.55,CANCELLED
ORD-1786976374099-20ED2CDE,CUST-00844,2025-01-12T02:19:00.152Z,108.35,SHIPPED
ORD-1786976374099-EF8FAEEE,CUST-00298,2025-04-24T18:48:44.095Z,152.02,COMPLETED
ORD-1786976374099-AAA8202F,CUST-00899,2026-01-04T00:36:05.832Z,397.07,PROCESSING
ORD-1786976374099-718F78A3,CUST-00002,2026-07-30T20:18:25.267Z,387.41,SHIPPED
ORD-1786976374099-0F20FA8D,CUST-00983,2026-02-04T06:39:41.152Z,29.44,PROCESSING
ORD-1786976374099-CA4600DE,CUST-00767,2025-09-23T23:35:45.071Z,236.58,DELIVERED
ORD-1786976374099-ADD14B6E,CUST-00733,2026-07-10T19:11:53.969Z,22.81,COMPLETED
ORD-1786976374099-DDE856DD,CUST-00822,2025-01-14T12:15:00.777Z,250.63,CANCELLED
ORD-1786976374099-05B00834,CUST-00942,2025-06-08T05:29:51.785Z,159.47,PENDING
ORD-1786976374099-D213482B,CUST-00164,2025-07-10T10:52:02.869Z,256.52,DELIVERED
ORD-1786976374099-B4A1BE2D,CUST-00553,2026-07-12T00:59:45.572Z,262.81,DELIVERED
ORD-1786976374099-72B71BD4,CUST-00006,2025-10-22T13:41:12.814Z,282.31,SHIPPED
ORD-1786976374099-F59934F6,CUST-00943,2026-05-31T11:16:19.350Z,14.04,SHIPPED
ORD-1786976374099-11A00B49,CUST-00949,2025-03-28T22:27:01.059Z,405.40,DELIVERED
ORD-1786976374099-FC3876F7,CUST-00135,2026-03-01T21:33:51.089Z,16.28,DELIVERED
ORD-1786976374099-497D95B6,CUST-00868,2025-09-04T10:39:58.733Z,443.03,COMPLETED
ORD-1786976374099-0344C9D7,CUST-00640,2026-05-02T05:25:39.919Z,314.85,PENDING
ORD-1786976374099-42D458F9,CUST-00980,2026-05-15T11:07:02.052Z,112.53,DELIVERED
ORD-1786976374099-DB96F6BD,CUST-00117,2025-03-17T12:53:24.413Z,470.60,PROCESSING
ORD-1786976374099-A44B5EB4,CUST-00823,2026-05-11T20:39:34.954Z,222.34,PROCESSING
ORD-1786976374099-B74C4C77,CUST-00504,2026-06-24T01:39:33.976Z,102.40,DELIVERED
ORD-1786976374099-4AB749E3,CUST-00407,2026-08-06T08:32:29.515Z,194.80,COMPLETED
ORD-1786976374099-9C9BAD7E,CUST-00674,2025-02-22T23:51:53.505Z,64.60,CANCELLED
ORD-1786976374099-5D1BA676,CUST-00764,2026-07-31T22:56:21.052Z,473.48,PROCESSING
ORD-1786976374099-2A2F9CEA,CUST-00433,2025-08-31T01:47:00.727Z,420.44,DELIVERED
ORD-1786976374099-9330392D,CUST-00788,2025-09-16T08:48:49.098Z,233.03,SHIPPED
ORD-1786976374099-C32C5BB6,CUST-00516,2026-03-20T10:51:28.958Z,216.30,PENDING
ORD-1786976374099-760CC4A0,CUST-00256,2025-07-06T15:01:02.770Z,184.51,COMPLETED
ORD-1786976374099-5B7D2CCC,CUST-00110,2025-11-03T14:03:01.702Z,32.51,PENDING
ORD-1786976374099-5907F2C7,CUST-00333,2026-04-30T07:34:37.694Z,232.44,PROCESSING
ORD-1786976374099-96750575,CUST-00060,2025-05-23T14:24:45.852Z,398.42,DELIVERED
ORD-1786976374099-DE1EE5B3,CUST-00244,2025-03-13T16:03:54.486Z,102.04,PENDING
ORD-1786976374099-51BA1B9E,CUST-00413,2026-04-25T00:45:32.662Z,229.45,DELIVERED
ORD-1786976374099-009189F5,CUST-00258,2026-07-10T16:23:44.646Z,250.15,PENDING
ORD-1786976374099-6AC95DE0,CUST-00809,2025-04-30T12:35:07.816Z,95.60,SHIPPED
ORD-1786976374099-E962E99D,CUST-00568,2025-10-21T18:46:52.059Z,366.40,DELIVERED
ORD-1786976374099-77C65780,CUST-00122,2025-11-01T02:38:51.747Z,307.72,DELIVERED
ORD-1786976374099-9708B3A1,CUST-00905,2026-07-22T08:40:31.720Z,353.14,CANCELLED
ORD-1786976374099-3BC07ED5,CUST-00968,2026-05-18T21:32:52.689Z,282.23,DELIVERED
ORD-1786976374099-E9FACC2D,CUST-00561,2025-03-11T06:50:20.499Z,61.55,CANCELLED
ORD-1786976374099-09E68ED9,CUST-00107,2025-07-20T16:41:16.346Z,125.44,PROCESSING
ORD-1786976374099-0E5CBABD,CUST-00651,2025-10-04T00:36:40.721Z,455.71,COMPLETED
ORD-1786976374099-2F9422A1,CUST-00949,2025-01-25T07:17:31.070Z,439.01,SHIPPED
ORD-1786976374099-F15F1E1D,CUST-00974,2026-03-04T05:31:53.086Z,272.02,PENDING
ORD-1786976374099-EBD8BEF4,CUST-00514,2025-12-20T08:21:50.216Z,14.81,DELIVERED
ORD-1786976374099-0A6252AA,CUST-00401,2025-02-22T21:55:24.966Z,509.67,PENDING
ORD-1786976374099-5E36DEE8,CUST-00663,2026-06-13T06:04:45.529Z,409.60,PENDING
ORD-1786976374099-9A50459A,CUST-00378,2025-01-05T06:07:49.221Z,143.03,SHIPPED
ORD-1786976374099-C3717AF3,CUST-00268,2025-05-28T11:19:34.666Z,450.68,PENDING
ORD-1786976374099-84658ED0,CUST-00445,2025-04-04T06:55:36.307Z,176.60,PROCESSING
ORD-1786976374099-17D114D3,CUST-00040,2025-08-03T07:35:14.900Z,75.30,PENDING
ORD-1786976374099-194C161D,CUST-00201,2025-05-30T09:07:44.545Z,248.49,PENDING
ORD-1786976374099-72181E10,CUST-00367,2026-07-26T01:37:00.587Z,371.13,CANCELLED
ORD-1786976374099-0DE751D9,CUST-01000,2026-03-21T16:45:00.593Z,445.75,DELIVERED
ORD-1786976374099-9E2D65BC,CUST-00697,2025-04-15T22:11:35.711Z,451.87,SHIPPED
ORD-1786976374099-C14633F0,CUST-00742,2026-07-29T18:55:38.059Z,374.25,PROCESSING
ORD-1786976374099-EC282C54,CUST-00336,2025-06-11T23:10:26.477Z,501.84,SHIPPED
ORD-1786976374099-0C9CA3C3,CUST-00080,2025-07-01T13:10:55.835Z,45.38,PROCESSING
ORD-1786976374099-769C55FF,CUST-00928,2025-03-27T10:35:58.972Z,83.54,CANCELLED
ORD-1786976374099-8FBB0DD7,CUST-00417,2025-01-05T23:26:45.075Z,71.13,PROCESSING
ORD-1786976374099-5CA8E44A,CUST-00158,2026-01-20T05:46:29.165Z,502.25,CANCELLED
ORD-1786976374099-B1837E75,CUST-00411,2026-07-10T17:21:26.135Z,119.96,DELIVERED
ORD-1786976374099-DDB48EA7,CUST-00190,2026-05-18T20:52:57.391Z,339.60,SHIPPED
ORD-1786976374099-4B431270,CUST-00075,2026-08-07T14:05:11.444Z,402.11,SHIPPED
ORD-1786976374099-61701699,CUST-00298,2026-07-11T01:46:07.324Z,97.02,CANCELLED
ORD-1786976374099-A3DD08E3,CUST-00765,2025-09-11T21:19:35.863Z,228.77,COMPLETED
ORD-1786976374099-7C8F1318,CUST-00251,2025-01-14T03:41:12.747Z,493.93,SHIPPED
ORD-1786976374099-72505B59,CUST-00840,2025-08-12T11:50:35.073Z,105.29,CANCELLED
ORD-1786976374099-31BB86F9,CUST-00953,2025-09-30T15:45:32.642Z,344.12,COMPLETED
ORD-1786976374099-8DD0261D,CUST-00811,2026-02-13T09:25:23.411Z,126.01,SHIPPED
ORD-1786976374099-C366EE28,CUST-00130,2025-10-29T08:45:08.026Z,66.89,PENDING
ORD-1786976374099-8976B01B,CUST-00469,2025-08-11T03:32:22.519Z,39.99,CANCELLED
ORD-1786976374099-EABCACD4,CUST-00161,2025-01-18T07:04:51.896Z,182.92,COMPLETED
ORD-1786976374099-0432FA63,CUST-00863,2026-04-30T14:10:22.299Z,352.81,SHIPPED
ORD-1786976374099-CBAEE325,CUST-00050,2025-04-01T11:14:05.571Z,121.62,CANCELLED
ORD-1786976374099-26F8ECC2,CUST-00532,2026-01-28T13:21:17.011Z,207.37,DELIVERED
ORD-1786976374099-2C733F51,CUST-00886,2026-05-16T07:13:05.124Z,286.89,DELIVERED
ORD-1786976374099-472929EF,CUST-00182,2025-03-28T11:45:44.000Z,459.83,DELIVERED
ORD-1786976374099-B1761FF5,CUST-00219,2025-03-01T08:56:47.764Z,373.81,COMPLETED
ORD-1786976374099-77F2BA22,CUST-00189,2025-06-10T04:20:23.148Z,23.39,DELIVERED
ORD-1786976374099-F56027AE,CUST-00347,2025-06-18T16:54:55.168Z,43.76,COMPLETED
ORD-1786976374099-9D6BDD26,CUST-00429,2025-11-17T21:35:00.464Z,102.60,CANCELLED
ORD-1786976374099-C0B20212,CUST-00716,2026-03-05T13:20:45.113Z,353.72,DELIVERED
ORD-1786976374099-20B8C97A,CUST-00398,2026-04-11T04:54:22.888Z,452.54,SHIPPED
ORD-1786976374099-DF9C8DAC,CUST-00625,2026-04-09T03:32:16.293Z,228.76,DELIVERED
ORD-1786976374099-25DDD689,CUST-00941,2026-06-06T11:59:25.563Z,478.33,PROCESSING
ORD-1786976374099-FBB73C2A,CUST-00526,2025-06-29T07:12:29.983Z,337.22,DELIVERED
ORD-1786976374099-75E33021,CUST-00175,2025-11-24T04:37:27.346Z,268.72,COMPLETED
ORD-1786976374099-F8DD9E51,CUST-00556,2025-11-15T02:56:56.394Z,137.99,SHIPPED
ORD-1786976374099-170C005B,CUST-00324,2025-12-19T10:58:12.945Z,73.04,SHIPPED
ORD-1786976374099-73BF2E17,CUST-00938,2025-12-26T14:13:43.288Z,376.56,CANCELLED
ORD-1786976374099-BDFDD8A7,CUST-00876,2025-05-20T22:09:07.847Z,183.84,CANCELLED
ORD-1786976374099-2477884F,CUST-00110,2025-04-21T01:47:45.553Z,460.06,SHIPPED
ORD-1786976374099-B924EC5C,CUST-00043,2025-03-03T13:11:14.218Z,93.87,PROCESSING
ORD-1786976374099-AA57C79B,CUST-00344,2025-08-01T19:21:58.209Z,28.77,PROCESSING
ORD-1786976374099-3AA5FFEE,CUST-00619,2025-04-28T10:44:52.228Z,141.40,SHIPPED
ORD-1786976374099-04621BA5,CUST-00393,2026-06-30T18:34:28.364Z,48.44,SHIPPED
ORD-1786976374099-46837435,CUST-00118,2026-07-09T23:28:26.263Z,43.16,PROCESSING
ORD-1786976374099-342B5C51,CUST-00853,2025-08-25T17:04:13.358Z,235.74,PROCESSING
ORD-1786976374099-5548F9FD,CUST-00145,2025-11-17T18:18:08.336Z,104.91,SHIPPED
ORD-1786976374099-4CB5BD9E,CUST-00466,2026-04-05T08:27:55.230Z,95.85,CANCELLED
ORD-1786976374099-C5BF35D8,CUST-00123,2025-07-17T15:17:14.656Z,154.79,PROCESSING
ORD-1786976374099-3380EEFD,CUST-00566,2026-06-14T15:35:58.356Z,330.32,COMPLETED
ORD-1786976374099-C2691455,CUST-00228,2026-02-09T04:33:51.055Z,176.88,PROCESSING
ORD-1786976374099-B685C514,CUST-00778,2025-05-23T21:29:58.763Z,464.70,PENDING
ORD-1786976374099-F78618C9,CUST-00033,2025-08-12T15:55:33.491Z,468.24,SHIPPED
ORD-1786976374099-46648B2B,CUST-00787,2025-12-12T02:35:31.795Z,245.70,SHIPPED
ORD-1786976374099-0548DF9D,CUST-00360,2026-08-06T05:47:17.230Z,178.18,PROCESSING
ORD-1786976374099-1213059F,CUST-00114,2025-05-11T19:28:38.016Z,370.30,CANCELLED
ORD-1786976374099-3FBB67A4,CUST-00157,2026-03-25T10:56:48.973Z,304.69,SHIPPED
ORD-1786976374099-DC239916,CUST-00310,2026-02-18T12:02:12.725Z,363.47,PENDING
ORD-1786976374099-1FEDD68F,CUST-00299,2025-07-12T10:17:26.419Z,119.40,PROCESSING
ORD-1786976374099-4ACA88A6,CUST-00980,2025-06-05T12:18:55.043Z,182.30,CANCELLED
ORD-1786976374099-A24AB854,CUST-00984,2025-08-23T10:10:52.408Z,251.51,PROCESSING
ORD-1786976374099-3AE25C75,CUST-00944,2025-11-20T04:33:59.689Z,308.47,CANCELLED
ORD-1786976374099-F222152E,CUST-00286,2025-02-15T00:33:30.876Z,230.12,PENDING
ORD-1786976374099-74B903B7,CUST-00056,2025-11-20T09:27:23.110Z,422.46,CANCELLED
ORD-1786976374099-28CA938F,CUST-00152,2025-08-10T16:51:22.474Z,76.56,CANCELLED
ORD-1786976374099-7C34A831,CUST-00512,2026-06-25T23:02:10.501Z,110.23,PENDING
ORD-1786976374099-B7F476FD,CUST-00828,2025-07-19T19:20:36.768Z,381.92,DELIVERED
ORD-1786976374099-1C9CC1E3,CUST-00350,2026-02-12T08:15:29.403Z,115.26,DELIVERED
ORD-1786976374099-7C018F6B,CUST-00517,2026-03-16T21:18:30.477Z,235.44,PENDING
ORD-1786976374099-59FB8820,CUST-00167,2025-11-09T17:23:37.701Z,508.49,DELIVERED
ORD-1786976374099-4A282F37,CUST-00113,2025-02-28T13:09:07.214Z,456.34,CANCELLED
ORD-1786976374099-2996385E,CUST-00968,2025-04-15T12:13:33.128Z,54.04,CANCELLED
ORD-1786976374099-786A2706,CUST-00060,2025-07-06T13:04:39.649Z,342.85,PROCESSING
ORD-1786976374099-C25B6EAD,CUST-00595,2026-02-18T05:26:40.196Z,155.52,COMPLETED
ORD-1786976374099-0E8C3BFC,CUST-00598,2025-03-31T00:08:28.127Z,381.63,COMPLETED
ORD-1786976374099-E6894FC6,CUST-00283,2026-02-04T01:21:27.299Z,304.14,SHIPPED
ORD-1786976374099-9FFB0CEA,CUST-00249,2025-03-27T13:33:02.406Z,345.34,PENDING
ORD-1786976374099-3A700663,CUST-00587,2026-01-22T06:27:21.244Z,372.57,PENDING
ORD-1786976374100-82757E08,CUST-00697,2025-01-01T05:07:10.129Z,154.69,SHIPPED
ORD-1786976374100-43F84E31,CUST-00025,2026-02-18T10:53:25.552Z,234.14,PENDING
ORD-1786976374100-2BD3B3CD,CUST-00236,2025-02-10T20:01:07.088Z,57.19,PENDING
ORD-1786976374100-5E4584B6,CUST-00750,2026-07-27T03:19:26.263Z,485.44,PROCESSING
ORD-1786976374100-BC7A71B3,CUST-00530,2025-01-16T22:23:34.734Z,298.64,SHIPPED
ORD-1786976374100-B5363276,CUST-00946,2025-11-26T21:06:41.935Z,423.40,PENDING
ORD-1786976374100-A3073D33,CUST-00285,2026-01-23T12:10:03.080Z,45.32,CANCELLED
ORD-1786976374100-E62537E6,CUST-00768,2025-12-06T12:48:55.443Z,493.03,DELIVERED
ORD-1786976374100-E45E9175,CUST-00388,2025-11-21T06:49:24.217Z,478.12,DELIVERED
ORD-1786976374100-B75BE2F0,CUST-00895,2025-05-03T05:37:00.934Z,229.50,PROCESSING
ORD-1786976374100-9B9B177E,CUST-00331,2025-02-22T18:16:02.957Z,268.94,PENDING
ORD-1786976374100-72667D7C,CUST-00794,2025-09-06T22:31:50.474Z,30.89,COMPLETED
ORD-1786976374100-E21ED551,CUST-00937,2026-01-23T00:38:27.832Z,24.47,COMPLETED
ORD-1786976374100-5922ECCC,CUST-00313,2025-08-03T21:05:36.342Z,274.11,PROCESSING
ORD-1786976374100-E5245A4B,CUST-00123,2026-04-12T02:50:15.835Z,501.41,PENDING
ORD-1786976374100-8E2C9B8D,CUST-00698,2026-01-30T20:50:47.317Z,351.97,DELIVERED
ORD-1786976374100-30BF36FE,CUST-00067,2025-12-11T12:08:55.808Z,175.45,PENDING
ORD-1786976374100-7D9FB1D6,CUST-00412,2026-07-20T18:22:24.320Z,18.74,PENDING
ORD-1786976374100-C7116F1C,CUST-00142,2026-03-22T02:49:03.618Z,267.36,PROCESSING
ORD-1786976374100-2BC145B2,CUST-00075,2025-07-14T05:59:18.876Z,370.68,DELIVERED
ORD-1786976374100-DA853B82,CUST-00576,2025-09-18T06:56:42.523Z,465.20,COMPLETED
ORD-1786976374100-63A66B5A,CUST-00072,2025-02-16T02:33:16.725Z,58.48,SHIPPED
ORD-1786976374100-60E6553B,CUST-00075,2026-05-09T11:36:46.448Z,489.24,PROCESSING
ORD-1786976374100-C0B72395,CUST-00461,2026-06-19T18:52:48.568Z,415.60,COMPLETED
ORD-1786976374100-7427020D,CUST-00251,2025-03-18T06:41:09.011Z,126.75,CANCELLED
ORD-1786976374100-634AD07D,CUST-00975,2025-03-08T06:45:15.291Z,236.11,PROCESSING
ORD-1786976374100-DC673566,CUST-00144,2025-04-13T00:07:17.367Z,10.29,PROCESSING
ORD-1786976374100-1AC007B9,CUST-00075,2025-08-13T07:38:58.580Z,64.62,CANCELLED
ORD-1786976374100-8995A551,CUST-00645,2025-09-24T09:08:45.149Z,55.56,SHIPPED
ORD-1786976374100-B25A3EC7,CUST-00557,2026-07-24T05:57:21.441Z,13.09,SHIPPED
ORD-1786976374100-3270104D,CUST-00253,2025-12-01T13:41:50.094Z,17.71,SHIPPED
ORD-1786976374100-3A410AD3,CUST-00074,2025-03-15T10:02:13.699Z,139.66,COMPLETED
ORD-1786976374100-0066AD2D,CUST-00110,2025-12-25T01:37:09.243Z,100.05,COMPLETED
ORD-1786976374100-51F943DF,CUST-00431,2026-03-04T17:35:42.735Z,229.87,DELIVERED
ORD-1786976374100-E7761692,CUST-00278,2025-07-13T16:53:46.614Z,218.56,CANCELLED
ORD-1786976374100-62D148F9,CUST-00882,2025-04-29T19:17:31.771Z,124.59,PENDING
ORD-1786976374100-19E0CD99,CUST-00414,2025-11-20T00:29:13.235Z,467.71,DELIVERED
ORD-1786976374100-B74E2049,CUST-00936,2026-04-06T10:10:52.499Z,28.85,CANCELLED
ORD-1786976374100-AD442353,CUST-00886,2026-06-30T00:25:51.834Z,291.69,COMPLETED
ORD-1786976374100-330B87CD,CUST-00229,2025-06-03T17:55:24.705Z,129.55,SHIPPED
ORD-1786976374100-FA01C92F,CUST-00458,2025-01-10T02:45:26.805Z,462.20,DELIVERED
ORD-1786976374100-4613765B,CUST-00127,2025-11-04T07:35:02.845Z,319.80,DELIVERED
ORD-1786976374100-FF1410ED,CUST-00550,2025-02-09T18:56:59.514Z,133.99,COMPLETED
ORD-1786976374100-28530060,CUST-00593,2026-07-18T09:52:35.787Z,189.73,COMPLETED
ORD-1786976374100-4F037E7F,CUST-00205,2025-02-20T14:32:49.328Z,23.10,SHIPPED
ORD-1786976374100-909F2479,CUST-00983,2025-08-23T18:42:59.173Z,30.57,PROCESSING
ORD-1786976374100-E6BFF9F5,CUST-00956,2026-06-17T04:29:53.918Z,368.81,DELIVERED
ORD-1786976374100-3B8F4452,CUST-00102,2025-06-07T11:02:35.786Z,468.67,SHIPPED
ORD-1786976374100-B47CB1F4,CUST-00579,2025-04-10T05:10:36.416Z,252.91,DELIVERED
ORD-1786976374100-38648222,CUST-00462,2025-04-18T03:42:18.634Z,486.31,CANCELLED
ORD-1786976374100-B791C78B,CUST-00535,2025-10-23T23:35:18.341Z,164.33,PENDING
ORD-1786976374100-AAAAD4C9,CUST-00904,2025-08-02T15:50:13.235Z,117.15,CANCELLED
ORD-1786976374100-8C761BF0,CUST-00931,2025-10-29T22:48:30.963Z,52.13,COMPLETED
ORD-1786976374100-8AE2BD7F,CUST-00806,2025-03-03T18:43:33.225Z,490.31,PENDING
ORD-1786976374100-C59544E4,CUST-00304,2025-01-19T06:33:49.113Z,158.00,COMPLETED
ORD-1786976374100-E41EE744,CUST-00438,2025-11-03T15:43:15.809Z,325.38,SHIPPED
ORD-1786976374100-21521E0A,CUST-00589,2025-12-17T06:44:21.107Z,340.79,COMPLETED
ORD-1786976374100-C222CECF,CUST-00845,2025-09-23T13:44:15.373Z,448.62,COMPLETED
ORD-1786976374100-2C0BCFF5,CUST-00183,2025-04-21T12:17:01.811Z,213.42,SHIPPED
ORD-1786976374100-AC0E861F,CUST-00454,2025-09-03T08:56:07.133Z,242.77,SHIPPED
ORD-1786976374100-E50ED367,CUST-00986,2026-03-15T23:03:07.382Z,247.53,CANCELLED
ORD-1786976374100-9CD69663,CUST-00685,2025-03-14T20:07:45.921Z,89.19,DELIVERED
ORD-1786976374100-AAE55E49,CUST-00189,2025-11-29T15:40:22.890Z,168.02,PENDING
ORD-1786976374100-28EC9B53,CUST-00774,2026-07-19T17:52:14.989Z,66.68,COMPLETED
ORD-1786976374100-CAD2DFB0,CUST-00526,2025-01-09T09:19:32.327Z,265.93,PENDING
ORD-1786976374100-AADD2E98,CUST-00672,2025-04-14T21:21:41.997Z,202.55,CANCELLED
ORD-1786976374100-60CF1137,CUST-00148,2026-01-11T12:28:25.918Z,205.41,PROCESSING
ORD-1786976374100-7FA628E8,CUST-00068,2025-07-02T08:55:38.880Z,319.94,DELIVERED
ORD-1786976374100-CE25D316,CUST-00124,2026-03-27T21:36:22.028Z,219.95,PROCESSING
ORD-1786976374100-0A775043,CUST-00278,2025-07-08T12:46:25.496Z,228.47,PENDING
ORD-1786976374100-7A514682,CUST-00360,2025-12-22T05:36:09.294Z,108.48,PENDING
ORD-1786976374100-A8732754,CUST-00768,2025-11-24T23:05:24.065Z,457.84,CANCELLED
ORD-1786976374100-1EC22205,CUST-00425,2026-03-02T04:59:43.428Z,167.81,DELIVERED
ORD-1786976374100-4F9317B6,CUST-00951,2026-06-17T20:50:43.491Z,351.35,PENDING
ORD-1786976374100-3F8BC09E,CUST-00251,2025-03-11T07:14:36.358Z,246.95,CANCELLED
ORD-1786976374100-BA69A9D9,CUST-00283,2025-09-12T17:19:19.036Z,57.12,COMPLETED
ORD-1786976374100-36679505,CUST-00967,2026-08-13T07:06:48.883Z,116.28,PENDING
ORD-1786976374100-A76EE9AF,CUST-00419,2026-01-22T11:36:27.480Z,300.45,PENDING
ORD-1786976374100-061BAEF5,CUST-00033,2025-02-17T23:39:47.199Z,77.68,PENDING
ORD-1786976374100-D3E0D54B,CUST-00826,2026-04-13T10:56:26.967Z,187.39,PENDING
ORD-1786976374100-1B3BC832,CUST-00889,2025-02-08T01:42:44.950Z,219.13,DELIVERED
ORD-1786976374100-F25823BB,CUST-00329,2025-03-03T22:12:19.320Z,427.05,COMPLETED
ORD-1786976374100-1D9AE04B,CUST-00144,2025-12-15T19:11:50.922Z,505.68,CANCELLED
ORD-1786976374100-4803C2B7,CUST-00833,2025-11-18T21:15:32.965Z,63.90,COMPLETED
ORD-1786976374100-2BB77DA9,CUST-00366,2026-04-10T11:50:38.645Z,221.20,DELIVERED
ORD-1786976374100-D08FD5A0,CUST-00589,2026-01-11T22:10:43.023Z,154.49,DELIVERED
ORD-1786976374100-6990F1E0,CUST-00871,2025-07-01T08:22:49.036Z,124.05,PENDING
ORD-1786976374100-5D4C93E7,CUST-00229,2025-02-12T13:45:57.047Z,359.46,COMPLETED
ORD-1786976374100-8BD23513,CUST-00577,2026-04-06T02:00:42.919Z,43.07,PROCESSING
ORD-1786976374100-28F68951,CUST-00943,2025-08-05T22:07:00.316Z,190.31,PROCESSING
ORD-1786976374100-48CE18DB,CUST-00418,2026-05-28T07:29:14.553Z,341.40,DELIVERED
ORD-1786976374100-DADDDB27,CUST-00240,2026-08-02T19:37:57.520Z,269.74,CANCELLED
ORD-1786976374100-4FF4B9E4,CUST-00589,2025-08-07T04:54:20.102Z,456.52,PROCESSING
ORD-1786976374100-57720646,CUST-00851,2026-04-06T07:47:40.083Z,92.26,COMPLETED
ORD-1786976374100-7FA74994,CUST-00507,2025-12-02T21:11:20.287Z,205.09,CANCELLED
ORD-1786976374100-A29C2B7E,CUST-00752,2025-06-16T08:56:59.017Z,191.29,PENDING
ORD-1786976374100-8360DF0F,CUST-00673,2026-08-07T04:22:32.461Z,495.61,PENDING
ORD-1786976374100-516C935C,CUST-00647,2026-06-26T00:04:13.416Z,101.55,CANCELLED
ORD-1786976374100-A298D5F9,CUST-00076,2026-03-10T04:28:06.669Z,77.86,COMPLETED
ORD-1786976374100-F92EB9CD,CUST-00136,2026-03-18T14:56:37.796Z,145.53,PROCESSING
ORD-1786976374100-04944C97,CUST-00369,2025-09-12T05:25:00.709Z,344.88,SHIPPED
ORD-1786976374100-AF1B386A,CUST-00897,2026-02-15T07:22:56.734Z,301.47,DELIVERED
ORD-1786976374100-DFD2B092,CUST-00093,2025-02-25T15:30:30.427Z,168.10,CANCELLED
ORD-1786976374100-421170CD,CUST-00787,2026-01-23T16:12:01.364Z,243.78,COMPLETED
ORD-1786976374100-FC3A38EC,CUST-00013,2025-01-13T08:42:48.116Z,235.93,DELIVERED
ORD-1786976374100-97AB00CC,CUST-00477,2025-09-27T22:55:39.114Z,156.87,PROCESSING
ORD-1786976374100-31D94A2B,CUST-00103,2026-05-16T00:23:14.344Z,422.15,DELIVERED
ORD-1786976374100-6F969398,CUST-00857,2026-04-23T18:06:50.352Z,333.47,SHIPPED
ORD-1786976374100-0C0F2211,CUST-00119,2025-03-08T15:31:59.688Z,118.49,PROCESSING
ORD-1786976374100-F16EF912,CUST-00787,2026-05-16T10:27:52.526Z,147.31,CANCELLED
ORD-1786976374100-92FE2897,CUST-00977,2026-01-23T10:13:35.428Z,155.55,DELIVERED
ORD-1786976374101-A0F0A8F8,CUST-00275,2025-05-05T22:41:25.561Z,60.97,PROCESSING
ORD-1786976374101-A2C9E70C,CUST-00391,2026-07-06T17:09:40.229Z,244.17,CANCELLED
ORD-1786976374101-6C80F87A,CUST-00827,2025-10-21T23:29:45.097Z,308.84,PROCESSING
ORD-1786976374101-36C8C0A1,CUST-00308,2025-12-23T11:49:26.821Z,326.48,DELIVERED
ORD-1786976374101-BBD24D8C,CUST-00998,2026-05-02T15:14:03.689Z,75.30,CANCELLED
ORD-1786976374101-B7BAA0DB,CUST-00277,2025-10-02T13:13:51.360Z,311.30,PENDING
ORD-1786976374101-70D49376,CUST-00818,2025-10-31T15:53:13.650Z,244.71,COMPLETED
ORD-1786976374101-F7D7CD53,CUST-00058,2025-12-18T22:50:25.863Z,296.71,CANCELLED
ORD-1786976374101-9A71F4DF,CUST-00126,2026-01-01T19:38:01.111Z,55.03,CANCELLED
ORD-1786976374101-41A4871F,CUST-00302,2025-08-23T08:05:02.184Z,301.71,PENDING
ORD-1786976374101-35DFDDC8,CUST-00440,2025-08-25T17:31:48.083Z,266.76,DELIVERED
ORD-1786976374101-9EDC501D,CUST-00640,2025-05-19T17:06:29.707Z,91.14,DELIVERED
ORD-1786976374101-3E85C784,CUST-00787,2026-06-12T16:24:41.018Z,399.14,PROCESSING
ORD-1786976374101-204D8604,CUST-00827,2026-01-29T03:00:17.887Z,227.19,COMPLETED
ORD-1786976374101-53FE93E0,CUST-00718,2025-05-15T10:41:54.314Z,260.99,PROCESSING
ORD-1786976374101-7CD82158,CUST-00321,2025-10-22T10:35:15.623Z,385.52,PROCESSING
ORD-1786976374101-1EC23648,CUST-00531,2025-08-15T17:06:57.616Z,180.99,CANCELLED
ORD-1786976374101-CC2E7F02,CUST-00358,2025-03-14T10:20:06.903Z,124.64,DELIVERED
ORD-1786976374101-44C07BB3,CUST-00092,2025-10-27T04:57:00.828Z,41.74,PROCESSING
ORD-1786976374101-0AC61D69,CUST-00855,2025-01-09T06:50:39.816Z,475.02,DELIVERED
ORD-1786976374101-C970EF78,CUST-00079,2025-04-26T04:23:45.462Z,389.43,SHIPPED
ORD-1786976374101-F0BFEF6A,CUST-00112,2026-04-12T02:07:00.911Z,337.79,DELIVERED
ORD-1786976374101-78CCE3AC,CUST-00633,2026-06-24T22:15:03.335Z,338.31,DELIVERED
ORD-1786976374101-3EF7DEAD,CUST-00421,2025-10-13T14:09:56.755Z,78.25,PROCESSING
ORD-1786976374101-017D2E6E,CUST-00957,2026-01-08T00:14:51.750Z,21.93,PENDING
ORD-1786976374101-99C5C4D3,CUST-00736,2025-05-25T17:54:27.100Z,396.62,SHIPPED
ORD-1786976374101-98F163DF,CUST-00085,2025-10-31T09:38:43.846Z,504.32,PENDING
ORD-1786976374101-917D1B44,CUST-00356,2025-05-10T03:40:23.238Z,276.90,SHIPPED
ORD-1786976374101-F49681AB,CUST-00440,2025-02-24T13:51:37.645Z,67.24,PENDING
ORD-1786976374101-A738FCC8,CUST-00315,2026-06-25T23:26:17.758Z,178.67,DELIVERED
ORD-1786976374101-C6157F40,CUST-00560,2025-12-23T06:06:47.031Z,328.04,PROCESSING
ORD-1786976374101-CCCC5257,CUST-00371,2026-04-02T13:32:37.268Z,369.37,PENDING
ORD-1786976374101-8279923E,CUST-00456,2026-04-15T15:40:46.442Z,49.63,PENDING
ORD-1786976374101-587DB0D1,CUST-00921,2025-09-14T11:57:49.290Z,226.45,SHIPPED
ORD-1786976374101-17F7062D,CUST-00364,2026-02-09T09:03:07.194Z,215.00,DELIVERED
ORD-1786976374101-41221104,CUST-00173,2025-08-25T20:39:58.309Z,455.32,DELIVERED
ORD-1786976374101-3B4A04E2,CUST-00028,2025-07-25T06:36:03.072Z,165.50,DELIVERED
ORD-1786976374101-746CFE52,CUST-00518,2026-05-23T13:39:52.066Z,376.27,CANCELLED
ORD-1786976374101-CD1AA137,CUST-00659,2025-07-20T19:16:21.075Z,427.57,DELIVERED
ORD-1786976374101-C8F40799,CUST-00080,2025-11-28T15:43:30.457Z,455.25,PENDING
ORD-1786976374101-B4869A12,CUST-00165,2025-04-08T15:41:50.053Z,99.69,PROCESSING
ORD-1786976374101-E23F1B24,CUST-00957,2025-09-03T13:49:12.889Z,18.67,SHIPPED
ORD-1786976374101-24678755,CUST-00745,2025-08-06T17:50:03.360Z,239.79,CANCELLED
ORD-1786976374101-40866CCA,CUST-00471,2025-09-25T16:06:22.451Z,290.32,PROCESSING
ORD-1786976374101-70C70C3C,CUST-00258,2025-12-08T03:55:02.475Z,404.76,SHIPPED
ORD-1786976374101-7EBBF69E,CUST-00929,2026-07-26T17:40:03.554Z,11.77,CANCELLED
ORD-1786976374101-4002EAEC,CUST-00294,2025-05-27T11:37:37.094Z,408.39,SHIPPED
ORD-1786976374101-3FF806B0,CUST-00020,2026-06-21T22:38:22.439Z,400.67,PENDING
ORD-1786976374101-737EF06B,CUST-00104,2025-10-23T16:50:12.345Z,410.96,CANCELLED
ORD-1786976374101-2029F14D,CUST-00529,2025-06-28T00:29:50.686Z,189.24,DELIVERED
ORD-1786976374101-A8C0B9B2,CUST-00718,2025-03-07T12:47:35.016Z,48.73,CANCELLED
ORD-1786976374101-AAB6436B,CUST-00331,2026-06-01T16:41:57.483Z,120.75,PENDING
ORD-1786976374101-C7F7F706,CUST-00228,2025-05-10T02:50:02.545Z,367.77,SHIPPED
ORD-1786976374101-9B2F0FF7,CUST-00591,2026-07-31T01:34:39.555Z,428.50,DELIVERED
ORD-1786976374101-B1BA5349,CUST-00960,2026-02-04T13:17:48.740Z,508.59,PROCESSING
ORD-1786976374101-0DB8B426,CUST-00040,2026-06-06T12:08:47.608Z,103.93,DELIVERED
ORD-1786976374101-6ECE2343,CUST-00003,2025-12-14T02:31:59.404Z,204.55,PROCESSING
ORD-1786976374101-A4F7DEE2,CUST-00372,2025-12-12T01:57:58.897Z,156.88,SHIPPED
ORD-1786976374101-72571F71,CUST-00372,2025-08-26T20:20:39.118Z,180.93,DELIVERED
ORD-1786976374101-6AD084A8,CUST-00255,2025-02-10T05:06:09.057Z,85.90,DELIVERED
ORD-1786976374101-1B3CF120,CUST-00251,2026-05-13T19:46:04.184Z,125.47,PROCESSING
ORD-1786976374101-F0582FEC,CUST-00953,2026-04-14T14:30:47.550Z,308.12,COMPLETED
ORD-1786976374101-B68D9140,CUST-00894,2025-01-22T05:05:19.185Z,255.00,DELIVERED
ORD-1786976374101-E5B9A8DB,CUST-00752,2025-11-06T07:44:48.696Z,132.99,SHIPPED
ORD-1786976374101-7D76C34D,CUST-00399,2025-04-19T17:34:51.408Z,23.16,DELIVERED
ORD-1786976374101-E6268E8F,CUST-00965,2026-02-28T18:42:42.957Z,308.37,PROCESSING
ORD-1786976374101-E3D7B4CC,CUST-00703,2026-03-11T10:05:57.993Z,115.43,PROCESSING
ORD-1786976374101-F9DD35AA,CUST-00452,2026-01-04T16:54:59.632Z,458.54,PROCESSING
ORD-1786976374101-32094217,CUST-00374,2025-06-24T05:11:48.837Z,430.62,COMPLETED
ORD-1786976374101-44D7D9E8,CUST-00633,2025-01-03T04:10:57.910Z,239.84,CANCELLED
ORD-1786976374101-E9B766DF,CUST-00868,2025-07-31T15:03:35.183Z,225.31,DELIVERED
ORD-1786976374101-817ADB4A,CUST-00248,2025-04-13T23:32:16.269Z,177.78,DELIVERED
ORD-1786976374101-103116F1,CUST-00002,2025-11-13T12:22:24.398Z,35.92,CANCELLED
ORD-1786976374101-B54782A1,CUST-00625,2025-02-20T07:33:53.336Z,85.40,PENDING
ORD-1786976374101-65B4DFEB,CUST-01000,2025-09-18T19:36:48.931Z,169.61,PENDING
ORD-1786976374102-B769152B,CUST-00948,2025-12-20T02:28:00.343Z,262.28,CANCELLED
ORD-1786976374102-51F694B4,CUST-00637,2025-02-06T12:56:48.762Z,134.26,PENDING
ORD-1786976374102-4AC41486,CUST-00790,2025-05-06T10:47:01.764Z,321.54,DELIVERED
ORD-1786976374102-C9BF4F9A,CUST-00910,2026-07-23T05:14:54.663Z,109.52,PROCESSING
ORD-1786976374102-D4F714CE,CUST-00612,2026-05-11T16:19:07.421Z,395.71,DELIVERED
ORD-1786976374102-0AAC3D58,CUST-00868,2025-01-14T17:31:23.631Z,353.69,DELIVERED
ORD-1786976374102-97671204,CUST-00458,2025-08-30T00:56:20.948Z,67.07,COMPLETED
ORD-1786976374102-E86735A7,CUST-00022,2026-02-14T11:15:27.228Z,346.97,PENDING
ORD-1786976374102-10419779,CUST-00162,2025-12-31T21:07:31.889Z,438.74,COMPLETED
ORD-1786976374102-22A5CFD7,CUST-00297,2026-02-05T22:27:40.975Z,243.59,COMPLETED
ORD-1786976374102-BB48D90C,CUST-00949,2025-08-16T14:24:12.550Z,219.02,SHIPPED
ORD-1786976374102-F84025EA,CUST-00437,2025-12-17T12:31:26.586Z,304.92,DELIVERED
ORD-1786976374102-BDA4C2B3,CUST-00738,2026-03-17T04:20:56.367Z,239.17,DELIVERED
ORD-1786976374102-52979D6A,CUST-00735,2026-01-17T08:44:26.027Z,72.26,COMPLETED
ORD-1786976374102-79C70FAF,CUST-00286,2026-04-29T07:16:29.277Z,319.17,COMPLETED
ORD-1786976374102-3785B807,CUST-00241,2026-03-12T19:57:05.661Z,109.64,PENDING
ORD-1786976374102-20BEB82B,CUST-00705,2025-07-17T13:56:36.146Z,362.81,PENDING
ORD-1786976374102-D48F7B72,CUST-00242,2026-06-04T22:42:12.609Z,108.41,PROCESSING
ORD-1786976374102-15784997,CUST-00280,2025-10-10T19:15:43.479Z,200.42,DELIVERED
ORD-1786976374102-36748101,CUST-00621,2025-10-28T22:36:31.907Z,335.64,COMPLETED
ORD-1786976374102-3AC2B20C,CUST-00297,2025-07-31T03:26:13.826Z,334.18,SHIPPED
ORD-1786976374102-95341F9E,CUST-00078,2025-10-08T14:49:19.013Z,290.85,COMPLETED
ORD-1786976374102-DE7C060E,CUST-00959,2026-07-31T13:07:03.981Z,226.76,PENDING
ORD-1786976374102-1A2510B4,CUST-00597,2026-07-05T09:06:32.222Z,41.95,DELIVERED
ORD-1786976374102-5266BE19,CUST-00897,2026-08-05T17:02:25.081Z,324.86,SHIPPED
ORD-1786976374102-1AE10B9B,CUST-00479,2025-03-02T17:11:33.121Z,13.31,PROCESSING
ORD-1786976374102-BB76C2F2,CUST-00017,2025-01-12T00:40:08.767Z,110.58,DELIVERED
ORD-1786976374102-B3342DB1,CUST-00971,2025-04-24T04:25:37.857Z,173.81,SHIPPED
ORD-1786976374102-4E8BE680,CUST-00478,2026-08-10T17:13:02.613Z,122.74,PENDING
ORD-1786976374102-69B0EA49,CUST-00047,2025-08-17T14:32:41.631Z,311.13,COMPLETED
ORD-1786976374102-6AD8FFD1,CUST-00599,2026-03-01T04:20:52.984Z,363.50,SHIPPED
ORD-1786976374102-F9051D7A,CUST-00897,2025-02-12T11:38:29.364Z,167.34,PROCESSING
ORD-1786976374102-AAAA7234,CUST-01000,2025-03-22T07:11:18.766Z,376.16,DELIVERED
ORD-1786976374102-986267B2,CUST-00163,2025-01-01T18:47:10.921Z,270.21,COMPLETED
ORD-1786976374102-4C7D28C3,CUST-00676,2025-08-19T11:42:48.580Z,383.16,DELIVERED
ORD-1786976374102-46043CB3,CUST-00803,2026-04-08T00:14:28.963Z,406.25,DELIVERED
ORD-1786976374102-E5589B8D,CUST-00865,2025-06-15T06:24:23.984Z,395.18,COMPLETED
ORD-1786976374102-14974002,CUST-00019,2026-03-27T13:49:28.170Z,383.90,CANCELLED
ORD-1786976374102-E149749C,CUST-00894,2025-09-19T06:35:18.596Z,137.29,DELIVERED
ORD-1786976374102-D2CEA601,CUST-00150,2025-09-06T16:36:32.367Z,262.89,DELIVERED
ORD-1786976374102-9647D691,CUST-00102,2026-02-01T19:59:57.626Z,201.72,CANCELLED
ORD-1786976374102-41246779,CUST-00492,2025-01-27T05:02:06.543Z,396.18,CANCELLED
ORD-1786976374102-23D9D47F,CUST-00533,2025-10-23T03:17:09.455Z,461.08,SHIPPED
ORD-1786976374102-901A637E,CUST-00506,2025-01-11T05:59:12.650Z,287.40,DELIVERED
ORD-1786976374102-377AD51C,CUST-00003,2025-08-25T22:39:22.652Z,189.01,PENDING
ORD-1786976374102-3449A570,CUST-00975,2025-06-24T04:55:38.923Z,281.54,PENDING
ORD-1786976374102-E0E0B361,CUST-00754,2025-11-12T08:53:06.843Z,417.83,CANCELLED
ORD-1786976374102-149DEE94,CUST-00480,2025-10-08T15:29:39.019Z,163.04,PROCESSING
ORD-1786976374102-6D6A346B,CUST-00234,2026-08-05T11:27:53.430Z,321.05,DELIVERED
ORD-1786976374102-87EDA7E5,CUST-00394,2025-04-27T16:57:07.232Z,452.53,PENDING
ORD-1786976374102-51C360E6,CUST-00412,2025-11-26T17:36:22.365Z,88.90,PENDING
ORD-1786976374102-D9D171DF,CUST-00796,2026-03-08T12:16:20.481Z,433.91,DELIVERED
ORD-1786976374102-AF5F9A05,CUST-00481,2025-05-06T01:14:48.297Z,84.46,COMPLETED
ORD-1786976374102-BF537F24,CUST-00890,2026-01-18T05:17:09.558Z,124.62,CANCELLED
ORD-1786976374102-1A6CEA71,CUST-00602,2025-11-05T09:25:15.628Z,121.23,COMPLETED
ORD-1786976374102-69ADF6D7,CUST-00356,2025-04-05T06:10:05.658Z,313.82,PENDING
ORD-1786976374102-891C3B5D,CUST-00046,2026-04-24T22:36:19.069Z,300.54,COMPLETED
ORD-1786976374102-44DA7474,CUST-00067,2025-04-04T11:01:23.824Z,95.13,DELIVERED
ORD-1786976374102-B9F63952,CUST-00909,2025-07-11T02:12:07.565Z,503.01,CANCELLED
ORD-1786976374102-B7D8C3BC,CUST-00829,2025-11-19T16:55:55.755Z,377.57,SHIPPED
ORD-1786976374102-A517C16F,CUST-00758,2025-01-13T21:56:17.857Z,293.57,PROCESSING
ORD-1786976374102-733BC820,CUST-00748,2026-03-22T16:46:55.669Z,251.70,COMPLETED
ORD-1786976374102-AC9DE7B6,CUST-00558,2026-06-20T16:11:53.375Z,299.08,PENDING
ORD-1786976374102-1CE5A493,CUST-00236,2025-11-30T02:06:33.279Z,174.53,CANCELLED
ORD-1786976374102-2F749C74,CUST-00602,2025-04-19T11:38:45.418Z,392.55,CANCELLED
ORD-1786976374102-E3549B36,CUST-00715,2025-07-14T08:10:15.100Z,386.97,CANCELLED
ORD-1786976374102-382E6EDD,CUST-00828,2025-11-27T10:16:40.568Z,61.72,PROCESSING
ORD-1786976374102-FAAF504D,CUST-00841,2026-02-19T09:34:48.293Z,133.66,CANCELLED
ORD-1786976374102-3196D619,CUST-00608,2025-04-22T10:31:06.854Z,397.45,DELIVERED
ORD-1786976374102-FF72F889,CUST-00435,2025-03-19T06:31:09.440Z,16.66,CANCELLED
ORD-1786976374102-C9369E2B,CUST-00787,2026-03-20T01:58:38.496Z,121.51,COMPLETED
ORD-1786976374102-35674698,CUST-00040,2025-03-18T23:05:31.818Z,419.59,DELIVERED
ORD-1786976374102-3CD4A186,CUST-00735,2025-05-18T23:53:11.976Z,122.19,CANCELLED
ORD-1786976374102-7E58F9E6,CUST-00995,2026-02-03T16:30:57.630Z,382.30,PENDING
ORD-1786976374102-3D0530D7,CUST-00236,2025-08-01T10:25:39.205Z,50.63,DELIVERED
ORD-1786976374102-F9FB5B5D,CUST-00388,2025-04-04T07:01:12.468Z,297.52,COMPLETED
ORD-1786976374102-BEF74F43,CUST-00909,2026-03-12T16:37:46.489Z,27.39,DELIVERED
ORD-1786976374102-72708926,CUST-00706,2025-12-08T05:07:38.992Z,171.65,CANCELLED
ORD-1786976374102-F1C57AFB,CUST-00188,2026-05-23T08:17:23.683Z,379.68,SHIPPED
ORD-1786976374102-95E1B4D4,CUST-00506,2026-04-21T00:26:05.683Z,389.77,CANCELLED
ORD-1786976374102-63F70842,CUST-00151,2025-03-27T17:20:17.960Z,378.87,COMPLETED
ORD-1786976374102-7CF33F79,CUST-00097,2026-05-19T09:08:00.823Z,247.08,CANCELLED
ORD-1786976374102-E517F7C0,CUST-00565,2025-10-08T04:16:59.208Z,87.19,SHIPPED
ORD-1786976374102-6895A2CD,CUST-00197,2026-08-06T12:03:20.804Z,193.29,PROCESSING
ORD-1786976374102-EEE6C5EE,CUST-00262,2025-02-01T12:27:12.287Z,88.55,DELIVERED
ORD-1786976374102-74B63BD7,CUST-00344,2025-02-13T15:24:21.775Z,374.87,PENDING
ORD-1786976374102-C780126A,CUST-00763,2026-06-24T09:49:45.021Z,239.46,PROCESSING
ORD-1786976374102-9CAEA101,CUST-00054,2026-06-20T03:40:50.770Z,336.01,PENDING
ORD-1786976374102-B984FA7A,CUST-00130,2025-12-01T13:16:46.595Z,267.04,PROCESSING
ORD-1786976374102-DA35C508,CUST-00212,2026-05-10T17:56:51.449Z,378.50,CANCELLED
ORD-1786976374102-71CD77A0,CUST-00684,2025-07-24T16:03:55.875Z,503.29,CANCELLED
ORD-1786976374102-A29D5147,CUST-00405,2026-06-17T22:45:16.942Z,54.19,COMPLETED
ORD-1786976374102-7082F54A,CUST-00911,2025-08-16T00:46:18.147Z,187.51,PENDING
ORD-1786976374102-2D92EC73,CUST-00946,2025-02-20T19:13:29.090Z,505.76,COMPLETED
ORD-1786976374102-3ED80FF5,CUST-00975,2025-01-17T09:50:50.959Z,117.98,PENDING
ORD-1786976374102-E2039A31,CUST-00535,2025-12-08T22:52:12.005Z,315.91,SHIPPED
ORD-1786976374103-52D37E22,CUST-00455,2025-02-05T19:40:40.598Z,414.52,COMPLETED
ORD-1786976374103-9EC20AD8,CUST-00368,2025-02-09T13:32:22.589Z,372.90,DELIVERED
ORD-1786976374103-211A2880,CUST-00749,2025-03-12T01:17:29.506Z,459.82,PENDING
ORD-1786976374103-25AB04FD,CUST-00383,2025-04-24T21:18:36.628Z,114.92,CANCELLED
ORD-1786976374103-9B33453D,CUST-00287,2026-07-14T04:20:47.935Z,227.83,CANCELLED
ORD-1786976374103-5DB89451,CUST-00250,2026-04-03T15:11:26.626Z,368.74,COMPLETED
ORD-1786976374103-AC0DBB9D,CUST-00434,2025-09-19T00:07:15.096Z,226.24,COMPLETED
ORD-1786976374103-57F48F92,CUST-00935,2025-11-01T14:46:50.882Z,101.48,COMPLETED
ORD-1786976374103-04C85CD0,CUST-00017,2026-01-30T05:12:25.795Z,15.66,CANCELLED
ORD-1786976374103-2A897E8A,CUST-00957,2025-11-18T16:00:32.183Z,329.75,DELIVERED
ORD-1786976374103-BB2E9408,CUST-00085,2025-05-21T22:34:38.086Z,252.03,PROCESSING
ORD-1786976374103-4A45308B,CUST-00080,2025-06-16T00:15:41.343Z,395.02,PROCESSING
ORD-1786976374103-E1EBB942,CUST-00681,2025-07-31T12:09:11.782Z,491.41,SHIPPED
ORD-1786976374103-CF1EC4D7,CUST-00698,2025-03-06T15:40:50.485Z,20.20,PROCESSING
ORD-1786976374103-D87C875F,CUST-00315,2025-05-28T20:08:32.368Z,186.68,PENDING
ORD-1786976374103-354838FA,CUST-00718,2026-01-27T07:37:06.551Z,121.89,COMPLETED
ORD-1786976374103-3A29D301,CUST-00567,2026-04-07T19:49:21.216Z,220.60,PENDING
ORD-1786976374103-06BCCAF7,CUST-00540,2026-01-30T04:51:15.126Z,457.08,CANCELLED
ORD-1786976374103-E0BBBD3D,CUST-00514,2025-01-25T18:36:16.767Z,90.60,PENDING
ORD-1786976374103-25510AB8,CUST-00480,2025-09-20T19:41:09.656Z,262.46,COMPLETED
ORD-1786976374103-5ECE5B0E,CUST-00528,2026-02-04T04:40:13.356Z,146.44,PROCESSING
ORD-1786976374103-55307259,CUST-00148,2025-08-05T21:10:31.237Z,103.28,CANCELLED
ORD-1786976374103-92C636A8,CUST-00644,2025-08-09T08:20:36.945Z,410.58,PROCESSING
ORD-1786976374103-B66DD9E2,CUST-00886,2025-04-26T08:06:18.740Z,456.44,CANCELLED
ORD-1786976374103-01F60A20,CUST-00907,2025-11-05T23:43:58.073Z,28.99,COMPLETED
ORD-1786976374103-04EB9F16,CUST-00310,2025-06-27T15:56:22.970Z,90.11,DELIVERED
ORD-1786976374103-00921A8E,CUST-00794,2026-06-17T20:01:07.118Z,254.07,CANCELLED
ORD-1786976374103-756D21B8,CUST-00456,2025-05-08T22:53:31.266Z,287.06,COMPLETED
ORD-1786976374103-052E93BD,CUST-00117,2025-09-29T11:43:12.594Z,206.46,COMPLETED
ORD-1786976374103-AE9787F4,CUST-00213,2026-03-14T17:34:15.821Z,49.57,CANCELLED
ORD-1786976374103-2D02B5A3,CUST-00864,2026-03-24T00:24:36.122Z,372.79,PROCESSING
ORD-1786976374103-F1B89B4C,CUST-00079,2025-04-06T09:22:22.343Z,267.71,DELIVERED
ORD-1786976374103-CBC3D8D2,CUST-00599,2025-03-26T17:14:36.518Z,360.91,PROCESSING
ORD-1786976374103-1F0565D3,CUST-00833,2026-04-27T14:04:37.063Z,470.81,SHIPPED
ORD-1786976374103-02963E8B,CUST-00003,2025-05-19T16:17:29.825Z,463.56,SHIPPED
ORD-1786976374103-BB30E781,CUST-00964,2026-07-20T18:12:46.613Z,129.83,CANCELLED
ORD-1786976374103-C6D7E02D,CUST-00842,2025-06-12T04:32:34.993Z,489.49,SHIPPED
ORD-1786976374103-A450BEAF,CUST-00676,2026-06-29T16:30:31.368Z,284.23,DELIVERED
ORD-1786976374103-F4119D17,CUST-00942,2026-01-16T03:30:37.356Z,104.61,CANCELLED
ORD-1786976374103-628476A4,CUST-00312,2025-12-26T04:37:16.349Z,137.64,DELIVERED
ORD-1786976374103-24F16C31,CUST-00810,2025-08-04T07:20:11.207Z,482.99,SHIPPED
ORD-1786976374103-10A123F7,CUST-00740,2025-08-15T17:52:47.136Z,331.76,DELIVERED
ORD-1786976374103-D0A1D5BA,CUST-00553,2025-01-03T12:30:47.025Z,51.40,PENDING
ORD-1786976374103-919C4B52,CUST-00700,2025-02-04T01:52:38.798Z,23.98,SHIPPED
ORD-1786976374103-8EEACCD4,CUST-00471,2026-02-09T00:55:55.097Z,424.26,SHIPPED
ORD-1786976374103-1FC023FD,CUST-00805,2025-06-11T04:14:23.418Z,393.11,PENDING
ORD-1786976374103-8C4815B2,CUST-00738,2026-08-14T21:24:06.632Z,159.21,PENDING
ORD-1786976374103-04F1935F,CUST-00361,2025-07-12T18:36:29.062Z,216.68,SHIPPED
ORD-1786976374103-5544BD71,CUST-00494,2025-11-14T16:44:48.908Z,94.70,CANCELLED
ORD-1786976374103-0C6F826B,CUST-00348,2025-10-27T16:18:57.891Z,509.14,SHIPPED
ORD-1786976374103-F34D2491,CUST-00113,2025-07-06T10:45:17.416Z,184.40,CANCELLED
ORD-1786976374103-9EDA77A2,CUST-00048,2025-01-06T10:07:35.793Z,496.02,SHIPPED
ORD-1786976374103-1A7BDA33,CUST-00462,2025-05-09T19:04:17.786Z,376.69,SHIPPED
ORD-1786976374103-91B87A02,CUST-00688,2026-02-13T08:03:26.458Z,258.75,COMPLETED
ORD-1786976374103-DCFA87B4,CUST-00507,2025-09-03T17:42:29.659Z,489.07,COMPLETED
ORD-1786976374103-62DD90F1,CUST-00182,2025-06-14T03:26:23.406Z,356.75,PENDING
ORD-1786976374103-F1D3FCD1,CUST-00083,2025-03-05T03:55:58.735Z,123.74,DELIVERED
ORD-1786976374103-4AC701F6,CUST-00472,2026-07-05T00:47:22.433Z,356.59,DELIVERED
ORD-1786976374103-DCF23AEA,CUST-00818,2026-05-13T19:43:04.291Z,438.75,DELIVERED
ORD-1786976374103-99C9332C,CUST-00470,2026-03-13T08:34:30.205Z,326.12,DELIVERED
ORD-1786976374103-727D7A98,CUST-00037,2025-12-27T05:36:51.474Z,503.50,PROCESSING
ORD-1786976374103-7552C50B,CUST-00010,2025-09-26T07:05:49.985Z,403.92,PROCESSING
ORD-1786976374103-A4664C8A,CUST-00270,2025-07-02T01:50:23.107Z,47.07,DELIVERED
ORD-1786976374103-439AE2BC,CUST-00598,2025-05-09T00:41:54.368Z,28.19,DELIVERED
ORD-1786976374103-D33C4DC7,CUST-00520,2026-05-06T07:48:04.355Z,283.66,DELIVERED
ORD-1786976374103-BE365A71,CUST-00733,2026-03-21T13:13:29.053Z,324.47,SHIPPED
ORD-1786976374103-63B95288,CUST-00045,2026-05-12T18:54:46.188Z,103.92,PROCESSING
ORD-1786976374103-608A8680,CUST-00051,2026-05-07T05:39:29.708Z,246.15,COMPLETED
ORD-1786976374103-5A1C6CDC,CUST-00674,2026-07-23T19:15:24.115Z,459.93,CANCELLED
ORD-1786976374103-16F24F2E,CUST-00641,2026-08-02T17:11:08.019Z,162.33,COMPLETED
ORD-1786976374103-0833FD63,CUST-00506,2025-01-06T17:27:06.144Z,376.55,DELIVERED
ORD-1786976374103-2A6ACFC7,CUST-00300,2026-02-26T14:50:00.195Z,265.02,CANCELLED
ORD-1786976374103-F8839FE8,CUST-00413,2025-09-12T17:16:46.668Z,315.24,DELIVERED
ORD-1786976374103-07EC1FD2,CUST-00539,2025-05-19T05:41:46.172Z,423.08,SHIPPED
ORD-1786976374103-3E57EDE3,CUST-00232,2026-07-19T03:02:40.058Z,421.58,PROCESSING
ORD-1786976374103-7ACA7EA0,CUST-00581,2026-04-03T11:04:07.890Z,492.69,SHIPPED
ORD-1786976374103-BD065575,CUST-00671,2025-12-19T12:57:59.924Z,456.23,CANCELLED
ORD-1786976374103-28F12F56,CUST-00248,2026-02-16T00:15:07.169Z,197.81,PENDING
ORD-1786976374103-B540BC54,CUST-00073,2025-12-12T13:17:57.859Z,320.78,CANCELLED
ORD-1786976374103-0BFF2C1C,CUST-00231,2026-07-28T15:18:07.627Z,11.33,PENDING
ORD-1786976374103-708F04AF,CUST-00443,2026-02-21T04:12:19.977Z,129.30,PENDING
ORD-1786976374103-BD82E916,CUST-00591,2025-03-08T15:03:05.291Z,58.43,SHIPPED
ORD-1786976374103-6C6D194D,CUST-00686,2026-01-26T05:34:09.995Z,112.19,DELIVERED
ORD-1786976374103-695A02CA,CUST-00276,2025-06-26T03:34:36.694Z,178.11,PENDING
ORD-1786976374103-2F323526,CUST-00973,2026-02-05T15:40:00.865Z,461.97,COMPLETED
ORD-1786976374103-349CDD6C,CUST-00507,2026-04-24T14:30:11.110Z,365.36,DELIVERED
ORD-1786976374103-7EE5F922,CUST-00496,2026-08-06T23:38:57.812Z,420.37,PROCESSING
ORD-1786976374103-115DDBC0,CUST-00847,2026-04-14T02:44:45.270Z,104.08,COMPLETED
ORD-1786976374103-EDE437AB,CUST-00629,2026-06-04T21:57:26.320Z,140.10,SHIPPED
ORD-1786976374103-8E6D95BF,CUST-00691,2025-12-08T02:31:57.864Z,425.39,DELIVERED
ORD-1786976374103-BEB17345,CUST-00058,2026-04-20T03:32:04.042Z,57.55,SHIPPED
ORD-1786976374103-9A3EA96D,CUST-00021,2025-02-02T17:24:38.503Z,193.91,DELIVERED
ORD-1786976374103-A73B4039,CUST-00710,2025-10-13T19:04:17.959Z,158.44,PROCESSING
ORD-1786976374103-2F743DCB,CUST-00819,2026-07-18T11:56:43.345Z,128.63,DELIVERED
ORD-1786976374103-B73E3E01,CUST-00410,2025-10-28T03:07:57.648Z,166.67,PROCESSING
ORD-1786976374103-A17FE6F3,CUST-00625,2026-02-20T13:26:45.666Z,376.44,SHIPPED
ORD-1786976374103-EDFA8F1F,CUST-00196,2025-04-01T01:36:31.701Z,71.93,DELIVERED
ORD-1786976374103-C43A0A04,CUST-00743,2025-10-29T01:21:15.380Z,174.23,PROCESSING
ORD-1786976374103-A6E37579,CUST-00096,2026-08-13T01:14:33.481Z,118.93,DELIVERED
ORD-1786976374103-84986758,CUST-00522,2025-04-30T13:00:08.212Z,298.16,COMPLETED
ORD-1786976374103-6A3AE5A6,CUST-00630,2025-05-10T12:44:01.521Z,433.74,COMPLETED
ORD-1786976374103-5A36F1A3,CUST-00142,2026-04-14T00:40:47.621Z,231.98,PROCESSING
ORD-1786976374103-C5052209,CUST-00636,2025-05-27T07:03:50.405Z,361.76,PENDING
ORD-1786976374103-BD3E6E93,CUST-00731,2026-04-07T02:27:46.932Z,227.85,DELIVERED
ORD-1786976374103-B03AF08F,CUST-00094,2025-07-29T13:13:07.702Z,38.55,SHIPPED
ORD-1786976374103-40F90DAD,CUST-00579,2025-01-25T07:42:54.140Z,243.99,DELIVERED
ORD-1786976374103-4EF9C96A,CUST-00167,2026-03-14T22:28:49.311Z,365.45,CANCELLED
ORD-1786976374103-081839D6,CUST-00843,2025-06-09T00:11:18.052Z,365.15,PENDING
ORD-1786976374103-BFF60D32,CUST-00357,2025-02-21T06:02:55.806Z,495.37,COMPLETED
ORD-1786976374103-B8AA72ED,CUST-00641,2026-05-10T07:55:28.385Z,387.38,DELIVERED
ORD-1786976374103-4E8F3B01,CUST-00679,2026-05-31T16:55:56.004Z,369.71,PROCESSING
ORD-1786976374103-79317903,CUST-00679,2026-05-15T16:07:35.874Z,228.80,SHIPPED
ORD-1786976374103-3951B4F2,CUST-00218,2026-02-28T11:21:07.513Z,317.37,PROCESSING
ORD-1786976374103-A57A08CB,CUST-00060,2025-04-26T05:46:31.809Z,44.18,PENDING
ORD-1786976374103-37C397A4,CUST-00045,2025-06-17T06:23:24.913Z,404.60,PENDING
ORD-1786976374104-ED564668,CUST-00128,2026-01-08T19:34:57.798Z,35.94,PENDING
ORD-1786976374104-BFE3B6BE,CUST-00360,2026-07-02T14:16:40.451Z,121.50,SHIPPED
ORD-1786976374104-F6013ED3,CUST-00322,2026-04-08T04:44:39.868Z,489.65,COMPLETED
ORD-1786976374104-3772C5C0,CUST-00854,2025-11-30T00:15:00.418Z,424.15,CANCELLED
ORD-1786976374104-1BBD9706,CUST-00209,2026-05-02T02:41:45.825Z,498.51,PROCESSING
ORD-1786976374104-838170BC,CUST-00411,2025-09-14T02:11:57.787Z,53.73,PROCESSING
ORD-1786976374104-FA0ED1EB,CUST-00421,2025-02-27T08:05:26.509Z,413.04,SHIPPED
ORD-1786976374104-07DEE7F9,CUST-00678,2026-06-20T06:43:03.019Z,489.88,PENDING
ORD-1786976374104-DB788F3D,CUST-00235,2025-02-17T00:42:11.440Z,227.10,DELIVERED
ORD-1786976374104-1D2C4289,CUST-00577,2025-06-15T04:27:13.139Z,354.18,PENDING
ORD-1786976374104-8705AF0B,CUST-00909,2026-04-20T21:46:42.283Z,209.81,SHIPPED
ORD-1786976374104-D702069C,CUST-00115,2026-04-08T07:28:59.369Z,291.07,PROCESSING
ORD-1786976374104-C0443146,CUST-00284,2026-04-08T11:38:37.850Z,354.37,SHIPPED
ORD-1786976374104-B918A420,CUST-00827,2025-10-07T08:29:26.477Z,144.40,CANCELLED
ORD-1786976374104-BCA4AFBD,CUST-00655,2025-06-18T21:38:14.045Z,151.77,PENDING
ORD-1786976374104-B471C6E7,CUST-00108,2025-08-23T10:06:14.835Z,504.70,PENDING
ORD-1786976374104-ACC18AFB,CUST-00754,2025-10-19T09:56:15.439Z,351.91,CANCELLED
ORD-1786976374104-61A7BC9F,CUST-00711,2025-09-21T05:26:03.227Z,132.96,DELIVERED
ORD-1786976374104-687F2F51,CUST-00541,2025-02-08T21:40:19.301Z,69.40,PROCESSING
ORD-1786976374104-E3986DDD,CUST-00812,2026-07-12T21:55:39.291Z,320.61,DELIVERED
ORD-1786976374104-1F2C0FD5,CUST-00167,2026-04-23T05:47:10.702Z,324.48,SHIPPED
ORD-1786976374104-637C1B35,CUST-00591,2025-05-09T11:16:58.070Z,474.71,SHIPPED
ORD-1786976374104-44C62CA1,CUST-00314,2026-01-23T06:57:20.845Z,287.61,PROCESSING
ORD-1786976374104-B8FAE098,CUST-00625,2025-04-08T05:46:09.133Z,362.88,COMPLETED
ORD-1786976374104-4ED5E5A2,CUST-00067,2025-05-15T08:56:01.276Z,117.44,CANCELLED
ORD-1786976374104-0CDE1D70,CUST-00310,2026-06-21T11:19:11.566Z,415.56,DELIVERED
ORD-1786976374104-191ED928,CUST-00513,2026-07-31T19:33:33.602Z,278.78,CANCELLED
ORD-1786976374104-21C7116F,CUST-00834,2026-01-04T19:46:25.397Z,487.39,SHIPPED
ORD-1786976374104-1AD095F9,CUST-00083,2025-06-29T19:00:32.301Z,390.85,PROCESSING
ORD-1786976374104-3830850D,CUST-00640,2026-04-24T17:30:43.755Z,92.51,PENDING
ORD-1786976374104-F44ABD1F,CUST-00646,2025-11-23T16:45:31.955Z,201.94,CANCELLED
ORD-1786976374104-EB112F2B,CUST-00827,2026-04-06T17:59:53.714Z,360.55,COMPLETED
ORD-1786976374104-596179A5,CUST-00646,2026-07-22T16:00:52.419Z,289.02,COMPLETED
ORD-1786976374104-EF9DAA17,CUST-00915,2025-11-29T13:27:58.431Z,194.80,SHIPPED
ORD-1786976374104-EFC8DB2D,CUST-00643,2026-04-09T23:18:49.896Z,89.94,COMPLETED
ORD-1786976374104-AD52EA50,CUST-00246,2025-03-24T09:42:04.985Z,322.90,COMPLETED
ORD-1786976374104-09D31555,CUST-00597,2026-04-27T23:06:46.782Z,127.23,DELIVERED
ORD-1786976374104-EB992208,CUST-00503,2026-04-14T21:53:49.967Z,476.50,DELIVERED
ORD-1786976374104-D82C29D3,CUST-00553,2025-10-04T05:48:02.827Z,376.68,COMPLETED
ORD-1786976374104-2CCD1D72,CUST-00383,2025-06-08T17:25:30.199Z,67.20,DELIVERED
ORD-1786976374104-79B9ADB1,CUST-00205,2025-12-12T05:47:46.448Z,437.31,PROCESSING
ORD-1786976374104-0DC39F18,CUST-00740,2025-06-17T08:02:00.998Z,270.41,DELIVERED
ORD-1786976374104-E62B40EB,CUST-00701,2025-06-09T19:13:03.525Z,345.66,PENDING
ORD-1786976374104-14F1B132,CUST-00755,2025-07-29T19:08:31.109Z,67.19,PENDING
ORD-1786976374104-23F7556F,CUST-00662,2026-04-19T03:39:39.825Z,264.83,PROCESSING
ORD-1786976374104-2391D276,CUST-00079,2026-06-17T13:11:10.070Z,71.45,COMPLETED
ORD-1786976374104-5B39D207,CUST-00106,2025-02-07T10:38:45.014Z,475.20,CANCELLED
ORD-1786976374104-1181DB14,CUST-00472,2026-02-10T17:14:17.429Z,214.13,PENDING
ORD-1786976374104-5CEA02AD,CUST-00563,2025-06-06T10:19:33.405Z,186.71,DELIVERED
ORD-1786976374104-CA823BEA,CUST-00132,2026-06-23T22:22:48.334Z,103.26,COMPLETED
ORD-1786976374104-8A9411C4,CUST-00865,2025-01-26T05:51:49.028Z,504.98,CANCELLED
ORD-1786976374104-305536AA,CUST-00874,2025-04-02T02:00:09.790Z,64.56,PENDING
ORD-1786976374104-95F0CAE9,CUST-00407,2025-11-14T13:49:47.800Z,129.08,DELIVERED
ORD-1786976374104-E05D8165,CUST-00067,2025-10-27T09:35:28.750Z,226.07,PROCESSING
ORD-1786976374104-C695FA2B,CUST-00556,2025-12-06T03:54:47.368Z,211.78,CANCELLED
ORD-1786976374104-AF521CD2,CUST-00172,2025-05-27T12:35:05.955Z,199.18,COMPLETED
ORD-1786976374104-6D8063C5,CUST-00268,2025-05-26T22:54:55.899Z,489.87,SHIPPED
ORD-1786976374104-04239F20,CUST-00381,2025-02-03T05:52:48.825Z,420.75,SHIPPED
ORD-1786976374104-AB2355DF,CUST-00459,2025-09-14T12:31:47.932Z,428.29,COMPLETED
ORD-1786976374104-EA9F95B4,CUST-00947,2025-01-31T17:29:07.177Z,268.70,CANCELLED
ORD-1786976374104-C717FE43,CUST-00120,2025-09-02T04:01:02.198Z,224.54,COMPLETED
ORD-1786976374104-FB77D715,CUST-00017,2025-11-21T08:53:44.226Z,173.08,PROCESSING
ORD-1786976374104-B9924A06,CUST-00589,2025-12-23T01:24:10.491Z,112.11,DELIVERED
ORD-1786976374104-B713BC7F,CUST-00155,2026-04-08T09:16:35.286Z,75.83,DELIVERED
ORD-1786976374104-E1FAB07F,CUST-00139,2026-01-13T17:14:46.425Z,120.09,PROCESSING
ORD-1786976374104-222D3E26,CUST-00240,2026-05-03T02:32:16.463Z,479.04,CANCELLED
ORD-1786976374104-3C527515,CUST-00530,2025-07-28T03:14:50.677Z,234.25,COMPLETED
ORD-1786976374104-140E02BE,CUST-00237,2025-05-28T20:42:20.514Z,398.84,DELIVERED
ORD-1786976374104-4FE86812,CUST-00711,2025-01-01T02:47:24.310Z,302.60,DELIVERED
ORD-1786976374104-DDB12A86,CUST-00018,2026-07-14T23:20:01.295Z,383.56,COMPLETED
ORD-1786976374104-7ABFBF7B,CUST-00816,2025-03-28T23:38:57.184Z,218.89,PENDING
ORD-1786976374104-2993B4CA,CUST-00508,2025-11-06T05:34:42.354Z,262.37,COMPLETED
ORD-1786976374104-5163D337,CUST-00666,2025-06-24T07:22:52.279Z,229.18,SHIPPED
ORD-1786976374104-35D239EC,CUST-00907,2025-06-29T07:28:59.989Z,478.42,PENDING
ORD-1786976374104-BB890569,CUST-00316,2025-11-23T04:55:20.735Z,205.12,DELIVERED
ORD-1786976374104-1DD5A936,CUST-00100,2025-12-03T01:58:44.409Z,32.46,SHIPPED
ORD-1786976374104-A593439C,CUST-00661,2025-11-19T20:53:34.785Z,20.29,SHIPPED
ORD-1786976374104-AC6E715C,CUST-00252,2026-03-26T10:37:12.175Z,41.25,DELIVERED
ORD-1786976374104-38F75B76,CUST-00469,2026-05-31T17:08:03.687Z,176.69,PROCESSING
ORD-1786976374104-9C69F26D,CUST-00444,2026-07-20T20:21:49.986Z,41.18,PROCESSING
ORD-1786976374104-40D98E45,CUST-00552,2026-01-04T09:24:31.970Z,97.60,DELIVERED
ORD-1786976374104-F3DB39B6,CUST-00501,2026-05-21T13:55:20.533Z,367.90,DELIVERED
ORD-1786976374104-7A505000,CUST-00870,2026-03-19T21:41:57.236Z,178.32,CANCELLED
ORD-1786976374104-0ECA371E,CUST-00738,2025-10-15T19:20:10.256Z,268.97,SHIPPED
ORD-1786976374104-4A6335EE,CUST-00799,2025-01-14T12:02:39.011Z,370.00,CANCELLED
ORD-1786976374104-703BD678,CUST-00252,2026-02-13T07:29:44.633Z,272.23,PENDING
ORD-1786976374104-F9C259FC,CUST-00089,2026-03-14T03:19:24.571Z,488.99,SHIPPED
ORD-1786976374105-2D05F44E,CUST-00384,2026-01-11T13:29:40.173Z,320.40,CANCELLED
ORD-1786976374105-BBDDDFD7,CUST-00820,2025-11-23T15:49:25.330Z,115.63,DELIVERED
ORD-1786976374105-837E553F,CUST-00552,2025-02-19T02:57:33.420Z,392.47,SHIPPED
ORD-1786976374105-FCAA13A5,CUST-00461,2025-03-27T16:53:22.708Z,348.07,SHIPPED
ORD-1786976374105-3AD13481,CUST-00490,2025-02-04T19:56:05.407Z,121.37,SHIPPED
ORD-1786976374105-CAA925F5,CUST-00438,2026-01-26T09:07:38.208Z,310.24,CANCELLED
ORD-1786976374105-2895D156,CUST-00474,2026-06-02T22:33:48.325Z,502.11,SHIPPED
ORD-1786976374105-0DF2FD5C,CUST-00224,2025-01-21T18:48:57.279Z,131.66,DELIVERED
ORD-1786976374105-BEA21C5F,CUST-00340,2025-03-07T16:46:18.066Z,465.32,DELIVERED
ORD-1786976374105-A4F5EA4F,CUST-00819,2026-06-01T08:48:09.309Z,29.83,PROCESSING
ORD-1786976374105-8861E829,CUST-00696,2026-01-07T16:14:07.232Z,100.47,DELIVERED
ORD-1786976374105-D1CA3C20,CUST-00673,2026-02-10T15:36:43.674Z,29.52,COMPLETED
ORD-1786976374105-16A77CC4,CUST-00815,2026-08-03T21:57:54.506Z,338.89,DELIVERED
ORD-1786976374105-D962270A,CUST-00884,2025-04-08T03:54:22.789Z,222.81,CANCELLED
ORD-1786976374105-7CDD639B,CUST-00661,2026-01-20T15:43:56.935Z,97.53,PENDING
ORD-1786976374105-5C131EC6,CUST-00882,2026-05-23T02:44:55.528Z,171.75,CANCELLED
ORD-1786976374105-083A482B,CUST-00330,2026-02-28T20:50:07.308Z,182.34,DELIVERED
ORD-1786976374105-62ADBC21,CUST-00779,2025-10-11T19:05:08.313Z,431.17,SHIPPED
ORD-1786976374105-FECE2FBD,CUST-00094,2026-01-28T06:56:53.583Z,214.18,PROCESSING
ORD-1786976374105-E9018097,CUST-00889,2026-01-31T00:14:14.732Z,152.20,PENDING
ORD-1786976374105-33877825,CUST-00044,2026-05-22T21:08:34.447Z,82.18,SHIPPED
ORD-1786976374105-CE84732F,CUST-00262,2025-03-01T00:01:23.652Z,21.87,SHIPPED
ORD-1786976374105-3C89025B,CUST-00314,2025-03-16T21:03:58.376Z,381.72,CANCELLED
ORD-1786976374105-4E1F9231,CUST-00454,2025-10-04T11:49:33.565Z,238.64,SHIPPED
ORD-1786976374105-FADA9DF3,CUST-00197,2025-02-21T03:19:53.239Z,379.59,SHIPPED
ORD-1786976374105-13176D49,CUST-00267,2026-02-24T17:46:10.496Z,443.97,DELIVERED
ORD-1786976374105-77EBC7C5,CUST-00808,2026-01-17T00:47:12.544Z,97.94,COMPLETED
ORD-1786976374105-E811B4F7,CUST-00078,2025-12-06T22:01:07.282Z,368.68,DELIVERED
ORD-1786976374105-78DF7A1E,CUST-00667,2025-11-21T13:41:40.388Z,276.74,PROCESSING
ORD-1786976374105-802378FB,CUST-00654,2026-08-01T04:52:01.240Z,84.47,COMPLETED
ORD-1786976374105-D157C6F4,CUST-00862,2025-05-09T18:54:11.439Z,412.71,CANCELLED
ORD-1786976374105-0107D19A,CUST-00245,2025-08-28T15:32:41.254Z,330.96,PENDING
ORD-1786976374105-E267C2AE,CUST-00155,2026-07-19T05:12:14.629Z,245.14,PROCESSING
ORD-1786976374105-7CD73C2B,CUST-00554,2026-06-17T16:35:57.775Z,507.90,SHIPPED
ORD-1786976374105-671407A7,CUST-00847,2025-04-14T09:32:02.670Z,113.17,PENDING
ORD-1786976374105-D5CDA653,CUST-00302,2025-12-30T14:43:21.690Z,499.42,SHIPPED
ORD-1786976374105-92794E2F,CUST-00271,2025-01-03T14:32:13.175Z,10.47,PROCESSING
ORD-1786976374105-50166C4D,CUST-00983,2026-04-26T08:05:10.739Z,438.35,CANCELLED
ORD-1786976374105-3CC5352E,CUST-00447,2025-04-02T22:04:14.423Z,326.77,DELIVERED
ORD-1786976374105-C00CAE00,CUST-00727,2025-08-01T23:44:58.703Z,46.58,PROCESSING
ORD-1786976374105-EC000BC2,CUST-00712,2026-04-12T06:01:33.984Z,150.78,COMPLETED
ORD-1786976374105-B7A90CCA,CUST-00278,2026-04-16T14:11:31.083Z,158.10,PROCESSING
ORD-1786976374105-75005ED9,CUST-00509,2025-04-16T16:50:55.723Z,80.85,CANCELLED
ORD-1786976374105-FA22BA20,CUST-00512,2025-01-21T05:42:46.068Z,472.68,PROCESSING
ORD-1786976374105-0FCD920C,CUST-00260,2025-05-16T03:39:15.076Z,20.26,SHIPPED
ORD-1786976374105-21D9B555,CUST-00594,2025-04-15T04:16:29.796Z,401.39,CANCELLED
ORD-1786976374105-18A53F26,CUST-00190,2025-01-20T00:50:19.900Z,309.64,PROCESSING
ORD-1786976374105-B5379FD9,CUST-00800,2025-02-15T00:39:08.093Z,129.39,PROCESSING
ORD-1786976374105-90AC8CEC,CUST-00341,2025-06-30T07:45:02.219Z,69.10,PROCESSING
ORD-1786976374105-1E3BC943,CUST-00599,2026-08-04T18:07:37.987Z,347.07,PROCESSING
ORD-1786976374105-8DCE0ABC,CUST-00658,2025-04-03T22:09:59.213Z,478.49,SHIPPED
ORD-1786976374105-39D8612A,CUST-00983,2026-06-19T23:02:40.303Z,359.12,COMPLETED
ORD-1786976374105-8FD67E10,CUST-00082,2025-08-20T23:07:16.839Z,255.62,PROCESSING
ORD-1786976374105-6D423D66,CUST-00693,2025-06-16T05:06:28.926Z,75.72,SHIPPED
ORD-1786976374105-548A0908,CUST-00617,2025-05-24T13:49:10.503Z,13.72,CANCELLED
ORD-1786976374105-1A9089E4,CUST-00029,2025-10-14T06:29:41.742Z,422.79,PENDING
ORD-1786976374105-2782ED60,CUST-00455,2026-08-14T22:05:07.359Z,465.82,PENDING
ORD-1786976374105-5AA152E3,CUST-00961,2026-02-19T20:23:34.145Z,83.48,PROCESSING
ORD-1786976374105-1C471E7D,CUST-00769,2025-09-16T16:41:21.975Z,87.92,COMPLETED
ORD-1786976374105-B3375D09,CUST-00227,2025-08-04T17:23:19.325Z,312.66,DELIVERED
ORD-1786976374105-5423BA57,CUST-00316,2025-06-23T00:58:45.220Z,72.22,PROCESSING
ORD-1786976374105-6DF22D54,CUST-00515,2025-09-23T08:33:33.507Z,299.56,DELIVERED
ORD-1786976374105-56EB8C2E,CUST-00265,2026-08-05T10:14:55.368Z,337.90,CANCELLED
ORD-1786976374105-A1AB5DB6,CUST-00849,2026-04-12T05:48:34.135Z,100.10,PENDING
ORD-1786976374105-C785A197,CUST-00468,2025-01-27T19:57:28.990Z,425.51,SHIPPED
ORD-1786976374105-8445BCCE,CUST-00304,2026-04-10T23:01:34.360Z,427.34,CANCELLED
ORD-1786976374105-4D9992EC,CUST-00250,2025-12-09T14:45:20.945Z,350.52,PROCESSING
ORD-1786976374105-1AA8A132,CUST-00473,2025-06-12T04:56:29.302Z,253.11,CANCELLED
ORD-1786976374105-BB4A3C73,CUST-00172,2025-09-10T05:16:34.153Z,394.43,CANCELLED
ORD-1786976374105-5D59FE4D,CUST-00606,2025-12-31T09:57:32.253Z,334.32,SHIPPED
ORD-1786976374105-A114129D,CUST-00919,2025-01-07T22:05:46.517Z,323.40,SHIPPED
ORD-1786976374105-B94DCBD9,CUST-00197,2026-02-22T08:46:27.758Z,117.05,PENDING
ORD-1786976374105-3FAF5218,CUST-00491,2026-01-12T18:52:56.338Z,345.35,CANCELLED
ORD-1786976374105-011AB56A,CUST-00989,2025-12-19T23:32:26.575Z,396.70,COMPLETED
ORD-1786976374105-E900B6F3,CUST-00939,2025-12-06T08:28:50.180Z,356.48,CANCELLED
ORD-1786976374105-F4D76911,CUST-00524,2025-03-01T01:37:03.315Z,405.87,COMPLETED
ORD-1786976374105-0325E4F0,CUST-00346,2025-04-11T02:34:06.585Z,229.04,CANCELLED
ORD-1786976374105-2BFD24FA,CUST-00789,2025-10-17T18:27:37.498Z,210.28,SHIPPED
ORD-1786976374105-277E8B8B,CUST-00665,2026-07-17T12:48:48.042Z,254.55,CANCELLED
ORD-1786976374105-B07B545F,CUST-00230,2025-08-29T20:54:43.114Z,398.73,CANCELLED
ORD-1786976374105-7F33B06E,CUST-00027,2025-12-28T12:56:02.257Z,334.36,DELIVERED
ORD-1786976374105-45DE0911,CUST-00419,2025-12-18T13:47:54.068Z,248.09,COMPLETED
ORD-1786976374105-95595E91,CUST-00506,2025-12-12T09:43:27.204Z,27.02,CANCELLED
ORD-1786976374105-AC59527D,CUST-00662,2026-06-13T18:25:55.147Z,48.41,SHIPPED
ORD-1786976374105-121B80BA,CUST-00820,2025-01-02T12:43:23.735Z,500.80,COMPLETED
ORD-1786976374105-45C885C2,CUST-00829,2026-04-20T13:39:08.447Z,72.95,PENDING
ORD-1786976374105-5E88E63E,CUST-00546,2025-04-10T10:47:17.798Z,138.60,DELIVERED
ORD-1786976374105-B5F0AE18,CUST-00166,2025-02-14T05:57:39.207Z,76.01,SHIPPED
ORD-1786976374105-97A5194F,CUST-00932,2025-06-15T14:04:27.202Z,443.54,CANCELLED
ORD-1786976374105-FC681CBF,CUST-00954,2025-08-24T12:19:25.840Z,317.71,CANCELLED
ORD-1786976374105-4FA8EA9A,CUST-00644,2025-04-24T08:12:50.123Z,318.09,SHIPPED
ORD-1786976374105-C6615E81,CUST-00134,2026-07-27T12:58:45.596Z,447.98,DELIVERED
ORD-1786976374105-966F93E7,CUST-00011,2026-01-06T02:47:25.238Z,271.64,CANCELLED
ORD-1786976374105-1FCB0976,CUST-00640,2025-02-03T08:13:08.886Z,494.59,SHIPPED
ORD-1786976374105-D0FF3AA1,CUST-00296,2025-02-16T13:39:00.095Z,121.95,DELIVERED
ORD-1786976374105-24323CC6,CUST-00035,2026-05-10T12:02:43.681Z,105.99,PROCESSING
ORD-1786976374105-8C16B617,CUST-00969,2025-11-21T12:03:38.011Z,260.27,COMPLETED
ORD-1786976374105-6B6288CB,CUST-00088,2025-01-10T21:04:29.072Z,49.83,SHIPPED
ORD-1786976374105-19D36CEF,CUST-00585,2026-07-29T19:21:23.760Z,474.99,DELIVERED
ORD-1786976374105-EDFF4B0D,CUST-00265,2025-09-19T17:57:45.048Z,176.00,SHIPPED
ORD-1786976374105-4B6D1ACC,CUST-00784,2025-04-09T01:56:47.504Z,203.87,PENDING
ORD-1786976374105-E47C75E0,CUST-00511,2025-09-20T16:42:22.501Z,196.11,COMPLETED
ORD-1786976374105-1E2B4A67,CUST-00271,2025-05-06T19:42:50.250Z,470.77,COMPLETED
ORD-1786976374105-D706EEDF,CUST-00170,2025-08-02T21:25:04.182Z,306.58,PROCESSING
ORD-1786976374105-BC00ADED,CUST-00658,2026-03-03T23:35:57.593Z,380.34,SHIPPED
ORD-1786976374105-720FB147,CUST-00266,2025-11-20T21:37:08.501Z,262.14,SHIPPED
ORD-1786976374105-7FE1E57C,CUST-00433,2025-08-16T18:23:17.308Z,276.31,SHIPPED
ORD-1786976374106-516085E4,CUST-00353,2026-04-26T09:15:59.263Z,217.19,COMPLETED
ORD-1786976374106-6631CEB5,CUST-00013,2025-02-08T10:12:23.731Z,113.56,CANCELLED
ORD-1786976374106-AC846319,CUST-00498,2025-04-05T17:58:45.243Z,388.56,SHIPPED
ORD-1786976374106-CACE9F69,CUST-00862,2025-11-13T23:48:55.376Z,507.49,PENDING
ORD-1786976374106-CD91AD5C,CUST-00180,2025-08-19T20:44:50.911Z,91.75,DELIVERED
ORD-1786976374106-B3C416A6,CUST-00347,2025-03-25T17:07:07.091Z,422.61,SHIPPED
ORD-1786976374106-F6F59635,CUST-00863,2025-04-24T12:37:04.002Z,368.57,PROCESSING
ORD-1786976374106-9DA68D74,CUST-00213,2026-08-12T05:01:49.233Z,87.65,SHIPPED
ORD-1786976374106-1CDAE5C5,CUST-00038,2025-07-09T20:21:03.703Z,223.06,DELIVERED
ORD-1786976374106-811336F4,CUST-00582,2026-03-09T00:58:14.807Z,340.47,DELIVERED
ORD-1786976374106-CDF578A2,CUST-00678,2025-09-27T16:37:42.818Z,455.29,COMPLETED
ORD-1786976374106-1635002B,CUST-00534,2026-05-11T06:05:55.989Z,100.30,COMPLETED
ORD-1786976374106-B6F79C0F,CUST-00298,2026-02-12T11:28:36.250Z,492.05,COMPLETED
ORD-1786976374106-6623DD54,CUST-00854,2025-09-20T12:08:52.060Z,55.00,DELIVERED
ORD-1786976374106-985E59E2,CUST-00211,2025-01-31T17:17:58.935Z,228.35,COMPLETED
ORD-1786976374106-A81B28E3,CUST-00418,2026-01-25T21:13:44.851Z,53.61,PROCESSING
ORD-1786976374106-358C68D3,CUST-00931,2025-07-17T18:05:55.015Z,69.87,CANCELLED
ORD-1786976374106-292E117D,CUST-00653,2025-03-12T04:57:49.910Z,229.71,PROCESSING
ORD-1786976374106-D347C8D1,CUST-00636,2026-03-27T04:08:16.570Z,269.50,COMPLETED
ORD-1786976374106-1DFCA575,CUST-00649,2026-07-29T13:47:45.095Z,183.87,CANCELLED
ORD-1786976374106-284BDB4B,CUST-00099,2025-08-20T20:30:42.542Z,82.77,SHIPPED
ORD-1786976374106-8C08C42F,CUST-00313,2025-03-07T14:53:55.268Z,436.34,PROCESSING
ORD-1786976374106-D8146F50,CUST-00387,2025-03-13T22:25:33.658Z,486.13,CANCELLED
ORD-1786976374106-6D56F5CC,CUST-00330,2025-02-15T20:55:29.970Z,505.94,PROCESSING
ORD-1786976374106-EFB3E8CB,CUST-00852,2026-03-29T01:45:42.424Z,348.98,COMPLETED
ORD-1786976374106-B72E3C03,CUST-00710,2026-05-07T12:36:10.690Z,139.20,PENDING
ORD-1786976374106-AE1F6B43,CUST-00068,2025-07-13T02:21:27.400Z,443.33,CANCELLED
ORD-1786976374106-8D48C1C5,CUST-00921,2026-04-20T13:36:37.698Z,86.43,PENDING
ORD-1786976374106-F72A04DB,CUST-00531,2025-09-16T09:12:48.755Z,496.84,PROCESSING
ORD-1786976374106-529A12E5,CUST-00494,2025-09-20T22:03:58.289Z,408.47,PENDING
ORD-1786976374106-7E7CD0B4,CUST-00552,2026-05-15T04:35:08.844Z,362.66,PENDING
ORD-1786976374106-D6EFCD3A,CUST-00601,2026-02-02T21:42:26.526Z,341.77,PROCESSING
ORD-1786976374106-7FB0285A,CUST-00183,2025-11-07T08:01:14.202Z,381.62,CANCELLED
ORD-1786976374106-EC8D96EE,CUST-00307,2025-11-05T19:06:07.709Z,279.47,CANCELLED
ORD-1786976374106-F430E0F0,CUST-00846,2025-05-27T16:28:02.452Z,483.20,SHIPPED
ORD-1786976374106-DE698F41,CUST-00807,2026-07-11T22:24:18.242Z,422.80,CANCELLED
ORD-1786976374106-94AD4DC9,CUST-00933,2025-10-23T17:06:22.760Z,378.75,DELIVERED
ORD-1786976374106-9DCB15ED,CUST-00336,2026-06-09T10:37:20.632Z,384.54,SHIPPED
ORD-1786976374106-A332EAA8,CUST-00583,2026-04-27T13:23:21.850Z,189.12,SHIPPED
ORD-1786976374106-A6AD83CF,CUST-00145,2026-04-11T04:13:17.689Z,262.73,COMPLETED
ORD-1786976374106-C088FBFE,CUST-00688,2026-07-14T07:45:15.002Z,346.01,COMPLETED
ORD-1786976374106-C9E23402,CUST-00635,2025-07-04T00:11:09.939Z,282.76,PROCESSING
ORD-1786976374106-F2EAF26C,CUST-00449,2026-05-18T03:51:27.214Z,79.88,DELIVERED
ORD-1786976374106-0225AEC5,CUST-00934,2026-08-09T19:07:01.917Z,11.42,PROCESSING
ORD-1786976374106-3C4881A9,CUST-00596,2026-04-28T01:19:58.099Z,54.08,COMPLETED
ORD-1786976374106-AC750FDD,CUST-00780,2025-03-22T03:13:39.571Z,440.55,COMPLETED
ORD-1786976374106-843DB968,CUST-00823,2026-01-20T12:44:14.302Z,286.98,DELIVERED
ORD-1786976374106-401E3FCB,CUST-00863,2026-01-18T20:21:49.926Z,214.63,PROCESSING
ORD-1786976374106-3554F5B8,CUST-00091,2025-05-10T02:28:12.249Z,207.97,CANCELLED
ORD-1786976374106-0ACD8555,CUST-00929,2025-05-16T23:28:14.460Z,352.65,COMPLETED
ORD-1786976374106-89D76B8C,CUST-00368,2026-06-06T08:02:37.545Z,339.54,PROCESSING
ORD-1786976374106-547C7C8D,CUST-00792,2025-07-21T02:26:54.766Z,63.96,COMPLETED
ORD-1786976374106-FF866A2E,CUST-00840,2026-04-11T21:07:35.355Z,353.57,DELIVERED
ORD-1786976374106-CCFBB7E7,CUST-00884,2026-03-20T00:39:52.338Z,324.49,COMPLETED
ORD-1786976374106-CAAF19FA,CUST-00233,2025-04-25T02:26:36.537Z,405.15,SHIPPED
ORD-1786976374106-A114456A,CUST-00640,2025-05-06T19:20:09.319Z,241.51,COMPLETED
ORD-1786976374106-5987D9D9,CUST-00003,2025-01-24T05:37:01.520Z,454.65,DELIVERED
ORD-1786976374106-AB18370D,CUST-00085,2026-08-08T13:22:26.824Z,130.93,PROCESSING
ORD-1786976374106-2ED4C876,CUST-00833,2025-10-21T15:31:08.604Z,455.26,COMPLETED
ORD-1786976374106-339DEAF6,CUST-00344,2026-02-19T22:06:53.832Z,368.48,PENDING
ORD-1786976374106-C2D10661,CUST-00542,2025-10-16T00:07:56.328Z,52.06,COMPLETED
ORD-1786976374106-F73483A2,CUST-00914,2025-09-14T06:18:40.680Z,151.25,PROCESSING
ORD-1786976374106-EE64870A,CUST-00378,2025-11-26T07:03:07.362Z,325.34,DELIVERED
ORD-1786976374106-9C193C25,CUST-00445,2026-04-10T14:19:24.699Z,164.90,PENDING
ORD-1786976374106-A30D2E1A,CUST-00471,2025-02-25T03:02:23.138Z,267.49,COMPLETED
ORD-1786976374106-DBEAD70B,CUST-00225,2025-09-03T15:24:22.723Z,440.62,COMPLETED
ORD-1786976374106-4BF93607,CUST-00402,2026-07-21T01:35:01.162Z,473.99,COMPLETED
ORD-1786976374106-B46E435F,CUST-00848,2025-06-29T13:24:52.767Z,329.64,CANCELLED
ORD-1786976374106-DD88F4E8,CUST-00659,2026-08-14T08:18:11.857Z,165.14,PENDING
ORD-1786976374106-049B37FA,CUST-00568,2025-12-01T15:38:56.210Z,293.07,PENDING
ORD-1786976374106-1C79A297,CUST-00874,2026-02-05T22:19:24.981Z,158.74,PROCESSING
ORD-1786976374106-0DD9273B,CUST-00746,2026-06-01T15:27:20.425Z,36.71,COMPLETED
ORD-1786976374106-03EA0C13,CUST-00448,2025-09-18T22:19:12.752Z,506.73,PENDING
ORD-1786976374106-A17754FC,CUST-00289,2025-12-14T07:40:46.321Z,146.65,COMPLETED
ORD-1786976374106-6FCD6665,CUST-00908,2025-03-08T04:27:55.097Z,387.76,COMPLETED
ORD-1786976374106-894B005C,CUST-00484,2025-02-05T09:34:30.964Z,90.06,SHIPPED
ORD-1786976374106-887CC9EA,CUST-00292,2026-05-19T18:37:23.988Z,155.13,PENDING
ORD-1786976374106-AAE2FCF0,CUST-00595,2026-04-18T04:46:24.996Z,154.44,COMPLETED
ORD-1786976374106-CBC11411,CUST-00840,2025-02-22T11:16:02.108Z,303.30,DELIVERED
ORD-1786976374106-7C14E6A4,CUST-00957,2025-10-05T21:57:44.156Z,153.67,PROCESSING
ORD-1786976374106-FD57A5ED,CUST-00560,2025-05-06T07:57:38.172Z,214.53,PENDING
ORD-1786976374106-E1395420,CUST-00645,2025-01-20T20:42:23.576Z,399.83,PENDING
ORD-1786976374106-93464338,CUST-00284,2026-05-04T19:39:42.728Z,377.35,PENDING
ORD-1786976374106-A3A4E027,CUST-00070,2025-08-04T04:52:10.929Z,174.40,COMPLETED
ORD-1786976374106-8707631A,CUST-00291,2025-05-04T08:45:11.688Z,65.92,PENDING
ORD-1786976374106-69F31E3C,CUST-00266,2025-04-02T20:44:44.966Z,42.05,CANCELLED
ORD-1786976374106-1D366DD4,CUST-00620,2025-01-06T01:23:21.338Z,187.43,COMPLETED
ORD-1786976374106-FE06A5E3,CUST-00706,2025-06-09T16:34:51.703Z,256.88,SHIPPED
ORD-1786976374106-FDB2CB9F,CUST-00541,2025-01-02T17:59:02.959Z,65.74,COMPLETED
ORD-1786976374106-61A21A43,CUST-00340,2025-06-12T06:11:05.933Z,391.83,PROCESSING
ORD-1786976374106-5386D6D9,CUST-00252,2025-08-25T16:50:28.646Z,414.91,PROCESSING
ORD-1786976374106-F60AE5AF,CUST-00011,2026-08-08T22:07:51.525Z,109.25,PROCESSING
ORD-1786976374106-737A41A2,CUST-00335,2025-02-07T09:31:01.525Z,80.86,PENDING
ORD-1786976374106-3E77ACE8,CUST-00253,2025-09-29T23:34:40.478Z,437.33,SHIPPED
ORD-1786976374106-D5A4B64F,CUST-00473,2025-12-07T09:35:56.980Z,327.73,COMPLETED
ORD-1786976374106-384764B2,CUST-00955,2026-02-05T08:33:05.804Z,285.72,PENDING
ORD-1786976374106-2CFD63AF,CUST-00532,2025-10-19T17:17:00.136Z,326.84,PENDING
ORD-1786976374106-6177E984,CUST-00090,2025-05-10T12:16:15.620Z,285.33,PENDING
ORD-1786976374106-91F6F3FA,CUST-00707,2026-06-04T18:43:16.099Z,334.23,CANCELLED
ORD-1786976374106-795D18C8,CUST-00739,2026-04-23T20:52:37.962Z,125.77,PROCESSING
ORD-1786976374106-8FD70FA7,CUST-00381,2026-06-01T01:58:32.485Z,488.00,PENDING
ORD-1786976374106-B99C0442,CUST-00439,2026-05-12T00:52:35.141Z,405.75,CANCELLED
ORD-1786976374106-CB1878C5,CUST-00172,2026-01-06T01:46:42.772Z,333.41,DELIVERED
ORD-1786976374106-9C203FD4,CUST-00591,2025-08-11T08:44:39.920Z,252.90,SHIPPED
ORD-1786976374106-160AEE2A,CUST-00811,2026-03-23T21:20:07.422Z,484.65,PROCESSING
ORD-1786976374106-E22BC3ED,CUST-00289,2025-03-15T08:13:48.028Z,279.67,CANCELLED
ORD-1786976374106-736C4693,CUST-00430,2025-04-18T14:51:59.171Z,398.79,DELIVERED
ORD-1786976374106-621C6690,CUST-00446,2025-12-12T01:06:10.028Z,334.80,COMPLETED
ORD-1786976374106-CDF967E3,CUST-00735,2025-01-20T13:01:53.945Z,440.36,CANCELLED
ORD-1786976374106-C37812E0,CUST-00535,2026-07-21T05:30:31.983Z,149.59,PENDING
ORD-1786976374106-100602C2,CUST-00185,2025-08-02T11:39:06.068Z,59.39,DELIVERED
ORD-1786976374106-12E72DFC,CUST-00428,2025-05-03T18:46:51.958Z,506.87,PENDING
ORD-1786976374106-F9453CCD,CUST-00890,2026-02-16T05:02:27.656Z,282.83,PENDING
ORD-1786976374106-E9363924,CUST-00421,2025-12-02T16:16:59.107Z,223.94,DELIVERED
ORD-1786976374107-87324E1B,CUST-00430,2025-04-20T17:23:24.801Z,126.96,DELIVERED
ORD-1786976374107-9470A5D1,CUST-00052,2026-01-18T22:51:50.962Z,309.96,DELIVERED
ORD-1786976374107-B7D6CBEC,CUST-00721,2025-09-19T23:31:22.440Z,402.56,PROCESSING
ORD-1786976374107-DE114356,CUST-00855,2025-10-21T02:22:21.959Z,153.93,PENDING
ORD-1786976374107-F8102C29,CUST-00169,2026-03-27T03:16:00.024Z,468.30,SHIPPED
ORD-1786976374107-AC594747,CUST-00490,2025-12-22T10:48:30.095Z,410.95,COMPLETED
ORD-1786976374107-A40C9588,CUST-00431,2025-07-08T14:10:04.705Z,369.64,COMPLETED
ORD-1786976374107-254AB072,CUST-00012,2025-09-26T00:27:17.810Z,405.60,CANCELLED
ORD-1786976374107-B1CEDB9A,CUST-00914,2026-05-31T00:27:03.111Z,154.48,CANCELLED
ORD-1786976374107-00A5662C,CUST-00733,2025-11-22T16:54:49.406Z,30.96,COMPLETED
ORD-1786976374107-0162E989,CUST-00026,2025-12-14T19:37:06.608Z,499.53,SHIPPED
ORD-1786976374107-C81FFE7B,CUST-00895,2025-07-11T09:36:49.457Z,170.32,PROCESSING
ORD-1786976374107-11298D24,CUST-00447,2025-01-31T14:33:23.178Z,75.27,DELIVERED
ORD-1786976374107-C662CFA5,CUST-00673,2025-04-17T21:38:01.514Z,262.77,COMPLETED
ORD-1786976374107-AF7E5FDE,CUST-00243,2025-04-23T03:43:47.721Z,230.08,DELIVERED
ORD-1786976374107-50BADCD0,CUST-00564,2025-05-06T19:08:18.695Z,450.32,PROCESSING
ORD-1786976374107-AED8E1EA,CUST-00425,2026-06-02T01:52:55.640Z,409.92,SHIPPED
ORD-1786976374107-841B71D8,CUST-00654,2026-04-24T05:32:04.908Z,496.09,SHIPPED
ORD-1786976374107-F58F7D26,CUST-00847,2025-01-28T06:46:53.124Z,457.68,SHIPPED
ORD-1786976374107-0BC86949,CUST-00143,2025-06-02T07:38:27.246Z,110.72,SHIPPED
ORD-1786976374107-5168D8AB,CUST-00660,2025-06-02T19:28:57.870Z,423.74,CANCELLED
ORD-1786976374107-399881B9,CUST-00208,2025-03-06T20:29:03.466Z,203.53,CANCELLED
ORD-1786976374107-71B9FD56,CUST-00828,2026-04-23T15:35:58.746Z,89.27,PENDING
ORD-1786976374107-452B2D1B,CUST-00238,2026-01-19T03:02:08.277Z,231.66,COMPLETED
ORD-1786976374107-5F5F7DFF,CUST-00935,2025-02-15T08:06:59.146Z,296.49,COMPLETED
ORD-1786976374107-4807A17D,CUST-00930,2025-03-25T18:07:17.765Z,190.97,PENDING
ORD-1786976374107-CC52C278,CUST-00849,2025-01-02T06:29:22.522Z,437.37,SHIPPED
ORD-1786976374107-0213B5AD,CUST-00410,2026-07-25T22:11:53.553Z,305.49,CANCELLED
ORD-1786976374107-8CC79E2A,CUST-00931,2026-07-01T15:15:43.305Z,444.19,COMPLETED
ORD-1786976374107-5F80CB7E,CUST-00087,2025-06-22T11:45:14.374Z,479.42,DELIVERED
ORD-1786976374107-6AA2F80D,CUST-00026,2025-10-19T11:12:46.052Z,441.18,SHIPPED
ORD-1786976374107-85135DD1,CUST-00867,2025-12-23T23:21:01.982Z,458.33,PENDING
ORD-1786976374107-E8D025D2,CUST-00774,2026-03-17T09:06:49.062Z,355.82,CANCELLED
ORD-1786976374107-4826A605,CUST-00297,2025-02-03T00:09:28.689Z,267.91,PENDING
ORD-1786976374107-03457E06,CUST-00597,2025-10-13T12:02:38.908Z,42.03,PROCESSING
ORD-1786976374107-358FA322,CUST-00332,2025-01-26T10:25:18.740Z,276.62,PROCESSING
ORD-1786976374107-14B2D65C,CUST-00206,2025-05-18T09:56:35.296Z,365.44,COMPLETED
ORD-1786976374107-EA55D94C,CUST-00831,2026-04-22T18:16:01.336Z,115.84,SHIPPED
ORD-1786976374107-7863B3ED,CUST-00670,2025-04-17T10:08:49.357Z,417.38,PROCESSING
ORD-1786976374107-FF23867E,CUST-00023,2026-07-01T23:35:01.501Z,171.69,CANCELLED
ORD-1786976374107-731AD170,CUST-00210,2026-04-21T03:42:00.836Z,181.96,DELIVERED
ORD-1786976374107-0A8AECC3,CUST-00300,2025-10-21T05:26:48.505Z,441.21,DELIVERED
ORD-1786976374107-718807E5,CUST-00160,2026-06-18T10:12:15.480Z,185.28,PROCESSING
ORD-1786976374107-F887622E,CUST-00770,2025-04-03T16:10:30.702Z,434.77,SHIPPED
ORD-1786976374107-5838124D,CUST-00924,2025-08-23T14:30:46.560Z,388.57,PROCESSING
ORD-1786976374107-A4EEEA05,CUST-00281,2026-07-06T04:26:50.175Z,63.83,SHIPPED
ORD-1786976374107-9DDB1CE4,CUST-00563,2026-03-26T20:23:49.459Z,455.45,SHIPPED
ORD-1786976374107-21EFAA7B,CUST-00801,2025-08-28T06:19:58.809Z,479.64,SHIPPED
ORD-1786976374107-C0CA92A9,CUST-00527,2026-03-29T12:13:47.848Z,76.39,CANCELLED
ORD-1786976374107-8001C5DC,CUST-00412,2026-01-27T05:50:54.195Z,34.52,CANCELLED
ORD-1786976374107-96A04779,CUST-00561,2026-03-02T23:24:40.496Z,11.94,PENDING
ORD-1786976374107-2CF35E0A,CUST-00172,2026-08-12T23:03:09.507Z,222.49,PROCESSING
ORD-1786976374107-67630634,CUST-00866,2025-06-09T12:35:05.037Z,360.26,SHIPPED
ORD-1786976374107-E9154DDA,CUST-00954,2025-07-20T11:32:08.340Z,254.86,SHIPPED
ORD-1786976374107-D6682D95,CUST-00390,2025-05-23T09:45:11.729Z,125.65,SHIPPED
ORD-1786976374107-CFE28BE2,CUST-00837,2025-11-15T08:05:20.660Z,500.76,CANCELLED
ORD-1786976374107-3A7A44B1,CUST-00264,2026-04-08T04:31:53.473Z,450.72,CANCELLED
ORD-1786976374107-57CCBEA2,CUST-00850,2026-01-22T17:53:33.484Z,475.11,SHIPPED
ORD-1786976374107-BB665479,CUST-00880,2025-08-25T12:42:20.734Z,295.77,PROCESSING
ORD-1786976374107-08170C20,CUST-00205,2026-04-13T07:59:00.260Z,449.92,CANCELLED
ORD-1786976374107-42D83066,CUST-00722,2025-04-16T18:11:32.608Z,382.42,COMPLETED
ORD-1786976374107-DE0DE156,CUST-00012,2025-02-22T10:29:32.515Z,500.97,PROCESSING
ORD-1786976374107-BD13288C,CUST-00075,2025-09-08T04:07:08.761Z,170.44,COMPLETED
ORD-1786976374107-6C245904,CUST-00174,2025-04-25T15:08:43.528Z,442.50,DELIVERED
ORD-1786976374107-607375D1,CUST-00572,2025-06-09T00:58:06.410Z,148.51,COMPLETED
ORD-1786976374107-89965BF7,CUST-00455,2025-10-29T04:57:16.552Z,297.75,DELIVERED
ORD-1786976374107-B4EF4417,CUST-00558,2026-05-21T10:48:52.133Z,284.44,PENDING
ORD-1786976374107-7D943699,CUST-00792,2025-11-06T07:27:56.861Z,340.86,CANCELLED
ORD-1786976374107-C6BDB392,CUST-00183,2025-11-03T23:40:55.905Z,84.65,PENDING
ORD-1786976374107-A4675ED4,CUST-00950,2025-10-26T07:50:41.237Z,257.74,DELIVERED
ORD-1786976374107-733E2CBA,CUST-00553,2025-03-24T20:34:57.649Z,34.34,SHIPPED
ORD-1786976374107-8065E320,CUST-00151,2025-01-16T00:19:01.397Z,33.31,SHIPPED
ORD-1786976374107-9132186D,CUST-00932,2025-08-11T00:13:30.821Z,502.36,PENDING
ORD-1786976374107-797D644A,CUST-00949,2026-02-26T17:50:32.133Z,328.09,COMPLETED
ORD-1786976374107-7BCCF2E3,CUST-00702,2025-07-10T22:01:03.913Z,213.02,CANCELLED
ORD-1786976374107-E63EFD47,CUST-00222,2025-04-25T21:08:05.925Z,177.97,PROCESSING
ORD-1786976374107-63180DB3,CUST-00044,2025-04-15T16:37:28.999Z,346.72,PENDING
ORD-1786976374107-0F0A532B,CUST-00446,2026-06-23T20:41:25.531Z,96.26,COMPLETED
ORD-1786976374107-4F4800CE,CUST-00580,2025-05-09T14:35:43.528Z,265.97,COMPLETED
ORD-1786976374107-57305DA9,CUST-00657,2025-09-29T17:59:02.583Z,364.33,CANCELLED
ORD-1786976374107-38A59EB4,CUST-00755,2026-07-11T01:57:02.470Z,438.05,CANCELLED
ORD-1786976374107-BB7FB81A,CUST-00529,2025-06-30T16:10:00.965Z,152.42,CANCELLED
ORD-1786976374107-4F262DC5,CUST-00954,2026-02-14T11:11:47.247Z,175.85,CANCELLED
ORD-1786976374107-EF67F0AC,CUST-00776,2026-06-12T16:36:36.957Z,320.45,DELIVERED
ORD-1786976374107-1F2C10FD,CUST-00927,2025-10-20T21:15:09.303Z,97.71,PROCESSING
ORD-1786976374107-AE93406F,CUST-00911,2026-07-07T10:54:51.154Z,99.55,PROCESSING
ORD-1786976374107-005BEDFC,CUST-00261,2026-06-27T05:21:39.208Z,199.87,COMPLETED
ORD-1786976374107-30C6DCF0,CUST-00378,2025-12-06T08:02:12.946Z,106.41,CANCELLED
ORD-1786976374107-292DBA53,CUST-00988,2026-05-11T10:14:06.686Z,430.38,PROCESSING
ORD-1786976374107-D606B3AE,CUST-00757,2025-07-21T21:04:18.342Z,115.14,SHIPPED
ORD-1786976374107-55C4F655,CUST-00065,2026-06-29T02:30:02.197Z,193.90,SHIPPED
ORD-1786976374107-63E1813C,CUST-00166,2025-03-26T06:12:43.682Z,75.19,PENDING
ORD-1786976374107-E554C46E,CUST-00911,2025-07-02T14:15:36.756Z,249.95,SHIPPED
ORD-1786976374107-21274F26,CUST-00223,2026-06-19T09:47:25.742Z,427.31,SHIPPED
ORD-1786976374107-F51D669C,CUST-00178,2025-01-03T21:09:56.075Z,154.19,PROCESSING
ORD-1786976374107-FCD9FBAC,CUST-00175,2026-04-30T10:51:54.831Z,130.53,DELIVERED
ORD-1786976374107-FC1F46E5,CUST-00998,2026-01-24T09:33:51.872Z,34.86,SHIPPED
ORD-1786976374107-C08AB098,CUST-00776,2026-06-14T01:49:36.979Z,93.47,PROCESSING
ORD-1786976374107-F2E28CF3,CUST-00093,2025-11-25T22:17:14.084Z,250.45,CANCELLED
ORD-1786976374107-8ABAEBAF,CUST-00234,2025-05-18T09:33:19.761Z,421.86,DELIVERED
ORD-1786976374107-850CC2AD,CUST-00373,2025-06-02T13:56:18.892Z,426.32,PROCESSING
ORD-1786976374107-0747187B,CUST-00230,2026-05-17T08:51:49.064Z,492.00,COMPLETED
ORD-1786976374107-5E30C859,CUST-00828,2026-05-18T21:36:17.296Z,39.95,DELIVERED
ORD-1786976374107-4EA5313F,CUST-00788,2025-04-04T12:06:02.013Z,343.49,SHIPPED
ORD-1786976374107-C01EC4C4,CUST-00093,2025-12-13T03:03:42.408Z,428.09,DELIVERED
ORD-1786976374107-09C935FC,CUST-00434,2025-12-04T00:10:24.039Z,444.12,SHIPPED
ORD-1786976374107-85ADAE21,CUST-00692,2025-10-25T15:43:33.438Z,111.63,CANCELLED
ORD-1786976374107-9F0259DE,CUST-00509,2026-05-06T07:01:50.733Z,295.68,DELIVERED
ORD-1786976374107-BA9B30F4,CUST-00362,2025-10-10T20:32:17.209Z,503.84,DELIVERED
ORD-1786976374107-ABFFF865,CUST-00103,2025-07-21T15:09:16.504Z,70.82,PENDING
ORD-1786976374107-FBBF8643,CUST-00792,2025-08-23T08:42:52.301Z,374.38,CANCELLED
ORD-1786976374107-142832E4,CUST-00619,2025-07-11T10:15:31.621Z,223.43,COMPLETED
ORD-1786976374107-677344D6,CUST-00437,2025-11-09T06:06:56.183Z,95.31,DELIVERED
ORD-1786976374107-CEBD6CF4,CUST-00057,2026-01-10T09:28:33.021Z,455.51,COMPLETED
ORD-1786976374107-DE684E67,CUST-00842,2025-04-19T13:05:27.597Z,237.07,CANCELLED
ORD-1786976374107-49161ED5,CUST-00266,2026-06-29T17:19:38.024Z,423.84,PROCESSING
ORD-1786976374107-D950C551,CUST-00237,2025-07-09T06:35:41.367Z,275.70,PROCESSING
ORD-1786976374107-D69420C2,CUST-00147,2025-04-01T03:15:29.045Z,172.39,PENDING
ORD-1786976374107-8FF18124,CUST-00815,2025-05-26T14:59:35.999Z,217.69,DELIVERED
ORD-1786976374107-F97EA4EE,CUST-00659,2025-05-01T06:19:53.033Z,346.82,PENDING
ORD-1786976374107-835C5EFD,CUST-00632,2025-05-12T10:45:36.883Z,109.41,CANCELLED
ORD-1786976374107-B8F519B2,CUST-00381,2026-07-02T17:19:44.638Z,185.94,SHIPPED
ORD-1786976374107-246158D1,CUST-00521,2025-07-21T19:27:49.887Z,140.22,PROCESSING
ORD-1786976374108-795E4591,CUST-00637,2025-09-15T09:09:53.666Z,21.09,SHIPPED
ORD-1786976374108-74DE86E6,CUST-00116,2025-06-12T22:31:19.313Z,135.20,COMPLETED
ORD-1786976374108-BFC2E1E9,CUST-00908,2025-12-21T03:05:37.491Z,496.93,PROCESSING
ORD-1786976374108-A44D660E,CUST-00945,2026-02-05T14:53:52.496Z,503.43,COMPLETED
ORD-1786976374108-4070133B,CUST-00842,2025-07-29T06:07:40.158Z,58.32,PENDING
ORD-1786976374108-4E8354AD,CUST-00013,2026-06-02T18:38:37.606Z,397.38,CANCELLED
ORD-1786976374108-B6633A2A,CUST-00766,2025-03-06T00:16:27.799Z,269.81,DELIVERED
ORD-1786976374108-619D1387,CUST-00332,2026-01-14T20:13:07.697Z,14.65,DELIVERED
ORD-1786976374108-12EFED2E,CUST-00561,2025-02-04T13:13:38.829Z,365.09,SHIPPED
ORD-1786976374108-FE90394C,CUST-00740,2025-07-02T23:36:26.757Z,50.94,SHIPPED
ORD-1786976374108-C3F8697F,CUST-00049,2026-03-03T17:17:08.541Z,405.12,COMPLETED
ORD-1786976374108-426D225E,CUST-00056,2025-05-02T21:37:00.615Z,57.66,PENDING
ORD-1786976374108-2F6E7493,CUST-00083,2025-11-30T09:26:39.804Z,268.24,COMPLETED
ORD-1786976374108-D145C970,CUST-00632,2025-05-27T04:44:29.585Z,103.30,COMPLETED
ORD-1786976374108-7449B48E,CUST-00496,2025-12-22T02:44:42.244Z,496.72,SHIPPED
ORD-1786976374108-D8CD7BE3,CUST-00324,2025-11-27T16:58:06.569Z,12.71,PENDING
ORD-1786976374108-3AEC770B,CUST-00783,2025-05-17T20:01:01.916Z,391.58,PENDING
ORD-1786976374108-74F11706,CUST-00468,2025-11-10T21:19:19.561Z,47.00,PENDING
ORD-1786976374108-73EE66D9,CUST-00920,2026-08-12T17:50:37.353Z,226.54,COMPLETED
ORD-1786976374108-98E7311E,CUST-00564,2025-06-24T16:14:39.355Z,405.95,DELIVERED
ORD-1786976374108-BBB1C917,CUST-00301,2025-09-24T20:02:04.230Z,381.86,SHIPPED
ORD-1786976374108-0540F640,CUST-00667,2026-01-09T00:13:10.982Z,474.73,PENDING
ORD-1786976374108-5AF3081A,CUST-00697,2025-10-05T18:08:42.774Z,424.20,COMPLETED
ORD-1786976374108-6C59D0CF,CUST-00994,2025-03-14T12:48:07.153Z,16.12,PENDING
ORD-1786976374108-A356B7B3,CUST-00377,2026-05-23T10:24:45.710Z,327.35,PENDING
ORD-1786976374108-BD42EB73,CUST-00455,2026-01-22T13:47:20.296Z,103.24,SHIPPED
ORD-1786976374108-B96E4553,CUST-00556,2025-08-12T12:42:24.087Z,244.13,DELIVERED
ORD-1786976374108-65C36ECA,CUST-00871,2025-10-25T08:42:34.785Z,185.50,PROCESSING
ORD-1786976374108-B6CD12E0,CUST-00234,2026-08-03T18:58:42.968Z,311.20,SHIPPED
ORD-1786976374108-186E11DE,CUST-00563,2025-04-27T10:53:38.333Z,263.96,CANCELLED
ORD-1786976374108-AF363365,CUST-00868,2025-02-11T21:05:09.117Z,144.13,CANCELLED
ORD-1786976374108-BE0AB8E3,CUST-00017,2025-04-22T21:02:11.725Z,23.27,PENDING
ORD-1786976374108-7AE05ECE,CUST-00720,2025-01-12T17:00:57.888Z,384.73,COMPLETED
ORD-1786976374108-C07B607A,CUST-00635,2025-05-22T01:07:01.443Z,284.87,PENDING
ORD-1786976374108-66F5F215,CUST-00794,2025-12-25T01:16:31.706Z,502.79,PROCESSING
ORD-1786976374108-7EB81A0D,CUST-00892,2026-01-08T21:22:31.473Z,332.79,PENDING
ORD-1786976374108-E6A645DD,CUST-00684,2026-08-02T16:32:37.985Z,178.97,PENDING
ORD-1786976374108-FC700B79,CUST-00067,2025-11-10T10:29:20.294Z,419.30,PENDING
ORD-1786976374108-9F88EF21,CUST-00763,2025-11-30T03:19:47.285Z,40.27,PENDING
ORD-1786976374108-D607780A,CUST-00971,2025-04-09T20:10:46.548Z,295.54,PENDING
ORD-1786976374108-5522B623,CUST-00493,2026-07-24T21:11:53.667Z,197.67,CANCELLED
ORD-1786976374108-FDF9C964,CUST-00002,2026-05-10T23:34:49.470Z,169.93,SHIPPED
ORD-1786976374108-E399F909,CUST-00002,2026-04-06T00:54:07.021Z,88.66,PROCESSING
ORD-1786976374108-EAF3D9C6,CUST-00100,2026-08-02T09:40:00.158Z,355.46,PROCESSING
ORD-1786976374108-B729B484,CUST-00147,2026-07-24T18:44:13.933Z,187.31,CANCELLED
ORD-1786976374108-667CD4A6,CUST-00589,2025-09-11T23:50:04.733Z,128.40,PROCESSING
ORD-1786976374108-3BF10EE6,CUST-00878,2026-02-16T01:05:29.990Z,509.52,COMPLETED
ORD-1786976374108-E2B0AE55,CUST-00511,2025-06-01T04:23:54.334Z,47.98,PROCESSING
ORD-1786976374108-065A023F,CUST-00464,2025-06-09T16:02:10.985Z,80.86,COMPLETED
ORD-1786976374108-81DBEA61,CUST-00875,2025-04-06T14:03:35.499Z,488.04,SHIPPED
ORD-1786976374108-2F00BF9E,CUST-00167,2025-08-31T08:16:17.632Z,153.61,PROCESSING
ORD-1786976374108-6419F4B8,CUST-00689,2025-06-13T10:38:43.652Z,499.32,PENDING
ORD-1786976374108-C15C9926,CUST-00756,2026-06-20T14:40:59.628Z,349.52,PROCESSING
ORD-1786976374108-39FDF2F8,CUST-00363,2026-02-23T03:56:00.731Z,22.97,CANCELLED
ORD-1786976374108-0D4EF2E9,CUST-00664,2025-02-09T22:18:59.061Z,406.96,COMPLETED
ORD-1786976374108-8C74C31F,CUST-00179,2025-05-01T01:29:13.504Z,252.41,CANCELLED
ORD-1786976374108-D8E28AD4,CUST-00611,2025-10-23T11:24:43.333Z,127.59,PROCESSING
ORD-1786976374108-94F87295,CUST-00815,2025-06-16T11:08:12.078Z,188.50,CANCELLED
ORD-1786976374108-6DD3F87A,CUST-00346,2025-03-15T06:44:07.832Z,83.11,CANCELLED
ORD-1786976374108-92BB23A2,CUST-00804,2025-01-14T07:48:20.802Z,243.49,SHIPPED
ORD-1786976374108-7D53902B,CUST-00965,2025-03-05T11:38:56.798Z,145.76,DELIVERED
ORD-1786976374108-9965EF79,CUST-00900,2025-10-23T14:20:48.112Z,451.42,SHIPPED
ORD-1786976374108-5532C3CE,CUST-00146,2025-08-19T21:28:51.421Z,452.87,COMPLETED
ORD-1786976374108-5CD16B08,CUST-00129,2025-07-25T18:18:20.084Z,441.90,CANCELLED
ORD-1786976374108-07A87282,CUST-00844,2025-09-11T15:16:35.820Z,488.89,CANCELLED
ORD-1786976374108-862924B1,CUST-00614,2026-03-11T15:04:10.091Z,413.81,PENDING
ORD-1786976374108-526C4BD3,CUST-00486,2025-10-21T07:37:20.374Z,209.40,PROCESSING
ORD-1786976374108-7B0FF229,CUST-00236,2025-06-03T14:04:13.718Z,43.47,DELIVERED
ORD-1786976374108-C927C85F,CUST-00395,2025-11-05T02:05:30.489Z,470.07,SHIPPED
ORD-1786976374108-FF726E1C,CUST-00327,2026-06-08T20:11:46.480Z,379.09,DELIVERED
ORD-1786976374108-502FF1F3,CUST-00861,2026-03-07T20:42:12.593Z,465.62,DELIVERED
ORD-1786976374108-BFB87BC4,CUST-00925,2025-02-07T22:53:39.821Z,289.06,PROCESSING
ORD-1786976374108-6089A8AA,CUST-00001,2026-05-22T04:55:04.510Z,245.03,PROCESSING
ORD-1786976374108-7730DE4A,CUST-00898,2025-02-16T03:19:07.159Z,459.08,SHIPPED
ORD-1786976374108-99270004,CUST-00316,2025-03-01T23:09:27.830Z,473.73,CANCELLED
ORD-1786976374108-DB9A6687,CUST-00958,2025-03-12T07:23:07.667Z,188.09,COMPLETED
ORD-1786976374108-B783570C,CUST-00826,2025-02-22T02:13:09.664Z,295.49,PENDING
ORD-1786976374108-4DDF830B,CUST-00712,2025-02-22T00:38:19.629Z,422.18,SHIPPED
ORD-1786976374108-EF902DEF,CUST-00373,2025-03-27T07:48:10.062Z,500.31,COMPLETED
ORD-1786976374108-A176B120,CUST-00588,2025-05-24T19:06:54.934Z,508.45,SHIPPED
ORD-1786976374108-01159A5C,CUST-00604,2026-08-13T19:17:03.956Z,471.69,SHIPPED
ORD-1786976374108-B0393CDF,CUST-00703,2025-06-19T08:58:22.601Z,149.78,PROCESSING
ORD-1786976374108-E20E334B,CUST-00292,2025-02-20T17:43:10.508Z,284.07,CANCELLED
ORD-1786976374108-2937EDB2,CUST-00724,2025-04-29T14:39:49.659Z,66.05,PENDING
ORD-1786976374108-47D86867,CUST-00316,2026-04-28T07:08:02.505Z,229.26,PENDING
ORD-1786976374108-D9E3AC17,CUST-00442,2025-12-20T01:23:32.271Z,253.64,COMPLETED
ORD-1786976374108-7A042F74,CUST-00193,2026-07-31T13:21:39.207Z,101.37,PROCESSING
ORD-1786976374108-3F145549,CUST-00902,2026-06-20T07:55:09.658Z,437.87,DELIVERED
ORD-1786976374108-ABD8ECFD,CUST-00080,2025-07-15T19:48:00.655Z,10.39,DELIVERED
ORD-1786976374108-E56C8A42,CUST-00320,2025-12-06T09:39:16.418Z,470.02,PENDING
ORD-1786976374108-A3B0FAD2,CUST-00871,2025-11-30T16:42:59.171Z,173.80,DELIVERED
ORD-1786976374108-349FE490,CUST-00700,2025-03-20T02:15:59.157Z,38.49,DELIVERED
ORD-1786976374108-7BA2C8B0,CUST-00539,2026-06-28T21:44:21.536Z,376.31,SHIPPED
ORD-1786976374108-A38A612D,CUST-00318,2025-04-02T17:19:17.028Z,246.54,PENDING
ORD-1786976374108-ED76C7D3,CUST-00085,2026-05-26T23:50:49.710Z,211.96,CANCELLED
ORD-1786976374108-29723A05,CUST-00714,2026-05-23T22:30:15.596Z,476.13,COMPLETED
ORD-1786976374108-BB858233,CUST-00380,2025-06-21T00:51:34.252Z,201.94,SHIPPED
ORD-1786976374108-DF0EF1CB,CUST-00418,2025-05-01T02:31:05.797Z,421.60,DELIVERED
ORD-1786976374108-C93A430C,CUST-00278,2026-01-22T20:09:19.831Z,15.55,DELIVERED
ORD-1786976374108-90455133,CUST-00712,2026-07-22T03:12:37.379Z,231.50,CANCELLED
ORD-1786976374108-7767B87E,CUST-00193,2025-05-07T21:55:03.550Z,443.87,COMPLETED
ORD-1786976374108-4E51F3BB,CUST-00435,2025-07-24T03:04:34.313Z,447.40,SHIPPED
ORD-1786976374108-41341813,CUST-00202,2026-05-03T05:50:15.607Z,381.07,CANCELLED
ORD-1786976374108-4F17A118,CUST-00937,2025-03-23T00:02:36.109Z,449.81,PROCESSING
ORD-1786976374108-A0CC162D,CUST-00034,2025-07-15T02:41:35.596Z,373.18,CANCELLED
ORD-1786976374108-5976BDC9,CUST-00181,2025-10-06T05:28:32.506Z,254.22,PENDING
ORD-1786976374108-C06DB3AB,CUST-00143,2026-06-11T07:48:28.939Z,188.84,PROCESSING
ORD-1786976374108-A1B4094A,CUST-00472,2025-07-24T03:40:43.837Z,478.12,DELIVERED
ORD-1786976374108-706B82AA,CUST-00091,2026-05-10T10:39:54.179Z,78.77,PROCESSING
ORD-1786976374108-60AF2BE6,CUST-00169,2026-07-10T10:17:58.109Z,421.78,COMPLETED
ORD-1786976374108-6E584416,CUST-00438,2025-10-30T01:45:01.784Z,375.44,DELIVERED
ORD-1786976374108-CBC53F5B,CUST-00699,2026-03-18T19:01:27.270Z,349.47,PENDING
ORD-1786976374108-5EAE5158,CUST-00603,2025-01-13T10:45:29.406Z,89.85,SHIPPED
ORD-1786976374108-C10257A8,CUST-00166,2025-03-27T07:15:37.707Z,416.56,DELIVERED
ORD-1786976374108-7708C8F9,CUST-00372,2026-01-16T15:12:32.184Z,312.49,SHIPPED
ORD-1786976374108-DDBF19E4,CUST-00386,2026-06-30T08:15:49.355Z,274.35,PENDING
ORD-1786976374108-463E2122,CUST-00908,2025-02-24T17:12:35.737Z,260.78,PENDING
ORD-1786976374108-3C375DF1,CUST-00627,2025-04-09T14:52:02.619Z,199.91,COMPLETED
ORD-1786976374108-E413920E,CUST-00437,2025-07-05T06:30:07.660Z,401.86,SHIPPED
ORD-1786976374108-FECD922F,CUST-00860,2025-02-04T13:50:49.409Z,31.66,SHIPPED
ORD-1786976374108-ECFE4F3A,CUST-00270,2025-01-26T01:04:26.266Z,304.56,COMPLETED
ORD-1786976374108-5B9A971A,CUST-00261,2026-05-31T05:09:31.070Z,383.42,COMPLETED
ORD-1786976374108-47137152,CUST-00119,2025-02-10T13:16:56.545Z,322.65,PENDING
ORD-1786976374108-D426058A,CUST-00378,2026-02-26T05:44:42.399Z,330.34,PROCESSING
ORD-1786976374108-ECFADCC7,CUST-00030,2025-01-08T18:32:21.617Z,417.80,CANCELLED
ORD-1786976374108-560D6F39,CUST-00045,2025-10-25T16:00:34.105Z,52.03,PENDING
ORD-1786976374108-9CB29ED0,CUST-00076,2026-01-13T20:18:01.870Z,253.07,PROCESSING
ORD-1786976374108-A3DA2A7F,CUST-00360,2026-06-01T01:38:34.169Z,32.67,PROCESSING
ORD-1786976374108-E6568D54,CUST-00828,2026-05-04T18:42:08.466Z,449.66,PENDING
ORD-1786976374108-BD223AE0,CUST-00534,2025-12-17T22:56:43.620Z,100.06,COMPLETED
ORD-1786976374108-2E61DCFE,CUST-00006,2026-03-08T10:00:08.186Z,413.37,PROCESSING
ORD-1786976374108-A3DFE4B7,CUST-00292,2025-10-27T14:09:48.732Z,83.33,SHIPPED
ORD-1786976374108-554FD6E0,CUST-00553,2026-04-28T23:10:34.395Z,508.52,SHIPPED
ORD-1786976374108-9BF12575,CUST-00896,2025-07-22T07:54:02.070Z,254.16,SHIPPED
ORD-1786976374108-C84639C1,CUST-00194,2026-06-28T19:21:43.559Z,169.72,PROCESSING
ORD-1786976374108-3546FCA0,CUST-00072,2026-01-02T23:10:59.702Z,156.74,PROCESSING
ORD-1786976374108-8E5387DF,CUST-00013,2025-03-14T05:23:04.810Z,380.77,CANCELLED
ORD-1786976374108-3C7E928D,CUST-00103,2025-08-03T07:03:48.884Z,341.84,PENDING
ORD-1786976374108-F0FD6BB1,CUST-00906,2025-02-16T22:09:46.264Z,484.27,PROCESSING
ORD-1786976374108-2A8AD825,CUST-00991,2026-04-19T22:55:26.749Z,451.34,CANCELLED
ORD-1786976374108-8BC76849,CUST-00836,2025-01-13T16:57:59.895Z,236.66,DELIVERED
ORD-1786976374108-44A260A5,CUST-00474,2025-05-17T21:50:46.381Z,271.85,PROCESSING
ORD-1786976374108-E87C8E17,CUST-00567,2025-02-20T09:53:49.170Z,361.66,DELIVERED
ORD-1786976374108-4903F6D0,CUST-00353,2026-08-11T08:54:37.803Z,333.35,COMPLETED
ORD-1786976374108-331A0F82,CUST-00406,2025-12-17T14:19:00.208Z,159.57,COMPLETED
ORD-1786976374108-0BAA4893,CUST-00859,2025-11-29T09:52:28.487Z,474.36,SHIPPED
ORD-1786976374108-100ADA06,CUST-00969,2025-12-15T12:00:32.507Z,262.82,DELIVERED
ORD-1786976374108-6651D942,CUST-00342,2025-01-16T07:05:15.167Z,195.34,SHIPPED
ORD-1786976374108-D654F8D5,CUST-00512,2025-08-05T05:51:34.890Z,287.68,DELIVERED
ORD-1786976374108-4376E106,CUST-00542,2026-02-11T20:27:14.791Z,448.82,PROCESSING
ORD-1786976374108-E02BDCEA,CUST-00116,2025-08-09T09:51:56.516Z,460.98,PROCESSING
ORD-1786976374108-9F4E67E1,CUST-00836,2026-04-02T13:14:30.877Z,16.60,CANCELLED
ORD-1786976374108-0111ED4C,CUST-00170,2026-02-20T16:09:42.597Z,338.38,PROCESSING
ORD-1786976374108-05259192,CUST-00077,2025-09-09T11:52:30.673Z,118.94,COMPLETED
ORD-1786976374108-D438D2A3,CUST-00584,2025-09-12T23:04:27.359Z,347.07,PROCESSING
ORD-1786976374108-26F6EA6F,CUST-00431,2025-07-22T12:41:52.138Z,499.56,DELIVERED
ORD-1786976374108-88F71F7B,CUST-00171,2026-04-08T21:26:56.833Z,484.97,DELIVERED
ORD-1786976374108-F131CDE1,CUST-00478,2026-05-07T01:19:48.395Z,129.24,DELIVERED
ORD-1786976374108-C6B80F28,CUST-00419,2026-02-01T04:07:56.198Z,392.75,COMPLETED
ORD-1786976374108-BC2A69FA,CUST-00575,2025-11-03T17:02:50.137Z,65.07,COMPLETED
ORD-1786976374108-7EE2E9A2,CUST-00466,2026-07-13T05:25:59.062Z,265.41,SHIPPED
ORD-1786976374108-9D6F7F77,CUST-00906,2025-12-13T08:34:03.700Z,435.44,CANCELLED
ORD-1786976374108-B49EF2AA,CUST-00136,2026-04-02T14:44:38.980Z,333.01,CANCELLED
ORD-1786976374108-E2D60C59,CUST-00112,2025-03-28T14:55:32.529Z,445.41,DELIVERED
ORD-1786976374108-C22220AD,CUST-00143,2026-05-30T00:10:53.433Z,449.21,SHIPPED
ORD-1786976374108-E6356505,CUST-00824,2026-05-16T13:57:28.598Z,209.01,SHIPPED
ORD-1786976374108-EA489681,CUST-00001,2026-03-26T09:00:42.059Z,343.55,COMPLETED
ORD-1786976374108-6F422C58,CUST-00295,2025-08-15T00:06:27.234Z,248.96,PROCESSING
ORD-1786976374108-00E8EB70,CUST-00974,2025-06-15T23:27:33.789Z,206.11,DELIVERED
ORD-1786976374108-815BBC54,CUST-00025,2025-10-23T01:50:02.188Z,276.36,SHIPPED
ORD-1786976374108-1D49FDCE,CUST-00957,2025-10-11T16:40:48.618Z,337.59,SHIPPED
ORD-1786976374108-2CA20FE2,CUST-00462,2026-07-27T21:18:56.335Z,283.21,SHIPPED
ORD-1786976374108-3EABE8D4,CUST-00804,2025-07-08T05:15:03.647Z,44.98,PENDING
ORD-1786976374108-98738A80,CUST-00926,2026-05-26T12:39:21.313Z,267.51,CANCELLED
ORD-1786976374108-3B98590B,CUST-00813,2026-07-13T15:26:22.358Z,268.75,SHIPPED
ORD-1786976374108-12657DD4,CUST-00424,2025-02-13T13:14:18.294Z,330.69,CANCELLED
ORD-1786976374108-AD522CFA,CUST-00735,2025-02-24T10:36:14.932Z,479.19,COMPLETED
ORD-1786976374108-EF84D42B,CUST-00485,2025-07-14T01:28:10.960Z,139.68,CANCELLED
ORD-1786976374108-EACB3168,CUST-00006,2026-01-22T01:45:31.775Z,72.86,DELIVERED
ORD-1786976374108-DB2B08F6,CUST-00238,2025-11-11T06:57:09.232Z,118.69,SHIPPED
ORD-1786976374108-0F2C8B97,CUST-00413,2025-07-25T09:52:37.002Z,120.62,PENDING
ORD-1786976374108-26B753B6,CUST-00584,2025-08-29T03:24:19.585Z,390.72,DELIVERED
ORD-1786976374108-809BF534,CUST-00495,2025-08-02T10:39:36.244Z,298.75,DELIVERED
ORD-1786976374108-E12B6D5B,CUST-00011,2025-07-14T05:48:57.747Z,485.39,CANCELLED
ORD-1786976374108-BE2DBD2D,CUST-00569,2025-02-01T04:06:53.097Z,87.21,PROCESSING
ORD-1786976374108-AAC40749,CUST-00498,2025-06-30T06:28:51.130Z,435.88,CANCELLED
ORD-1786976374108-4E7C182E,CUST-00186,2026-03-18T11:57:42.921Z,245.13,DELIVERED
ORD-1786976374108-E2CA02A4,CUST-00912,2025-04-15T09:16:31.031Z,193.83,PROCESSING
ORD-1786976374108-6E5AF558,CUST-00990,2025-11-03T21:46:44.857Z,105.50,PROCESSING
ORD-1786976374108-CE3FD7FC,CUST-00227,2025-02-22T16:58:15.295Z,450.29,SHIPPED
ORD-1786976374108-8560DEE7,CUST-00888,2025-07-06T07:36:09.293Z,311.10,DELIVERED
ORD-1786976374108-D39E2EDE,CUST-00286,2025-09-21T20:28:07.072Z,423.17,PENDING
ORD-1786976374108-854B6ADC,CUST-00490,2025-04-02T15:09:26.922Z,198.25,PROCESSING
ORD-1786976374108-EED781EE,CUST-00649,2025-09-24T08:35:20.737Z,33.52,PROCESSING
ORD-1786976374108-898663C8,CUST-00626,2026-04-19T04:22:35.588Z,318.33,COMPLETED
ORD-1786976374108-78631EBF,CUST-00833,2025-10-23T00:12:03.733Z,267.81,CANCELLED
ORD-1786976374108-D2A41224,CUST-00785,2025-02-03T01:07:57.740Z,401.45,PROCESSING
ORD-1786976374109-140CFCE9,CUST-00217,2026-05-20T15:14:01.398Z,246.19,PENDING
ORD-1786976374109-7CDB3F7E,CUST-00519,2025-05-10T07:28:23.575Z,267.03,PENDING
ORD-1786976374109-8B6BEC22,CUST-00103,2025-05-01T19:54:27.050Z,366.61,PENDING
ORD-1786976374109-3DE887FB,CUST-00279,2026-06-10T19:15:54.157Z,171.22,SHIPPED
ORD-1786976374109-4BD866E9,CUST-00506,2025-02-24T21:37:53.159Z,160.69,CANCELLED
ORD-1786976374109-FFFD026F,CUST-00267,2025-11-22T07:09:18.403Z,442.67,SHIPPED
ORD-1786976374109-0B3CB36D,CUST-00301,2026-03-01T06:33:47.788Z,250.83,PROCESSING
ORD-1786976374109-9004CDD2,CUST-00629,2026-03-12T06:52:34.049Z,24.45,SHIPPED
ORD-1786976374109-7F0E70F1,CUST-00447,2025-07-21T20:25:39.108Z,401.02,COMPLETED
ORD-1786976374109-F1847D55,CUST-00693,2025-03-14T01:26:08.600Z,257.67,SHIPPED
ORD-1786976374109-6840BF0E,CUST-00845,2026-06-18T12:37:43.788Z,466.74,PROCESSING
ORD-1786976374109-C6584E30,CUST-00821,2026-01-13T17:55:53.422Z,433.80,PROCESSING
ORD-1786976374109-FD95EA86,CUST-00031,2025-04-09T06:20:23.024Z,70.67,DELIVERED
ORD-1786976374109-3895376D,CUST-00318,2025-03-22T09:32:53.716Z,459.38,CANCELLED
ORD-1786976374109-A397E605,CUST-00991,2025-11-07T11:12:37.885Z,355.36,PROCESSING
ORD-1786976374109-8ADAAB04,CUST-00176,2025-04-10T02:30:31.222Z,147.01,DELIVERED
ORD-1786976374109-4CDE4D11,CUST-00087,2026-04-28T14:02:10.248Z,288.61,SHIPPED
ORD-1786976374109-695BD126,CUST-00519,2026-01-18T23:48:03.602Z,113.70,COMPLETED
ORD-1786976374109-D4DBA470,CUST-00981,2025-05-02T06:03:42.114Z,363.46,PENDING
ORD-1786976374109-9974EED9,CUST-00953,2025-02-13T08:05:21.468Z,480.29,CANCELLED
ORD-1786976374109-41D4E012,CUST-00654,2026-05-26T09:03:38.753Z,69.27,PROCESSING
ORD-1786976374109-C742E82E,CUST-00359,2025-07-14T13:46:32.190Z,119.70,CANCELLED
ORD-1786976374109-DE3BE556,CUST-00127,2026-05-18T22:47:42.784Z,115.41,SHIPPED
ORD-1786976374109-8CA44585,CUST-00904,2025-04-02T11:27:12.953Z,349.24,COMPLETED
ORD-1786976374109-B9BF5508,CUST-00602,2025-02-21T14:52:14.085Z,56.00,CANCELLED
ORD-1786976374109-756D41F6,CUST-00616,2026-07-12T05:09:33.204Z,373.26,SHIPPED
ORD-1786976374109-45BFE7DE,CUST-00813,2025-08-30T05:51:28.853Z,432.97,COMPLETED
ORD-1786976374109-D963F897,CUST-00816,2026-03-09T00:35:36.251Z,77.25,CANCELLED
ORD-1786976374109-691179CB,CUST-00892,2025-10-07T11:59:16.350Z,361.34,DELIVERED
ORD-1786976374109-159C47F6,CUST-00966,2025-07-29T02:23:59.633Z,421.89,PROCESSING
ORD-1786976374109-B391DC8E,CUST-00438,2025-06-19T12:00:24.471Z,67.04,PENDING
ORD-1786976374109-6C0A3044,CUST-00313,2025-11-18T10:55:28.609Z,175.53,PROCESSING
ORD-1786976374109-6B7F70AE,CUST-00401,2026-03-16T00:06:52.633Z,12.33,COMPLETED
ORD-1786976374109-761C3498,CUST-00396,2025-09-22T07:50:18.100Z,274.98,CANCELLED
ORD-1786976374109-C12E0FD1,CUST-00502,2025-03-14T01:36:14.662Z,401.89,DELIVERED
ORD-1786976374109-9F5C2B0F,CUST-00232,2025-02-20T01:45:39.664Z,301.45,DELIVERED
ORD-1786976374109-E01A2783,CUST-00268,2026-03-05T15:00:51.083Z,453.15,PENDING
ORD-1786976374109-AF7F684E,CUST-00327,2026-07-26T20:58:49.603Z,184.54,SHIPPED
ORD-1786976374109-1A31872F,CUST-00586,2026-07-06T11:17:35.216Z,308.14,PENDING
ORD-1786976374109-8EDEF86F,CUST-00358,2026-01-17T00:48:33.388Z,372.30,COMPLETED
ORD-1786976374109-7CB23E94,CUST-00929,2025-11-09T02:21:09.870Z,68.24,COMPLETED
ORD-1786976374109-FD55A2EC,CUST-00302,2026-02-05T09:11:29.284Z,161.90,CANCELLED
ORD-1786976374109-634BB65F,CUST-00818,2025-11-05T11:51:40.069Z,442.63,PROCESSING
ORD-1786976374109-0DBB08EF,CUST-00334,2025-03-10T14:30:27.047Z,22.02,DELIVERED
ORD-1786976374109-AD8178C8,CUST-00977,2026-03-23T11:53:04.098Z,491.04,DELIVERED
ORD-1786976374109-ABAD18CA,CUST-00002,2026-05-30T12:12:17.115Z,212.96,PENDING
ORD-1786976374109-42DD22E0,CUST-00539,2026-01-04T16:42:06.549Z,372.02,PENDING
ORD-1786976374109-2785CC5D,CUST-00196,2025-09-26T11:49:46.953Z,127.04,SHIPPED
ORD-1786976374109-64570011,CUST-00918,2026-03-02T16:04:13.775Z,372.03,DELIVERED
ORD-1786976374109-F44E5479,CUST-00841,2025-02-01T17:44:43.254Z,240.69,DELIVERED
ORD-1786976374109-6FFD8078,CUST-00049,2026-08-08T04:51:02.463Z,105.00,PENDING
ORD-1786976374109-B1A3AA64,CUST-00887,2025-07-16T13:59:36.385Z,313.31,CANCELLED
ORD-1786976374109-4F37C4E6,CUST-00530,2025-02-16T20:32:25.001Z,176.13,PROCESSING
ORD-1786976374109-3C11C5AD,CUST-00728,2026-04-24T03:15:22.323Z,474.89,SHIPPED
ORD-1786976374109-7A36FCFE,CUST-00240,2025-03-19T19:17:24.706Z,452.75,PENDING
ORD-1786976374109-6B5066BA,CUST-00861,2026-02-16T08:37:39.358Z,494.73,SHIPPED
ORD-1786976374109-5054D271,CUST-00195,2026-06-16T14:31:40.846Z,464.49,SHIPPED
ORD-1786976374109-E6D382DB,CUST-00495,2026-02-25T23:26:21.947Z,14.08,COMPLETED
ORD-1786976374109-5A794DBD,CUST-00966,2025-08-24T22:06:23.283Z,21.15,COMPLETED
ORD-1786976374109-20B9E6E1,CUST-00511,2025-01-15T11:48:19.064Z,174.62,PROCESSING
ORD-1786976374110-FAE4F49A,CUST-00207,2026-08-11T03:46:43.685Z,279.00,SHIPPED
ORD-1786976374110-B6E1A695,CUST-00611,2025-01-04T11:25:19.217Z,36.21,PROCESSING
ORD-1786976374110-E43874DB,CUST-00719,2026-03-22T12:45:16.537Z,93.75,DELIVERED
ORD-1786976374110-6D779819,CUST-00796,2026-05-29T15:37:34.430Z,18.72,COMPLETED
ORD-1786976374110-21F70C2A,CUST-00640,2026-01-28T00:11:00.159Z,116.15,DELIVERED
ORD-1786976374110-4231F680,CUST-00587,2025-04-24T15:06:05.184Z,443.11,SHIPPED
ORD-1786976374110-991FFD9D,CUST-00487,2025-03-28T08:35:39.036Z,277.86,CANCELLED
ORD-1786976374110-8BD4C90C,CUST-00391,2025-07-28T11:06:25.724Z,403.65,PENDING
ORD-1786976374110-42DB1467,CUST-00947,2025-08-14T23:35:09.640Z,102.40,SHIPPED
ORD-1786976374110-DA8E5D1A,CUST-00739,2026-07-04T00:01:43.036Z,499.81,SHIPPED
ORD-1786976374110-FB1DC50A,CUST-00713,2026-01-08T01:57:06.843Z,431.33,PENDING
ORD-1786976374110-E21F54AD,CUST-00705,2026-08-12T00:58:57.008Z,191.95,DELIVERED
ORD-1786976374110-CAC96EDF,CUST-00789,2026-01-15T11:46:43.649Z,74.91,DELIVERED
ORD-1786976374110-AC195096,CUST-00056,2025-03-14T18:33:10.395Z,220.93,COMPLETED
ORD-1786976374110-E02B84F5,CUST-00061,2025-07-14T05:52:51.866Z,183.19,COMPLETED
ORD-1786976374110-F62F6084,CUST-00635,2026-05-26T12:20:48.128Z,275.92,PROCESSING
ORD-1786976374110-F2BBD6AF,CUST-00801,2026-06-14T09:04:54.599Z,198.88,COMPLETED
ORD-1786976374110-A8F27298,CUST-00992,2026-03-21T04:23:04.212Z,248.51,SHIPPED
ORD-1786976374110-7FC11FB5,CUST-00059,2025-12-23T07:33:21.044Z,144.62,DELIVERED
ORD-1786976374110-0F790DD5,CUST-00680,2025-09-20T23:03:45.198Z,290.70,SHIPPED
ORD-1786976374110-D413019A,CUST-00500,2026-05-17T22:45:24.980Z,64.00,SHIPPED
ORD-1786976374110-56F86872,CUST-00447,2025-05-18T03:20:57.420Z,403.69,CANCELLED
ORD-1786976374110-7CBDC13A,CUST-00097,2025-11-21T13:46:02.751Z,31.19,PENDING
ORD-1786976374110-50B7B63B,CUST-00823,2025-09-10T22:11:04.594Z,191.59,PENDING
ORD-1786976374110-F1991827,CUST-00815,2026-01-28T16:53:47.913Z,311.24,DELIVERED
ORD-1786976374110-401B6281,CUST-00140,2025-03-07T06:03:12.118Z,78.74,COMPLETED
ORD-1786976374110-4A589146,CUST-00547,2026-02-02T04:09:30.384Z,249.89,DELIVERED
ORD-1786976374110-6325F715,CUST-00415,2026-07-18T19:29:02.984Z,268.75,COMPLETED
ORD-1786976374110-1A07ACA8,CUST-00480,2026-08-08T07:09:09.208Z,432.73,SHIPPED
ORD-1786976374110-E036B810,CUST-00658,2025-03-30T04:13:30.654Z,248.01,CANCELLED
ORD-1786976374110-AE4EC781,CUST-00546,2025-03-12T21:58:07.038Z,164.89,PROCESSING
ORD-1786976374110-BCD6AB28,CUST-00352,2026-02-28T13:20:02.966Z,278.71,CANCELLED
ORD-1786976374110-DDE762E9,CUST-00720,2025-07-14T01:36:37.373Z,393.74,PROCESSING
ORD-1786976374110-41D8BAE9,CUST-00348,2025-06-05T10:14:34.666Z,305.07,COMPLETED
ORD-1786976374110-FCAC09EC,CUST-00412,2026-04-21T03:13:01.285Z,171.43,DELIVERED
ORD-1786976374110-FB3820B8,CUST-00069,2026-04-05T02:54:30.581Z,396.78,PROCESSING
ORD-1786976374110-46373237,CUST-00014,2025-05-01T08:28:12.855Z,249.93,PENDING
ORD-1786976374110-6AB2C803,CUST-00065,2026-06-27T04:37:46.746Z,57.79,PENDING
ORD-1786976374110-886107DA,CUST-00298,2025-04-17T14:16:25.706Z,24.16,PENDING
ORD-1786976374110-7112293E,CUST-00631,2025-12-06T16:31:44.324Z,83.26,DELIVERED
ORD-1786976374110-8E78A584,CUST-00338,2026-02-09T05:50:47.554Z,478.62,CANCELLED
ORD-1786976374110-4E561FFB,CUST-00257,2026-06-09T12:29:25.320Z,21.90,SHIPPED
ORD-1786976374110-486267F7,CUST-00771,2025-03-09T03:47:32.662Z,31.31,DELIVERED
ORD-1786976374110-9B7F1799,CUST-00909,2025-01-20T09:59:02.121Z,500.47,CANCELLED
ORD-1786976374110-323D4B38,CUST-00902,2025-09-13T17:30:38.271Z,265.80,CANCELLED
ORD-1786976374110-4EEEDDFE,CUST-00578,2025-03-31T12:14:19.226Z,316.65,CANCELLED
ORD-1786976374110-480DAED8,CUST-00348,2025-11-28T12:24:52.029Z,305.76,PROCESSING
ORD-1786976374110-17AEFF22,CUST-00619,2025-12-16T23:40:56.695Z,271.68,PROCESSING
ORD-1786976374110-397E61D2,CUST-00223,2026-05-04T17:36:01.145Z,381.55,PENDING
ORD-1786976374110-9CB241B1,CUST-00904,2025-02-23T18:43:35.035Z,377.15,DELIVERED
ORD-1786976374110-2B9AAF6B,CUST-00517,2025-01-17T23:10:38.911Z,234.63,SHIPPED
ORD-1786976374110-6A485815,CUST-00315,2026-01-24T21:13:00.361Z,405.03,SHIPPED
ORD-1786976374110-90755E5E,CUST-00220,2026-01-11T20:49:46.600Z,444.91,DELIVERED
ORD-1786976374110-4062BC6B,CUST-00607,2026-07-23T03:45:37.570Z,92.62,PROCESSING
ORD-1786976374110-E6FE9571,CUST-00839,2025-03-27T21:34:35.619Z,389.19,SHIPPED
ORD-1786976374110-E6166500,CUST-00071,2025-07-24T19:08:26.569Z,221.24,COMPLETED
ORD-1786976374110-2C72C9B3,CUST-00792,2025-05-02T16:33:25.672Z,44.86,PROCESSING
ORD-1786976374110-920318D9,CUST-00332,2025-01-17T22:58:37.643Z,38.94,CANCELLED
ORD-1786976374110-350E5EA7,CUST-00339,2026-03-21T06:13:31.202Z,39.28,COMPLETED
ORD-1786976374110-C6E6042A,CUST-00869,2026-03-05T19:22:41.265Z,240.98,PROCESSING
ORD-1786976374110-101CDB57,CUST-00164,2025-04-29T05:04:58.757Z,446.27,CANCELLED
ORD-1786976374110-FF76EAB5,CUST-00100,2025-02-20T06:40:52.836Z,468.00,PROCESSING
ORD-1786976374110-86488833,CUST-00584,2025-02-10T07:58:42.413Z,276.06,COMPLETED
ORD-1786976374110-A1716372,CUST-00839,2025-05-29T11:40:03.108Z,125.35,SHIPPED
ORD-1786976374110-00634B4D,CUST-00661,2025-12-26T15:53:28.393Z,254.68,DELIVERED
ORD-1786976374110-659DA88A,CUST-00618,2025-11-22T16:56:08.343Z,224.85,CANCELLED
ORD-1786976374110-A649778D,CUST-00267,2026-07-01T21:36:18.929Z,132.60,PROCESSING
ORD-1786976374110-075C6049,CUST-00399,2025-02-27T21:28:26.674Z,285.36,PENDING
ORD-1786976374110-2A1F3BF0,CUST-00971,2025-03-07T13:35:17.152Z,202.90,SHIPPED
ORD-1786976374110-75102B25,CUST-00505,2026-03-25T02:48:00.333Z,420.37,SHIPPED
ORD-1786976374110-A18F560E,CUST-00573,2026-04-16T09:25:03.499Z,337.17,COMPLETED
ORD-1786976374110-33CB4642,CUST-00551,2025-05-05T02:25:30.374Z,110.34,SHIPPED
ORD-1786976374110-6C81B5C8,CUST-00483,2026-02-17T08:24:36.087Z,364.06,COMPLETED
ORD-1786976374110-6CCF78BC,CUST-00572,2025-12-09T08:04:19.280Z,155.68,SHIPPED
ORD-1786976374110-27DB775C,CUST-00018,2025-02-14T06:49:38.686Z,12.61,PENDING
ORD-1786976374110-8ED57E64,CUST-00544,2026-04-10T22:19:31.303Z,216.68,COMPLETED
ORD-1786976374110-63C8FAB2,CUST-00421,2025-01-11T18:15:22.164Z,137.22,DELIVERED
ORD-1786976374110-53B420A0,CUST-00143,2025-09-11T16:37:56.743Z,382.14,PROCESSING
ORD-1786976374110-68C63605,CUST-00262,2026-01-17T07:52:20.092Z,46.69,PROCESSING
ORD-1786976374110-2CF08EF1,CUST-00778,2025-05-01T17:16:34.187Z,413.39,PROCESSING
ORD-1786976374110-9121E7DC,CUST-00391,2025-01-10T02:24:47.960Z,155.40,COMPLETED
ORD-1786976374110-2B6B3A7B,CUST-00937,2026-07-21T02:26:49.705Z,492.07,PROCESSING
ORD-1786976374110-94C2BA3E,CUST-00577,2025-03-29T07:42:38.167Z,334.03,PENDING
ORD-1786976374110-2D139B96,CUST-00713,2026-03-28T16:50:30.715Z,28.53,PENDING
ORD-1786976374110-533EC3EE,CUST-00963,2025-08-24T06:00:44.950Z,222.88,CANCELLED
ORD-1786976374110-8EF7D8BA,CUST-00813,2025-11-16T16:32:35.247Z,405.19,PROCESSING
ORD-1786976374110-3D4C0608,CUST-00271,2025-08-30T06:32:16.072Z,353.08,SHIPPED
ORD-1786976374110-1288DC4B,CUST-00226,2026-05-03T22:16:58.897Z,245.61,CANCELLED
ORD-1786976374110-E15A6C5F,CUST-00518,2025-08-10T23:10:46.270Z,86.93,SHIPPED
ORD-1786976374110-7C34C052,CUST-00711,2025-05-12T03:13:22.954Z,259.50,COMPLETED
ORD-1786976374110-CFA45032,CUST-00890,2026-08-02T14:36:52.822Z,366.25,PROCESSING
ORD-1786976374110-5D827C3A,CUST-00504,2025-10-02T07:59:17.830Z,28.69,PROCESSING
ORD-1786976374110-566F315F,CUST-00840,2026-05-11T07:05:44.660Z,104.35,PROCESSING
ORD-1786976374110-930CC720,CUST-00330,2025-09-25T20:05:49.900Z,286.88,PROCESSING
ORD-1786976374110-3326D851,CUST-00637,2025-08-30T17:20:16.583Z,85.94,PROCESSING
ORD-1786976374110-34A5F7EE,CUST-00518,2026-05-29T13:20:30.288Z,390.73,DELIVERED
ORD-1786976374110-9DBC1756,CUST-00272,2026-07-12T01:57:03.455Z,375.20,PROCESSING
ORD-1786976374110-220D6DEC,CUST-00232,2026-06-11T14:44:34.179Z,329.76,PROCESSING
ORD-1786976374110-596B6948,CUST-00782,2025-08-10T17:09:35.172Z,432.01,DELIVERED
ORD-1786976374110-C58A6A7E,CUST-00624,2025-01-23T05:13:52.673Z,107.34,PROCESSING
ORD-1786976374110-67DC2F15,CUST-00649,2026-07-17T15:14:24.636Z,285.05,PROCESSING
ORD-1786976374110-E6363A7F,CUST-00581,2025-02-20T21:28:58.195Z,88.21,COMPLETED
ORD-1786976374110-763DB03C,CUST-00675,2025-09-04T09:54:49.159Z,262.54,PENDING
ORD-1786976374110-CB5D7E29,CUST-00014,2026-02-16T10:18:00.876Z,447.45,PENDING
ORD-1786976374110-09EB8B22,CUST-00852,2026-04-02T05:58:41.377Z,468.44,PENDING
ORD-1786976374110-03E03A6E,CUST-00609,2025-11-04T17:20:04.633Z,217.49,PENDING
ORD-1786976374110-223EF136,CUST-00590,2026-05-23T01:44:22.916Z,105.30,PROCESSING
ORD-1786976374110-005EFEDA,CUST-00475,2026-01-23T15:11:22.307Z,16.57,DELIVERED
ORD-1786976374110-560AE6DA,CUST-00977,2026-08-10T09:39:32.009Z,298.82,PROCESSING
ORD-1786976374110-13743D64,CUST-00460,2025-09-27T15:14:58.357Z,330.53,SHIPPED
ORD-1786976374110-8A79ECE7,CUST-00470,2026-04-11T11:28:57.509Z,312.36,PROCESSING
ORD-1786976374110-DAF95E24,CUST-00541,2025-07-12T16:12:07.720Z,102.70,PROCESSING
ORD-1786976374110-2166CA88,CUST-00341,2026-06-10T16:40:50.133Z,290.56,DELIVERED
ORD-1786976374110-7FEF6C6C,CUST-00011,2025-02-05T08:40:48.280Z,186.22,SHIPPED
ORD-1786976374110-659A4394,CUST-00033,2025-03-22T07:30:54.601Z,404.30,PENDING
ORD-1786976374110-E574428F,CUST-00714,2026-06-29T14:17:39.423Z,308.71,PENDING
ORD-1786976374110-7B6D18EC,CUST-00331,2025-11-27T06:37:39.525Z,166.81,PROCESSING
ORD-1786976374110-8DCBA612,CUST-00193,2026-01-25T15:11:00.549Z,255.74,PENDING
ORD-1786976374110-4EA424D7,CUST-00626,2026-06-16T12:46:20.280Z,73.19,PENDING
ORD-1786976374110-BB672E61,CUST-00014,2025-12-22T09:20:32.619Z,504.19,PROCESSING
ORD-1786976374110-49CAF137,CUST-00228,2025-09-13T02:56:03.459Z,158.22,PENDING
ORD-1786976374110-BF982F5E,CUST-00367,2025-09-14T21:57:33.898Z,40.30,DELIVERED
ORD-1786976374110-0308E6FB,CUST-00646,2026-06-02T08:04:24.536Z,320.64,SHIPPED
ORD-1786976374110-A6825359,CUST-00859,2025-04-01T21:14:48.473Z,413.40,SHIPPED
ORD-1786976374110-E7816890,CUST-00408,2026-01-09T03:26:24.969Z,126.78,SHIPPED
ORD-1786976374110-B1B7CC60,CUST-00523,2026-05-03T19:50:38.680Z,66.79,PROCESSING
ORD-1786976374110-4BD8816F,CUST-00391,2025-07-15T08:46:44.579Z,82.25,COMPLETED
ORD-1786976374110-DA61C0C6,CUST-00248,2026-05-27T19:44:35.763Z,356.25,PROCESSING
ORD-1786976374110-00799013,CUST-00548,2025-12-13T09:21:01.162Z,503.95,PENDING
ORD-1786976374110-47037B5C,CUST-00180,2025-11-25T15:22:43.263Z,200.24,COMPLETED
ORD-1786976374110-A4757545,CUST-00143,2026-06-03T21:30:33.253Z,294.70,CANCELLED
ORD-1786976374110-E1059EE3,CUST-00938,2025-04-22T01:02:05.107Z,97.16,DELIVERED
ORD-1786976374110-8FCE5B61,CUST-00364,2026-05-23T21:24:17.315Z,158.12,COMPLETED
ORD-1786976374110-75A925BB,CUST-00086,2025-10-04T00:01:17.138Z,157.99,SHIPPED
ORD-1786976374110-7FF44CCB,CUST-00524,2025-05-11T22:16:07.486Z,210.48,PROCESSING
ORD-1786976374110-43B7F18B,CUST-00831,2026-01-08T08:00:07.154Z,265.59,COMPLETED
ORD-1786976374110-F0235735,CUST-00539,2026-07-23T20:07:38.022Z,162.78,CANCELLED
ORD-1786976374110-13F6556C,CUST-00662,2025-02-09T05:38:03.555Z,77.23,CANCELLED
ORD-1786976374110-3AAA2A97,CUST-00311,2026-05-16T04:34:31.981Z,487.82,SHIPPED
ORD-1786976374110-E0C4BCC3,CUST-00737,2025-09-16T11:00:50.003Z,249.25,COMPLETED
ORD-1786976374110-1BE5C437,CUST-00963,2025-07-19T21:31:11.235Z,441.99,COMPLETED
ORD-1786976374110-C1624D16,CUST-00889,2025-09-24T12:43:22.731Z,175.30,PENDING
ORD-1786976374110-78FD3791,CUST-00664,2025-11-09T23:38:44.268Z,373.10,SHIPPED
ORD-1786976374110-56944878,CUST-00903,2026-03-27T20:03:10.145Z,97.90,PROCESSING
ORD-1786976374110-90D29545,CUST-00576,2025-03-29T07:15:38.542Z,70.64,PROCESSING
ORD-1786976374110-F50D2D0A,CUST-00991,2025-07-21T08:12:03.131Z,124.40,SHIPPED
ORD-1786976374110-321F1605,CUST-00426,2025-11-25T03:06:22.742Z,265.51,CANCELLED
ORD-1786976374110-66A9BABF,CUST-00251,2025-01-17T06:32:07.351Z,247.96,PENDING
ORD-1786976374110-495784D6,CUST-00171,2025-06-28T04:25:59.401Z,223.76,PROCESSING
ORD-1786976374110-8ED33A9D,CUST-00591,2025-12-13T22:31:13.605Z,356.07,SHIPPED
ORD-1786976374110-9D23F2A8,CUST-00910,2025-11-24T02:55:21.824Z,11.17,COMPLETED
ORD-1786976374110-6AC1E9CD,CUST-00552,2025-10-19T07:13:20.588Z,85.85,PENDING
ORD-1786976374110-157CDBBF,CUST-00463,2025-06-20T19:01:58.691Z,308.11,SHIPPED
ORD-1786976374110-24F63D47,CUST-00573,2025-07-24T02:19:50.749Z,400.80,DELIVERED
ORD-1786976374110-3E5BDBEB,CUST-00419,2026-01-10T11:20:21.498Z,144.23,PENDING
ORD-1786976374110-F7EEB775,CUST-00843,2026-07-02T19:55:10.799Z,471.25,COMPLETED
ORD-1786976374110-6CE90DB3,CUST-00617,2025-03-30T08:58:02.212Z,364.15,PENDING
ORD-1786976374110-8504E83F,CUST-00450,2026-06-17T18:49:27.330Z,211.67,DELIVERED
ORD-1786976374110-3AEA8274,CUST-00332,2025-07-03T15:48:59.065Z,490.89,DELIVERED
ORD-1786976374110-572FAE7B,CUST-00659,2026-06-14T20:07:35.621Z,300.01,CANCELLED
ORD-1786976374110-34E798B2,CUST-00013,2025-12-06T09:25:07.966Z,290.65,PENDING
ORD-1786976374110-B5FCEE0D,CUST-00944,2025-09-12T10:15:20.401Z,57.47,CANCELLED
ORD-1786976374110-1CA95A1D,CUST-00787,2025-08-03T01:45:23.568Z,57.36,COMPLETED
ORD-1786976374110-62C03E33,CUST-00936,2026-06-10T09:08:33.694Z,129.45,PENDING
ORD-1786976374110-97A762DF,CUST-00084,2025-08-05T07:19:18.778Z,462.42,SHIPPED
ORD-1786976374110-043AFA8E,CUST-00371,2025-02-22T02:39:48.596Z,47.87,COMPLETED
ORD-1786976374110-5F38441D,CUST-00582,2025-11-06T19:41:25.858Z,285.55,DELIVERED
ORD-1786976374110-55F17DD1,CUST-00329,2026-08-01T06:16:49.556Z,81.02,DELIVERED
ORD-1786976374110-FA9EEF27,CUST-00211,2025-07-08T19:26:49.538Z,427.42,DELIVERED
ORD-1786976374110-4BE0B6C6,CUST-00589,2025-05-27T00:22:03.612Z,43.75,DELIVERED
ORD-1786976374110-0617EFB3,CUST-00785,2025-10-06T14:36:27.384Z,473.83,CANCELLED
ORD-1786976374110-A337CCEB,CUST-00826,2025-07-14T01:00:52.893Z,150.09,PENDING
ORD-1786976374110-6D4491BB,CUST-00780,2025-12-31T23:02:26.916Z,29.89,COMPLETED
ORD-1786976374110-A97016A7,CUST-00564,2025-12-25T15:26:40.651Z,451.33,PENDING
ORD-1786976374110-9797C889,CUST-00193,2025-07-21T19:24:33.470Z,198.78,COMPLETED
ORD-1786976374110-79DC6114,CUST-00682,2025-12-19T13:31:21.413Z,485.42,CANCELLED
ORD-1786976374110-039DD940,CUST-00500,2025-03-10T17:26:28.947Z,208.99,DELIVERED
ORD-1786976374110-FD901451,CUST-00009,2025-06-28T18:05:10.610Z,505.79,DELIVERED
ORD-1786976374110-B2F2DB98,CUST-00059,2026-04-26T01:31:39.111Z,168.31,SHIPPED
ORD-1786976374110-932FAB60,CUST-00192,2025-06-09T21:11:08.695Z,463.28,CANCELLED
ORD-1786976374110-F35FC802,CUST-00146,2025-02-11T09:59:45.554Z,103.05,SHIPPED
ORD-1786976374110-1D3588FE,CUST-00484,2025-12-28T11:01:25.915Z,82.87,DELIVERED
ORD-1786976374110-072B4E3D,CUST-00725,2025-01-03T06:44:30.288Z,494.16,PROCESSING
ORD-1786976374110-DEECF9AF,CUST-00469,2026-04-22T22:34:00.801Z,144.80,CANCELLED
ORD-1786976374110-B57FB0E4,CUST-00216,2026-02-02T07:46:27.960Z,19.09,PENDING
ORD-1786976374110-76E5E676,CUST-00117,2025-07-17T01:47:30.444Z,485.37,PENDING
ORD-1786976374110-3B1395D0,CUST-00946,2025-11-03T20:13:41.075Z,383.93,SHIPPED
ORD-1786976374110-8EB14D97,CUST-00166,2025-06-11T21:46:40.527Z,141.19,PENDING
ORD-1786976374110-DE258632,CUST-00603,2025-03-19T11:08:01.958Z,159.71,PENDING
ORD-1786976374110-85D3847E,CUST-00928,2025-01-31T09:45:30.014Z,495.07,PROCESSING
ORD-1786976374110-4D05982E,CUST-00886,2026-07-20T05:47:02.700Z,267.50,SHIPPED
ORD-1786976374110-B045E45B,CUST-00432,2025-05-22T22:54:34.262Z,273.25,PROCESSING
ORD-1786976374110-47469ACE,CUST-00059,2025-05-20T13:20:06.808Z,477.35,DELIVERED
ORD-1786976374110-041AC08E,CUST-00695,2026-06-14T17:57:07.323Z,334.29,SHIPPED
ORD-1786976374110-4110814B,CUST-00776,2025-09-12T23:31:45.977Z,77.55,PROCESSING
ORD-1786976374110-6F7714B8,CUST-00644,2026-06-13T07:25:26.950Z,50.23,COMPLETED
ORD-1786976374110-3740D4CA,CUST-00507,2025-10-16T12:06:39.237Z,326.54,COMPLETED
ORD-1786976374110-5917DF7B,CUST-00806,2025-02-22T06:41:06.272Z,184.58,COMPLETED
ORD-1786976374111-A7E61B06,CUST-00629,2025-01-08T13:43:25.997Z,422.50,PENDING
ORD-1786976374111-E3BB763F,CUST-00513,2026-07-06T22:08:38.766Z,163.63,SHIPPED
ORD-1786976374111-165E3A15,CUST-00003,2025-04-15T12:52:29.511Z,381.51,PROCESSING
ORD-1786976374111-44A4F3C5,CUST-00153,2025-05-23T20:40:50.275Z,311.59,COMPLETED
ORD-1786976374111-5E988B2F,CUST-00519,2026-08-01T16:18:06.961Z,501.48,PROCESSING
ORD-1786976374111-CBABA9A9,CUST-00126,2025-07-10T00:35:14.846Z,458.74,PROCESSING
ORD-1786976374111-62A42036,CUST-00145,2025-04-04T20:36:00.463Z,291.00,PENDING
ORD-1786976374111-60FEE941,CUST-00227,2026-03-10T04:21:03.772Z,166.49,PENDING
ORD-1786976374111-B7F3AB0B,CUST-00506,2026-01-31T03:30:53.919Z,394.01,CANCELLED
ORD-1786976374111-00A3FB4F,CUST-00522,2026-06-18T17:02:51.868Z,415.27,SHIPPED
ORD-1786976374111-AA944584,CUST-00475,2026-02-13T19:32:25.065Z,24.13,CANCELLED
ORD-1786976374111-C57F76B4,CUST-00905,2025-11-28T00:30:42.408Z,240.67,CANCELLED
ORD-1786976374111-78E88EE8,CUST-00503,2025-04-09T16:36:37.795Z,152.08,DELIVERED
ORD-1786976374111-B18FCEAB,CUST-00008,2025-08-24T01:22:28.541Z,478.72,CANCELLED
ORD-1786976374111-6C2F0A33,CUST-00929,2025-08-01T13:31:19.064Z,89.73,COMPLETED
ORD-1786976374111-C3E66F33,CUST-00902,2025-02-09T18:16:51.898Z,123.36,PENDING
ORD-1786976374111-F1192F83,CUST-00423,2026-01-12T15:38:45.088Z,399.55,COMPLETED
ORD-1786976374111-A9F84B1C,CUST-00552,2026-02-12T23:10:58.469Z,402.17,PROCESSING
ORD-1786976374111-9789B4F0,CUST-00666,2025-05-17T05:34:47.652Z,311.41,PENDING
ORD-1786976374111-57992B21,CUST-00160,2026-07-21T08:24:11.779Z,105.15,CANCELLED
ORD-1786976374111-7F3507C3,CUST-00142,2026-04-16T23:22:46.391Z,87.71,CANCELLED
ORD-1786976374111-247EB399,CUST-00656,2025-02-04T01:12:00.670Z,491.32,CANCELLED
ORD-1786976374111-96BE6288,CUST-00835,2025-12-16T17:22:43.753Z,480.95,PROCESSING
ORD-1786976374111-E77977C8,CUST-00191,2025-04-05T22:49:01.380Z,377.22,PROCESSING
ORD-1786976374111-65D70307,CUST-00916,2025-05-26T04:43:29.903Z,165.74,PENDING
ORD-1786976374111-609A63A7,CUST-00734,2025-10-28T07:07:52.388Z,310.27,PROCESSING
ORD-1786976374111-A654C9B4,CUST-00287,2025-10-13T12:47:59.183Z,62.77,COMPLETED
ORD-1786976374111-26B5F4E1,CUST-00659,2025-09-18T02:59:41.205Z,223.41,COMPLETED
ORD-1786976374111-C3A98564,CUST-00176,2025-01-01T12:53:34.854Z,115.76,PROCESSING
ORD-1786976374111-9BCAA528,CUST-00483,2025-07-27T10:07:53.414Z,486.28,PROCESSING
ORD-1786976374111-AF64881B,CUST-00294,2025-12-07T09:37:12.341Z,238.70,PROCESSING
ORD-1786976374111-F11245BF,CUST-00268,2026-04-28T07:46:04.124Z,501.85,DELIVERED
ORD-1786976374111-DFCB53B6,CUST-00752,2026-01-01T01:57:06.644Z,117.73,DELIVERED
ORD-1786976374111-D609426E,CUST-00795,2025-07-14T14:59:42.988Z,151.36,CANCELLED
ORD-1786976374111-662B9754,CUST-00665,2025-09-05T16:24:02.023Z,237.57,SHIPPED
ORD-1786976374111-9EAFA21D,CUST-00109,2025-02-26T18:15:14.831Z,83.84,SHIPPED
ORD-1786976374111-4F9E3969,CUST-00653,2026-06-21T12:29:12.701Z,382.47,PROCESSING
ORD-1786976374111-889F2E2E,CUST-00704,2025-03-13T09:32:16.610Z,12.89,COMPLETED
ORD-1786976374111-B8908B9C,CUST-00174,2025-09-02T16:39:08.313Z,478.24,COMPLETED
ORD-1786976374111-DB3772E2,CUST-00954,2026-06-02T13:50:38.788Z,351.97,CANCELLED
ORD-1786976374111-50F7B623,CUST-00049,2025-05-24T13:32:12.477Z,219.82,PROCESSING
ORD-1786976374111-E603D334,CUST-00890,2025-11-30T06:30:38.847Z,340.61,PROCESSING
ORD-1786976374111-D3F140D7,CUST-00049,2025-12-18T02:48:23.445Z,85.05,PENDING
ORD-1786976374111-CBCD7B79,CUST-00475,2025-02-24T11:47:23.338Z,364.34,SHIPPED
ORD-1786976374111-95CDC8D8,CUST-00861,2026-04-12T23:08:01.876Z,439.54,COMPLETED
ORD-1786976374111-8E9CA544,CUST-00653,2026-03-27T09:42:46.470Z,199.92,PENDING
ORD-1786976374111-E6F95C2D,CUST-00090,2025-09-12T16:53:20.526Z,291.92,PENDING
ORD-1786976374111-BAF2DE7C,CUST-00448,2026-07-15T14:40:30.763Z,43.35,COMPLETED
ORD-1786976374111-F9769B73,CUST-00183,2026-06-27T06:40:48.275Z,147.17,SHIPPED
ORD-1786976374111-44B3C33F,CUST-00987,2026-01-07T09:53:48.478Z,93.74,PROCESSING
ORD-1786976374111-55BC3BE9,CUST-00915,2025-04-11T22:56:53.699Z,10.76,COMPLETED
ORD-1786976374111-62CAD764,CUST-00310,2026-07-12T10:03:56.023Z,127.56,DELIVERED
ORD-1786976374111-12C02FA8,CUST-00387,2026-05-12T20:32:14.674Z,124.98,PROCESSING
ORD-1786976374111-C09B666D,CUST-00979,2025-10-28T14:42:19.376Z,400.66,SHIPPED
ORD-1786976374111-7DB31C43,CUST-00343,2025-09-30T21:39:51.350Z,119.29,DELIVERED
ORD-1786976374111-3FC16055,CUST-00854,2025-01-17T09:58:25.722Z,10.67,COMPLETED
ORD-1786976374111-590C7EAF,CUST-00447,2026-07-11T10:37:25.692Z,377.81,PENDING
ORD-1786976374111-807DF8F6,CUST-00405,2026-05-24T04:46:19.298Z,320.27,PROCESSING
ORD-1786976374111-CCBD779E,CUST-00479,2025-01-06T02:38:15.349Z,369.40,PENDING
ORD-1786976374111-A9346723,CUST-00304,2025-07-05T11:50:44.094Z,65.82,SHIPPED
ORD-1786976374111-81CBE8BD,CUST-00891,2025-08-11T15:49:12.467Z,351.42,CANCELLED
ORD-1786976374111-9A4974F0,CUST-00854,2025-09-16T11:29:53.652Z,188.62,PENDING
ORD-1786976374111-41E7F190,CUST-00987,2026-05-07T00:32:51.070Z,509.92,PROCESSING
ORD-1786976374111-FFEBDDCE,CUST-00553,2025-11-06T23:14:21.535Z,509.77,PROCESSING
ORD-1786976374111-40D12C0B,CUST-00517,2025-04-12T00:38:09.827Z,359.43,DELIVERED
ORD-1786976374111-12D4A4E3,CUST-00694,2026-05-10T17:59:27.515Z,225.47,CANCELLED
ORD-1786976374111-2A5724ED,CUST-00995,2025-03-15T20:30:01.095Z,276.22,DELIVERED
ORD-1786976374111-88A508A2,CUST-00318,2026-06-09T20:56:17.836Z,388.60,DELIVERED
ORD-1786976374111-2530DF37,CUST-00093,2026-04-29T15:48:16.810Z,432.71,PROCESSING
ORD-1786976374111-11CF5BEE,CUST-00624,2025-08-13T17:27:07.961Z,211.43,CANCELLED
ORD-1786976374111-E3AB4065,CUST-00285,2025-07-10T16:15:24.461Z,344.54,PENDING
ORD-1786976374111-121C3C0C,CUST-00446,2026-01-01T19:36:22.270Z,448.23,PROCESSING
ORD-1786976374111-01F1C3B7,CUST-00373,2026-07-10T07:50:10.406Z,500.76,DELIVERED
ORD-1786976374111-954EE460,CUST-00063,2026-07-20T21:38:23.903Z,350.87,DELIVERED
ORD-1786976374111-915B6557,CUST-00896,2025-03-25T02:21:28.303Z,12.36,CANCELLED
ORD-1786976374111-5FA138ED,CUST-00506,2026-01-21T06:39:59.190Z,152.54,CANCELLED
ORD-1786976374111-52672199,CUST-00945,2026-01-24T23:25:12.826Z,167.65,PROCESSING
ORD-1786976374111-CD7D500D,CUST-00966,2026-05-20T22:53:27.544Z,63.17,PROCESSING
ORD-1786976374111-2D599CA8,CUST-00799,2025-12-17T04:56:34.196Z,298.30,CANCELLED
ORD-1786976374111-81351074,CUST-00419,2026-02-03T21:18:07.399Z,86.51,SHIPPED
ORD-1786976374111-0D4C6926,CUST-00105,2026-05-09T10:29:31.043Z,480.69,PROCESSING
ORD-1786976374111-C1DF7639,CUST-00327,2026-01-22T05:20:30.152Z,335.56,CANCELLED
ORD-1786976374111-9E69AF9A,CUST-00761,2025-04-23T23:15:53.414Z,82.15,PROCESSING
ORD-1786976374111-46554B5F,CUST-00727,2025-12-21T14:26:56.241Z,39.09,SHIPPED
ORD-1786976374111-4D09A673,CUST-00149,2026-08-14T20:50:27.463Z,262.64,DELIVERED
ORD-1786976374111-DFC14A9F,CUST-00318,2025-12-14T00:40:17.148Z,77.89,COMPLETED
ORD-1786976374111-A6F48A32,CUST-00441,2026-06-10T00:32:19.389Z,78.37,CANCELLED
ORD-1786976374111-0CC18301,CUST-00558,2025-01-06T11:21:47.785Z,272.69,COMPLETED
ORD-1786976374111-D8787E17,CUST-00675,2025-08-19T04:42:37.810Z,179.12,PENDING
ORD-1786976374111-D4D631F0,CUST-00601,2026-02-19T21:11:56.479Z,422.56,PROCESSING
ORD-1786976374111-EE8F3DF9,CUST-00742,2026-05-15T16:29:54.297Z,293.76,PROCESSING
ORD-1786976374111-0E2D3C54,CUST-00041,2026-07-02T07:00:04.537Z,273.95,SHIPPED
ORD-1786976374111-AC60FD79,CUST-00409,2025-11-03T21:14:47.240Z,371.88,CANCELLED
ORD-1786976374111-002861EB,CUST-00665,2026-06-15T02:19:23.988Z,313.91,DELIVERED
ORD-1786976374111-45339769,CUST-00136,2025-06-30T22:49:05.012Z,190.78,PROCESSING
ORD-1786976374111-8ECD376D,CUST-00134,2026-06-04T17:00:45.914Z,488.74,PROCESSING
ORD-1786976374111-165EE27F,CUST-00223,2025-06-09T12:09:49.945Z,343.98,PROCESSING
ORD-1786976374111-B8FC1282,CUST-00404,2025-02-25T21:25:16.463Z,463.39,DELIVERED
ORD-1786976374111-E611F1DC,CUST-00517,2026-03-09T09:46:18.329Z,465.12,COMPLETED
ORD-1786976374111-B87F844C,CUST-00030,2025-10-31T22:06:19.345Z,335.12,SHIPPED
ORD-1786976374111-AF54F7F2,CUST-01000,2025-11-21T14:27:26.596Z,245.48,CANCELLED
ORD-1786976374111-8AF25E6E,CUST-00836,2025-02-14T14:19:47.101Z,359.05,SHIPPED
ORD-1786976374111-77F0176F,CUST-00944,2026-01-24T05:10:04.874Z,165.10,PROCESSING
ORD-1786976374111-7A574880,CUST-00646,2025-11-23T16:33:38.171Z,48.82,SHIPPED
ORD-1786976374111-C9502861,CUST-00632,2025-01-08T20:43:25.790Z,250.75,PENDING
ORD-1786976374111-F5B97C39,CUST-00987,2025-06-18T10:31:06.335Z,126.76,PROCESSING
ORD-1786976374111-566A37DA,CUST-00721,2025-01-11T08:19:27.185Z,119.47,DELIVERED
ORD-1786976374111-8B0E221E,CUST-00641,2025-10-29T03:05:53.766Z,450.09,SHIPPED
ORD-1786976374111-08BE3816,CUST-00973,2025-06-12T13:14:31.059Z,52.28,DELIVERED
ORD-1786976374111-7A0F1D11,CUST-00444,2025-07-18T23:12:33.905Z,437.51,SHIPPED
ORD-1786976374111-E47AB6C7,CUST-00314,2025-05-30T14:38:32.231Z,419.75,CANCELLED
ORD-1786976374111-B9AFD35B,CUST-00052,2026-02-03T07:31:46.748Z,374.73,PENDING
ORD-1786976374111-69BE3BE4,CUST-00053,2026-01-11T06:59:29.376Z,35.02,CANCELLED
ORD-1786976374111-0B09D76D,CUST-00116,2025-09-17T19:50:07.633Z,256.95,SHIPPED
ORD-1786976374111-6832CDA4,CUST-00123,2025-07-13T04:24:00.012Z,148.87,CANCELLED
ORD-1786976374111-0F8707EE,CUST-00829,2025-10-22T22:10:57.488Z,224.51,CANCELLED
ORD-1786976374111-6040B6B9,CUST-00572,2025-05-15T09:52:37.775Z,179.79,PROCESSING
ORD-1786976374111-CFC0A960,CUST-00079,2026-05-24T04:50:25.108Z,203.76,PENDING
ORD-1786976374111-FF3552EE,CUST-00123,2025-03-21T13:19:58.977Z,366.23,DELIVERED
ORD-1786976374111-BFB61D02,CUST-00110,2025-10-29T11:43:32.845Z,99.37,CANCELLED
ORD-1786976374111-FE2DE4F7,CUST-00407,2026-05-28T15:56:47.875Z,229.13,COMPLETED
ORD-1786976374111-A60A38DF,CUST-00885,2026-03-05T21:10:21.303Z,52.36,DELIVERED
ORD-1786976374111-F5CD737C,CUST-00194,2025-12-15T18:20:35.941Z,242.36,PROCESSING
ORD-1786976374111-6E17F0CE,CUST-00093,2026-02-27T14:43:45.431Z,198.10,DELIVERED
ORD-1786976374111-2C8D91C0,CUST-00948,2025-03-15T18:19:01.317Z,273.07,PENDING
ORD-1786976374111-1F84B8B0,CUST-00906,2025-11-24T04:01:14.297Z,424.91,CANCELLED
ORD-1786976374111-996503CA,CUST-00300,2025-11-24T20:02:40.238Z,392.42,PENDING
ORD-1786976374111-BA48EA26,CUST-00824,2025-01-03T16:11:12.084Z,183.87,PROCESSING
ORD-1786976374111-1B5CFFBA,CUST-00005,2026-01-06T22:10:39.254Z,241.66,DELIVERED
ORD-1786976374111-4A593B8A,CUST-00798,2026-06-04T12:38:39.186Z,428.67,COMPLETED
ORD-1786976374111-C867CAD6,CUST-00001,2026-04-26T03:39:46.607Z,337.50,PENDING
ORD-1786976374111-6DAF1199,CUST-00307,2025-08-19T20:34:45.890Z,481.39,DELIVERED
ORD-1786976374111-0ABF086B,CUST-00140,2026-03-23T01:40:50.967Z,30.19,CANCELLED
ORD-1786976374111-FE3F362D,CUST-00467,2026-05-30T10:28:06.394Z,64.11,CANCELLED
ORD-1786976374111-3D924230,CUST-00208,2026-04-07T22:10:03.549Z,107.19,COMPLETED
ORD-1786976374111-C207D042,CUST-00185,2026-03-24T22:50:40.872Z,40.31,SHIPPED
ORD-1786976374111-DDF64604,CUST-00201,2026-04-03T15:49:30.237Z,328.60,PROCESSING
ORD-1786976374111-4E4A7FB8,CUST-00796,2026-04-29T18:00:55.386Z,72.30,CANCELLED
ORD-1786976374111-388F3A1B,CUST-00727,2025-07-04T21:12:35.058Z,224.49,DELIVERED
ORD-1786976374111-4D0D0EC8,CUST-00444,2025-06-12T18:31:03.670Z,118.12,PENDING
ORD-1786976374111-6D3655FF,CUST-00319,2026-03-21T06:07:40.595Z,142.44,PENDING
ORD-1786976374111-D226274A,CUST-00306,2025-12-18T08:21:17.267Z,498.13,PENDING
ORD-1786976374111-DFDBB1E1,CUST-00484,2026-08-12T13:13:18.129Z,341.63,DELIVERED
ORD-1786976374111-DD278E75,CUST-00917,2025-03-04T05:01:50.268Z,408.63,PENDING
ORD-1786976374111-C91296F2,CUST-00710,2025-04-01T14:11:09.146Z,318.49,PENDING
ORD-1786976374111-28EE5D2D,CUST-00797,2025-06-03T17:19:43.335Z,381.89,SHIPPED
ORD-1786976374111-6C34A45D,CUST-00961,2025-05-08T07:14:16.130Z,141.75,CANCELLED
ORD-1786976374111-3A62FA34,CUST-00640,2025-07-07T19:19:41.914Z,468.22,SHIPPED
ORD-1786976374111-FC45FAB9,CUST-00693,2025-02-08T07:58:56.012Z,116.64,PROCESSING
ORD-1786976374111-8A5E3C76,CUST-00195,2025-01-06T16:18:13.879Z,476.70,DELIVERED
ORD-1786976374111-C57D7898,CUST-00156,2025-10-28T04:36:01.580Z,346.38,PROCESSING
ORD-1786976374111-84E078C5,CUST-00714,2025-12-06T13:13:03.891Z,403.32,COMPLETED
ORD-1786976374111-1335BFAF,CUST-00748,2025-04-14T22:49:35.021Z,153.44,PROCESSING
ORD-1786976374111-09A7EAF9,CUST-00254,2026-08-13T01:41:46.622Z,359.86,SHIPPED
ORD-1786976374111-9D252CC5,CUST-00749,2026-03-01T04:12:45.859Z,438.57,COMPLETED
ORD-1786976374111-D6686C3E,CUST-00869,2026-05-09T13:21:07.641Z,505.94,DELIVERED
ORD-1786976374112-7460326F,CUST-00063,2026-01-17T00:22:42.054Z,210.78,DELIVERED
ORD-1786976374112-7F1C6182,CUST-00488,2025-11-10T17:42:39.881Z,135.24,PROCESSING
ORD-1786976374112-FB5681F0,CUST-00530,2025-05-04T14:27:30.477Z,122.01,DELIVERED
ORD-1786976374112-68B7DDBF,CUST-00186,2025-01-18T23:34:33.824Z,172.43,PENDING
ORD-1786976374112-ABEE6F36,CUST-00998,2026-05-13T19:01:24.947Z,474.46,SHIPPED
ORD-1786976374112-F202E1C6,CUST-00591,2025-08-10T03:26:25.965Z,476.52,COMPLETED
ORD-1786976374112-354A394D,CUST-00335,2026-06-29T16:58:42.626Z,246.64,DELIVERED
ORD-1786976374112-36030E19,CUST-00652,2025-04-23T12:13:41.288Z,272.69,DELIVERED
ORD-1786976374112-B28A1AAD,CUST-00821,2026-01-01T20:41:52.532Z,367.13,SHIPPED
ORD-1786976374112-02481492,CUST-00175,2026-03-12T12:58:00.935Z,201.75,PENDING
ORD-1786976374112-7128B913,CUST-00538,2026-03-04T16:10:44.305Z,143.43,SHIPPED
ORD-1786976374112-8267673A,CUST-00834,2025-07-24T02:42:18.588Z,141.70,PROCESSING
ORD-1786976374112-00356EBC,CUST-00542,2026-02-04T17:17:14.958Z,382.75,PENDING
ORD-1786976374112-E913CE80,CUST-00549,2026-05-17T10:06:24.464Z,255.89,PENDING
ORD-1786976374112-E152D00E,CUST-00631,2025-05-03T18:53:25.430Z,164.93,SHIPPED
ORD-1786976374112-6D3EDE73,CUST-00699,2026-01-04T18:44:41.521Z,357.88,DELIVERED
ORD-1786976374112-1C419DED,CUST-00850,2025-03-13T04:19:52.811Z,315.76,CANCELLED
ORD-1786976374112-C037E0A3,CUST-00005,2026-04-25T06:19:53.993Z,297.63,COMPLETED
ORD-1786976374112-43915F3D,CUST-00101,2025-10-16T14:45:55.099Z,312.18,DELIVERED
ORD-1786976374112-F70620E0,CUST-00819,2025-09-06T04:17:19.030Z,433.23,DELIVERED
ORD-1786976374112-A6287118,CUST-00964,2025-11-04T16:44:08.207Z,361.56,PROCESSING
ORD-1786976374112-14696FC2,CUST-00880,2026-05-01T16:31:32.628Z,450.74,COMPLETED
ORD-1786976374112-048A7AAC,CUST-00067,2025-01-10T20:46:51.041Z,423.59,DELIVERED
ORD-1786976374112-E21420A9,CUST-00784,2025-05-08T23:48:21.524Z,158.08,PROCESSING
ORD-1786976374112-C7660B1C,CUST-00838,2026-04-10T12:06:42.670Z,168.75,COMPLETED
ORD-1786976374112-F0848AE1,CUST-00431,2026-07-24T02:08:27.112Z,152.28,PROCESSING
ORD-1786976374112-721476E9,CUST-00310,2025-10-14T12:45:58.664Z,386.72,DELIVERED
ORD-1786976374112-E416A2F0,CUST-00309,2025-12-23T13:46:30.661Z,308.62,CANCELLED
ORD-1786976374112-C76C33B4,CUST-00201,2025-05-18T10:18:52.562Z,440.14,DELIVERED
ORD-1786976374112-6370CCE2,CUST-00735,2025-03-09T23:29:48.418Z,203.51,CANCELLED
ORD-1786976374112-D0777077,CUST-00935,2026-03-18T17:40:48.523Z,327.79,COMPLETED
ORD-1786976374112-43758758,CUST-00020,2025-07-17T22:45:18.959Z,271.43,COMPLETED
ORD-1786976374112-B18E114F,CUST-00538,2026-04-04T21:23:38.824Z,116.88,COMPLETED
ORD-1786976374112-8385DC4E,CUST-00782,2025-11-29T16:27:33.515Z,186.61,PROCESSING
ORD-1786976374112-6F775268,CUST-00138,2026-05-13T19:54:31.419Z,152.33,PENDING
ORD-1786976374112-846EBA7C,CUST-00321,2025-05-27T19:26:15.468Z,451.92,PENDING
ORD-1786976374112-3F161F86,CUST-00896,2025-02-15T07:59:11.703Z,184.74,COMPLETED
ORD-1786976374112-2BAB62AB,CUST-00075,2026-07-28T15:46:17.237Z,215.83,PROCESSING
ORD-1786976374112-3F448D5C,CUST-00423,2026-06-01T15:41:49.912Z,165.75,PENDING
ORD-1786976374112-4B5EF05B,CUST-00313,2025-03-14T22:19:03.348Z,466.85,COMPLETED
ORD-1786976374112-EECA6530,CUST-00666,2025-09-14T22:24:50.071Z,434.40,PENDING
ORD-1786976374112-DFD3CA21,CUST-00700,2026-04-23T01:59:03.333Z,412.69,PENDING
ORD-1786976374112-CFF310A3,CUST-00688,2026-06-25T01:34:23.174Z,142.96,PENDING
ORD-1786976374112-351EE2C2,CUST-00064,2025-04-29T13:03:26.816Z,43.41,COMPLETED
ORD-1786976374112-C1A618E0,CUST-00565,2025-07-20T02:43:11.451Z,295.93,COMPLETED
ORD-1786976374112-C77A7FB5,CUST-00463,2025-10-13T21:07:47.319Z,103.30,PROCESSING
ORD-1786976374112-CE82C581,CUST-00767,2025-04-13T07:05:53.615Z,488.71,PROCESSING
ORD-1786976374112-17B609C4,CUST-00596,2025-11-15T18:17:28.645Z,203.43,DELIVERED
ORD-1786976374112-E33E1F72,CUST-00166,2025-09-06T19:11:42.502Z,508.14,SHIPPED
ORD-1786976374112-879201DB,CUST-00944,2025-05-28T02:29:32.910Z,388.66,CANCELLED
ORD-1786976374112-FDD674EC,CUST-00858,2026-03-18T20:56:04.960Z,415.33,COMPLETED
ORD-1786976374112-3496EE1B,CUST-00736,2026-02-05T10:35:01.562Z,460.95,SHIPPED
ORD-1786976374112-B0FDAF96,CUST-00872,2025-01-16T07:26:10.524Z,200.22,COMPLETED
ORD-1786976374112-98B21D79,CUST-00150,2026-04-16T07:00:08.008Z,85.95,SHIPPED
ORD-1786976374112-0928848F,CUST-00719,2025-04-22T10:03:47.784Z,293.24,SHIPPED
ORD-1786976374112-B38B8232,CUST-00293,2025-12-15T22:53:13.625Z,219.17,COMPLETED
ORD-1786976374112-7061AAB6,CUST-00132,2025-09-28T06:34:02.835Z,62.57,PROCESSING
ORD-1786976374112-BB03905F,CUST-00879,2025-06-15T17:17:03.033Z,455.51,PENDING
ORD-1786976374112-9BA709C6,CUST-00046,2025-03-12T13:04:16.440Z,386.48,CANCELLED
ORD-1786976374112-B4C64847,CUST-00046,2025-09-18T05:36:13.188Z,56.25,SHIPPED
ORD-1786976374112-481EEBA1,CUST-00372,2025-07-21T11:45:17.810Z,373.26,PENDING
ORD-1786976374112-3F51ACFA,CUST-00981,2026-02-26T21:25:18.628Z,349.25,DELIVERED
ORD-1786976374112-2D98D646,CUST-00686,2025-11-07T19:25:08.848Z,201.81,PROCESSING
ORD-1786976374112-19CE1760,CUST-00459,2025-10-29T14:56:16.173Z,226.68,PENDING
ORD-1786976374112-692DF8A5,CUST-00619,2026-08-12T13:48:46.584Z,255.34,PENDING
ORD-1786976374112-09D2969E,CUST-00863,2025-08-24T20:13:33.520Z,493.12,SHIPPED
ORD-1786976374112-1BFB61B4,CUST-00654,2026-04-20T23:50:19.049Z,468.15,PROCESSING
ORD-1786976374112-E7D49A38,CUST-00650,2025-10-20T12:35:48.753Z,100.21,DELIVERED
ORD-1786976374112-41D34C7E,CUST-00769,2025-03-08T12:02:48.163Z,221.71,PENDING
ORD-1786976374112-2DBBAD94,CUST-00561,2026-07-27T03:26:39.052Z,304.48,PENDING
ORD-1786976374112-AD5C04BD,CUST-00899,2025-06-07T23:40:37.042Z,424.93,COMPLETED
ORD-1786976374112-3572AB17,CUST-00784,2026-05-29T02:51:09.440Z,62.99,SHIPPED
ORD-1786976374112-713DCA0E,CUST-00194,2026-06-29T18:03:05.880Z,194.76,PROCESSING
ORD-1786976374112-DFED2A41,CUST-00388,2025-11-19T00:20:48.576Z,52.59,SHIPPED
ORD-1786976374112-F2690C36,CUST-00829,2025-03-19T19:26:39.529Z,459.80,PROCESSING
ORD-1786976374112-86C8D16E,CUST-00433,2025-10-23T16:02:58.973Z,112.32,CANCELLED
ORD-1786976374112-7E46F4B7,CUST-00012,2025-08-14T13:45:32.498Z,94.11,SHIPPED
ORD-1786976374112-A3E41F45,CUST-00407,2026-06-30T09:57:34.553Z,114.73,PROCESSING
ORD-1786976374112-0411487D,CUST-00351,2025-01-07T02:52:28.997Z,314.39,PENDING
ORD-1786976374112-B48C7E3E,CUST-00859,2025-02-01T09:31:05.493Z,124.42,DELIVERED
ORD-1786976374112-22E96776,CUST-00668,2025-11-30T08:20:15.012Z,279.59,CANCELLED
ORD-1786976374112-E0D90292,CUST-00787,2025-11-26T18:14:18.490Z,391.76,PROCESSING
ORD-1786976374112-04291613,CUST-00289,2025-04-28T19:55:40.428Z,52.27,PROCESSING
ORD-1786976374112-F3C47750,CUST-00575,2025-06-28T03:09:23.877Z,29.18,PROCESSING
ORD-1786976374112-D2ADAB65,CUST-00329,2026-06-01T13:55:55.669Z,167.96,CANCELLED
ORD-1786976374112-2B612AB6,CUST-00714,2025-08-17T20:27:28.079Z,288.02,PENDING
ORD-1786976374112-FFD34BD9,CUST-00991,2025-12-24T04:39:00.615Z,331.79,SHIPPED
ORD-1786976374112-E76A2D1D,CUST-00519,2025-03-19T03:57:53.921Z,451.00,PROCESSING
ORD-1786976374112-AE50439C,CUST-00257,2025-05-15T07:45:27.623Z,23.89,CANCELLED
ORD-1786976374112-2AAA85AC,CUST-00191,2025-06-17T23:27:32.458Z,409.16,COMPLETED
ORD-1786976374112-716EECDE,CUST-00746,2025-10-01T16:10:34.471Z,376.17,CANCELLED
ORD-1786976374112-12E63AC4,CUST-00642,2026-02-01T19:09:35.625Z,228.07,PENDING
ORD-1786976374112-269F4723,CUST-00956,2025-09-17T16:52:03.041Z,443.48,DELIVERED
ORD-1786976374112-2F312FA4,CUST-00416,2026-02-05T11:02:30.199Z,148.20,PENDING
ORD-1786976374112-21B89F50,CUST-00157,2026-02-13T17:57:21.753Z,499.48,CANCELLED
ORD-1786976374112-88134141,CUST-00919,2025-12-15T05:16:55.920Z,206.88,PROCESSING
ORD-1786976374112-05623344,CUST-00305,2025-04-23T10:55:42.699Z,229.68,COMPLETED
ORD-1786976374112-EBFCB12C,CUST-00397,2025-11-05T00:28:09.879Z,249.18,PROCESSING
ORD-1786976374112-8D78A212,CUST-00432,2025-10-08T03:01:17.631Z,320.73,DELIVERED
ORD-1786976374112-39B5B7D8,CUST-00574,2026-08-07T06:39:38.637Z,225.65,DELIVERED
ORD-1786976374112-F448766A,CUST-00683,2026-04-30T12:29:58.013Z,267.88,COMPLETED
ORD-1786976374112-78C05DD1,CUST-00776,2026-02-09T22:04:50.412Z,489.79,DELIVERED
ORD-1786976374112-BA266A48,CUST-00045,2026-07-13T23:58:57.658Z,413.55,DELIVERED
ORD-1786976374112-5254CA64,CUST-00407,2026-03-12T09:54:07.853Z,364.14,DELIVERED
ORD-1786976374112-61047556,CUST-00820,2026-05-30T21:09:14.630Z,310.65,DELIVERED
ORD-1786976374112-8241B545,CUST-00458,2025-07-04T02:00:57.287Z,201.14,SHIPPED
ORD-1786976374112-B6915443,CUST-00416,2026-04-20T14:26:47.601Z,235.46,DELIVERED
ORD-1786976374112-0E255980,CUST-00070,2025-02-13T09:00:50.737Z,427.65,DELIVERED
ORD-1786976374112-53E97AF4,CUST-00520,2025-09-22T06:02:58.230Z,483.48,CANCELLED
ORD-1786976374112-9C80130D,CUST-00469,2026-04-26T05:24:11.461Z,384.79,DELIVERED
ORD-1786976374112-AB14AD73,CUST-00556,2025-12-09T15:11:28.322Z,147.95,PENDING
ORD-1786976374112-BB636B77,CUST-00812,2025-11-24T14:02:32.025Z,222.37,COMPLETED
ORD-1786976374112-A3E5DFC7,CUST-00337,2025-11-13T06:43:23.230Z,365.83,DELIVERED
ORD-1786976374112-71C8D495,CUST-00488,2025-02-05T07:27:08.751Z,471.65,PROCESSING
ORD-1786976374112-01515075,CUST-00346,2026-06-27T04:56:33.050Z,412.81,DELIVERED
ORD-1786976374112-3C8BE9BE,CUST-00091,2026-07-03T05:10:02.128Z,53.28,CANCELLED
ORD-1786976374113-ACC3AFCF,CUST-00727,2025-09-05T08:53:29.320Z,317.17,PENDING
ORD-1786976374113-06730E06,CUST-00769,2025-02-24T01:29:04.781Z,169.56,SHIPPED
ORD-1786976374113-91185CD7,CUST-00601,2025-09-29T20:39:18.910Z,263.77,DELIVERED
ORD-1786976374113-4B39DA05,CUST-00645,2026-02-10T13:37:25.436Z,349.10,PENDING
ORD-1786976374113-5FA9CA03,CUST-00853,2025-03-24T21:35:58.904Z,479.65,DELIVERED
ORD-1786976374113-0148B70E,CUST-00150,2026-06-29T22:06:15.541Z,114.58,COMPLETED
ORD-1786976374113-D09CAF88,CUST-00932,2025-11-30T02:12:00.634Z,226.83,PROCESSING
ORD-1786976374113-35CE5E29,CUST-00429,2026-06-24T11:16:24.805Z,391.65,COMPLETED
ORD-1786976374113-0BBBE04A,CUST-00479,2025-05-14T02:55:20.990Z,398.68,CANCELLED
ORD-1786976374113-E61AAFFD,CUST-00805,2026-01-09T03:01:53.119Z,379.53,PENDING
ORD-1786976374113-9F78F694,CUST-00912,2026-05-19T16:41:21.794Z,60.50,PROCESSING
ORD-1786976374113-6BDD1D76,CUST-00232,2025-05-12T22:31:45.275Z,244.23,COMPLETED
ORD-1786976374113-31C384FB,CUST-00904,2026-04-28T17:57:52.842Z,498.69,SHIPPED
ORD-1786976374113-C635B40A,CUST-00304,2026-04-27T04:47:57.635Z,239.75,PENDING
ORD-1786976374113-4466F284,CUST-00354,2025-10-22T12:34:55.869Z,311.68,COMPLETED
ORD-1786976374113-4758280D,CUST-00623,2026-01-11T20:44:38.388Z,76.26,DELIVERED
ORD-1786976374113-A6DB5F60,CUST-00719,2025-03-20T12:45:05.397Z,93.82,COMPLETED
ORD-1786976374113-8BB21804,CUST-00927,2025-08-05T21:49:25.184Z,73.50,CANCELLED
ORD-1786976374113-1C55F94F,CUST-00060,2025-06-19T17:27:29.644Z,23.58,DELIVERED
ORD-1786976374113-9DE031E9,CUST-00075,2025-02-04T21:50:41.179Z,488.14,CANCELLED
ORD-1786976374113-1D278406,CUST-00954,2026-07-29T21:44:05.421Z,140.95,SHIPPED
ORD-1786976374113-43A459F8,CUST-00472,2025-12-26T17:56:03.040Z,358.28,PENDING
ORD-1786976374113-8A5213EE,CUST-00299,2025-04-24T21:52:36.120Z,354.08,PROCESSING
ORD-1786976374113-B275AAA4,CUST-00560,2025-09-16T03:26:35.269Z,429.08,COMPLETED
ORD-1786976374113-4F830709,CUST-00038,2026-07-31T09:47:33.824Z,385.40,SHIPPED
ORD-1786976374113-2185CD86,CUST-00419,2025-07-31T17:04:38.268Z,308.15,DELIVERED
ORD-1786976374113-E35E2890,CUST-00032,2026-01-16T09:43:57.225Z,198.32,CANCELLED
ORD-1786976374113-0BCD99AE,CUST-00419,2026-04-07T19:45:58.461Z,77.42,COMPLETED
ORD-1786976374113-8BC576F5,CUST-00329,2025-01-29T10:23:41.055Z,188.34,DELIVERED
ORD-1786976374113-F86DAA9E,CUST-00546,2025-12-07T01:43:12.486Z,139.30,COMPLETED
ORD-1786976374113-EE059CD2,CUST-00802,2025-11-30T21:16:19.959Z,451.69,PENDING
ORD-1786976374113-DA3CC8C1,CUST-00866,2025-07-31T14:19:30.334Z,137.21,PROCESSING
ORD-1786976374113-F7A92022,CUST-00715,2025-10-24T03:33:02.210Z,317.90,SHIPPED
ORD-1786976374113-ACB1B3FD,CUST-00042,2025-05-30T05:20:09.905Z,120.51,SHIPPED
ORD-1786976374113-AF9B944F,CUST-00782,2025-09-09T06:18:02.965Z,124.82,COMPLETED
ORD-1786976374113-37FA307F,CUST-00937,2025-03-01T05:41:37.382Z,34.55,PENDING
ORD-1786976374113-5EF1FA9E,CUST-00138,2025-02-23T22:21:31.727Z,507.90,PENDING
ORD-1786976374113-4D078EBA,CUST-00896,2025-01-28T15:17:26.250Z,326.74,PENDING
ORD-1786976374113-CDE668E4,CUST-00387,2025-06-11T20:44:46.310Z,48.78,COMPLETED
ORD-1786976374113-B97DDC6A,CUST-00092,2025-03-25T21:48:40.530Z,469.24,PENDING
ORD-1786976374113-207C0A16,CUST-00972,2026-07-16T16:10:52.197Z,428.58,PENDING
ORD-1786976374113-E2569D1F,CUST-00275,2025-05-10T07:07:21.816Z,383.52,COMPLETED
ORD-1786976374113-1746945A,CUST-00665,2026-06-27T21:41:32.788Z,207.05,PENDING
ORD-1786976374113-28009162,CUST-00642,2026-05-28T17:34:25.401Z,98.48,PENDING
ORD-1786976374113-61C69C61,CUST-00962,2026-06-10T20:37:05.738Z,431.01,DELIVERED
ORD-1786976374113-442F0DC4,CUST-00621,2025-05-12T11:16:20.329Z,395.26,COMPLETED
ORD-1786976374113-DABA5D27,CUST-00866,2025-08-09T12:26:08.777Z,138.52,SHIPPED
ORD-1786976374113-61BCB80F,CUST-00691,2026-04-17T04:10:57.881Z,80.94,DELIVERED
ORD-1786976374113-EA85F2D4,CUST-00082,2025-11-24T12:43:18.377Z,391.66,COMPLETED
ORD-1786976374113-2A30AD80,CUST-00593,2026-03-17T20:12:17.115Z,403.73,SHIPPED
ORD-1786976374113-E359674B,CUST-00938,2026-06-15T13:56:32.382Z,108.18,SHIPPED
ORD-1786976374113-ADE70E47,CUST-00618,2025-12-21T03:22:29.376Z,433.61,COMPLETED
ORD-1786976374113-A7426142,CUST-00960,2025-09-14T06:26:23.295Z,481.75,PENDING
ORD-1786976374113-A96A1959,CUST-00676,2026-07-20T10:55:25.480Z,385.31,PENDING
ORD-1786976374113-D128D697,CUST-00989,2025-08-27T06:26:14.538Z,47.59,COMPLETED
ORD-1786976374113-A21BCB47,CUST-00352,2026-01-23T02:31:14.741Z,210.47,PENDING
ORD-1786976374113-C3B3BFFA,CUST-00175,2025-12-08T19:47:06.813Z,223.51,PENDING
ORD-1786976374113-E7298AE2,CUST-00658,2025-12-24T02:59:03.218Z,457.37,COMPLETED
ORD-1786976374113-5B5759BA,CUST-00486,2025-05-31T19:03:13.996Z,271.70,CANCELLED
ORD-1786976374113-460AD48C,CUST-00057,2025-10-27T13:23:56.118Z,139.50,CANCELLED
ORD-1786976374113-2E839ACB,CUST-00945,2025-12-04T09:38:34.733Z,218.83,PROCESSING
ORD-1786976374113-086FD79A,CUST-00878,2026-06-06T05:00:08.646Z,442.86,CANCELLED
ORD-1786976374113-C4D34146,CUST-00688,2026-02-17T00:55:05.600Z,175.02,COMPLETED
ORD-1786976374113-48FC9834,CUST-00269,2025-12-07T08:21:16.707Z,127.09,SHIPPED
ORD-1786976374113-C203BC85,CUST-00197,2026-01-09T17:40:52.812Z,176.50,DELIVERED
ORD-1786976374113-47688087,CUST-00028,2025-08-27T13:44:00.654Z,447.99,COMPLETED
ORD-1786976374113-7E24CE40,CUST-00399,2025-03-31T17:23:13.456Z,147.70,COMPLETED
ORD-1786976374113-5771254D,CUST-00313,2025-05-25T10:16:04.361Z,160.61,CANCELLED
ORD-1786976374113-5C70E66B,CUST-00930,2025-01-18T22:33:07.659Z,381.95,DELIVERED
ORD-1786976374113-FB2F4FA7,CUST-00660,2025-10-22T13:06:20.927Z,322.51,COMPLETED
ORD-1786976374113-E93315E1,CUST-00627,2025-02-23T09:15:45.839Z,406.71,PROCESSING
ORD-1786976374113-D1E7B4F6,CUST-00897,2025-11-14T19:07:44.598Z,175.98,DELIVERED
ORD-1786976374113-241AF099,CUST-00430,2025-05-28T18:32:27.730Z,335.12,DELIVERED
ORD-1786976374113-18FC81A9,CUST-00087,2025-12-20T12:53:32.775Z,453.42,SHIPPED
ORD-1786976374113-D8420F9F,CUST-00079,2026-04-29T22:46:28.744Z,134.36,PENDING
ORD-1786976374113-BC1599ED,CUST-00943,2026-07-23T02:08:15.396Z,360.82,COMPLETED
ORD-1786976374113-6455C94B,CUST-00743,2025-01-18T14:49:24.974Z,294.55,CANCELLED
ORD-1786976374113-6436D314,CUST-00872,2025-07-11T21:55:49.473Z,271.06,PENDING
ORD-1786976374113-33519541,CUST-00404,2025-03-23T08:38:41.685Z,258.56,PROCESSING
ORD-1786976374113-C8496DB0,CUST-00082,2026-04-09T19:41:31.722Z,288.42,SHIPPED
ORD-1786976374113-3D6DB9AC,CUST-00141,2025-03-19T04:58:06.407Z,79.93,PENDING
ORD-1786976374113-D82A1DD0,CUST-00502,2025-06-19T03:35:35.069Z,315.17,COMPLETED
ORD-1786976374113-447551C4,CUST-00626,2025-05-17T04:42:33.964Z,133.33,DELIVERED
ORD-1786976374113-E8F732D5,CUST-00236,2025-05-07T09:14:35.546Z,252.10,SHIPPED
ORD-1786976374113-9DB29094,CUST-00619,2026-01-03T15:51:30.460Z,390.49,PROCESSING
ORD-1786976374113-755269A6,CUST-00193,2025-08-08T07:55:22.718Z,91.16,DELIVERED
ORD-1786976374113-29124E3D,CUST-00911,2025-09-17T02:13:20.755Z,82.36,PENDING
ORD-1786976374113-E016303C,CUST-00627,2026-07-12T09:27:59.860Z,425.18,SHIPPED
ORD-1786976374113-0A6FCEF4,CUST-00533,2026-04-03T21:34:05.806Z,449.12,PENDING
ORD-1786976374113-6D53528E,CUST-00683,2026-03-02T13:32:51.112Z,251.34,SHIPPED
ORD-1786976374113-3D77D929,CUST-00669,2025-12-23T22:30:19.955Z,392.15,PROCESSING
ORD-1786976374113-DE355E79,CUST-00374,2025-12-17T06:17:08.238Z,476.12,PROCESSING
ORD-1786976374113-0211214F,CUST-00451,2025-03-07T18:24:21.878Z,390.17,CANCELLED
ORD-1786976374113-B90BC8B8,CUST-00134,2025-03-07T12:28:35.136Z,93.70,PROCESSING
ORD-1786976374113-5528D74D,CUST-00460,2026-06-25T10:46:18.404Z,203.70,COMPLETED
ORD-1786976374113-3A05F23F,CUST-00608,2026-04-13T11:41:28.464Z,397.31,CANCELLED
ORD-1786976374113-2509AE38,CUST-00024,2026-01-22T09:53:54.262Z,327.15,COMPLETED
ORD-1786976374113-692290C6,CUST-00455,2025-09-21T08:16:59.519Z,275.36,PENDING
ORD-1786976374113-4660BEC0,CUST-00261,2025-05-29T10:21:15.471Z,263.85,SHIPPED
ORD-1786976374113-CA4A32D2,CUST-00853,2026-04-12T14:40:59.043Z,239.93,COMPLETED
ORD-1786976374113-26FE4D1C,CUST-00621,2026-02-12T20:28:27.425Z,65.48,PENDING
ORD-1786976374113-9C305D27,CUST-00914,2025-12-29T01:46:52.802Z,505.78,DELIVERED
ORD-1786976374113-A5595E9E,CUST-00358,2025-03-08T19:24:52.688Z,397.20,DELIVERED
ORD-1786976374113-B7F59DE2,CUST-00747,2026-04-19T11:02:20.256Z,96.10,SHIPPED
ORD-1786976374113-FFA98EFA,CUST-00736,2026-02-01T15:53:46.788Z,364.16,COMPLETED
ORD-1786976374113-41DF96CB,CUST-00595,2026-04-26T21:06:10.048Z,355.23,PENDING
ORD-1786976374113-F9879824,CUST-00122,2026-03-08T19:35:02.491Z,397.10,DELIVERED
ORD-1786976374113-C1E6BB29,CUST-00013,2026-07-28T08:32:31.654Z,25.37,PENDING
ORD-1786976374113-41B7F49A,CUST-00831,2026-02-15T23:02:37.344Z,387.26,DELIVERED
ORD-1786976374113-5EE7AFC0,CUST-00796,2026-05-22T00:38:45.606Z,390.09,COMPLETED
ORD-1786976374113-BA5E2DBD,CUST-00632,2026-08-08T22:23:01.048Z,131.70,PROCESSING
ORD-1786976374113-70208E60,CUST-00305,2026-07-18T06:59:55.806Z,487.66,DELIVERED
ORD-1786976374113-5C139398,CUST-00483,2025-09-08T08:46:50.906Z,393.97,PROCESSING
ORD-1786976374113-87BC63D9,CUST-00291,2026-01-10T22:52:39.326Z,234.68,DELIVERED
ORD-1786976374113-D7A9A82A,CUST-00959,2025-06-25T16:24:05.195Z,488.86,PROCESSING
ORD-1786976374113-43C48CCC,CUST-00684,2025-02-13T13:46:05.172Z,240.73,DELIVERED
ORD-1786976374113-B48EF0BF,CUST-00987,2026-06-06T07:26:19.531Z,24.48,SHIPPED
ORD-1786976374113-D6A85278,CUST-00732,2025-01-11T06:02:02.966Z,444.82,SHIPPED
ORD-1786976374113-2419FA85,CUST-00122,2025-06-17T02:05:31.261Z,355.68,COMPLETED
ORD-1786976374113-62F9BAA0,CUST-00007,2025-07-23T21:00:19.657Z,458.84,PROCESSING
ORD-1786976374113-479CA683,CUST-00912,2025-10-06T23:03:30.544Z,93.15,PROCESSING
ORD-1786976374113-6D10D29C,CUST-00433,2026-08-13T13:27:22.100Z,82.44,PENDING
ORD-1786976374113-22687903,CUST-00163,2026-03-01T20:36:09.626Z,330.05,SHIPPED
ORD-1786976374113-FD6E3A8D,CUST-00098,2026-06-02T00:05:46.559Z,366.21,PENDING
ORD-1786976374113-CE40BE54,CUST-00341,2025-03-31T13:38:20.258Z,467.09,SHIPPED
ORD-1786976374113-3DA561E5,CUST-00058,2025-07-14T06:25:50.222Z,393.02,PENDING
ORD-1786976374113-4C2474E1,CUST-00230,2025-01-30T18:42:01.250Z,316.58,DELIVERED
ORD-1786976374113-34AA5AF2,CUST-00834,2026-06-24T10:05:33.550Z,499.23,CANCELLED
ORD-1786976374113-FECB4B2C,CUST-00767,2025-03-13T08:00:10.407Z,449.18,PENDING
ORD-1786976374113-BA94471A,CUST-00099,2025-02-11T20:39:46.393Z,109.63,PROCESSING
ORD-1786976374113-A8AD9083,CUST-00600,2026-01-30T18:40:10.642Z,293.73,PENDING
ORD-1786976374113-18240DFD,CUST-00063,2026-06-22T10:29:22.759Z,491.77,SHIPPED
ORD-1786976374113-0201DD35,CUST-00762,2026-02-25T03:19:01.688Z,88.33,DELIVERED
ORD-1786976374113-4B1AA7A3,CUST-00029,2025-11-15T03:15:23.090Z,135.11,COMPLETED
ORD-1786976374113-B74AFA38,CUST-00164,2026-02-18T22:12:15.555Z,350.18,PROCESSING
ORD-1786976374113-94F5579B,CUST-00118,2025-11-05T09:41:57.098Z,45.41,PENDING
ORD-1786976374113-D87BD46E,CUST-00011,2026-01-13T20:28:59.267Z,279.06,PENDING
ORD-1786976374113-F3C75403,CUST-00636,2025-05-16T11:02:41.631Z,284.81,COMPLETED
ORD-1786976374113-7E5AF767,CUST-00379,2025-08-18T02:59:15.966Z,238.97,PENDING
ORD-1786976374113-D9CA8D3C,CUST-00211,2026-07-02T09:21:59.156Z,484.45,PROCESSING
ORD-1786976374113-5F6B6B77,CUST-00216,2025-10-05T19:35:27.024Z,409.96,SHIPPED
ORD-1786976374113-E9273B4F,CUST-00770,2026-02-08T12:50:28.227Z,276.04,PROCESSING
ORD-1786976374113-5F00589F,CUST-00090,2025-01-24T12:56:21.900Z,318.77,SHIPPED
ORD-1786976374113-846A09DF,CUST-00339,2025-02-06T11:40:50.043Z,255.29,DELIVERED
ORD-1786976374113-E5DD867C,CUST-00578,2025-08-24T02:39:50.693Z,495.99,PENDING
ORD-1786976374113-503FECA2,CUST-00303,2026-03-30T18:14:50.680Z,254.30,PENDING
ORD-1786976374113-E1B43F3C,CUST-00765,2025-12-17T23:14:43.905Z,366.68,PROCESSING
ORD-1786976374113-A4E07E84,CUST-00025,2025-01-30T03:47:34.464Z,300.41,SHIPPED
ORD-1786976374113-BC28DB2A,CUST-00224,2026-03-03T15:05:16.141Z,154.63,PROCESSING
ORD-1786976374113-80CF785F,CUST-00524,2026-02-19T07:50:38.490Z,428.49,DELIVERED
ORD-1786976374113-586D1E0A,CUST-00692,2025-09-02T12:11:30.555Z,49.54,CANCELLED
ORD-1786976374113-3F57956F,CUST-00434,2025-07-28T02:40:41.196Z,94.10,CANCELLED
ORD-1786976374114-2D56E3DF,CUST-00931,2026-04-27T22:55:47.495Z,106.88,PENDING
ORD-1786976374114-1C12F8B2,CUST-00344,2025-04-08T04:19:42.936Z,496.37,PROCESSING
ORD-1786976374114-5EC97C0A,CUST-00300,2025-08-03T17:55:08.475Z,80.12,CANCELLED
ORD-1786976374114-8AA92D4F,CUST-00984,2026-06-06T04:42:08.687Z,459.91,DELIVERED
ORD-1786976374114-3DF7A8FF,CUST-00678,2026-08-13T01:27:50.442Z,37.21,PENDING
ORD-1786976374114-4CC08C2A,CUST-00102,2025-12-04T20:45:36.193Z,157.52,SHIPPED
ORD-1786976374114-8F83C71D,CUST-00989,2025-01-06T12:48:36.569Z,147.88,PROCESSING
ORD-1786976374114-BF553856,CUST-00212,2026-05-10T11:58:57.375Z,400.56,CANCELLED
ORD-1786976374114-E63B0197,CUST-00366,2025-10-14T07:09:07.822Z,347.47,COMPLETED
ORD-1786976374114-DFEBF6EE,CUST-00833,2025-04-23T12:05:07.882Z,408.61,CANCELLED
ORD-1786976374114-9F339E4C,CUST-00144,2025-04-17T00:57:18.304Z,85.66,PROCESSING
ORD-1786976374114-ECB7BEA1,CUST-00226,2026-05-28T19:43:31.559Z,102.51,SHIPPED
ORD-1786976374114-AD5573F5,CUST-00818,2026-06-05T02:01:43.029Z,222.61,PROCESSING
ORD-1786976374114-6FC22457,CUST-00244,2026-05-24T23:18:17.302Z,467.95,DELIVERED
ORD-1786976374114-012D9C75,CUST-00305,2025-05-15T08:15:48.182Z,506.31,CANCELLED
ORD-1786976374114-1459F1F7,CUST-00834,2025-04-14T03:38:03.515Z,232.99,COMPLETED
ORD-1786976374114-5B1D28F3,CUST-00967,2025-05-02T11:39:42.583Z,171.56,DELIVERED
ORD-1786976374114-4CACE6D5,CUST-00464,2025-06-27T06:22:30.304Z,471.72,CANCELLED
ORD-1786976374114-1514ABB6,CUST-00832,2026-05-04T02:14:46.632Z,206.48,PENDING
ORD-1786976374114-6214258A,CUST-00617,2026-07-31T22:48:43.090Z,347.96,CANCELLED
ORD-1786976374114-3934226C,CUST-00695,2025-01-04T02:46:24.775Z,241.68,PROCESSING
ORD-1786976374114-7E0A7C31,CUST-00997,2025-01-19T15:37:46.704Z,319.39,PROCESSING
ORD-1786976374114-0C0F2B98,CUST-00082,2025-05-23T01:14:04.345Z,364.49,PROCESSING
ORD-1786976374114-885E268E,CUST-00188,2026-03-10T18:04:25.641Z,194.49,DELIVERED
ORD-1786976374114-1EF76F4F,CUST-00939,2025-07-02T09:38:08.348Z,467.15,DELIVERED
ORD-1786976374114-5080AA90,CUST-00858,2026-03-28T20:58:41.397Z,48.34,DELIVERED
ORD-1786976374114-9D4812D5,CUST-00116,2025-07-02T00:24:49.907Z,176.75,COMPLETED
ORD-1786976374114-9907089C,CUST-00532,2026-07-04T06:07:52.034Z,232.26,PROCESSING
ORD-1786976374114-6826624E,CUST-00607,2026-01-24T07:24:52.142Z,212.89,DELIVERED
ORD-1786976374114-9E99B991,CUST-00448,2025-08-13T11:48:51.085Z,351.11,COMPLETED
ORD-1786976374114-D64F5AE0,CUST-00271,2026-02-08T10:41:11.704Z,500.82,PENDING
ORD-1786976374114-9351674C,CUST-00339,2025-06-24T20:18:36.362Z,284.24,COMPLETED
ORD-1786976374114-CF526C06,CUST-00384,2025-11-24T08:20:28.915Z,474.72,PROCESSING
ORD-1786976374114-6463336D,CUST-00725,2025-08-18T13:51:41.928Z,15.01,SHIPPED
ORD-1786976374114-D33794EC,CUST-00679,2026-01-07T12:30:58.820Z,260.01,DELIVERED
ORD-1786976374114-C175AD2F,CUST-00976,2026-07-26T14:49:14.458Z,488.83,DELIVERED
ORD-1786976374114-923D6B77,CUST-00911,2025-09-25T16:26:31.476Z,178.39,PENDING
ORD-1786976374114-1B0AB341,CUST-00667,2026-02-19T19:51:41.959Z,129.05,COMPLETED
ORD-1786976374114-DD7BC633,CUST-00039,2026-02-27T08:54:53.097Z,119.74,PENDING
ORD-1786976374114-C81E69A1,CUST-00761,2025-07-30T17:58:14.410Z,17.87,CANCELLED
ORD-1786976374114-F9D99271,CUST-00906,2025-09-13T06:05:24.877Z,498.90,SHIPPED
ORD-1786976374114-D96DB65F,CUST-00840,2025-10-24T00:55:49.655Z,104.54,DELIVERED
ORD-1786976374114-BF754FFD,CUST-00957,2026-04-26T02:55:05.566Z,81.10,SHIPPED
ORD-1786976374114-FD7682CC,CUST-00090,2025-12-06T01:29:31.165Z,53.49,SHIPPED
ORD-1786976374114-4DB5E93E,CUST-00802,2026-07-22T00:32:12.856Z,311.16,DELIVERED
ORD-1786976374114-19E37A28,CUST-00600,2025-12-22T04:16:36.166Z,225.63,SHIPPED
ORD-1786976374114-C3F8690E,CUST-00600,2026-05-07T01:58:55.966Z,150.05,PENDING
ORD-1786976374114-F3457A79,CUST-00006,2025-12-12T19:28:03.561Z,91.65,PROCESSING
ORD-1786976374114-1E5D2602,CUST-00152,2025-02-05T15:13:19.156Z,225.97,CANCELLED
ORD-1786976374114-CFC4FD3D,CUST-00733,2025-11-22T05:33:34.014Z,309.87,CANCELLED
ORD-1786976374114-D1B4A370,CUST-00045,2026-05-23T09:36:50.948Z,239.59,PENDING
ORD-1786976374114-687752C4,CUST-00365,2025-12-17T00:25:10.109Z,266.02,CANCELLED
ORD-1786976374114-F2C5063D,CUST-00238,2026-07-03T15:08:42.920Z,366.23,PENDING
ORD-1786976374114-771F7395,CUST-00962,2025-02-20T19:23:19.874Z,50.76,COMPLETED
ORD-1786976374114-C1A86B1F,CUST-00051,2025-11-22T19:35:24.386Z,430.26,COMPLETED
ORD-1786976374114-1BE662C8,CUST-00344,2026-02-05T04:38:58.474Z,34.28,PENDING
ORD-1786976374114-6DED9631,CUST-00851,2026-03-25T14:07:30.973Z,224.92,SHIPPED
ORD-1786976374114-DA4660FD,CUST-00861,2025-05-08T09:28:10.553Z,94.59,PROCESSING
ORD-1786976374114-1F85D7D8,CUST-00799,2025-05-18T05:22:29.661Z,427.48,CANCELLED
ORD-1786976374114-5E3E1D16,CUST-00019,2026-06-15T07:59:49.076Z,16.75,COMPLETED
ORD-1786976374114-03F765EA,CUST-00376,2026-01-20T03:22:10.919Z,123.91,DELIVERED
ORD-1786976374114-A323DDD1,CUST-00618,2026-05-20T19:51:58.865Z,329.88,COMPLETED
ORD-1786976374114-21C31A6A,CUST-00665,2026-02-08T17:34:14.994Z,156.09,COMPLETED
ORD-1786976374114-54D44EA7,CUST-00068,2026-02-17T18:26:20.086Z,279.73,SHIPPED
ORD-1786976374114-779C2CA9,CUST-00968,2025-02-01T03:10:31.512Z,413.67,PENDING
ORD-1786976374114-3BFDFDDD,CUST-00627,2026-03-29T15:54:31.309Z,435.51,PROCESSING
ORD-1786976374114-EC3E63D2,CUST-00095,2026-05-07T13:53:57.891Z,319.64,SHIPPED
ORD-1786976374114-BBF4A4D1,CUST-00702,2025-08-26T11:33:31.955Z,27.32,DELIVERED
ORD-1786976374114-19C9541D,CUST-00798,2025-02-08T08:20:33.893Z,201.21,DELIVERED
ORD-1786976374114-939CB169,CUST-00005,2025-10-24T23:11:57.249Z,331.15,DELIVERED
ORD-1786976374114-22E01BCF,CUST-00049,2025-02-10T09:26:32.606Z,428.17,PROCESSING
ORD-1786976374114-298691E6,CUST-00999,2025-10-13T08:59:04.755Z,156.84,CANCELLED
ORD-1786976374114-183A5A03,CUST-00260,2025-06-25T17:34:43.077Z,278.43,COMPLETED
ORD-1786976374114-F8FD8A7A,CUST-00976,2026-06-04T11:41:30.973Z,189.55,CANCELLED
ORD-1786976374114-001E1DD8,CUST-00671,2026-02-12T08:18:09.989Z,185.37,PENDING
ORD-1786976374114-6EEE9F62,CUST-00802,2026-08-14T01:49:04.071Z,225.84,SHIPPED
ORD-1786976374114-FA02DA34,CUST-00293,2025-02-14T19:00:53.556Z,106.33,DELIVERED
ORD-1786976374114-60C60748,CUST-00194,2025-08-26T05:16:13.320Z,99.73,CANCELLED
ORD-1786976374114-96D4F2D6,CUST-00632,2025-01-17T03:20:06.509Z,28.99,DELIVERED
ORD-1786976374114-A45C6DBE,CUST-00525,2025-03-06T02:48:37.503Z,89.71,PROCESSING
ORD-1786976374114-60F0335C,CUST-00866,2025-04-12T09:29:20.462Z,365.72,COMPLETED
ORD-1786976374114-922062A3,CUST-00502,2025-04-10T21:49:36.306Z,401.03,COMPLETED
ORD-1786976374114-D7DBB1AE,CUST-00834,2025-09-05T14:05:24.874Z,73.38,COMPLETED
ORD-1786976374114-2118B6D0,CUST-00646,2025-12-24T17:17:52.741Z,447.73,DELIVERED
ORD-1786976374114-8CD4AF10,CUST-00611,2026-03-30T01:26:49.353Z,98.77,SHIPPED
ORD-1786976374114-E7AA803B,CUST-00630,2025-02-23T10:49:35.517Z,73.80,PENDING
ORD-1786976374114-6D90B938,CUST-00515,2026-07-25T11:21:01.510Z,165.35,DELIVERED
ORD-1786976374114-538AF639,CUST-00646,2025-07-30T05:32:00.617Z,364.87,COMPLETED
ORD-1786976374114-D6598613,CUST-00898,2026-07-03T00:14:23.611Z,337.31,CANCELLED
ORD-1786976374114-D0EF8F4B,CUST-00971,2026-03-22T18:01:42.602Z,14.15,SHIPPED
ORD-1786976374114-ADC773C6,CUST-00551,2025-12-28T19:00:34.265Z,270.60,CANCELLED
ORD-1786976374114-6BA35E05,CUST-00461,2025-03-23T04:45:42.168Z,450.81,PROCESSING
ORD-1786976374114-D593B435,CUST-00388,2025-07-26T20:58:17.887Z,502.06,DELIVERED
ORD-1786976374114-313362A3,CUST-00963,2025-09-09T21:09:02.602Z,370.68,CANCELLED
ORD-1786976374114-3B35C6C5,CUST-00221,2026-04-03T08:55:15.592Z,444.28,COMPLETED
ORD-1786976374114-BEBEFE96,CUST-00045,2025-07-20T08:56:44.758Z,77.53,PENDING
ORD-1786976374114-F211AD4B,CUST-00573,2026-03-19T06:09:32.911Z,189.03,PROCESSING
ORD-1786976374114-FC49F4D3,CUST-00788,2025-11-12T01:46:56.981Z,14.75,PENDING
ORD-1786976374114-01931F27,CUST-00359,2025-02-21T16:46:44.877Z,70.15,COMPLETED
ORD-1786976374114-BF510612,CUST-00539,2025-01-31T21:25:49.126Z,488.57,CANCELLED
ORD-1786976374114-96785680,CUST-00814,2026-07-07T07:13:09.560Z,329.32,COMPLETED
ORD-1786976374114-1930992E,CUST-00677,2025-05-01T20:23:01.270Z,86.30,PENDING
ORD-1786976374114-9832C501,CUST-00478,2026-06-23T12:31:48.349Z,247.13,PENDING
ORD-1786976374114-DAE4F5C0,CUST-00443,2025-10-08T06:38:47.536Z,353.08,DELIVERED
ORD-1786976374114-2785167E,CUST-00181,2025-10-01T21:13:38.662Z,376.25,CANCELLED
ORD-1786976374114-EBA175A2,CUST-00233,2025-10-18T13:45:57.647Z,309.17,PROCESSING
ORD-1786976374114-236E4E76,CUST-00905,2025-06-10T12:21:41.554Z,420.00,COMPLETED
ORD-1786976374114-CBE7B859,CUST-00004,2025-04-18T06:36:14.767Z,446.35,PENDING
ORD-1786976374114-02C634B3,CUST-00431,2025-06-06T19:55:38.918Z,126.93,CANCELLED
ORD-1786976374114-FBD8E76F,CUST-00122,2025-07-30T06:19:51.097Z,19.96,CANCELLED
ORD-1786976374114-726BE99F,CUST-00732,2026-03-25T14:00:30.536Z,28.94,SHIPPED
ORD-1786976374114-3A241CC8,CUST-00322,2025-01-04T15:01:01.846Z,153.34,PENDING
ORD-1786976374114-7AEB3036,CUST-00050,2026-04-25T01:46:50.278Z,164.15,PENDING
ORD-1786976374114-5B19BAE8,CUST-00914,2026-06-09T13:40:44.128Z,243.12,PENDING
ORD-1786976374114-5BDAA805,CUST-00796,2025-12-31T23:55:18.250Z,241.69,SHIPPED
ORD-1786976374114-65185BEC,CUST-00967,2025-05-18T15:15:43.662Z,462.03,SHIPPED
ORD-1786976374114-B6091442,CUST-00261,2025-01-24T07:02:14.122Z,154.11,PENDING
ORD-1786976374114-02E547AA,CUST-00606,2026-06-19T19:02:26.912Z,115.08,PENDING
ORD-1786976374114-D8802DD0,CUST-00404,2025-01-07T15:47:04.336Z,396.14,COMPLETED
ORD-1786976374114-C7DDF441,CUST-00012,2025-11-08T14:50:56.760Z,400.04,PENDING
ORD-1786976374114-CDF6DCF9,CUST-00430,2026-04-07T01:17:09.620Z,449.50,SHIPPED
ORD-1786976374114-8C52A429,CUST-00250,2025-07-07T06:59:40.243Z,286.50,PENDING
ORD-1786976374114-4C251C55,CUST-00767,2025-01-10T18:50:32.320Z,337.06,PENDING
ORD-1786976374114-99DBE479,CUST-00593,2026-01-22T23:25:25.877Z,476.08,CANCELLED
ORD-1786976374114-C0F99B58,CUST-00563,2025-04-14T02:09:52.788Z,63.39,CANCELLED
ORD-1786976374114-C8C55660,CUST-00429,2026-05-05T11:31:48.781Z,14.58,CANCELLED
ORD-1786976374114-1C8A1454,CUST-00111,2025-01-23T06:18:20.574Z,99.81,PENDING
ORD-1786976374114-F7F51633,CUST-00682,2026-02-10T04:52:33.037Z,50.92,PROCESSING
ORD-1786976374114-48EA3700,CUST-00056,2025-09-28T01:09:27.298Z,424.05,COMPLETED
ORD-1786976374114-444D11DA,CUST-00906,2025-03-24T09:27:51.505Z,187.72,CANCELLED
ORD-1786976374114-88D94499,CUST-00989,2025-05-21T00:17:59.177Z,240.97,PROCESSING
ORD-1786976374114-E88B6D13,CUST-00665,2026-08-10T06:19:21.662Z,493.91,SHIPPED
ORD-1786976374114-36514A14,CUST-00245,2025-04-16T21:35:05.988Z,25.30,SHIPPED
ORD-1786976374114-A115DBE7,CUST-00728,2025-03-13T00:54:31.090Z,365.10,PENDING
ORD-1786976374114-839B0276,CUST-00860,2026-05-05T22:50:56.572Z,198.49,CANCELLED
ORD-1786976374114-AC3EE754,CUST-00014,2026-06-12T00:58:03.825Z,132.52,DELIVERED
ORD-1786976374114-FFED189A,CUST-00300,2025-08-18T21:55:36.028Z,184.51,SHIPPED
ORD-1786976374114-B276550E,CUST-00539,2025-05-14T07:35:01.652Z,216.82,COMPLETED
ORD-1786976374114-57E0F605,CUST-00790,2026-05-24T08:26:56.537Z,150.77,COMPLETED
ORD-1786976374114-5CB2ECB5,CUST-00703,2025-07-14T21:54:42.640Z,495.03,CANCELLED
ORD-1786976374114-F8F7C92B,CUST-00256,2025-08-25T20:56:05.002Z,456.29,SHIPPED
ORD-1786976374114-73C5224F,CUST-00638,2025-05-27T11:07:58.407Z,349.57,DELIVERED
ORD-1786976374114-521D416D,CUST-00810,2025-04-21T01:55:56.715Z,506.54,PROCESSING
ORD-1786976374114-9E3FFC0F,CUST-00659,2026-02-08T05:30:51.575Z,18.90,CANCELLED
ORD-1786976374114-F2C07042,CUST-00753,2026-07-26T21:19:49.941Z,31.60,PENDING
ORD-1786976374114-421EAAEF,CUST-00085,2025-05-19T16:48:18.542Z,121.53,COMPLETED
ORD-1786976374114-5F5B827F,CUST-00696,2026-06-04T22:49:20.874Z,319.72,DELIVERED
ORD-1786976374114-47C29EBA,CUST-00377,2026-01-30T02:01:33.332Z,338.24,COMPLETED
ORD-1786976374114-8F585404,CUST-00444,2026-03-30T01:05:55.508Z,94.81,PROCESSING
ORD-1786976374114-459CA613,CUST-00093,2026-08-12T12:03:07.546Z,430.83,PROCESSING
ORD-1786976374114-AFECF567,CUST-00325,2026-03-05T07:50:15.750Z,476.80,PENDING
ORD-1786976374114-3D87EEFF,CUST-00629,2026-07-09T01:05:35.057Z,428.27,PENDING
ORD-1786976374114-FE7EF44C,CUST-00320,2025-02-03T22:20:03.588Z,294.62,SHIPPED
ORD-1786976374114-0B351BA5,CUST-00196,2025-09-13T11:35:45.875Z,209.86,PROCESSING
ORD-1786976374114-765595B6,CUST-00318,2025-12-17T18:19:10.459Z,329.72,CANCELLED
ORD-1786976374114-F70E527F,CUST-00882,2026-04-24T09:21:43.537Z,74.47,PENDING
ORD-1786976374114-E9D3420C,CUST-00686,2026-02-03T12:11:16.175Z,282.15,PENDING
ORD-1786976374114-5488DCF8,CUST-00948,2025-05-08T01:48:56.162Z,421.30,SHIPPED
ORD-1786976374114-0253D84D,CUST-00813,2025-06-14T12:19:26.287Z,229.94,COMPLETED
ORD-1786976374114-796A1D7F,CUST-00102,2026-03-08T21:01:27.831Z,234.64,COMPLETED
ORD-1786976374114-B8E506E5,CUST-00781,2026-08-04T16:45:51.358Z,265.23,PROCESSING
ORD-1786976374114-5526BE0C,CUST-00092,2025-06-30T15:06:50.743Z,380.74,COMPLETED
ORD-1786976374114-1C860315,CUST-00059,2026-06-02T00:08:24.044Z,165.43,SHIPPED
ORD-1786976374114-B42B7DDD,CUST-00239,2025-11-09T07:50:33.291Z,182.41,PROCESSING
ORD-1786976374114-B23FA2B2,CUST-00075,2025-12-30T22:16:17.310Z,15.09,DELIVERED
ORD-1786976374114-CEB4349D,CUST-00633,2026-01-10T03:28:46.142Z,336.45,PENDING
ORD-1786976374114-21C5DE19,CUST-00403,2025-08-29T22:44:43.113Z,387.79,SHIPPED
ORD-1786976374114-8ED52A20,CUST-00223,2025-07-23T01:32:18.590Z,463.58,COMPLETED
ORD-1786976374114-B4877784,CUST-00756,2025-02-08T02:08:07.091Z,249.65,SHIPPED
ORD-1786976374114-B582681A,CUST-00914,2026-08-04T21:20:46.295Z,153.57,PROCESSING
ORD-1786976374114-71A43D77,CUST-00109,2025-04-30T12:24:57.786Z,471.21,PENDING
ORD-1786976374114-892DD85F,CUST-00077,2025-02-21T05:43:50.123Z,160.50,CANCELLED
ORD-1786976374114-C8D2FB35,CUST-00207,2025-12-28T01:13:41.053Z,255.56,DELIVERED
ORD-1786976374114-DFB9F029,CUST-00617,2026-08-09T17:10:46.428Z,486.59,DELIVERED
ORD-1786976374114-F4F713B6,CUST-00072,2026-07-09T02:26:31.521Z,440.76,PROCESSING
ORD-1786976374114-FAA11241,CUST-00605,2026-01-24T05:46:40.008Z,381.19,DELIVERED
ORD-1786976374114-06D02AFD,CUST-00180,2025-03-06T05:37:34.956Z,281.42,COMPLETED
ORD-1786976374114-248A90CE,CUST-00982,2026-08-09T06:36:26.956Z,252.61,PROCESSING
ORD-1786976374114-4F1502C3,CUST-00725,2025-10-23T16:17:21.669Z,35.15,COMPLETED
ORD-1786976374114-677ADF2C,CUST-00739,2025-03-18T11:04:46.454Z,423.24,CANCELLED
ORD-1786976374114-5D2FF8A5,CUST-00161,2025-08-26T15:27:48.376Z,207.47,PENDING
ORD-1786976374114-B2ED4147,CUST-00976,2026-01-21T23:07:47.256Z,145.06,PROCESSING
ORD-1786976374114-FBDD48D5,CUST-00636,2026-05-08T23:40:59.277Z,370.60,CANCELLED
ORD-1786976374114-0A7092FE,CUST-00765,2025-08-25T15:52:41.686Z,62.01,SHIPPED
ORD-1786976374114-AC0DA789,CUST-00144,2026-07-16T14:50:27.943Z,328.86,PENDING
ORD-1786976374114-57134B86,CUST-00023,2025-03-18T03:17:01.686Z,123.36,PROCESSING
ORD-1786976374114-45C65131,CUST-00802,2025-05-06T02:04:21.201Z,478.13,PENDING
ORD-1786976374114-508511FC,CUST-00227,2025-10-13T08:58:14.931Z,317.01,PENDING
ORD-1786976374114-E0589839,CUST-00926,2025-02-05T15:43:34.544Z,27.04,SHIPPED
ORD-1786976374114-4B5A79C9,CUST-00313,2026-01-04T00:09:46.585Z,263.75,DELIVERED
ORD-1786976374114-DB69504B,CUST-00200,2026-06-11T13:48:23.368Z,191.88,DELIVERED
ORD-1786976374115-8CDD4CD0,CUST-00230,2025-03-04T13:12:47.077Z,464.67,PROCESSING
ORD-1786976374115-B67B8123,CUST-00975,2026-01-13T05:16:26.189Z,146.66,CANCELLED
ORD-1786976374115-37C8DACA,CUST-00651,2025-11-21T11:15:39.617Z,28.71,CANCELLED
ORD-1786976374115-22D0D26B,CUST-00904,2026-07-27T00:11:09.879Z,314.87,SHIPPED
ORD-1786976374115-B8FAC7CD,CUST-00417,2026-06-24T08:46:31.654Z,98.28,DELIVERED
ORD-1786976374115-D4F65135,CUST-00138,2025-06-01T10:10:59.291Z,429.36,COMPLETED
ORD-1786976374115-C12D142C,CUST-00445,2026-07-27T19:58:16.208Z,294.40,COMPLETED
ORD-1786976374115-66ECC927,CUST-00189,2026-03-09T10:34:03.911Z,397.39,PROCESSING
ORD-1786976374115-F57A8E0C,CUST-00961,2025-03-09T08:13:29.478Z,230.63,PENDING
ORD-1786976374115-FF77B444,CUST-00789,2025-10-11T12:59:31.142Z,440.53,COMPLETED
ORD-1786976374115-6A6DA7C6,CUST-00709,2025-12-12T10:27:24.106Z,506.93,SHIPPED
ORD-1786976374115-CAC6D3BC,CUST-00249,2025-11-12T15:04:10.209Z,22.12,PROCESSING
ORD-1786976374115-15DE21B8,CUST-00819,2026-05-03T18:24:35.007Z,343.99,SHIPPED
ORD-1786976374115-2BBF403E,CUST-00603,2025-05-12T05:31:03.293Z,178.79,PENDING
ORD-1786976374115-B037BF4E,CUST-00114,2026-08-07T17:50:27.124Z,274.87,DELIVERED
ORD-1786976374115-494EE9EF,CUST-00776,2026-04-09T20:36:52.622Z,146.09,PROCESSING
ORD-1786976374115-14B983BE,CUST-00828,2026-05-11T18:15:55.148Z,334.42,DELIVERED
ORD-1786976374115-7D04AF16,CUST-00149,2025-05-24T08:35:22.282Z,140.42,PROCESSING
ORD-1786976374115-E09C4A94,CUST-00039,2026-03-09T16:48:01.348Z,180.84,PENDING
ORD-1786976374115-DC1448C5,CUST-00916,2025-01-26T20:33:50.421Z,40.32,CANCELLED
ORD-1786976374115-91C0D96C,CUST-00849,2025-05-21T20:35:54.153Z,167.21,CANCELLED
ORD-1786976374115-DEFB2CE3,CUST-00538,2025-01-05T17:19:55.938Z,411.43,CANCELLED
ORD-1786976374115-32B1CD8C,CUST-00951,2026-01-30T07:53:00.753Z,342.11,COMPLETED
ORD-1786976374115-7510AEA3,CUST-00854,2026-01-31T00:22:28.999Z,455.06,DELIVERED
ORD-1786976374115-39B6E14C,CUST-00124,2025-01-08T18:15:24.964Z,494.12,PROCESSING
ORD-1786976374115-353133E6,CUST-00254,2026-03-20T01:43:07.609Z,148.28,PENDING
ORD-1786976374115-98034E80,CUST-00499,2025-02-24T09:13:22.160Z,509.48,DELIVERED
ORD-1786976374115-630A0D8E,CUST-00694,2026-07-13T03:48:36.464Z,35.73,CANCELLED
ORD-1786976374115-BFF96056,CUST-00246,2025-10-12T07:40:41.507Z,380.70,PROCESSING
ORD-1786976374115-9228FA71,CUST-00916,2025-05-14T04:05:51.586Z,50.79,CANCELLED
ORD-1786976374115-F6BAD0F5,CUST-00636,2025-05-18T18:11:05.539Z,228.77,SHIPPED
ORD-1786976374115-2CACADBC,CUST-00150,2025-08-27T03:46:06.375Z,406.19,DELIVERED
ORD-1786976374115-7BB50929,CUST-00513,2025-12-25T05:15:21.845Z,331.90,COMPLETED
ORD-1786976374115-C707E478,CUST-00036,2026-02-27T08:45:17.637Z,79.67,PENDING
ORD-1786976374115-2CAA2816,CUST-00768,2025-04-12T01:35:33.038Z,32.05,PROCESSING
ORD-1786976374115-CA7DFBD6,CUST-00279,2025-01-22T14:27:56.950Z,135.50,PENDING
ORD-1786976374115-F3B97F5D,CUST-00183,2025-02-06T20:06:09.640Z,322.62,PENDING
ORD-1786976374115-9E20F3E1,CUST-00654,2025-10-24T18:04:20.307Z,187.99,DELIVERED
ORD-1786976374115-FA0C9F80,CUST-00261,2025-05-16T06:14:04.892Z,85.06,DELIVERED
ORD-1786976374115-AE16280F,CUST-00750,2025-05-27T00:56:18.157Z,250.06,CANCELLED
ORD-1786976374115-FE336338,CUST-00766,2025-02-11T01:57:45.175Z,229.53,CANCELLED
ORD-1786976374115-9D89A102,CUST-00996,2026-03-08T10:18:22.900Z,143.44,COMPLETED
ORD-1786976374115-EC410C32,CUST-00929,2026-05-04T11:54:09.791Z,401.69,SHIPPED
ORD-1786976374115-C8CB661E,CUST-00323,2025-02-22T16:46:56.086Z,317.71,SHIPPED
ORD-1786976374115-22020520,CUST-00455,2025-10-18T19:17:39.466Z,103.97,PENDING
ORD-1786976374115-0B69AD92,CUST-00689,2025-12-08T23:15:51.108Z,178.77,SHIPPED
ORD-1786976374115-91FAD336,CUST-00955,2025-12-03T00:42:14.499Z,401.63,PENDING
ORD-1786976374115-53B7906A,CUST-00468,2025-09-16T05:30:26.620Z,120.30,COMPLETED
ORD-1786976374115-313972D0,CUST-00274,2026-03-27T08:39:18.854Z,443.20,CANCELLED
ORD-1786976374115-073491C5,CUST-00147,2025-11-08T06:35:18.067Z,306.83,PENDING
ORD-1786976374115-4FB6BCAB,CUST-00735,2025-03-01T08:52:02.270Z,363.61,SHIPPED
ORD-1786976374115-6C4E8EB9,CUST-00741,2025-02-05T20:28:38.245Z,52.18,SHIPPED
ORD-1786976374115-9411488B,CUST-00243,2026-07-18T18:10:57.188Z,166.25,SHIPPED
ORD-1786976374115-207A4CFF,CUST-00800,2025-10-11T04:39:10.769Z,48.89,DELIVERED
ORD-1786976374115-BF42F194,CUST-00524,2025-10-26T21:08:57.795Z,61.01,DELIVERED
ORD-1786976374115-26617C86,CUST-00400,2025-12-07T19:52:37.740Z,436.06,PENDING
ORD-1786976374115-EFA63ED7,CUST-00958,2025-11-09T02:50:23.953Z,237.31,PENDING
ORD-1786976374115-08A59E86,CUST-00173,2026-07-11T09:04:18.153Z,431.47,DELIVERED
ORD-1786976374115-8E34D29E,CUST-00554,2025-08-28T23:43:46.210Z,155.60,PROCESSING
ORD-1786976374115-47E093FC,CUST-00226,2026-05-25T02:17:38.230Z,38.25,PENDING
ORD-1786976374115-DF35DF96,CUST-00086,2025-08-17T01:00:22.937Z,282.06,CANCELLED
ORD-1786976374115-5641D150,CUST-00183,2026-01-30T04:06:23.645Z,94.58,CANCELLED
ORD-1786976374115-06D76517,CUST-00090,2026-07-29T08:15:18.171Z,151.22,PROCESSING
ORD-1786976374115-7FA1D9E2,CUST-00651,2026-02-18T22:06:28.604Z,186.16,CANCELLED
ORD-1786976374115-228E1619,CUST-00708,2025-04-28T23:00:34.595Z,220.75,PROCESSING
ORD-1786976374115-370C5B3A,CUST-00096,2025-05-05T00:49:08.983Z,262.28,PENDING
ORD-1786976374115-8EAE222B,CUST-00959,2025-01-16T19:16:27.024Z,44.05,PENDING
ORD-1786976374115-8A021276,CUST-00046,2026-05-22T12:27:30.859Z,166.15,CANCELLED
ORD-1786976374115-F366F496,CUST-00064,2025-08-12T00:21:13.649Z,361.16,SHIPPED
ORD-1786976374115-256C7769,CUST-00361,2025-07-21T07:30:50.957Z,217.65,CANCELLED
ORD-1786976374115-048FD3E8,CUST-00953,2025-06-16T05:41:11.950Z,327.64,PENDING
ORD-1786976374115-4314F756,CUST-00615,2026-01-29T06:31:05.714Z,198.59,CANCELLED
ORD-1786976374115-240098CB,CUST-00314,2026-03-20T00:50:54.263Z,204.64,DELIVERED
ORD-1786976374115-B85849A5,CUST-00203,2025-01-15T20:51:40.619Z,433.50,SHIPPED
ORD-1786976374115-30552F6A,CUST-00114,2026-01-06T21:23:01.697Z,56.58,DELIVERED
ORD-1786976374115-A43BD9F4,CUST-00859,2025-10-26T03:18:08.716Z,464.03,CANCELLED
ORD-1786976374115-9BA82562,CUST-00389,2025-12-04T20:28:21.059Z,240.93,COMPLETED
ORD-1786976374115-15DDC72F,CUST-00353,2026-04-08T13:47:01.111Z,387.79,PROCESSING
ORD-1786976374115-D009CE19,CUST-00035,2026-03-24T04:03:52.916Z,289.92,DELIVERED
ORD-1786976374115-AF839848,CUST-00023,2025-03-18T16:23:25.562Z,269.85,PENDING
ORD-1786976374115-98465F6B,CUST-00545,2025-12-25T21:27:49.716Z,246.64,CANCELLED
ORD-1786976374115-3A6A38CA,CUST-00177,2026-06-15T17:49:58.714Z,125.45,COMPLETED
ORD-1786976374115-CA661110,CUST-00965,2025-04-22T18:26:45.608Z,343.18,DELIVERED
ORD-1786976374115-5C1BA9C8,CUST-00564,2025-01-05T22:30:46.788Z,343.78,SHIPPED
ORD-1786976374115-958B4D4B,CUST-00080,2025-12-09T18:47:22.921Z,325.58,SHIPPED
ORD-1786976374115-12448160,CUST-00704,2026-02-10T10:49:47.954Z,382.09,DELIVERED
ORD-1786976374115-B6761745,CUST-00371,2025-03-06T03:44:52.211Z,224.14,DELIVERED
ORD-1786976374115-721E4957,CUST-00852,2026-01-03T01:03:11.140Z,406.66,PENDING
ORD-1786976374115-93786AB7,CUST-00597,2025-11-14T23:42:31.599Z,460.64,COMPLETED
ORD-1786976374115-D5D9B596,CUST-00667,2025-01-25T06:20:06.864Z,263.49,PENDING
ORD-1786976374115-6CD92284,CUST-00374,2026-05-21T16:45:59.370Z,223.41,CANCELLED
ORD-1786976374115-324330B2,CUST-00932,2026-07-13T06:06:14.237Z,122.68,CANCELLED
ORD-1786976374115-28E76618,CUST-00774,2025-11-29T16:36:50.904Z,320.92,SHIPPED
ORD-1786976374115-5D40E906,CUST-00134,2025-02-06T15:05:52.345Z,424.04,PENDING
ORD-1786976374115-313591DC,CUST-00790,2025-08-19T19:57:42.247Z,474.74,DELIVERED
ORD-1786976374115-AEC9C55C,CUST-00764,2025-02-28T18:50:01.728Z,407.11,DELIVERED
ORD-1786976374115-CAB90D83,CUST-00327,2025-08-03T23:47:34.461Z,509.85,SHIPPED
ORD-1786976374115-37456638,CUST-00894,2025-11-25T18:58:14.889Z,131.69,CANCELLED
ORD-1786976374115-5B87E601,CUST-00954,2026-03-25T01:46:29.049Z,413.95,CANCELLED
ORD-1786976374115-6474FDD1,CUST-00332,2026-07-18T12:39:15.906Z,305.41,SHIPPED
ORD-1786976374115-17BFCCF5,CUST-00150,2025-04-17T12:28:10.230Z,51.77,PROCESSING
ORD-1786976374115-85DCC9EE,CUST-00743,2025-09-30T19:02:22.733Z,139.05,SHIPPED
ORD-1786976374115-6F7E50A6,CUST-00126,2026-07-21T21:51:20.281Z,437.06,COMPLETED
ORD-1786976374115-4A55D5F2,CUST-00989,2025-06-25T10:34:30.532Z,23.32,COMPLETED
ORD-1786976374115-84A769F1,CUST-00730,2025-08-05T00:20:20.327Z,410.69,SHIPPED
ORD-1786976374115-169E5B84,CUST-00294,2025-04-07T12:19:08.920Z,194.31,DELIVERED
ORD-1786976374115-AD2036D5,CUST-00241,2025-03-01T18:11:20.198Z,394.49,CANCELLED
ORD-1786976374115-C762E190,CUST-00192,2026-03-19T16:22:43.294Z,269.89,CANCELLED
ORD-1786976374115-929203C6,CUST-00184,2025-11-27T05:22:11.995Z,164.52,CANCELLED
ORD-1786976374115-9C7ADE53,CUST-00505,2025-06-13T17:59:20.562Z,43.89,DELIVERED
ORD-1786976374115-080C430F,CUST-00820,2025-05-05T16:34:07.550Z,353.04,COMPLETED
ORD-1786976374115-4DA860E4,CUST-00071,2026-06-26T15:44:17.980Z,123.10,DELIVERED
ORD-1786976374115-F2DEB791,CUST-00077,2025-06-09T00:16:21.580Z,69.46,PROCESSING
ORD-1786976374115-24032D7A,CUST-00090,2025-08-29T12:01:44.916Z,160.98,PENDING
ORD-1786976374115-4F7F63AB,CUST-00917,2025-04-01T13:39:42.457Z,102.72,DELIVERED
ORD-1786976374115-7606B0D6,CUST-00074,2025-03-19T00:17:54.535Z,471.55,PROCESSING
ORD-1786976374115-E45973FA,CUST-00822,2025-09-22T01:13:07.703Z,287.76,SHIPPED
ORD-1786976374115-2F18EEA1,CUST-00509,2025-04-04T18:59:36.601Z,74.07,SHIPPED
ORD-1786976374115-6B9C6C0D,CUST-00049,2026-02-19T15:06:28.419Z,148.56,SHIPPED
ORD-1786976374115-1189C0A7,CUST-00878,2026-01-16T03:42:36.254Z,453.34,DELIVERED
ORD-1786976374115-382A6C28,CUST-00844,2026-04-25T14:11:35.031Z,42.66,PROCESSING
ORD-1786976374115-BA5A6DB9,CUST-00097,2026-02-02T17:34:30.505Z,262.27,SHIPPED
ORD-1786976374115-E7C23BF0,CUST-00047,2026-07-11T11:56:02.206Z,185.69,PROCESSING
ORD-1786976374115-21A6AED2,CUST-00708,2026-03-02T07:16:02.892Z,83.41,COMPLETED
ORD-1786976374115-D3D607FF,CUST-00185,2026-03-31T04:25:24.283Z,439.92,PENDING
ORD-1786976374115-78A0FA1B,CUST-00127,2025-10-13T16:01:43.844Z,463.81,PROCESSING
ORD-1786976374115-4525466B,CUST-00256,2025-11-22T09:28:53.148Z,356.57,SHIPPED
ORD-1786976374115-76D65A98,CUST-00430,2025-10-23T21:10:01.658Z,120.88,CANCELLED
ORD-1786976374115-FB96D2B4,CUST-00605,2025-03-31T10:53:57.921Z,370.18,PROCESSING
ORD-1786976374115-FBA21754,CUST-00943,2025-02-02T00:07:09.455Z,507.15,DELIVERED
ORD-1786976374115-0FB4B40F,CUST-00880,2026-03-15T20:31:19.286Z,289.18,CANCELLED
ORD-1786976374115-2E048267,CUST-00635,2025-04-25T07:49:06.563Z,433.44,SHIPPED
ORD-1786976374115-EA4F2E38,CUST-00971,2025-11-18T20:52:56.211Z,496.13,PENDING
ORD-1786976374115-75C0B35A,CUST-00022,2025-09-25T12:25:47.491Z,294.49,PENDING
ORD-1786976374115-790BDFFF,CUST-00566,2025-11-28T22:46:13.844Z,11.73,PENDING
ORD-1786976374115-0308980D,CUST-00178,2025-10-01T10:25:08.720Z,371.90,SHIPPED
ORD-1786976374115-FF2565CC,CUST-00214,2026-06-08T23:36:42.631Z,174.27,SHIPPED
ORD-1786976374115-B36D35B7,CUST-00429,2026-08-08T23:07:41.710Z,165.91,PENDING
ORD-1786976374115-49E05706,CUST-00369,2026-07-15T17:10:10.399Z,455.80,CANCELLED
ORD-1786976374115-60A4216C,CUST-00129,2026-03-23T04:46:49.303Z,119.50,CANCELLED
ORD-1786976374115-EC8A5F2C,CUST-00659,2025-02-05T18:31:17.940Z,451.07,COMPLETED
ORD-1786976374115-730E9F3B,CUST-00171,2026-04-07T00:48:02.365Z,385.17,COMPLETED
ORD-1786976374115-54191134,CUST-00397,2026-07-20T10:34:45.490Z,158.50,PENDING
ORD-1786976374115-A99C62A6,CUST-00602,2026-01-08T18:39:50.077Z,501.51,PROCESSING
ORD-1786976374115-DC491438,CUST-00865,2025-06-12T11:00:33.580Z,436.99,PENDING
ORD-1786976374115-99769DC4,CUST-00116,2026-05-09T14:15:09.276Z,36.86,CANCELLED
ORD-1786976374115-5921FD88,CUST-00349,2025-04-15T08:53:38.492Z,185.32,SHIPPED
ORD-1786976374115-F2D624DB,CUST-00947,2026-05-06T02:05:27.369Z,317.26,PROCESSING
ORD-1786976374115-BFA63D4E,CUST-00828,2026-06-29T01:01:54.787Z,68.09,DELIVERED
ORD-1786976374115-F7334B10,CUST-00111,2025-05-28T06:00:11.189Z,471.62,COMPLETED
ORD-1786976374115-17523CEB,CUST-00343,2026-06-15T09:42:00.383Z,475.90,PROCESSING
ORD-1786976374115-BFD723FA,CUST-00290,2025-04-07T06:42:37.592Z,203.97,PROCESSING
ORD-1786976374115-6A46BBCE,CUST-00142,2025-08-14T16:06:32.827Z,43.40,PENDING
ORD-1786976374115-CAB04D57,CUST-00803,2025-05-21T00:27:34.812Z,276.91,DELIVERED
ORD-1786976374115-EF47C35B,CUST-00385,2025-07-12T00:38:38.519Z,290.93,DELIVERED
ORD-1786976374115-E7FF3526,CUST-00766,2025-05-24T12:19:49.603Z,181.39,PENDING
ORD-1786976374115-C8F289A2,CUST-00422,2026-02-22T03:06:11.189Z,182.62,CANCELLED
ORD-1786976374115-5E401948,CUST-00024,2025-01-21T03:35:29.634Z,66.10,SHIPPED
ORD-1786976374115-54970554,CUST-00831,2025-08-19T08:42:26.856Z,170.58,DELIVERED
ORD-1786976374115-341E0FB1,CUST-00594,2025-09-03T01:49:17.999Z,197.14,PENDING
ORD-1786976374115-3BFFF683,CUST-00458,2025-12-25T10:21:34.809Z,268.52,DELIVERED
ORD-1786976374115-73DFA059,CUST-00517,2025-03-13T20:57:53.023Z,423.69,PROCESSING
ORD-1786976374115-420C5B7E,CUST-00769,2025-11-08T19:03:57.613Z,257.73,SHIPPED
ORD-1786976374115-17137ACA,CUST-00449,2025-03-05T06:04:12.439Z,262.40,COMPLETED
ORD-1786976374115-3B8E2126,CUST-00558,2026-05-31T06:04:32.123Z,63.10,PENDING
ORD-1786976374115-636C1CC3,CUST-00048,2025-09-01T19:10:48.323Z,387.78,CANCELLED
ORD-1786976374115-19B9F9FF,CUST-00115,2026-04-02T09:37:26.778Z,296.63,PROCESSING
ORD-1786976374115-868AE596,CUST-00668,2025-06-19T23:38:20.409Z,251.57,PROCESSING
ORD-1786976374115-6ECB1124,CUST-00976,2026-06-30T21:34:21.821Z,100.21,PENDING
ORD-1786976374115-9F3AA54A,CUST-00403,2025-10-27T20:06:52.542Z,315.03,PROCESSING
ORD-1786976374115-5E095D73,CUST-00537,2025-09-21T08:41:55.673Z,360.37,SHIPPED
ORD-1786976374115-12A2CBA4,CUST-00694,2025-03-15T07:21:22.000Z,240.86,DELIVERED
ORD-1786976374115-0CA7CDA7,CUST-00746,2026-06-05T13:19:22.907Z,381.36,PROCESSING
ORD-1786976374115-806D1380,CUST-00885,2025-10-05T17:45:56.435Z,408.26,COMPLETED
ORD-1786976374115-4BF5990D,CUST-00430,2025-02-20T10:35:06.487Z,170.13,CANCELLED
ORD-1786976374115-7D697B02,CUST-00651,2026-04-04T02:23:42.681Z,365.78,PROCESSING
ORD-1786976374115-F055D071,CUST-00883,2026-06-05T06:20:16.700Z,169.16,PROCESSING
ORD-1786976374115-872EFFF9,CUST-00135,2026-02-03T03:11:59.591Z,372.39,CANCELLED
ORD-1786976374115-5D511A19,CUST-00778,2026-01-31T05:55:03.066Z,348.02,PROCESSING
ORD-1786976374115-7306CE98,CUST-00321,2025-04-02T23:11:52.702Z,165.27,COMPLETED
ORD-1786976374115-A398FC04,CUST-00562,2025-10-27T13:22:20.704Z,432.96,PENDING
ORD-1786976374115-736C9858,CUST-00649,2025-03-28T04:38:37.204Z,244.69,PROCESSING
ORD-1786976374115-EC0E511A,CUST-00707,2026-03-16T04:54:25.300Z,270.73,COMPLETED
ORD-1786976374115-E5687294,CUST-00508,2025-08-05T09:25:08.223Z,31.13,DELIVERED
ORD-1786976374115-1BDAC7AE,CUST-00588,2026-05-30T16:14:02.328Z,36.97,SHIPPED
ORD-1786976374115-55768B9D,CUST-00702,2026-06-18T15:46:30.774Z,108.65,COMPLETED
ORD-1786976374115-8C9A82F2,CUST-00174,2026-01-10T09:39:04.493Z,179.32,DELIVERED
ORD-1786976374115-FA62BFA2,CUST-00088,2025-05-20T12:22:46.270Z,47.84,PROCESSING
ORD-1786976374115-9A022400,CUST-00367,2026-06-16T18:11:17.196Z,96.52,DELIVERED
ORD-1786976374115-6BBCEB28,CUST-00191,2025-04-28T06:34:50.565Z,417.22,PROCESSING
ORD-1786976374115-748AD381,CUST-00277,2026-04-27T14:18:53.091Z,460.53,SHIPPED
ORD-1786976374115-A6D72B0B,CUST-00396,2025-01-14T04:28:08.595Z,31.97,PROCESSING
ORD-1786976374115-04082C6E,CUST-00845,2025-07-27T12:46:43.051Z,306.91,PENDING
ORD-1786976374115-69447C4D,CUST-00917,2026-07-10T03:19:10.395Z,61.54,CANCELLED
ORD-1786976374115-AEC2987E,CUST-00096,2026-01-16T14:07:29.881Z,171.92,PENDING
ORD-1786976374115-9D5A7D96,CUST-00069,2026-07-24T14:24:53.878Z,390.33,PROCESSING
ORD-1786976374115-A8114A8B,CUST-00702,2026-03-16T00:46:16.007Z,447.44,COMPLETED
ORD-1786976374115-D4CAD425,CUST-00057,2025-08-07T23:49:33.823Z,235.49,SHIPPED
ORD-1786976374115-7D7954C2,CUST-00266,2025-10-10T17:25:35.318Z,286.50,CANCELLED
ORD-1786976374115-2106B509,CUST-00612,2025-05-24T04:44:01.491Z,248.63,SHIPPED
ORD-1786976374115-FE7B7426,CUST-00532,2025-04-16T07:54:17.460Z,508.45,PROCESSING
ORD-1786976374116-A56D2D27,CUST-00825,2026-01-30T21:35:28.205Z,490.81,CANCELLED
ORD-1786976374116-8862EF8B,CUST-00700,2025-08-31T13:26:39.837Z,53.54,SHIPPED
ORD-1786976374116-F931B363,CUST-00840,2026-02-16T13:53:56.144Z,61.15,CANCELLED
ORD-1786976374116-B076F2AE,CUST-00933,2025-09-20T20:01:44.983Z,89.19,COMPLETED
ORD-1786976374116-A2A0718A,CUST-00973,2025-04-28T17:25:56.083Z,251.05,PENDING
ORD-1786976374116-C9F8B94F,CUST-00702,2025-11-05T10:50:31.318Z,62.86,PROCESSING
ORD-1786976374116-44DD600D,CUST-00153,2025-04-09T12:28:15.835Z,446.41,PROCESSING
ORD-1786976374116-DCDE2561,CUST-00329,2025-02-27T07:26:41.697Z,473.39,DELIVERED
ORD-1786976374116-7F6BF436,CUST-00436,2026-05-31T09:24:26.106Z,252.97,CANCELLED
ORD-1786976374116-DC8CBB78,CUST-00350,2026-02-12T07:44:09.497Z,233.35,COMPLETED
ORD-1786976374116-9F3C23BF,CUST-00096,2025-12-22T15:21:19.780Z,232.79,CANCELLED
ORD-1786976374116-705F1A4F,CUST-00571,2026-05-03T21:54:04.271Z,509.64,COMPLETED
ORD-1786976374116-10F130C2,CUST-00681,2026-03-17T08:03:28.166Z,105.82,DELIVERED
ORD-1786976374116-14D66003,CUST-00517,2025-05-02T16:15:08.551Z,479.97,SHIPPED
ORD-1786976374116-B4579DEE,CUST-00394,2025-05-23T19:05:50.412Z,446.60,PROCESSING
ORD-1786976374116-9CD24398,CUST-00630,2025-08-10T18:42:36.019Z,481.08,DELIVERED
ORD-1786976374116-D2086A81,CUST-00661,2025-12-16T07:58:02.962Z,366.48,DELIVERED
ORD-1786976374116-CEB0E968,CUST-00170,2025-09-29T13:32:05.455Z,182.59,PENDING
ORD-1786976374116-674B7A00,CUST-00463,2025-11-20T13:40:57.217Z,317.89,PROCESSING
ORD-1786976374116-87D21529,CUST-00545,2025-08-31T16:49:01.606Z,89.03,DELIVERED
ORD-1786976374116-2D7284F7,CUST-00986,2025-05-16T16:12:52.664Z,133.69,DELIVERED
ORD-1786976374116-3EA17482,CUST-00398,2025-03-10T01:33:01.925Z,127.67,PENDING
ORD-1786976374116-70C86ED0,CUST-00640,2025-12-20T21:45:51.030Z,143.72,PROCESSING
ORD-1786976374116-848891AF,CUST-00369,2025-04-01T10:28:08.552Z,439.89,COMPLETED
ORD-1786976374116-D9F867B1,CUST-00340,2025-10-12T09:05:46.083Z,259.75,DELIVERED
ORD-1786976374116-27D7D7F6,CUST-00046,2025-07-13T21:11:05.009Z,222.33,DELIVERED
ORD-1786976374116-9044CEDC,CUST-00185,2025-10-30T06:36:25.863Z,230.91,COMPLETED
ORD-1786976374116-93930874,CUST-00614,2025-07-20T19:24:10.254Z,479.17,PENDING
ORD-1786976374116-19D25B83,CUST-00102,2025-03-19T04:53:06.900Z,178.65,DELIVERED
ORD-1786976374116-0E19E0D6,CUST-00070,2026-06-10T16:58:10.751Z,219.82,PROCESSING
ORD-1786976374116-CFE93E8E,CUST-00798,2026-05-10T20:50:54.615Z,349.81,DELIVERED
ORD-1786976374116-6272306E,CUST-00215,2025-08-27T17:54:29.384Z,455.11,PENDING
ORD-1786976374116-6D5A1AA5,CUST-00215,2026-01-20T08:12:48.094Z,485.68,PROCESSING
ORD-1786976374116-AA8AE3E2,CUST-00817,2025-11-27T20:28:11.849Z,212.76,COMPLETED
ORD-1786976374116-F2E3259E,CUST-00632,2026-03-23T07:26:35.739Z,32.34,DELIVERED
ORD-1786976374116-1B7CB3BD,CUST-00693,2026-02-02T08:07:13.752Z,213.43,DELIVERED
ORD-1786976374116-B0C9742B,CUST-00538,2026-04-23T00:56:53.128Z,358.13,SHIPPED
ORD-1786976374116-0879045A,CUST-00275,2025-03-17T09:43:08.479Z,271.34,PENDING
ORD-1786976374116-4980C897,CUST-00994,2026-03-18T16:19:47.132Z,49.89,DELIVERED
ORD-1786976374116-CD9FA519,CUST-00999,2026-07-09T20:07:45.905Z,320.97,CANCELLED
ORD-1786976374116-C08E8340,CUST-00851,2026-02-27T23:13:18.095Z,478.13,PENDING
ORD-1786976374116-F17F858D,CUST-00132,2026-08-07T10:16:07.957Z,175.13,CANCELLED
ORD-1786976374116-B82F1A5A,CUST-00303,2026-06-18T09:00:17.724Z,154.83,CANCELLED
ORD-1786976374116-C16E6A5C,CUST-00010,2025-08-24T00:34:06.849Z,26.74,COMPLETED
ORD-1786976374116-5BF8FFB1,CUST-00539,2026-07-22T23:05:03.624Z,319.02,PROCESSING
ORD-1786976374116-9F0F4C00,CUST-00560,2026-05-17T17:08:47.847Z,474.27,PENDING
ORD-1786976374116-747D17C4,CUST-00048,2025-11-10T17:02:07.501Z,187.13,CANCELLED
ORD-1786976374116-EBB74376,CUST-00953,2025-09-05T08:27:23.442Z,372.37,PROCESSING
ORD-1786976374116-372F75CD,CUST-00195,2026-06-18T09:28:42.289Z,410.83,DELIVERED
ORD-1786976374116-3534A29F,CUST-00370,2026-07-25T02:24:24.588Z,339.01,COMPLETED
ORD-1786976374116-CA59E3C7,CUST-00547,2025-03-06T10:23:59.805Z,153.39,DELIVERED
ORD-1786976374116-0ABD0B1C,CUST-00364,2026-03-08T07:45:26.006Z,98.16,PENDING
ORD-1786976374116-D8C869C5,CUST-00088,2025-11-02T10:28:37.961Z,181.74,DELIVERED
ORD-1786976374116-D68D9C48,CUST-00316,2026-01-25T01:54:29.745Z,367.50,DELIVERED
ORD-1786976374116-50A5002F,CUST-00118,2025-10-07T14:22:17.935Z,505.64,COMPLETED
ORD-1786976374116-445B0916,CUST-00815,2025-07-29T18:09:41.595Z,440.32,COMPLETED
ORD-1786976374116-6B5CB4C0,CUST-00213,2026-06-18T09:02:42.417Z,259.88,SHIPPED
ORD-1786976374116-5B81875D,CUST-00945,2026-02-09T11:11:46.259Z,508.34,CANCELLED
ORD-1786976374116-EA1546F0,CUST-00724,2025-04-11T07:40:22.017Z,471.28,DELIVERED
ORD-1786976374116-ECD1D9E9,CUST-00334,2025-04-12T04:49:54.120Z,56.99,PENDING
ORD-1786976374116-F8ED47B6,CUST-00971,2026-06-14T15:36:08.236Z,12.28,PROCESSING
ORD-1786976374116-78C38115,CUST-00526,2025-06-24T19:48:46.568Z,236.40,DELIVERED
ORD-1786976374116-402BB360,CUST-00847,2026-02-18T14:06:11.238Z,212.73,CANCELLED
ORD-1786976374116-F5C801AB,CUST-00579,2026-06-18T09:02:48.042Z,201.38,PROCESSING
ORD-1786976374116-A82339CF,CUST-00663,2025-03-25T10:56:34.909Z,217.31,COMPLETED
ORD-1786976374116-DE3F0D3F,CUST-00656,2025-06-25T02:49:09.901Z,143.17,SHIPPED
ORD-1786976374116-4BAAAE19,CUST-00361,2026-06-20T01:43:31.941Z,452.61,CANCELLED
ORD-1786976374116-A7427356,CUST-00469,2025-10-08T18:49:05.500Z,423.61,PROCESSING
ORD-1786976374116-447CFEAB,CUST-00166,2026-05-13T09:13:29.667Z,479.04,PROCESSING
ORD-1786976374116-552E8FB5,CUST-00676,2025-09-20T16:31:01.470Z,328.07,PROCESSING
ORD-1786976374116-2548776A,CUST-00191,2026-04-10T07:25:53.659Z,57.36,COMPLETED
ORD-1786976374116-54FA1CB9,CUST-00248,2026-01-01T05:28:05.887Z,246.79,COMPLETED
ORD-1786976374116-B332BE1C,CUST-00781,2026-01-14T13:17:29.303Z,446.55,PENDING
ORD-1786976374116-C1E9B72A,CUST-00230,2026-05-15T01:07:57.028Z,439.29,DELIVERED
ORD-1786976374116-8F09CE28,CUST-00707,2026-06-07T10:29:52.026Z,207.05,CANCELLED
ORD-1786976374116-684F8CF6,CUST-00295,2026-07-18T07:09:20.300Z,477.62,CANCELLED
ORD-1786976374116-BE180D5B,CUST-00074,2025-10-20T04:14:11.493Z,65.70,PENDING
ORD-1786976374116-3EEBF629,CUST-00163,2026-05-21T06:21:46.778Z,386.09,PENDING
ORD-1786976374116-E5ED08A8,CUST-00813,2025-05-14T00:39:06.414Z,205.68,DELIVERED
ORD-1786976374116-0496E19D,CUST-00109,2025-11-01T15:02:48.473Z,469.39,DELIVERED
ORD-1786976374116-3B739FC4,CUST-00109,2026-08-12T22:03:26.817Z,42.78,PENDING
ORD-1786976374116-1EFBCC3E,CUST-00551,2025-08-02T07:37:16.685Z,448.82,PENDING
ORD-1786976374116-721C93EB,CUST-00605,2025-12-04T19:17:41.769Z,461.30,CANCELLED
ORD-1786976374116-39D7A0FC,CUST-00713,2025-09-27T18:59:56.212Z,476.25,SHIPPED
ORD-1786976374116-1AE23CE7,CUST-00269,2025-07-09T16:31:30.546Z,391.76,COMPLETED
ORD-1786976374116-82FCD74A,CUST-00137,2026-07-27T06:00:48.236Z,289.88,SHIPPED
ORD-1786976374116-08A28B3F,CUST-00991,2025-07-05T20:16:19.965Z,288.49,PROCESSING
ORD-1786976374116-5A68C95D,CUST-00491,2026-07-03T12:40:47.638Z,208.84,SHIPPED
ORD-1786976374116-B6AC158E,CUST-00286,2025-02-17T17:26:38.849Z,46.20,DELIVERED
ORD-1786976374116-537DAEC7,CUST-00899,2025-11-27T00:20:56.127Z,263.13,SHIPPED
ORD-1786976374116-A4BE12A9,CUST-00566,2025-10-09T06:27:11.839Z,413.54,PROCESSING
ORD-1786976374116-8A67BFB9,CUST-00443,2025-03-24T09:25:22.891Z,140.72,COMPLETED
ORD-1786976374116-3FF605C9,CUST-00354,2026-06-25T16:51:04.289Z,430.02,COMPLETED
ORD-1786976374116-C7544608,CUST-00420,2026-05-04T10:22:09.468Z,146.07,DELIVERED
ORD-1786976374116-D718CA95,CUST-00329,2025-11-17T13:52:04.224Z,357.56,CANCELLED
ORD-1786976374116-9E6F9764,CUST-00108,2025-08-27T12:34:38.518Z,430.85,PENDING
ORD-1786976374116-E975B740,CUST-00271,2026-04-21T00:44:29.809Z,420.20,DELIVERED
ORD-1786976374116-44898D3E,CUST-00783,2026-06-20T18:53:46.822Z,346.88,SHIPPED
ORD-1786976374116-4EC0E4F1,CUST-00443,2025-06-21T14:34:46.674Z,350.16,DELIVERED
ORD-1786976374116-4E5A0291,CUST-00199,2026-01-21T15:11:09.573Z,30.47,COMPLETED
ORD-1786976374116-9D50A44E,CUST-00416,2026-02-04T18:39:19.180Z,205.74,COMPLETED
ORD-1786976374116-01D83DDE,CUST-00759,2026-04-02T04:49:42.917Z,302.83,PENDING
ORD-1786976374116-6945DB81,CUST-00166,2025-06-23T03:19:26.845Z,256.29,PENDING
ORD-1786976374116-F970B07A,CUST-00609,2026-02-16T04:44:28.512Z,437.58,PROCESSING
ORD-1786976374116-3C517842,CUST-00132,2025-11-01T21:27:00.792Z,197.65,PROCESSING
ORD-1786976374116-497BB987,CUST-00786,2025-07-10T02:56:51.583Z,253.65,SHIPPED
ORD-1786976374116-E6A04C35,CUST-00527,2025-07-29T12:12:09.375Z,503.93,CANCELLED
ORD-1786976374116-94578701,CUST-00102,2025-10-09T12:55:59.314Z,158.43,COMPLETED
ORD-1786976374116-8699B471,CUST-00175,2026-08-01T19:25:07.398Z,61.55,CANCELLED
ORD-1786976374116-17AEB0C1,CUST-00411,2025-05-19T06:00:42.830Z,504.26,PROCESSING
ORD-1786976374116-D1D54F5A,CUST-00057,2026-02-24T23:09:45.284Z,287.19,PENDING
ORD-1786976374116-53C41BED,CUST-00350,2026-01-12T09:58:40.744Z,484.12,PENDING
ORD-1786976374116-66ACB803,CUST-00607,2026-03-11T05:28:48.494Z,343.82,PROCESSING
ORD-1786976374116-DAC18364,CUST-00791,2025-04-13T02:49:13.098Z,495.61,DELIVERED
ORD-1786976374116-8D7827F2,CUST-00226,2025-08-11T01:19:21.120Z,370.22,COMPLETED
ORD-1786976374116-DBB05B3E,CUST-00529,2026-07-21T03:48:05.332Z,239.65,DELIVERED
ORD-1786976374116-A7633FBC,CUST-00587,2026-07-24T20:04:50.402Z,446.25,PROCESSING
ORD-1786976374116-0687A260,CUST-00210,2026-02-28T04:50:23.395Z,311.64,CANCELLED
ORD-1786976374116-26765627,CUST-00116,2025-04-01T01:28:07.646Z,211.86,SHIPPED
ORD-1786976374116-F3D14913,CUST-00576,2026-07-26T15:45:10.539Z,499.34,CANCELLED
ORD-1786976374116-5F82DB8B,CUST-00683,2025-03-25T04:05:34.627Z,479.73,COMPLETED
ORD-1786976374116-9672E0F7,CUST-00219,2026-04-09T19:30:19.176Z,17.63,PENDING
ORD-1786976374116-7FB64074,CUST-00510,2025-12-14T04:57:33.919Z,169.58,SHIPPED
ORD-1786976374116-4325D2F3,CUST-00088,2025-12-20T23:05:33.890Z,287.41,CANCELLED
ORD-1786976374116-F7D94885,CUST-00808,2025-01-21T22:45:19.403Z,109.31,SHIPPED
ORD-1786976374116-6581B786,CUST-00622,2025-07-08T19:41:51.051Z,115.32,SHIPPED
ORD-1786976374116-A228B24E,CUST-00519,2026-05-14T15:14:03.990Z,429.20,SHIPPED
ORD-1786976374116-C28245DF,CUST-00307,2026-02-18T04:22:07.196Z,471.67,PENDING
ORD-1786976374116-D64BB390,CUST-00721,2026-07-15T12:03:38.746Z,369.73,PENDING
ORD-1786976374116-67760A74,CUST-00640,2025-08-22T04:36:27.150Z,350.30,SHIPPED
ORD-1786976374116-9FDA02DF,CUST-00925,2026-08-01T19:11:23.852Z,12.87,SHIPPED
ORD-1786976374116-C1BDAC66,CUST-00544,2025-07-16T09:56:44.353Z,147.59,PROCESSING
ORD-1786976374116-5BF994C0,CUST-00973,2025-03-26T14:38:02.051Z,93.58,SHIPPED
ORD-1786976374116-3C40A6E5,CUST-00083,2025-05-25T03:41:50.423Z,386.84,CANCELLED
ORD-1786976374116-0D7E384D,CUST-00128,2025-12-26T09:00:56.733Z,248.83,DELIVERED
ORD-1786976374116-94DC8DA7,CUST-00995,2026-08-06T11:54:49.937Z,65.94,DELIVERED
ORD-1786976374116-5CCBD41B,CUST-00003,2025-05-21T00:13:32.105Z,306.34,SHIPPED
ORD-1786976374116-D53AAA0E,CUST-00680,2026-08-14T00:29:44.434Z,109.51,SHIPPED
ORD-1786976374116-98098344,CUST-00653,2025-12-12T22:28:42.972Z,494.68,SHIPPED
ORD-1786976374116-7204B59B,CUST-00571,2025-03-22T14:19:18.724Z,456.12,DELIVERED
ORD-1786976374116-D29EC7EC,CUST-00865,2026-07-17T19:16:04.200Z,417.54,COMPLETED
ORD-1786976374116-E0E32B1C,CUST-00688,2025-11-24T14:34:11.911Z,157.58,DELIVERED
ORD-1786976374116-38D9B88B,CUST-00672,2025-05-14T11:37:16.339Z,226.20,COMPLETED
ORD-1786976374117-FEDF0E8F,CUST-00122,2025-02-21T16:09:59.551Z,482.13,COMPLETED
ORD-1786976374117-EC6A803A,CUST-00766,2025-09-24T15:47:35.143Z,426.27,COMPLETED
ORD-1786976374117-8D18BC76,CUST-00515,2025-12-25T09:13:31.561Z,181.08,PROCESSING
ORD-1786976374117-32984552,CUST-00646,2025-05-30T08:25:05.598Z,142.93,COMPLETED
ORD-1786976374117-5DC5DD7C,CUST-00175,2025-12-06T16:16:24.454Z,453.10,PENDING
ORD-1786976374117-9DF5FF6E,CUST-00511,2025-05-20T03:55:00.979Z,114.44,DELIVERED
ORD-1786976374117-F142D6C5,CUST-00718,2025-04-29T03:49:01.438Z,173.40,DELIVERED
ORD-1786976374117-7A13BAC3,CUST-00827,2026-07-02T15:37:22.038Z,313.70,PENDING
ORD-1786976374117-0AE6ADA6,CUST-00166,2026-03-21T16:46:14.859Z,419.94,PROCESSING
ORD-1786976374117-4DC69B35,CUST-00926,2025-09-26T13:25:03.030Z,141.30,DELIVERED
ORD-1786976374117-6F12F7C6,CUST-00883,2026-02-27T16:14:47.269Z,196.84,COMPLETED
ORD-1786976374117-EE62BBBF,CUST-00393,2026-05-12T20:45:59.441Z,71.50,PENDING
ORD-1786976374117-8CB0B3F6,CUST-00636,2025-04-24T15:03:58.130Z,369.86,DELIVERED
ORD-1786976374117-11D4A1C8,CUST-00627,2026-03-17T21:08:02.461Z,25.07,CANCELLED
ORD-1786976374117-5FA5AE37,CUST-00195,2026-07-29T07:12:41.681Z,477.42,COMPLETED
ORD-1786976374117-4669FF65,CUST-00253,2025-03-15T10:39:09.300Z,208.76,PENDING
ORD-1786976374117-82F177DB,CUST-00756,2025-06-12T15:05:22.533Z,473.17,PENDING
ORD-1786976374117-F7FEBF0E,CUST-00246,2025-12-26T08:06:00.754Z,38.75,PENDING
ORD-1786976374117-143A69F1,CUST-00936,2025-09-14T18:39:22.450Z,199.58,DELIVERED
ORD-1786976374117-80BABB30,CUST-00791,2025-05-17T18:09:40.971Z,26.16,SHIPPED
ORD-1786976374117-541F280D,CUST-00515,2026-03-18T22:35:52.389Z,232.96,CANCELLED
ORD-1786976374117-FFC0EE05,CUST-00418,2025-09-21T06:25:26.271Z,23.42,SHIPPED
ORD-1786976374117-E9414AD8,CUST-00187,2026-05-02T07:32:19.219Z,358.22,CANCELLED
ORD-1786976374117-ECB5AE04,CUST-00997,2025-05-13T15:20:44.507Z,442.30,SHIPPED
ORD-1786976374117-8596A1D0,CUST-00719,2025-06-04T22:06:08.152Z,218.22,COMPLETED
ORD-1786976374117-0F19E0D8,CUST-00318,2025-06-13T17:24:51.196Z,230.21,PROCESSING
ORD-1786976374117-2D483F85,CUST-00023,2025-01-21T03:05:11.388Z,197.62,DELIVERED
ORD-1786976374117-0CA70285,CUST-00091,2025-07-26T11:18:46.282Z,464.65,COMPLETED
ORD-1786976374117-80D7D2AD,CUST-00834,2026-08-11T21:41:05.346Z,224.06,SHIPPED
ORD-1786976374117-59EE343E,CUST-00007,2025-04-08T13:26:56.173Z,297.33,SHIPPED
ORD-1786976374117-96441BA6,CUST-00217,2025-12-26T19:39:33.585Z,196.29,PENDING
ORD-1786976374118-FD543396,CUST-00353,2025-03-23T01:25:08.363Z,174.45,CANCELLED
ORD-1786976374118-697C252A,CUST-00821,2025-11-16T19:51:55.545Z,361.54,DELIVERED
ORD-1786976374118-07DABB8B,CUST-00286,2025-07-24T10:44:35.829Z,406.44,COMPLETED
ORD-1786976374118-31603A52,CUST-00834,2025-11-27T18:50:41.316Z,164.88,PROCESSING
ORD-1786976374118-84C77B88,CUST-00570,2026-03-18T00:47:11.353Z,396.11,PROCESSING
ORD-1786976374118-167DB5D6,CUST-00326,2026-03-18T09:37:18.948Z,293.38,CANCELLED
ORD-1786976374118-E15DA6AA,CUST-00507,2025-08-26T18:48:49.593Z,316.46,SHIPPED
ORD-1786976374118-0FFDCDE1,CUST-00622,2026-06-06T09:41:41.073Z,43.12,PENDING
ORD-1786976374118-2FA46240,CUST-00361,2026-04-16T17:15:19.735Z,291.58,PROCESSING
ORD-1786976374118-3C2A57FB,CUST-00490,2026-05-03T23:22:23.282Z,132.74,DELIVERED
ORD-1786976374118-0EEF1382,CUST-00536,2025-10-17T00:31:13.868Z,475.48,DELIVERED
ORD-1786976374118-191F3B1D,CUST-00323,2025-09-20T19:17:23.850Z,292.43,PENDING
ORD-1786976374118-C33EB5FF,CUST-00989,2026-03-20T11:16:08.928Z,320.95,COMPLETED
ORD-1786976374118-10A32326,CUST-00038,2025-05-17T22:50:49.573Z,476.87,CANCELLED
ORD-1786976374118-A25241FE,CUST-00085,2025-04-01T21:36:49.468Z,208.22,DELIVERED
ORD-1786976374118-EF942D8C,CUST-00113,2025-02-05T22:33:13.388Z,96.41,COMPLETED
ORD-1786976374118-D43C005B,CUST-00086,2025-08-09T19:09:39.207Z,312.78,PENDING
ORD-1786976374118-4470444B,CUST-00992,2026-05-10T04:56:42.721Z,453.13,COMPLETED
ORD-1786976374118-3850A4CE,CUST-00829,2025-09-29T12:35:55.058Z,110.36,DELIVERED
ORD-1786976374118-827B3955,CUST-00913,2025-05-06T02:42:14.148Z,93.63,PROCESSING
ORD-1786976374118-69C0D26F,CUST-00140,2025-06-19T02:09:44.063Z,66.39,DELIVERED
ORD-1786976374118-1F40A752,CUST-00684,2026-01-30T00:49:50.815Z,351.40,PROCESSING
ORD-1786976374118-1CD8FEA3,CUST-00060,2026-02-13T23:30:35.928Z,327.08,PENDING
ORD-1786976374118-F90C1128,CUST-00250,2026-03-30T02:25:36.380Z,445.31,SHIPPED
ORD-1786976374118-0E632128,CUST-00372,2025-05-17T05:16:17.109Z,290.12,DELIVERED
ORD-1786976374118-E6180772,CUST-00373,2026-07-06T05:54:42.624Z,99.23,COMPLETED
ORD-1786976374118-C2FA1828,CUST-00143,2026-02-16T20:42:03.452Z,217.39,DELIVERED
ORD-1786976374118-B1916AFC,CUST-00590,2025-05-04T23:44:27.193Z,499.74,DELIVERED
ORD-1786976374118-A6F1E2A4,CUST-00926,2026-02-06T04:38:24.191Z,155.49,DELIVERED
ORD-1786976374118-BF61C857,CUST-00762,2025-03-20T23:16:36.536Z,43.54,PENDING
ORD-1786976374118-9AA24B97,CUST-00171,2025-12-13T07:59:31.496Z,135.92,CANCELLED
ORD-1786976374118-AFFD021B,CUST-00579,2025-11-27T21:11:43.373Z,338.22,CANCELLED
ORD-1786976374118-46A75C1F,CUST-00634,2025-02-22T11:38:45.184Z,188.39,CANCELLED
ORD-1786976374118-AFAB3B3F,CUST-00003,2025-08-21T22:39:45.280Z,490.07,COMPLETED
ORD-1786976374118-9DDD1296,CUST-00678,2025-04-02T10:28:22.256Z,502.33,CANCELLED
ORD-1786976374118-AFB405E2,CUST-00297,2025-03-27T04:08:00.179Z,117.29,DELIVERED
ORD-1786976374118-A9A722E2,CUST-00501,2026-04-10T05:53:40.175Z,430.30,DELIVERED
ORD-1786976374118-8AADEA66,CUST-00070,2026-05-21T03:32:12.406Z,341.10,DELIVERED
ORD-1786976374118-98504C09,CUST-00378,2026-01-17T14:47:58.500Z,131.69,DELIVERED
ORD-1786976374118-04688581,CUST-00474,2025-08-07T14:34:58.584Z,65.89,PENDING
ORD-1786976374118-5DC38B5D,CUST-00150,2025-08-01T06:19:49.753Z,252.16,CANCELLED
ORD-1786976374118-6E4A71BB,CUST-00973,2025-10-22T16:12:25.185Z,273.35,DELIVERED
ORD-1786976374118-AA9FE6B6,CUST-00954,2025-07-05T16:27:06.623Z,150.07,DELIVERED
ORD-1786976374118-278FC0A4,CUST-00356,2025-01-16T08:29:30.006Z,125.00,CANCELLED
ORD-1786976374118-87633AAF,CUST-00035,2026-08-10T20:48:16.237Z,100.14,PENDING
ORD-1786976374118-410E7FC3,CUST-00853,2025-02-26T22:41:06.005Z,215.53,COMPLETED
ORD-1786976374118-E6F3A7E5,CUST-00750,2025-06-19T01:27:51.154Z,216.03,SHIPPED
ORD-1786976374118-202E605F,CUST-00712,2025-12-02T04:28:05.622Z,373.40,CANCELLED
ORD-1786976374118-FD71D081,CUST-00847,2025-12-26T18:46:56.967Z,310.37,PENDING
ORD-1786976374118-C0D34D5A,CUST-00943,2025-09-04T08:53:31.310Z,148.31,CANCELLED
ORD-1786976374118-84B8DF36,CUST-00856,2025-08-03T09:07:30.275Z,360.11,PENDING
ORD-1786976374118-454BD581,CUST-00940,2026-01-26T00:03:50.428Z,27.10,DELIVERED
ORD-1786976374118-58027105,CUST-00440,2026-07-13T08:56:20.506Z,203.08,CANCELLED
ORD-1786976374118-8262505A,CUST-00332,2025-01-11T07:35:59.987Z,10.72,SHIPPED
ORD-1786976374118-33C6E283,CUST-00946,2026-07-08T17:50:03.805Z,272.38,SHIPPED
ORD-1786976374118-D54C8F0F,CUST-00971,2026-02-02T16:35:39.588Z,12.32,PENDING
ORD-1786976374118-5A229154,CUST-00817,2025-01-11T23:30:33.594Z,207.47,PENDING
ORD-1786976374118-716C66D8,CUST-00302,2026-03-02T13:16:48.116Z,343.65,DELIVERED
ORD-1786976374118-8252239D,CUST-00883,2025-08-31T07:22:44.989Z,52.24,SHIPPED
ORD-1786976374118-C558B674,CUST-00239,2025-02-06T13:40:40.020Z,472.82,SHIPPED
ORD-1786976374118-7A5DE2A0,CUST-00756,2025-12-12T04:57:39.678Z,409.25,PROCESSING
ORD-1786976374118-9990D362,CUST-00839,2025-03-29T07:54:40.329Z,428.18,PROCESSING
ORD-1786976374118-D4221F17,CUST-00572,2026-01-31T13:58:45.645Z,86.59,PENDING
ORD-1786976374118-70A134EC,CUST-00589,2025-07-15T04:59:29.257Z,386.26,DELIVERED
ORD-1786976374118-5E99AFD3,CUST-00820,2025-01-25T23:48:52.727Z,384.39,SHIPPED
ORD-1786976374118-B4655AD5,CUST-00076,2025-11-16T17:49:59.676Z,65.53,PROCESSING
ORD-1786976374118-05291FAC,CUST-00339,2025-04-19T00:23:32.026Z,165.41,PROCESSING
ORD-1786976374118-2E1DC603,CUST-00601,2026-08-07T22:02:00.657Z,347.38,DELIVERED
ORD-1786976374118-540DD57F,CUST-00448,2026-04-08T23:05:46.101Z,431.64,CANCELLED
ORD-1786976374118-15F93368,CUST-00092,2026-08-03T21:04:57.173Z,123.35,CANCELLED
ORD-1786976374118-A243F582,CUST-00965,2025-03-07T23:53:15.344Z,130.66,CANCELLED
ORD-1786976374118-E2F198A0,CUST-00305,2025-06-07T03:23:47.904Z,223.50,PENDING
ORD-1786976374118-8FCD8779,CUST-00541,2025-02-19T23:41:10.690Z,69.27,COMPLETED
ORD-1786976374118-5985CAD8,CUST-00781,2026-04-25T19:24:30.869Z,269.03,PENDING
ORD-1786976374118-0AF73BC5,CUST-00445,2026-04-04T21:15:16.647Z,333.49,PROCESSING
ORD-1786976374118-A3DFCA95,CUST-00853,2026-03-06T19:28:56.500Z,456.16,DELIVERED
ORD-1786976374118-29E3CCED,CUST-00086,2026-03-25T03:28:30.879Z,276.46,PENDING
ORD-1786976374118-89D5DF25,CUST-00429,2025-04-23T20:39:27.504Z,235.64,CANCELLED
ORD-1786976374118-F98F791E,CUST-00898,2026-08-06T01:18:18.328Z,179.71,CANCELLED
ORD-1786976374118-D42FD055,CUST-00602,2025-09-16T16:28:47.831Z,77.47,PENDING
ORD-1786976374118-531C3CB8,CUST-00514,2025-07-02T01:15:02.405Z,157.93,CANCELLED
ORD-1786976374118-1819BBFE,CUST-00405,2025-12-18T08:28:02.189Z,74.49,CANCELLED
ORD-1786976374118-4395158C,CUST-00163,2026-01-20T01:33:38.412Z,267.02,CANCELLED
ORD-1786976374118-527E9E80,CUST-00220,2025-03-27T13:04:39.950Z,312.93,CANCELLED
ORD-1786976374118-5DBCBEB3,CUST-00923,2025-10-29T10:49:37.044Z,27.92,CANCELLED
ORD-1786976374118-B9413756,CUST-00240,2025-09-26T22:32:38.107Z,20.65,CANCELLED
ORD-1786976374118-9BBFE6BA,CUST-00209,2025-03-15T01:14:23.820Z,246.94,PENDING
ORD-1786976374118-8796A08C,CUST-00879,2025-08-12T15:48:34.440Z,28.58,PENDING
ORD-1786976374118-5079E3BB,CUST-00911,2026-06-21T17:39:33.068Z,270.10,SHIPPED
ORD-1786976374118-360AC250,CUST-00035,2025-06-21T12:41:02.194Z,264.99,SHIPPED
ORD-1786976374118-8B49BD3C,CUST-00736,2026-02-02T07:05:18.308Z,101.79,CANCELLED
ORD-1786976374118-65233FBF,CUST-00772,2025-10-28T05:24:27.753Z,114.74,COMPLETED
ORD-1786976374118-78465174,CUST-00529,2025-03-19T02:20:05.696Z,143.28,CANCELLED
ORD-1786976374118-F50B0057,CUST-00068,2025-12-03T06:05:21.135Z,506.67,COMPLETED
ORD-1786976374118-B47D802D,CUST-00503,2026-01-14T21:12:27.501Z,137.76,DELIVERED
ORD-1786976374118-FCD8FAD5,CUST-00347,2026-02-07T04:13:28.520Z,223.13,DELIVERED
ORD-1786976374118-201798AF,CUST-00816,2026-06-23T18:58:45.886Z,171.30,PENDING
ORD-1786976374118-E375A7D1,CUST-00334,2026-04-03T00:54:11.636Z,421.41,PENDING
ORD-1786976374118-CE73F8D2,CUST-00059,2025-09-30T17:05:55.884Z,36.58,CANCELLED
ORD-1786976374118-9A267F93,CUST-00185,2025-12-29T06:00:41.557Z,293.83,SHIPPED
ORD-1786976374118-7ADF2F02,CUST-00363,2025-03-26T21:17:56.994Z,336.10,PROCESSING
ORD-1786976374118-08525ED7,CUST-00309,2026-07-01T07:11:08.814Z,131.47,DELIVERED
ORD-1786976374118-F598780A,CUST-00831,2025-10-07T17:26:35.397Z,87.04,PENDING
ORD-1786976374118-B6017441,CUST-00366,2026-03-13T14:06:59.619Z,501.92,SHIPPED
ORD-1786976374118-81D47C87,CUST-00809,2026-08-07T14:18:39.525Z,452.29,PENDING
ORD-1786976374118-E3277716,CUST-00133,2026-05-04T00:27:35.205Z,363.65,SHIPPED
ORD-1786976374118-6E14956E,CUST-00147,2026-03-21T12:30:51.663Z,207.97,PROCESSING
ORD-1786976374118-54E0658D,CUST-00169,2025-02-16T18:37:50.545Z,420.07,PENDING
ORD-1786976374118-A30952AB,CUST-00946,2026-02-15T04:39:06.839Z,60.47,CANCELLED
ORD-1786976374118-FB4B7EF2,CUST-00885,2025-11-20T17:34:30.260Z,462.17,DELIVERED
ORD-1786976374118-4900F409,CUST-00325,2025-08-01T15:45:03.117Z,42.45,PENDING
ORD-1786976374118-B9B05D78,CUST-00213,2025-11-24T05:01:49.521Z,358.91,DELIVERED
ORD-1786976374118-CF2A3153,CUST-00356,2026-01-21T15:10:26.683Z,316.45,DELIVERED
ORD-1786976374118-0FFEFB01,CUST-00910,2026-05-20T09:43:31.705Z,393.05,DELIVERED
ORD-1786976374118-007D4433,CUST-00109,2025-08-29T04:33:02.661Z,249.25,COMPLETED
ORD-1786976374118-8A148EF1,CUST-00345,2025-11-24T14:17:16.561Z,439.09,SHIPPED
ORD-1786976374118-29E26EA6,CUST-00561,2025-07-08T01:09:37.977Z,162.44,COMPLETED
ORD-1786976374118-65386F48,CUST-00655,2025-05-11T13:14:46.311Z,237.01,DELIVERED
ORD-1786976374118-2BD8C89B,CUST-00978,2025-05-16T04:27:00.928Z,212.87,COMPLETED
ORD-1786976374118-A789AA8A,CUST-00833,2025-10-23T19:11:17.025Z,84.44,PROCESSING
ORD-1786976374118-94220FEC,CUST-00442,2025-12-24T09:06:05.872Z,14.36,SHIPPED
ORD-1786976374118-86909232,CUST-00062,2025-04-05T06:28:19.150Z,148.86,COMPLETED
ORD-1786976374118-1523708A,CUST-00155,2025-11-10T07:52:45.809Z,351.52,PENDING
ORD-1786976374119-939B71C1,CUST-00590,2025-10-23T15:49:11.999Z,509.29,CANCELLED
ORD-1786976374119-CA976310,CUST-00440,2025-07-30T20:20:27.272Z,470.34,COMPLETED
ORD-1786976374119-D8A62DBD,CUST-00071,2025-06-23T15:52:59.361Z,249.71,DELIVERED
ORD-1786976374119-5C58FF9F,CUST-00224,2025-04-12T16:44:02.313Z,32.60,SHIPPED
ORD-1786976374119-BC4C0A2B,CUST-00503,2026-05-06T07:40:25.537Z,12.25,PROCESSING
ORD-1786976374119-61ACAE6B,CUST-00718,2025-06-11T12:07:14.545Z,455.80,PROCESSING
ORD-1786976374119-FB8A86C7,CUST-00624,2025-08-19T15:20:58.617Z,181.63,PROCESSING
ORD-1786976374119-B4F149E0,CUST-00799,2026-02-10T11:45:18.090Z,284.30,PENDING
ORD-1786976374119-B6163479,CUST-00773,2025-01-31T01:38:43.954Z,366.89,SHIPPED
ORD-1786976374119-0B7238A4,CUST-00590,2025-08-30T22:12:48.706Z,110.84,COMPLETED
ORD-1786976374119-BC358A4B,CUST-00399,2025-06-23T23:11:05.613Z,35.17,DELIVERED
ORD-1786976374119-E0F0EC21,CUST-00756,2025-02-14T08:40:13.664Z,145.89,SHIPPED
ORD-1786976374119-B585AA81,CUST-00610,2025-01-07T15:40:05.719Z,316.10,PROCESSING
ORD-1786976374119-88E35C91,CUST-00964,2026-01-03T08:32:45.261Z,343.13,DELIVERED
ORD-1786976374119-19455891,CUST-00056,2025-02-13T22:05:46.611Z,400.88,PROCESSING
ORD-1786976374119-4E2767A2,CUST-00828,2025-08-30T22:12:22.609Z,333.27,CANCELLED
ORD-1786976374119-8FCDCC99,CUST-00185,2026-05-15T09:48:14.915Z,379.00,PENDING
ORD-1786976374119-4F976C21,CUST-00024,2026-06-22T05:00:59.048Z,300.02,PROCESSING
ORD-1786976374119-1D6B9A7F,CUST-00242,2025-04-11T00:34:57.569Z,194.90,SHIPPED
ORD-1786976374119-57E7BECF,CUST-00444,2026-07-07T08:07:40.525Z,283.99,CANCELLED
ORD-1786976374119-64080042,CUST-00637,2025-04-22T07:21:11.943Z,156.55,DELIVERED
ORD-1786976374119-9708803D,CUST-00308,2025-12-26T20:48:38.040Z,440.32,COMPLETED
ORD-1786976374119-45FC925B,CUST-00095,2025-02-05T06:05:19.045Z,356.71,COMPLETED
ORD-1786976374119-C18C6FAB,CUST-00408,2025-09-08T00:22:36.151Z,15.78,CANCELLED
ORD-1786976374119-A2786D8D,CUST-00086,2026-06-06T17:15:31.018Z,258.66,CANCELLED
ORD-1786976374119-2F881C09,CUST-00053,2026-04-09T10:49:19.279Z,233.23,DELIVERED
ORD-1786976374119-26F0927A,CUST-00469,2025-01-03T11:52:04.787Z,196.07,DELIVERED
ORD-1786976374119-4B8AB72D,CUST-00874,2026-02-02T06:01:08.327Z,243.25,DELIVERED
ORD-1786976374119-6B4E6272,CUST-00354,2026-05-15T12:01:19.379Z,466.00,PROCESSING
ORD-1786976374119-BF8BEE45,CUST-00922,2025-03-23T22:26:49.730Z,17.69,COMPLETED
ORD-1786976374119-6CD075E9,CUST-00131,2026-01-23T22:29:18.179Z,349.13,COMPLETED
ORD-1786976374119-5AA9B6A9,CUST-00401,2025-01-29T09:53:01.384Z,436.11,PENDING
ORD-1786976374119-37026C6A,CUST-00953,2025-09-25T09:16:23.760Z,425.32,PROCESSING
ORD-1786976374119-E954C0F9,CUST-00504,2026-03-29T01:20:50.145Z,362.61,CANCELLED
ORD-1786976374119-F2E40CFA,CUST-00282,2025-02-05T18:44:20.469Z,211.19,COMPLETED
ORD-1786976374119-7882DE2B,CUST-00075,2026-01-19T15:32:12.667Z,188.39,PROCESSING
ORD-1786976374119-403733F4,CUST-00183,2026-01-28T14:58:51.360Z,484.53,PENDING
ORD-1786976374119-BA20750A,CUST-00934,2025-05-25T16:35:40.997Z,386.51,PROCESSING
ORD-1786976374119-80B1D320,CUST-00639,2025-10-24T18:19:14.062Z,433.23,PROCESSING
ORD-1786976374119-DFC3F3C0,CUST-00549,2025-11-09T23:46:31.601Z,179.03,CANCELLED
ORD-1786976374119-7AA4D93A,CUST-00367,2025-04-08T06:01:42.816Z,229.35,SHIPPED
ORD-1786976374119-3B932BBC,CUST-00766,2025-10-16T23:46:32.400Z,257.66,PROCESSING
ORD-1786976374119-82DBB371,CUST-00555,2026-05-12T13:16:13.820Z,158.04,DELIVERED
ORD-1786976374119-A5C30AE7,CUST-00018,2025-05-02T08:43:49.649Z,106.08,SHIPPED
ORD-1786976374119-20CB36F4,CUST-00061,2026-07-26T16:21:21.081Z,105.53,CANCELLED
ORD-1786976374119-2AD8F74F,CUST-00565,2026-06-30T02:49:57.993Z,108.36,DELIVERED
ORD-1786976374119-661CDC67,CUST-00450,2025-12-19T19:46:08.205Z,405.61,PENDING
ORD-1786976374119-B001074F,CUST-00326,2025-02-03T03:05:02.328Z,327.35,DELIVERED
ORD-1786976374119-1C75462E,CUST-00717,2026-04-17T01:43:19.444Z,134.22,PROCESSING
ORD-1786976374119-648EA235,CUST-00963,2026-02-27T01:35:12.345Z,254.53,DELIVERED
ORD-1786976374119-C910101B,CUST-00273,2025-07-11T07:17:44.257Z,150.53,DELIVERED
ORD-1786976374119-47CC0FE8,CUST-00411,2025-12-07T07:58:19.168Z,323.78,DELIVERED
ORD-1786976374119-900BC119,CUST-00204,2026-02-11T21:43:57.010Z,16.66,SHIPPED
ORD-1786976374119-CB1FC1A2,CUST-00427,2025-08-30T16:51:51.710Z,418.82,CANCELLED
ORD-1786976374119-CDF54CDC,CUST-00106,2025-08-19T11:37:27.829Z,66.27,DELIVERED
ORD-1786976374119-54B9C357,CUST-00269,2026-05-03T23:00:58.140Z,211.77,DELIVERED
ORD-1786976374119-ADFB0BB7,CUST-00960,2025-11-17T18:32:53.142Z,198.94,CANCELLED
ORD-1786976374119-63D5C7B3,CUST-00086,2025-05-15T19:54:24.416Z,284.42,CANCELLED
ORD-1786976374119-B39CA7C6,CUST-00346,2026-06-03T09:37:12.835Z,347.82,PROCESSING
ORD-1786976374119-3CEE0ECF,CUST-00955,2025-12-23T23:16:36.975Z,385.43,PENDING
ORD-1786976374119-3414C0AC,CUST-00248,2026-05-20T18:30:12.362Z,65.61,CANCELLED
ORD-1786976374119-21A35BCC,CUST-00117,2025-09-18T15:54:15.524Z,139.42,PENDING
ORD-1786976374119-B62FCF98,CUST-00121,2026-06-22T18:24:16.425Z,467.60,SHIPPED
ORD-1786976374119-4D5A97AD,CUST-00086,2026-07-20T01:26:48.043Z,37.61,COMPLETED
ORD-1786976374119-014D81E0,CUST-00577,2025-03-23T06:10:31.717Z,500.40,DELIVERED
ORD-1786976374119-003D8344,CUST-00595,2026-01-28T02:30:33.620Z,233.61,COMPLETED
ORD-1786976374119-A045ACE4,CUST-00992,2026-02-08T02:13:17.047Z,272.36,PENDING
ORD-1786976374119-A41F1C0A,CUST-00601,2025-08-15T03:42:50.129Z,107.67,PENDING
ORD-1786976374119-722701E4,CUST-00764,2025-10-03T14:47:17.995Z,361.10,PROCESSING
ORD-1786976374119-2BFA2F18,CUST-00369,2025-04-23T13:27:14.130Z,492.46,COMPLETED
ORD-1786976374119-710EE4E6,CUST-00273,2025-10-16T15:35:38.263Z,364.28,PROCESSING
ORD-1786976374119-A6B3129F,CUST-00003,2026-01-06T23:18:26.329Z,466.11,CANCELLED
ORD-1786976374119-939FCB60,CUST-00226,2026-04-12T17:38:00.351Z,91.89,PENDING
ORD-1786976374119-FFD21BD0,CUST-00434,2025-03-01T22:24:45.164Z,319.28,DELIVERED
ORD-1786976374119-18A74240,CUST-00472,2026-01-22T21:02:48.983Z,306.70,COMPLETED
ORD-1786976374119-81EF1F5D,CUST-00206,2025-09-24T12:50:48.532Z,59.87,CANCELLED
ORD-1786976374119-117DFA5E,CUST-00269,2026-07-24T18:08:55.905Z,178.07,PROCESSING
ORD-1786976374119-D69EA294,CUST-00219,2025-05-26T03:13:53.471Z,61.96,COMPLETED
ORD-1786976374119-7F5FD6EF,CUST-00520,2025-08-17T03:10:28.014Z,10.14,SHIPPED
ORD-1786976374119-DBD28D71,CUST-00946,2025-10-28T19:44:23.223Z,442.39,PROCESSING
ORD-1786976374119-84DF154C,CUST-00083,2026-03-07T04:27:43.456Z,432.94,COMPLETED
ORD-1786976374119-634B405A,CUST-00650,2025-10-16T12:37:34.469Z,426.54,SHIPPED
ORD-1786976374119-1A6B52A8,CUST-00014,2025-05-02T22:58:35.991Z,226.89,CANCELLED
ORD-1786976374119-C14D2726,CUST-00791,2026-01-21T09:22:37.594Z,212.08,SHIPPED
ORD-1786976374119-DA753802,CUST-00405,2026-04-23T00:23:56.950Z,272.11,PENDING
ORD-1786976374119-26307DB9,CUST-00377,2026-08-11T17:40:10.510Z,289.84,DELIVERED
ORD-1786976374119-692CF3CD,CUST-00442,2025-12-21T14:36:01.177Z,384.47,CANCELLED
ORD-1786976374119-6A1E1F25,CUST-00574,2025-09-27T02:56:58.026Z,323.32,PROCESSING
ORD-1786976374119-0B4CB572,CUST-00597,2025-02-02T02:52:51.976Z,469.63,SHIPPED
ORD-1786976374119-7398E477,CUST-00981,2026-06-04T06:25:23.892Z,301.22,PROCESSING
ORD-1786976374119-EE3698C7,CUST-00059,2026-03-27T09:14:21.632Z,229.47,DELIVERED
ORD-1786976374119-DB3DB6AF,CUST-00564,2026-05-18T17:42:42.628Z,309.57,PROCESSING
ORD-1786976374119-AA172428,CUST-00594,2025-04-20T14:58:32.593Z,95.11,CANCELLED
ORD-1786976374119-D8DA5BA8,CUST-00242,2025-12-23T03:58:12.083Z,287.21,PROCESSING
ORD-1786976374119-ACDEA2A3,CUST-00932,2026-05-17T06:37:40.455Z,112.85,CANCELLED
ORD-1786976374119-F95F099C,CUST-00133,2025-10-09T22:38:49.056Z,304.09,DELIVERED
ORD-1786976374119-95B2E269,CUST-00916,2025-09-13T07:39:40.922Z,116.03,SHIPPED
ORD-1786976374119-4D64E0C6,CUST-00098,2026-01-06T07:51:12.100Z,287.74,SHIPPED
ORD-1786976374119-34F9E7CE,CUST-00715,2026-02-26T03:56:18.151Z,208.10,SHIPPED
ORD-1786976374119-ACCC12BA,CUST-00011,2026-05-01T23:42:12.024Z,323.27,COMPLETED
ORD-1786976374119-DB66DBA9,CUST-00877,2026-03-25T16:27:52.077Z,184.50,SHIPPED
ORD-1786976374119-AF9A7BEB,CUST-00122,2026-06-17T19:29:19.194Z,172.43,PROCESSING
ORD-1786976374119-CA179B64,CUST-00350,2026-03-16T01:47:59.191Z,241.25,SHIPPED
ORD-1786976374119-8DC8B9BE,CUST-00811,2026-03-12T16:21:56.314Z,207.46,COMPLETED
ORD-1786976374120-A81E04B1,CUST-00638,2026-07-21T23:26:52.788Z,495.58,PROCESSING
ORD-1786976374120-C73B226B,CUST-00090,2026-03-05T16:57:00.932Z,340.15,CANCELLED
ORD-1786976374120-5D275874,CUST-00837,2026-06-03T21:31:04.670Z,50.37,COMPLETED
ORD-1786976374120-A948A4C3,CUST-00586,2026-05-20T08:10:59.680Z,400.67,COMPLETED
ORD-1786976374120-10EBAEC6,CUST-00243,2025-06-12T13:55:32.147Z,471.50,SHIPPED
ORD-1786976374120-5172AD1C,CUST-00544,2025-01-16T16:25:00.723Z,150.08,CANCELLED
ORD-1786976374120-E722524D,CUST-00212,2025-10-10T12:52:50.096Z,13.26,COMPLETED
ORD-1786976374120-2A311F45,CUST-00972,2025-02-04T23:14:47.338Z,17.36,DELIVERED
ORD-1786976374120-C18772AE,CUST-00709,2025-09-07T08:11:06.562Z,426.96,CANCELLED
ORD-1786976374120-79FE52A2,CUST-00045,2026-06-08T17:23:26.534Z,351.86,CANCELLED
ORD-1786976374120-86F48705,CUST-00773,2026-04-21T06:15:37.702Z,159.20,COMPLETED
ORD-1786976374120-4184C180,CUST-00711,2025-10-25T18:20:21.870Z,19.35,DELIVERED
ORD-1786976374120-445CE828,CUST-00972,2025-07-15T04:37:54.103Z,51.31,DELIVERED
ORD-1786976374120-414337FD,CUST-00150,2025-10-27T13:41:30.776Z,160.03,PENDING
ORD-1786976374120-FE190A75,CUST-00222,2025-02-05T01:06:14.202Z,260.94,COMPLETED
ORD-1786976374120-D42AEFA1,CUST-00410,2025-06-13T11:35:19.598Z,189.58,DELIVERED
ORD-1786976374120-06E74CDB,CUST-00405,2025-10-30T11:02:40.141Z,500.76,DELIVERED
ORD-1786976374120-84DDC89A,CUST-00628,2026-08-14T13:29:58.340Z,183.66,SHIPPED
ORD-1786976374120-A20C39ED,CUST-00216,2025-05-01T22:29:41.775Z,236.82,DELIVERED
ORD-1786976374120-C5A6220A,CUST-00107,2025-03-24T16:47:51.457Z,156.62,PROCESSING
ORD-1786976374120-29732067,CUST-00371,2026-07-14T00:56:04.984Z,257.74,DELIVERED
ORD-1786976374120-D485E231,CUST-00041,2025-04-25T05:00:53.061Z,74.48,CANCELLED
ORD-1786976374120-9E98DAD1,CUST-00259,2026-02-13T05:52:52.328Z,398.30,SHIPPED
ORD-1786976374120-A849B3FF,CUST-00990,2026-08-13T17:34:37.434Z,69.74,DELIVERED
ORD-1786976374120-959E8011,CUST-00113,2025-12-03T18:16:37.291Z,368.90,DELIVERED
ORD-1786976374120-731C45E1,CUST-00160,2026-05-02T03:11:39.169Z,347.47,PENDING
ORD-1786976374120-4BB90A6D,CUST-00602,2025-07-10T02:06:34.269Z,383.22,PROCESSING
ORD-1786976374120-78C3F73F,CUST-00473,2025-09-26T03:53:25.057Z,421.58,DELIVERED
ORD-1786976374120-4FEFAD5A,CUST-00179,2025-07-13T04:02:32.382Z,431.93,CANCELLED
ORD-1786976374120-E5CFD896,CUST-00527,2026-08-08T15:59:51.166Z,481.71,CANCELLED
ORD-1786976374120-F7219A3A,CUST-00051,2025-06-02T02:42:17.372Z,238.19,COMPLETED
ORD-1786976374120-371DF23E,CUST-00553,2026-01-22T07:19:54.531Z,42.43,DELIVERED
ORD-1786976374120-52C27819,CUST-00566,2025-03-08T09:55:46.575Z,29.90,PROCESSING
ORD-1786976374120-86FA5524,CUST-00080,2025-01-28T06:11:18.875Z,448.40,COMPLETED
ORD-1786976374120-BB040BCF,CUST-00906,2025-01-17T02:42:37.089Z,91.51,COMPLETED
ORD-1786976374120-C7E9D7DE,CUST-00894,2026-07-26T06:33:11.371Z,272.73,DELIVERED
ORD-1786976374120-83B5C0A0,CUST-00726,2025-01-27T21:48:32.043Z,376.30,PENDING
ORD-1786976374120-5958CAFE,CUST-00993,2025-11-15T16:14:21.105Z,105.71,SHIPPED
ORD-1786976374120-1337E2C9,CUST-00370,2026-07-10T22:41:48.191Z,128.46,SHIPPED
ORD-1786976374120-BE4B5603,CUST-00173,2026-08-12T05:07:44.988Z,30.67,PROCESSING
ORD-1786976374120-62108D34,CUST-00028,2025-03-24T10:50:56.470Z,401.81,CANCELLED
ORD-1786976374120-46C617F2,CUST-00397,2025-08-18T10:09:57.721Z,471.18,CANCELLED
ORD-1786976374120-105CDFF0,CUST-00560,2025-06-16T18:48:34.407Z,19.94,CANCELLED
ORD-1786976374120-E7518296,CUST-00065,2025-12-13T13:16:30.383Z,426.09,PROCESSING
ORD-1786976374120-7CF881C5,CUST-00943,2025-04-03T00:20:56.400Z,475.31,PROCESSING
ORD-1786976374120-E625914C,CUST-00051,2025-11-06T05:23:54.482Z,281.58,PROCESSING
ORD-1786976374120-0754F77A,CUST-00352,2026-05-07T05:48:14.800Z,101.01,DELIVERED
ORD-1786976374120-7C444123,CUST-00489,2025-10-12T10:06:15.650Z,46.15,CANCELLED
ORD-1786976374120-965D2E30,CUST-00626,2025-12-24T02:10:55.221Z,305.95,SHIPPED
ORD-1786976374120-DAFBF40F,CUST-00486,2025-11-06T10:36:46.265Z,216.68,CANCELLED
ORD-1786976374120-32FE2773,CUST-00851,2026-05-22T23:51:59.141Z,507.33,SHIPPED
ORD-1786976374120-7A9F02D6,CUST-00225,2025-10-27T00:45:51.870Z,112.93,PENDING
ORD-1786976374120-21125B97,CUST-00772,2025-07-15T05:50:29.302Z,409.38,COMPLETED
ORD-1786976374120-5CA6AEBF,CUST-00125,2026-06-30T07:23:15.572Z,436.68,DELIVERED
ORD-1786976374120-97F99C55,CUST-00692,2025-01-09T13:00:52.932Z,34.07,PENDING
ORD-1786976374120-87628903,CUST-00271,2025-03-10T11:29:25.300Z,256.82,CANCELLED
ORD-1786976374120-65601D29,CUST-00986,2025-01-09T21:44:46.703Z,257.71,PENDING
ORD-1786976374120-49CD6243,CUST-00706,2025-09-30T07:59:34.277Z,440.40,PROCESSING
ORD-1786976374120-D590C6D3,CUST-00936,2026-02-28T05:15:09.247Z,113.11,COMPLETED
ORD-1786976374120-2FDD014E,CUST-00658,2025-07-13T08:30:59.675Z,472.29,COMPLETED
ORD-1786976374120-1C0A6DAE,CUST-00836,2026-02-12T02:58:08.792Z,343.12,DELIVERED
ORD-1786976374120-1E89D222,CUST-00141,2025-03-06T03:31:34.040Z,421.00,PROCESSING
ORD-1786976374120-0362E915,CUST-00966,2025-03-23T15:09:52.116Z,331.39,DELIVERED
ORD-1786976374120-728C6CBB,CUST-00459,2025-09-08T13:36:43.170Z,144.85,PENDING
ORD-1786976374120-16F76E19,CUST-00942,2026-07-02T08:55:07.589Z,368.75,DELIVERED
ORD-1786976374120-81FCDA23,CUST-00603,2026-01-21T23:39:30.402Z,479.97,PROCESSING
ORD-1786976374120-172C4B71,CUST-00279,2026-01-13T07:03:42.109Z,37.07,COMPLETED
ORD-1786976374120-3AAFE49F,CUST-00962,2025-09-16T21:13:43.124Z,68.22,DELIVERED
ORD-1786976374120-81438088,CUST-00538,2025-01-06T03:03:05.331Z,349.83,DELIVERED
ORD-1786976374120-FD78AEEC,CUST-00935,2025-11-08T05:30:43.622Z,358.31,COMPLETED
ORD-1786976374120-107DCA6F,CUST-00289,2025-05-29T13:17:53.696Z,467.33,SHIPPED
ORD-1786976374120-7B33C884,CUST-00795,2026-04-14T11:24:47.453Z,505.58,SHIPPED
ORD-1786976374120-387F649E,CUST-00213,2025-12-14T19:39:57.857Z,212.09,DELIVERED
ORD-1786976374120-DC3B393B,CUST-00346,2026-05-21T05:13:02.176Z,368.97,DELIVERED
ORD-1786976374120-72A516C2,CUST-00551,2026-01-05T19:11:36.315Z,208.06,DELIVERED
ORD-1786976374120-988A807E,CUST-00043,2026-04-14T17:52:41.751Z,68.74,COMPLETED
ORD-1786976374120-B1F33BCB,CUST-00182,2025-04-28T23:31:02.304Z,274.41,PENDING
ORD-1786976374120-85EDD845,CUST-00331,2025-03-16T21:32:18.653Z,436.98,PENDING
ORD-1786976374120-66EEF2AF,CUST-00318,2025-08-17T10:33:45.726Z,47.70,PENDING
ORD-1786976374120-3C413B21,CUST-00948,2025-07-16T09:04:34.455Z,478.84,COMPLETED
ORD-1786976374120-204C153E,CUST-00587,2025-12-23T06:08:58.582Z,403.38,PROCESSING
ORD-1786976374120-5597608D,CUST-00165,2025-08-07T02:45:13.500Z,320.03,PENDING
ORD-1786976374121-9F68CE82,CUST-00672,2026-08-02T11:51:55.949Z,267.11,PROCESSING
ORD-1786976374121-03C0E62C,CUST-00072,2025-09-21T12:45:10.114Z,295.62,SHIPPED
ORD-1786976374121-31429782,CUST-00221,2025-02-10T23:09:37.648Z,340.67,DELIVERED
ORD-1786976374121-A62E1B6A,CUST-00856,2026-03-07T06:13:27.273Z,424.83,CANCELLED
ORD-1786976374121-6E3E1FAA,CUST-00345,2025-07-09T09:12:56.386Z,202.08,DELIVERED
ORD-1786976374121-3EE0D79D,CUST-00120,2026-03-16T22:02:22.906Z,99.63,SHIPPED
ORD-1786976374121-67987D54,CUST-00556,2026-01-28T06:50:15.433Z,183.96,PROCESSING
ORD-1786976374121-FD50AEED,CUST-00219,2026-01-15T13:01:33.914Z,493.49,CANCELLED
ORD-1786976374121-8F82219F,CUST-00736,2025-11-22T19:02:38.685Z,196.06,COMPLETED
ORD-1786976374121-A891D885,CUST-00215,2025-12-05T17:27:16.619Z,146.34,CANCELLED
ORD-1786976374121-3D424620,CUST-00337,2026-06-16T12:10:11.964Z,145.95,SHIPPED
ORD-1786976374121-0CDA7BA2,CUST-00379,2026-03-12T14:33:58.498Z,14.62,CANCELLED
ORD-1786976374121-89B49C8E,CUST-00612,2026-04-15T15:13:37.171Z,269.43,PROCESSING
ORD-1786976374121-1A94D83A,CUST-00374,2025-03-21T22:18:56.589Z,31.18,SHIPPED
ORD-1786976374121-2577A512,CUST-00479,2025-05-25T06:44:55.863Z,126.65,COMPLETED
ORD-1786976374121-33575AAA,CUST-00373,2025-10-31T01:37:00.462Z,457.57,CANCELLED
ORD-1786976374121-FCAFBCBC,CUST-00333,2026-02-20T09:34:17.327Z,241.82,DELIVERED
ORD-1786976374121-AB3F3144,CUST-00676,2026-05-11T16:17:18.959Z,252.23,PENDING
ORD-1786976374121-5AB3357E,CUST-00285,2026-05-24T15:03:20.144Z,170.19,SHIPPED
ORD-1786976374121-0654C968,CUST-00901,2026-01-06T01:12:56.348Z,145.56,CANCELLED
ORD-1786976374121-5E4E402F,CUST-00590,2025-01-25T10:50:18.251Z,51.39,CANCELLED
ORD-1786976374121-91CA034E,CUST-00578,2026-02-17T02:18:03.041Z,137.33,SHIPPED
ORD-1786976374121-D9A8A8C9,CUST-00046,2025-11-15T21:16:19.791Z,491.03,PROCESSING
ORD-1786976374121-B2231A39,CUST-00512,2025-12-02T06:46:36.344Z,215.81,PROCESSING
ORD-1786976374121-2CB0FF08,CUST-00891,2025-05-20T09:49:38.257Z,479.38,PROCESSING
ORD-1786976374121-22E85C31,CUST-00724,2025-07-27T02:56:03.090Z,149.15,SHIPPED
ORD-1786976374121-2018177A,CUST-00168,2025-01-23T03:48:11.097Z,170.51,PENDING
ORD-1786976374121-E69FA8C5,CUST-00052,2026-04-05T14:39:16.980Z,437.26,PROCESSING
ORD-1786976374121-E0A812A8,CUST-00167,2025-07-26T11:49:12.276Z,336.09,SHIPPED
ORD-1786976374121-2D1F473E,CUST-00372,2026-07-29T20:49:55.869Z,58.43,PROCESSING
ORD-1786976374121-533373FB,CUST-00039,2026-06-01T03:32:59.218Z,431.21,CANCELLED
ORD-1786976374121-46BDD1C7,CUST-00118,2026-05-21T05:05:51.026Z,390.45,SHIPPED
ORD-1786976374121-58FDEFE9,CUST-00748,2025-10-25T09:57:17.079Z,124.95,PENDING
ORD-1786976374121-32A2FB41,CUST-00963,2026-01-22T12:15:15.459Z,292.66,COMPLETED
ORD-1786976374121-4E65D2DB,CUST-00596,2025-01-20T19:57:45.770Z,410.54,SHIPPED
ORD-1786976374121-93ADF366,CUST-00528,2026-04-10T12:42:14.283Z,34.63,CANCELLED
ORD-1786976374121-E0AE0A71,CUST-00742,2025-10-06T15:02:55.677Z,118.67,SHIPPED
ORD-1786976374121-59F4AD54,CUST-00487,2026-05-15T03:53:06.334Z,148.99,COMPLETED
ORD-1786976374121-05C3F4C3,CUST-00880,2025-09-12T19:49:28.650Z,56.82,PENDING
ORD-1786976374121-AD504622,CUST-00425,2025-11-17T14:33:03.894Z,485.58,DELIVERED
ORD-1786976374121-676E1D5D,CUST-00275,2025-12-24T11:48:25.661Z,201.36,CANCELLED
ORD-1786976374121-4D3DE944,CUST-00807,2025-05-15T14:57:43.670Z,418.15,CANCELLED
ORD-1786976374121-90030FDF,CUST-00989,2025-10-30T23:01:36.475Z,54.65,PENDING
ORD-1786976374121-4448F4EB,CUST-00467,2025-01-26T08:46:10.961Z,116.30,PENDING
ORD-1786976374121-8A582A36,CUST-00286,2025-02-27T15:45:24.052Z,395.63,SHIPPED
ORD-1786976374121-EC97DC3A,CUST-00245,2025-11-23T04:49:57.733Z,206.66,DELIVERED
ORD-1786976374121-A6B1D83F,CUST-00429,2026-05-07T01:20:52.972Z,413.99,COMPLETED
ORD-1786976374121-242D0E77,CUST-00131,2025-06-28T11:08:22.611Z,30.42,DELIVERED
ORD-1786976374121-0EB3709D,CUST-00266,2026-02-14T21:09:40.830Z,365.78,DELIVERED
ORD-1786976374121-457B94E4,CUST-00518,2025-06-05T23:48:54.272Z,283.97,SHIPPED
ORD-1786976374121-B02E95D8,CUST-00748,2025-08-22T16:57:37.913Z,141.03,SHIPPED
ORD-1786976374121-9AF5648A,CUST-00886,2025-04-15T13:04:42.123Z,244.90,PROCESSING
ORD-1786976374121-37A1F3AF,CUST-00482,2025-12-12T10:40:52.593Z,21.74,SHIPPED
ORD-1786976374121-69212EAD,CUST-00509,2025-02-12T10:59:58.209Z,33.36,PENDING
ORD-1786976374121-1A9EFE51,CUST-00703,2025-12-01T21:46:06.649Z,352.58,SHIPPED
ORD-1786976374121-9B7DB323,CUST-00988,2026-07-12T05:54:26.766Z,430.87,DELIVERED
ORD-1786976374121-3735C912,CUST-00356,2025-08-27T18:36:19.275Z,310.19,DELIVERED
ORD-1786976374121-233FB951,CUST-00154,2025-06-11T09:20:26.232Z,457.64,PROCESSING
ORD-1786976374121-23A355FD,CUST-00856,2026-07-27T12:13:26.582Z,258.13,CANCELLED
ORD-1786976374121-8F4AE88D,CUST-00552,2026-06-20T10:12:00.131Z,89.92,SHIPPED
ORD-1786976374121-694F81D3,CUST-00507,2026-04-09T17:59:16.272Z,163.98,PENDING
ORD-1786976374121-0CD1C862,CUST-00898,2025-06-26T10:35:25.772Z,117.40,PENDING
ORD-1786976374121-8B894914,CUST-00409,2026-04-26T20:50:05.731Z,238.11,CANCELLED
ORD-1786976374121-D8E43C84,CUST-00662,2026-02-18T16:44:15.590Z,274.35,PROCESSING
ORD-1786976374121-5F336252,CUST-00511,2026-01-09T07:27:36.267Z,58.10,DELIVERED
ORD-1786976374121-DD78D3F8,CUST-00878,2025-05-23T21:07:02.861Z,205.73,PROCESSING
ORD-1786976374121-6031D784,CUST-00104,2026-05-04T20:09:31.881Z,63.07,DELIVERED
ORD-1786976374121-82776CC2,CUST-00548,2025-05-30T09:44:25.507Z,508.05,PENDING
ORD-1786976374121-6D95868E,CUST-00012,2025-05-17T17:57:11.523Z,436.17,SHIPPED
ORD-1786976374121-28181ECA,CUST-00819,2026-04-18T19:17:46.166Z,210.00,DELIVERED
ORD-1786976374121-12848162,CUST-00717,2026-05-10T23:16:11.737Z,58.05,DELIVERED
ORD-1786976374121-89E07DBA,CUST-00610,2025-07-30T18:59:10.980Z,368.42,DELIVERED
ORD-1786976374121-BFE247E5,CUST-00661,2025-04-13T07:44:15.593Z,276.50,COMPLETED
ORD-1786976374121-FD445EDF,CUST-00320,2025-10-17T10:17:53.568Z,301.74,SHIPPED
ORD-1786976374121-F908A108,CUST-00756,2025-05-09T05:55:01.690Z,476.86,PROCESSING
ORD-1786976374121-A8F233EA,CUST-00130,2026-05-25T20:03:35.653Z,157.03,CANCELLED
ORD-1786976374121-E0962D84,CUST-00449,2026-03-31T11:16:19.309Z,10.63,CANCELLED
ORD-1786976374121-031DBEF7,CUST-00179,2025-02-20T17:25:42.660Z,121.25,DELIVERED
ORD-1786976374121-036978AD,CUST-00771,2025-08-15T09:13:31.556Z,110.61,SHIPPED
ORD-1786976374121-A0159070,CUST-00037,2026-06-14T09:38:15.219Z,214.73,DELIVERED
ORD-1786976374121-BF0061E2,CUST-00092,2025-01-07T20:38:51.510Z,215.08,SHIPPED
ORD-1786976374121-B9B0B9D2,CUST-00367,2026-06-14T06:27:02.499Z,323.76,PENDING
ORD-1786976374121-63941A9F,CUST-00450,2026-02-24T15:18:16.770Z,224.05,SHIPPED
ORD-1786976374121-DD93E439,CUST-00751,2025-10-09T06:55:36.967Z,221.16,SHIPPED
ORD-1786976374121-22DC57E6,CUST-00022,2026-05-31T21:26:17.453Z,292.51,CANCELLED
ORD-1786976374121-6798FE38,CUST-00457,2025-12-02T00:58:29.657Z,399.02,COMPLETED
ORD-1786976374121-8C36AB8C,CUST-00161,2026-05-23T21:25:49.431Z,170.56,PROCESSING
ORD-1786976374121-B7DF4E28,CUST-00674,2025-12-28T20:18:55.804Z,241.42,SHIPPED
ORD-1786976374121-815B10F4,CUST-00918,2026-02-21T11:18:15.654Z,48.55,PENDING
ORD-1786976374121-2FD1CAE0,CUST-00783,2025-09-21T18:42:52.660Z,448.78,DELIVERED
ORD-1786976374121-F99D73BA,CUST-00456,2025-05-10T06:39:19.108Z,284.10,CANCELLED
ORD-1786976374121-A363EDE1,CUST-00047,2026-02-14T10:42:01.884Z,347.36,PROCESSING
ORD-1786976374121-F92E9B70,CUST-00800,2025-08-01T17:51:13.301Z,385.26,SHIPPED
ORD-1786976374121-63DC91BB,CUST-00724,2025-09-09T19:50:39.962Z,78.52,DELIVERED
ORD-1786976374121-C00EF7EA,CUST-00203,2026-06-15T11:47:21.413Z,370.78,SHIPPED
ORD-1786976374121-F5A422D2,CUST-00665,2025-01-11T04:13:59.367Z,493.89,SHIPPED
ORD-1786976374121-1D241C5C,CUST-00244,2025-03-23T05:29:29.450Z,111.85,PENDING
ORD-1786976374121-ACC6AE76,CUST-00709,2025-09-25T01:17:15.720Z,434.12,SHIPPED
ORD-1786976374121-B8F5A9A5,CUST-00861,2026-01-08T11:11:00.533Z,479.05,SHIPPED
ORD-1786976374121-BCFA7F15,CUST-00888,2025-02-09T20:18:54.880Z,294.35,PENDING
ORD-1786976374121-6175470D,CUST-00558,2025-07-04T03:37:13.202Z,381.73,SHIPPED
ORD-1786976374121-41A5D5AD,CUST-00878,2025-10-25T06:42:28.924Z,427.95,CANCELLED
ORD-1786976374121-54EF581F,CUST-00733,2026-03-26T16:10:58.603Z,506.08,DELIVERED
ORD-1786976374121-A02670BF,CUST-00701,2026-03-08T08:38:51.899Z,423.81,COMPLETED
ORD-1786976374121-A2362B68,CUST-00801,2026-07-23T15:52:11.527Z,322.25,COMPLETED
ORD-1786976374121-0E202FE6,CUST-00800,2025-05-28T11:56:22.395Z,326.17,DELIVERED
ORD-1786976374121-CBEF8BB2,CUST-00892,2025-12-27T10:55:39.230Z,279.41,PROCESSING
ORD-1786976374121-D6450FD6,CUST-00966,2025-09-16T07:55:49.060Z,22.25,SHIPPED
ORD-1786976374121-31CC397A,CUST-00407,2026-07-14T00:17:05.710Z,284.91,SHIPPED
ORD-1786976374121-5A32EC2B,CUST-00274,2026-05-26T14:57:30.825Z,214.97,CANCELLED
ORD-1786976374121-00683F74,CUST-00098,2026-08-14T18:19:15.098Z,448.98,PROCESSING
ORD-1786976374121-2FADD639,CUST-00782,2026-08-12T15:20:50.369Z,112.29,PENDING
ORD-1786976374122-6D090EC7,CUST-00002,2025-10-16T21:20:12.174Z,315.05,SHIPPED
ORD-1786976374122-0AF814C9,CUST-00795,2025-09-27T03:08:16.580Z,508.85,PENDING
ORD-1786976374122-6CD8B13D,CUST-00378,2026-06-06T21:16:16.894Z,500.00,COMPLETED
ORD-1786976374122-A1651700,CUST-00375,2025-08-01T11:53:53.598Z,274.63,DELIVERED
ORD-1786976374122-C24476BD,CUST-00431,2025-04-30T09:30:40.852Z,66.09,PENDING
ORD-1786976374122-8AA79D9C,CUST-00554,2026-07-11T05:51:53.800Z,65.95,SHIPPED
ORD-1786976374122-13750CFF,CUST-00443,2025-09-17T14:15:30.286Z,439.21,DELIVERED
ORD-1786976374122-9A2687A9,CUST-00174,2025-07-16T07:17:09.219Z,248.64,PROCESSING
ORD-1786976374122-50AEE119,CUST-00311,2025-01-11T12:34:01.664Z,456.54,PROCESSING
ORD-1786976374122-5729D5D6,CUST-00456,2025-09-09T14:03:55.263Z,131.85,SHIPPED
ORD-1786976374122-E7F476D5,CUST-00016,2025-03-10T19:59:20.457Z,248.63,PENDING
ORD-1786976374122-846A09EE,CUST-00319,2025-05-27T17:22:45.999Z,474.32,PENDING
ORD-1786976374122-7FBF5413,CUST-00401,2026-01-18T17:50:22.410Z,402.33,SHIPPED
ORD-1786976374122-13884CD2,CUST-00446,2026-01-27T10:06:04.959Z,201.57,COMPLETED
ORD-1786976374122-2B803165,CUST-00133,2026-07-19T04:51:49.000Z,296.39,COMPLETED
ORD-1786976374122-85649372,CUST-00915,2026-01-01T21:57:36.599Z,99.55,PROCESSING
ORD-1786976374122-622770D6,CUST-00866,2025-12-10T13:33:10.794Z,157.45,COMPLETED
ORD-1786976374122-1B19D283,CUST-00001,2025-07-02T23:17:31.164Z,473.00,SHIPPED
ORD-1786976374122-9D5A5C96,CUST-00972,2025-08-30T22:59:42.965Z,483.58,COMPLETED
ORD-1786976374122-1D4A83B1,CUST-00893,2026-02-15T00:26:42.803Z,18.61,PROCESSING
ORD-1786976374122-F11FC9E2,CUST-00465,2025-02-08T15:14:44.812Z,161.84,PROCESSING
ORD-1786976374122-A7B61E6B,CUST-00197,2026-02-02T16:45:37.576Z,257.19,PROCESSING
ORD-1786976374122-5B68FBEA,CUST-00892,2025-09-07T02:43:13.394Z,256.68,SHIPPED
ORD-1786976374122-87B142A7,CUST-00491,2025-03-16T19:02:44.910Z,467.65,CANCELLED
ORD-1786976374122-CC6876ED,CUST-00289,2026-06-27T16:30:06.707Z,163.84,PENDING
ORD-1786976374122-7D866B97,CUST-00304,2025-03-29T05:20:12.308Z,406.10,PENDING
ORD-1786976374122-FDDAF1DD,CUST-00478,2026-07-29T19:56:27.186Z,475.58,CANCELLED
ORD-1786976374122-4AE3D44E,CUST-00136,2026-02-18T01:14:58.890Z,336.83,SHIPPED
ORD-1786976374122-DC405B3C,CUST-00958,2025-11-02T02:03:51.178Z,143.06,DELIVERED
ORD-1786976374122-BBF65584,CUST-00125,2026-06-29T20:22:15.753Z,226.32,PROCESSING
ORD-1786976374122-89D93F3D,CUST-00370,2025-12-19T03:02:52.508Z,77.05,PROCESSING
ORD-1786976374122-928320F8,CUST-00947,2026-04-20T00:55:39.856Z,273.02,PROCESSING
ORD-1786976374122-4616BA18,CUST-00323,2025-07-13T07:30:14.371Z,219.08,CANCELLED
ORD-1786976374122-64850004,CUST-00912,2025-02-24T12:11:43.552Z,60.35,PROCESSING
ORD-1786976374122-5487FB73,CUST-00040,2025-01-28T18:26:56.855Z,495.30,COMPLETED
ORD-1786976374122-1E9C1412,CUST-00777,2025-02-28T01:08:11.375Z,127.98,PROCESSING
ORD-1786976374122-5CDF41BA,CUST-00843,2025-09-22T12:23:20.450Z,328.39,DELIVERED
ORD-1786976374122-7538D7B8,CUST-00415,2026-04-30T00:28:28.768Z,27.78,DELIVERED
ORD-1786976374122-6A084A9C,CUST-00171,2026-07-19T19:04:34.489Z,155.67,PENDING
ORD-1786976374122-B0E177FF,CUST-00618,2025-08-14T20:53:59.736Z,20.91,PENDING
ORD-1786976374122-91D8D8F1,CUST-00863,2026-05-23T06:11:52.660Z,158.98,COMPLETED
ORD-1786976374122-C6C22E0D,CUST-00700,2025-03-10T01:49:51.730Z,25.51,SHIPPED
ORD-1786976374122-AF1BDC24,CUST-00224,2026-02-26T16:35:06.066Z,256.81,SHIPPED
ORD-1786976374122-823B2F47,CUST-00967,2026-03-26T20:31:39.441Z,25.08,PROCESSING
ORD-1786976374122-A00BA89E,CUST-00618,2025-06-26T21:04:41.570Z,352.62,DELIVERED
ORD-1786976374122-ADCCB277,CUST-00666,2026-05-14T21:35:53.630Z,321.87,CANCELLED
ORD-1786976374122-B50945CA,CUST-00013,2026-02-15T15:41:40.590Z,453.81,PENDING
ORD-1786976374122-D7D7EB68,CUST-00570,2025-04-14T10:10:36.847Z,293.72,COMPLETED
ORD-1786976374122-5E8E3F38,CUST-00856,2026-03-10T14:55:23.936Z,89.97,SHIPPED
ORD-1786976374122-09835A0B,CUST-00768,2025-08-07T16:33:00.201Z,48.08,SHIPPED
ORD-1786976374122-2EF90ABF,CUST-00194,2025-10-07T20:59:48.795Z,384.17,CANCELLED
ORD-1786976374122-97B1FD95,CUST-00527,2025-08-29T07:55:36.955Z,223.80,PROCESSING
ORD-1786976374122-B3F92D77,CUST-00007,2026-05-26T01:06:32.149Z,250.47,PROCESSING
ORD-1786976374122-00CF808B,CUST-00115,2026-05-02T02:38:09.334Z,197.40,PENDING
ORD-1786976374122-7C36103C,CUST-00695,2025-11-29T08:50:29.168Z,331.69,PROCESSING
ORD-1786976374122-D4B812AE,CUST-00743,2025-05-27T00:19:40.026Z,508.90,SHIPPED
ORD-1786976374122-5AA78540,CUST-00885,2025-08-22T07:08:08.407Z,428.19,PENDING
ORD-1786976374122-EECE5AB0,CUST-00996,2026-06-15T06:01:36.337Z,106.17,SHIPPED
ORD-1786976374122-673AF7A3,CUST-00140,2025-01-02T23:40:40.495Z,288.98,SHIPPED
ORD-1786976374122-530AD33F,CUST-00001,2025-03-23T18:14:10.433Z,305.60,CANCELLED
ORD-1786976374122-9EE35E4C,CUST-00372,2025-10-19T19:59:54.704Z,136.89,COMPLETED
ORD-1786976374122-E9D78862,CUST-00322,2025-10-05T10:00:41.676Z,254.29,PENDING
ORD-1786976374122-6151CB0F,CUST-00214,2025-12-29T11:11:54.409Z,19.95,COMPLETED
ORD-1786976374122-6CFFBDE1,CUST-00172,2025-07-15T05:38:23.198Z,389.45,COMPLETED
ORD-1786976374122-B926ADF4,CUST-00041,2025-03-15T23:44:23.760Z,336.23,SHIPPED
ORD-1786976374122-0A113AC3,CUST-00508,2025-10-27T09:20:35.087Z,28.80,DELIVERED
ORD-1786976374122-A3E0F443,CUST-00250,2026-03-26T04:40:13.899Z,277.31,COMPLETED
ORD-1786976374122-140DFE91,CUST-00728,2025-04-16T18:18:30.306Z,228.24,PROCESSING
ORD-1786976374122-404E7454,CUST-00778,2025-03-28T23:01:20.855Z,372.64,SHIPPED
ORD-1786976374122-256FC42D,CUST-00002,2026-04-25T10:53:39.107Z,297.84,PROCESSING
ORD-1786976374122-0DD4F776,CUST-00808,2025-03-12T01:35:56.162Z,262.23,SHIPPED
ORD-1786976374122-9781CD89,CUST-00189,2025-06-10T04:06:10.411Z,240.67,COMPLETED
ORD-1786976374122-88E92A72,CUST-00191,2025-08-21T18:20:54.133Z,295.99,PENDING
ORD-1786976374122-829F027D,CUST-00461,2026-01-08T17:59:01.901Z,183.95,DELIVERED
ORD-1786976374122-C520AB89,CUST-00876,2025-08-15T09:49:36.901Z,403.87,SHIPPED
ORD-1786976374122-AC2D3D1E,CUST-00501,2025-06-05T22:54:23.644Z,381.54,CANCELLED
ORD-1786976374122-CB821195,CUST-00722,2025-07-15T02:30:17.973Z,462.81,COMPLETED
ORD-1786976374122-3FC01F14,CUST-00939,2025-12-08T03:59:12.854Z,133.00,SHIPPED
ORD-1786976374122-DBFA42A5,CUST-00995,2025-03-13T13:53:50.456Z,245.89,DELIVERED
ORD-1786976374122-F35B8592,CUST-00384,2025-06-12T11:00:03.927Z,302.21,PENDING
ORD-1786976374122-C3B851D3,CUST-00484,2025-04-12T11:11:55.742Z,271.10,PENDING
ORD-1786976374122-AC217DBF,CUST-00742,2025-10-02T20:36:11.972Z,442.77,DELIVERED
ORD-1786976374122-10D49006,CUST-00975,2026-03-16T14:29:51.368Z,61.12,DELIVERED
ORD-1786976374122-00B8DA05,CUST-00742,2026-07-26T15:21:59.685Z,461.26,PENDING
ORD-1786976374122-3DDFEC11,CUST-00489,2025-03-04T19:58:28.515Z,58.84,PENDING
ORD-1786976374122-1854FE16,CUST-00333,2026-06-07T13:10:20.119Z,369.64,SHIPPED
ORD-1786976374122-C6A91B11,CUST-00483,2025-08-03T18:34:57.230Z,132.94,SHIPPED
ORD-1786976374122-DBC47829,CUST-00639,2026-06-30T06:38:15.094Z,43.96,SHIPPED
ORD-1786976374122-88A24E91,CUST-00102,2025-12-11T13:02:21.355Z,212.17,DELIVERED
ORD-1786976374122-70BB6A07,CUST-00898,2026-04-27T14:17:42.517Z,93.63,PENDING
ORD-1786976374122-9BEA1DEF,CUST-00795,2025-06-16T23:30:32.254Z,319.53,PROCESSING
ORD-1786976374122-6577D242,CUST-00375,2026-04-15T17:36:12.300Z,235.27,DELIVERED
ORD-1786976374122-2E64F479,CUST-00226,2025-07-14T04:04:54.110Z,436.58,COMPLETED
ORD-1786976374122-A763F10F,CUST-00834,2026-02-03T09:58:23.386Z,473.94,SHIPPED
ORD-1786976374122-718E116C,CUST-00060,2025-05-23T00:20:07.539Z,331.64,PENDING
ORD-1786976374122-A77F559B,CUST-00996,2025-10-27T18:48:25.277Z,197.10,PENDING
ORD-1786976374122-9B976365,CUST-00900,2026-04-21T12:30:33.706Z,278.29,CANCELLED
ORD-1786976374122-601C0558,CUST-00714,2025-03-16T08:21:09.559Z,403.11,PENDING
ORD-1786976374122-22E96E00,CUST-00035,2025-08-07T02:11:55.799Z,101.71,DELIVERED
ORD-1786976374122-64F7BCE1,CUST-00327,2025-08-20T19:42:06.243Z,257.06,PENDING
ORD-1786976374122-5C7D4160,CUST-00781,2025-07-27T13:58:58.561Z,248.42,COMPLETED
ORD-1786976374122-8FC69C39,CUST-00625,2025-07-21T04:46:15.645Z,133.57,PROCESSING
ORD-1786976374122-D69C7576,CUST-00590,2025-07-21T19:49:17.917Z,480.50,PENDING
ORD-1786976374122-FF5FE37E,CUST-00657,2025-05-08T13:05:54.449Z,503.57,CANCELLED
ORD-1786976374122-F61AA607,CUST-00367,2025-10-08T09:38:24.547Z,53.60,COMPLETED
ORD-1786976374122-25698BF8,CUST-00885,2026-01-24T12:23:58.274Z,489.08,PENDING
ORD-1786976374122-4732DD45,CUST-00587,2026-01-13T05:18:30.958Z,27.91,PROCESSING
ORD-1786976374122-DCC96858,CUST-00945,2026-01-07T13:09:57.569Z,166.94,CANCELLED
ORD-1786976374122-653FA8A7,CUST-00842,2025-01-24T06:54:26.466Z,465.23,CANCELLED
ORD-1786976374122-D766B9CD,CUST-00943,2025-09-17T23:37:55.394Z,187.22,DELIVERED
ORD-1786976374122-3DBF53B7,CUST-00561,2025-01-23T12:20:05.513Z,84.03,SHIPPED
ORD-1786976374122-BDC691D7,CUST-00107,2025-07-18T11:32:39.717Z,134.57,PROCESSING
ORD-1786976374122-37823D5D,CUST-00756,2026-01-23T08:45:47.765Z,291.76,PENDING
ORD-1786976374122-1EBD2ED6,CUST-00044,2025-12-25T08:48:19.058Z,32.79,DELIVERED
ORD-1786976374122-AC7DDD6C,CUST-00613,2025-10-16T22:43:35.231Z,87.39,SHIPPED
ORD-1786976374122-BA70FCA0,CUST-00136,2025-03-03T18:55:03.260Z,154.37,DELIVERED
ORD-1786976374122-6FC48AD7,CUST-00986,2026-04-03T22:22:58.420Z,24.63,PENDING
ORD-1786976374122-5BDEFA3F,CUST-00625,2025-12-13T23:55:39.391Z,191.51,SHIPPED
ORD-1786976374122-591D3905,CUST-00678,2026-07-27T01:16:58.012Z,410.64,SHIPPED
ORD-1786976374122-7B5C6B21,CUST-00817,2026-05-08T05:15:41.588Z,438.29,DELIVERED
ORD-1786976374122-1C73ACA7,CUST-00946,2026-03-13T18:35:48.769Z,190.57,DELIVERED
ORD-1786976374122-148B1E2C,CUST-00121,2025-05-07T05:26:08.385Z,127.76,COMPLETED
ORD-1786976374122-5D091D3D,CUST-00284,2025-04-11T14:22:03.034Z,159.45,PROCESSING
ORD-1786976374122-F3E2F4A7,CUST-00043,2026-05-17T08:36:27.725Z,306.21,DELIVERED
ORD-1786976374122-308AAC87,CUST-00802,2026-04-29T16:57:36.549Z,166.09,CANCELLED
ORD-1786976374122-F5A4C27F,CUST-00441,2025-04-08T18:44:07.627Z,92.72,DELIVERED
ORD-1786976374122-4D669BAD,CUST-00240,2025-04-13T21:27:17.567Z,289.54,CANCELLED
ORD-1786976374122-4EC1A46D,CUST-00622,2025-10-08T03:19:52.848Z,482.88,PENDING
ORD-1786976374122-3476FA74,CUST-00153,2026-06-03T09:33:01.278Z,86.00,PENDING
ORD-1786976374122-AF24CDD3,CUST-00204,2025-03-19T16:20:44.362Z,270.22,PENDING
ORD-1786976374122-9D24B311,CUST-00042,2025-07-01T01:57:50.125Z,210.22,COMPLETED
ORD-1786976374122-CFF0460B,CUST-00615,2026-08-09T20:05:43.419Z,507.30,DELIVERED
ORD-1786976374122-4C7981FC,CUST-00622,2026-06-14T08:44:48.409Z,409.54,PENDING
ORD-1786976374122-915AE88C,CUST-00380,2025-06-29T23:32:24.666Z,301.65,PENDING
ORD-1786976374122-90530F59,CUST-00733,2026-04-18T21:31:36.408Z,417.47,PROCESSING
ORD-1786976374122-EDE281E2,CUST-00844,2025-04-05T03:07:31.807Z,183.60,PENDING
ORD-1786976374122-07D34C77,CUST-00793,2025-02-07T00:18:56.478Z,147.34,CANCELLED
ORD-1786976374122-987A246A,CUST-00065,2026-06-03T22:53:37.748Z,227.17,SHIPPED
ORD-1786976374122-92A7D459,CUST-00752,2025-05-29T23:53:27.457Z,90.71,PROCESSING
ORD-1786976374122-C957E023,CUST-00655,2026-07-21T04:25:37.955Z,315.13,PENDING
ORD-1786976374122-5F73EC0E,CUST-00366,2025-01-09T06:23:17.768Z,412.50,DELIVERED
ORD-1786976374122-192C055B,CUST-00019,2025-11-22T22:19:31.831Z,102.48,SHIPPED
ORD-1786976374122-7AE64EC0,CUST-00705,2025-09-04T03:07:27.965Z,135.19,COMPLETED
ORD-1786976374122-DA6292ED,CUST-00325,2026-08-08T01:59:18.869Z,505.76,COMPLETED
ORD-1786976374122-D5A07FD6,CUST-00786,2025-12-21T23:43:26.029Z,347.50,PENDING
ORD-1786976374122-60F64530,CUST-00035,2025-08-10T21:42:47.558Z,347.62,CANCELLED
ORD-1786976374122-4E68DCDF,CUST-00763,2025-12-21T03:07:01.813Z,345.63,PROCESSING
ORD-1786976374122-EB4AE3DE,CUST-00063,2025-04-24T05:02:36.374Z,427.76,SHIPPED
ORD-1786976374123-979F8FA3,CUST-00540,2026-04-16T18:43:02.756Z,253.28,COMPLETED
ORD-1786976374123-6418C881,CUST-00870,2025-02-09T08:21:56.468Z,503.93,DELIVERED
ORD-1786976374123-D2F65A00,CUST-00525,2025-02-06T05:57:25.220Z,239.51,SHIPPED
ORD-1786976374123-5C96D4B7,CUST-00352,2026-02-05T06:14:26.014Z,284.92,PROCESSING
ORD-1786976374123-AE8EB87E,CUST-00827,2026-05-27T11:12:35.566Z,409.44,CANCELLED
ORD-1786976374123-B3023F8D,CUST-00708,2025-06-03T03:57:32.135Z,483.31,PENDING
ORD-1786976374123-60AEF98C,CUST-00064,2026-07-17T23:14:30.376Z,149.50,SHIPPED
ORD-1786976374123-ED5075D3,CUST-00143,2025-05-23T08:35:24.000Z,449.03,PENDING
ORD-1786976374123-C781EEEE,CUST-00468,2026-03-30T10:08:30.519Z,226.46,PENDING
ORD-1786976374123-1B44AF93,CUST-00616,2025-12-17T09:38:18.068Z,80.65,PROCESSING
ORD-1786976374123-248A28C2,CUST-00345,2025-11-24T09:30:31.607Z,355.72,COMPLETED
ORD-1786976374123-BE76ACEE,CUST-00802,2025-12-27T06:38:26.812Z,103.74,SHIPPED
ORD-1786976374123-0A550D26,CUST-00414,2026-06-29T07:33:30.873Z,225.49,PROCESSING
ORD-1786976374123-18E4FFF5,CUST-00293,2026-01-19T10:16:36.589Z,36.99,SHIPPED
ORD-1786976374123-55019653,CUST-00392,2025-01-02T12:04:16.882Z,432.79,CANCELLED
ORD-1786976374123-1FF900DB,CUST-00821,2026-02-10T01:51:13.833Z,300.33,SHIPPED
ORD-1786976374123-9D24FEB8,CUST-00601,2026-07-29T20:38:23.728Z,203.31,PENDING
ORD-1786976374123-FA0D58E5,CUST-00533,2025-11-22T20:51:32.905Z,464.31,COMPLETED
ORD-1786976374123-161F4469,CUST-00866,2025-03-14T22:34:48.195Z,64.98,PROCESSING
ORD-1786976374123-9197A8DA,CUST-00165,2025-02-06T18:33:48.343Z,469.62,CANCELLED
ORD-1786976374123-B16CCC44,CUST-00773,2025-07-01T13:39:20.700Z,439.04,COMPLETED
ORD-1786976374123-ABC50CB2,CUST-00563,2025-11-11T18:46:47.106Z,127.52,SHIPPED
ORD-1786976374123-1FAEB623,CUST-00796,2026-01-17T15:51:30.233Z,27.32,PENDING
ORD-1786976374123-3BAF2ABF,CUST-00877,2026-03-03T22:47:29.720Z,370.66,COMPLETED
ORD-1786976374123-4DBB0FAA,CUST-00296,2025-07-02T06:26:53.205Z,254.84,COMPLETED
ORD-1786976374123-C3929642,CUST-00993,2025-05-19T10:39:07.049Z,497.24,CANCELLED
ORD-1786976374123-68D46754,CUST-00062,2026-07-16T09:13:31.951Z,135.79,COMPLETED
ORD-1786976374123-56EFFA34,CUST-00003,2025-05-27T07:07:11.713Z,44.35,CANCELLED
ORD-1786976374123-9934E672,CUST-00338,2026-01-24T10:23:16.815Z,268.57,COMPLETED
ORD-1786976374123-19CCA5BD,CUST-00395,2025-02-25T21:52:07.685Z,23.99,DELIVERED
ORD-1786976374123-5EE59DA4,CUST-00979,2025-03-26T15:07:04.400Z,99.37,PROCESSING
ORD-1786976374123-25000891,CUST-00698,2025-08-04T19:49:43.333Z,473.78,COMPLETED
ORD-1786976374123-D549FAF0,CUST-00642,2026-07-04T17:23:57.543Z,174.64,COMPLETED
ORD-1786976374123-B2FAE772,CUST-00847,2025-04-22T03:58:21.138Z,502.46,CANCELLED
ORD-1786976374123-A69F8209,CUST-00601,2025-10-27T12:57:48.535Z,47.17,SHIPPED
ORD-1786976374123-8DDCA0E6,CUST-00501,2026-07-10T11:25:32.515Z,437.75,PENDING
ORD-1786976374123-492F4016,CUST-00959,2025-10-19T17:19:29.878Z,44.29,CANCELLED
ORD-1786976374123-CF67268D,CUST-00416,2025-10-10T13:22:38.195Z,75.22,PENDING
ORD-1786976374123-24ED98D9,CUST-00657,2025-12-07T18:11:22.836Z,484.62,PENDING
ORD-1786976374123-60BCBDE8,CUST-00628,2025-02-25T04:46:37.442Z,272.14,DELIVERED
ORD-1786976374123-177AA14C,CUST-00558,2025-06-07T21:00:30.072Z,369.30,SHIPPED
ORD-1786976374123-AEA942C7,CUST-00655,2026-04-03T14:49:48.864Z,253.44,DELIVERED
ORD-1786976374123-47E2E40E,CUST-00477,2025-09-01T02:21:04.728Z,10.84,CANCELLED
ORD-1786976374123-8C5E7838,CUST-00343,2025-08-25T14:55:37.173Z,240.44,SHIPPED
ORD-1786976374123-87AA6761,CUST-00111,2025-07-26T23:17:24.482Z,309.68,SHIPPED
ORD-1786976374123-381664EE,CUST-00923,2025-07-11T15:48:56.708Z,185.38,DELIVERED
ORD-1786976374123-BABF8A94,CUST-00804,2026-05-31T19:11:03.918Z,316.29,CANCELLED
ORD-1786976374123-104B87AC,CUST-00510,2026-02-13T14:15:22.975Z,462.81,PENDING
ORD-1786976374123-96133544,CUST-00714,2025-06-18T02:00:01.496Z,193.72,DELIVERED
ORD-1786976374123-8362DFFF,CUST-00280,2026-04-15T07:47:45.474Z,364.70,DELIVERED
ORD-1786976374123-0CC2191C,CUST-00701,2025-02-14T09:00:30.943Z,179.59,COMPLETED
ORD-1786976374123-E2C7F316,CUST-00428,2025-01-20T00:05:38.527Z,19.32,SHIPPED
ORD-1786976374123-27E89C19,CUST-00811,2025-05-04T23:33:26.240Z,498.21,COMPLETED
ORD-1786976374123-2DE63D1F,CUST-00155,2026-04-02T07:26:31.537Z,172.64,CANCELLED
ORD-1786976374123-550E99AB,CUST-00141,2026-07-30T14:26:54.937Z,124.68,COMPLETED
ORD-1786976374123-584C000C,CUST-00850,2026-05-22T19:28:58.918Z,10.44,SHIPPED
ORD-1786976374123-2BD7192F,CUST-00075,2025-07-02T15:09:15.001Z,80.88,COMPLETED
ORD-1786976374123-D1B886BA,CUST-00566,2026-08-01T17:35:30.716Z,359.47,SHIPPED
ORD-1786976374123-FFDF0F9A,CUST-00146,2025-03-02T22:26:09.864Z,84.23,PENDING
ORD-1786976374123-8FFC4A57,CUST-00293,2026-05-17T04:40:40.556Z,37.24,SHIPPED
ORD-1786976374123-74267F18,CUST-00945,2025-04-25T15:49:20.299Z,188.51,SHIPPED
ORD-1786976374123-4ACC4517,CUST-00355,2025-03-28T23:28:31.992Z,461.60,PENDING
ORD-1786976374123-4E59381E,CUST-00532,2026-03-25T07:16:33.898Z,406.20,PENDING
ORD-1786976374123-85EF7B99,CUST-00801,2026-03-21T21:25:09.477Z,58.29,COMPLETED
ORD-1786976374123-21CFA276,CUST-00085,2026-03-28T02:17:04.260Z,294.27,SHIPPED
ORD-1786976374123-068F00A8,CUST-00146,2025-06-01T03:19:02.903Z,363.62,PENDING
ORD-1786976374123-3A2C0845,CUST-00486,2025-09-25T22:08:30.483Z,275.44,DELIVERED
ORD-1786976374123-D0D63E58,CUST-00281,2025-01-24T13:18:54.656Z,115.74,PROCESSING
ORD-1786976374123-55C1D032,CUST-00949,2025-02-17T06:15:21.649Z,292.03,COMPLETED
ORD-1786976374123-31B86F07,CUST-00089,2025-01-02T04:07:33.866Z,323.56,DELIVERED
ORD-1786976374123-6F86A173,CUST-00903,2025-08-18T16:37:10.810Z,383.85,COMPLETED
ORD-1786976374123-55259B7A,CUST-00747,2025-05-22T19:13:53.655Z,462.30,PENDING
ORD-1786976374123-D56E73AF,CUST-00525,2026-03-25T07:37:27.636Z,439.78,DELIVERED
ORD-1786976374123-3DB035B7,CUST-00242,2025-01-06T17:01:39.519Z,180.67,DELIVERED
ORD-1786976374123-7248AEE3,CUST-00571,2026-06-23T16:51:01.762Z,447.76,SHIPPED
ORD-1786976374123-DD424ED2,CUST-00386,2025-12-24T21:31:00.526Z,330.81,DELIVERED
ORD-1786976374123-C619368E,CUST-00300,2026-05-22T11:23:14.993Z,249.75,PROCESSING
ORD-1786976374123-6342D07B,CUST-00468,2026-04-19T12:51:39.162Z,220.61,PENDING
ORD-1786976374123-2CDC4477,CUST-00540,2025-09-15T23:05:37.798Z,141.50,COMPLETED
ORD-1786976374123-AFD61F3A,CUST-00008,2025-02-11T07:54:49.868Z,431.82,PENDING
ORD-1786976374123-5D17EA46,CUST-00362,2025-04-17T22:31:06.009Z,182.64,PROCESSING
ORD-1786976374123-34726481,CUST-00482,2025-10-06T03:07:50.959Z,400.74,DELIVERED
ORD-1786976374123-5706BF29,CUST-00719,2025-07-04T04:34:34.845Z,279.63,PENDING
ORD-1786976374123-E4985D16,CUST-00880,2026-01-13T11:41:48.870Z,313.58,CANCELLED
ORD-1786976374123-42253F9F,CUST-00852,2026-01-06T22:45:48.834Z,189.60,CANCELLED
ORD-1786976374123-93F59762,CUST-00231,2026-04-05T16:00:58.395Z,426.49,SHIPPED
ORD-1786976374123-A21F44C9,CUST-00039,2026-04-02T15:11:09.093Z,168.40,PENDING
ORD-1786976374123-5B3A15B5,CUST-00714,2026-05-09T23:39:28.746Z,359.66,CANCELLED
ORD-1786976374123-7C3C9EE5,CUST-00187,2026-07-04T12:33:28.942Z,133.26,COMPLETED
ORD-1786976374123-97382DA7,CUST-00677,2026-05-27T21:28:56.241Z,505.80,DELIVERED
ORD-1786976374123-459F499C,CUST-00257,2026-01-04T01:56:34.309Z,372.27,DELIVERED
ORD-1786976374123-CFD2AEDA,CUST-00047,2025-04-06T08:21:06.113Z,39.84,COMPLETED
ORD-1786976374123-278C42FC,CUST-00453,2025-09-07T02:50:36.921Z,276.06,COMPLETED
ORD-1786976374123-E5F6DA58,CUST-00252,2025-06-08T22:12:43.915Z,53.69,SHIPPED
ORD-1786976374123-1961F3DD,CUST-00012,2025-10-16T23:33:40.423Z,305.20,PROCESSING
ORD-1786976374123-CCC0726B,CUST-00520,2025-02-25T02:52:55.824Z,287.24,PENDING
ORD-1786976374123-D6C3F587,CUST-00737,2026-07-03T15:44:56.003Z,223.92,CANCELLED
ORD-1786976374123-30E016B5,CUST-00669,2025-08-28T20:15:10.568Z,21.79,PENDING
ORD-1786976374123-D0747FDA,CUST-00875,2025-06-30T15:47:37.297Z,375.00,SHIPPED
ORD-1786976374123-E8FCA961,CUST-00357,2025-11-07T07:46:45.780Z,102.10,COMPLETED
ORD-1786976374123-AD32B8C9,CUST-00461,2026-01-13T21:09:23.480Z,58.92,COMPLETED
ORD-1786976374123-61447BD5,CUST-00902,2025-09-20T21:59:54.126Z,338.42,PROCESSING
ORD-1786976374123-EA02CE1C,CUST-00212,2026-04-02T03:46:00.024Z,309.97,SHIPPED
ORD-1786976374123-15DB5BBE,CUST-00598,2025-06-29T22:54:39.972Z,56.61,PENDING
ORD-1786976374123-E9A456D1,CUST-00402,2025-10-09T12:05:59.877Z,203.08,SHIPPED
ORD-1786976374123-799FE7C3,CUST-00406,2025-07-17T06:34:36.667Z,218.91,SHIPPED
ORD-1786976374123-87EDE45A,CUST-00349,2025-03-03T06:40:55.476Z,337.24,PENDING
ORD-1786976374123-9EB444A4,CUST-00822,2025-09-06T16:37:04.328Z,213.98,SHIPPED
ORD-1786976374123-D671F76D,CUST-00914,2025-07-24T10:33:13.666Z,375.96,PROCESSING
ORD-1786976374123-BDDBCD52,CUST-00206,2025-06-04T14:58:55.815Z,247.19,COMPLETED
ORD-1786976374123-AB3C6C31,CUST-00273,2025-08-07T08:07:23.340Z,159.78,CANCELLED
ORD-1786976374123-C3AE1C89,CUST-00798,2025-10-29T23:02:55.096Z,477.74,PROCESSING
ORD-1786976374123-F52D92A8,CUST-00065,2026-07-08T12:22:20.090Z,146.71,SHIPPED
ORD-1786976374123-70E5D594,CUST-00972,2025-03-12T06:39:12.631Z,29.96,COMPLETED
ORD-1786976374123-BC2285E2,CUST-00215,2026-02-08T20:08:49.373Z,496.45,CANCELLED
ORD-1786976374123-C8E337C8,CUST-00335,2025-06-21T21:58:45.457Z,81.49,COMPLETED
ORD-1786976374123-1213B891,CUST-00366,2026-04-29T01:10:26.779Z,503.78,SHIPPED
ORD-1786976374123-550DE512,CUST-00771,2025-09-08T21:00:34.207Z,123.05,SHIPPED
ORD-1786976374123-35F47D5A,CUST-00638,2025-05-31T03:35:36.260Z,182.89,PENDING
ORD-1786976374123-8C6BAB42,CUST-00273,2026-01-10T10:19:40.883Z,252.18,SHIPPED
ORD-1786976374123-78B4869F,CUST-00860,2025-08-18T06:09:08.518Z,395.01,PROCESSING
ORD-1786976374123-49B4E2EA,CUST-00930,2026-06-12T09:56:38.410Z,55.34,CANCELLED
ORD-1786976374123-B2235527,CUST-00415,2025-03-29T03:45:41.919Z,273.01,DELIVERED
ORD-1786976374123-FF197304,CUST-00150,2026-06-21T02:44:50.517Z,121.77,PENDING
ORD-1786976374123-4FFFD9B6,CUST-00965,2026-01-31T04:11:48.258Z,432.26,PENDING
ORD-1786976374123-392C2CAF,CUST-00891,2025-02-18T17:16:48.012Z,179.19,CANCELLED
ORD-1786976374123-92AEF1E9,CUST-00153,2025-04-08T17:13:29.782Z,170.08,PROCESSING
ORD-1786976374123-D9F5CF07,CUST-00289,2025-07-24T20:44:40.775Z,126.41,DELIVERED
ORD-1786976374123-ED1F8D7E,CUST-00172,2026-03-21T18:20:00.863Z,65.63,PROCESSING
ORD-1786976374123-9E068186,CUST-00194,2025-09-27T06:13:23.953Z,267.76,CANCELLED
ORD-1786976374123-7DB0FB8B,CUST-00038,2025-09-16T09:55:30.377Z,223.54,COMPLETED
ORD-1786976374123-844EAB60,CUST-00446,2026-04-08T14:44:57.604Z,140.39,SHIPPED
ORD-1786976374123-F7CB257B,CUST-00411,2025-03-16T14:10:15.087Z,411.76,SHIPPED
ORD-1786976374123-A03B7667,CUST-00812,2025-03-10T20:17:07.069Z,509.19,SHIPPED
ORD-1786976374123-F72BAC75,CUST-00713,2025-09-13T08:00:32.012Z,97.50,DELIVERED
ORD-1786976374123-A928F2E9,CUST-00871,2025-05-11T04:52:13.772Z,185.51,DELIVERED
ORD-1786976374123-8053162F,CUST-00242,2026-07-24T03:11:24.364Z,244.14,DELIVERED
ORD-1786976374123-C17BBD41,CUST-00051,2025-05-06T23:56:11.109Z,25.46,CANCELLED
ORD-1786976374123-BF7A3724,CUST-00006,2025-02-07T09:09:06.425Z,69.13,PENDING
ORD-1786976374123-4AE52807,CUST-00304,2026-02-26T11:37:45.362Z,384.39,CANCELLED
ORD-1786976374123-38210D3E,CUST-00533,2026-01-20T03:57:38.610Z,36.79,CANCELLED
ORD-1786976374123-796F15FB,CUST-00914,2026-07-30T07:45:10.988Z,230.89,COMPLETED
ORD-1786976374123-5E58E386,CUST-00586,2026-05-17T12:45:35.684Z,85.77,PENDING
ORD-1786976374123-3C8A9D0F,CUST-00546,2026-05-29T14:42:02.769Z,29.66,PENDING
ORD-1786976374123-ACFE5AE1,CUST-00197,2025-09-17T14:19:50.925Z,113.93,COMPLETED
ORD-1786976374123-D0230294,CUST-00349,2025-07-17T10:48:38.476Z,171.76,CANCELLED
ORD-1786976374123-A8D45ECE,CUST-00651,2025-03-06T09:43:46.581Z,419.94,PROCESSING
ORD-1786976374123-44E2B42F,CUST-00321,2025-04-03T17:22:36.015Z,410.07,CANCELLED
ORD-1786976374123-2CAAF467,CUST-00511,2026-07-15T06:31:57.469Z,307.46,CANCELLED
ORD-1786976374123-4EB348E2,CUST-00022,2026-02-18T01:24:20.055Z,173.52,CANCELLED
ORD-1786976374123-23EB3D84,CUST-00771,2026-07-01T16:25:37.073Z,179.17,PROCESSING
ORD-1786976374123-4D7D7E37,CUST-00024,2025-11-17T14:41:02.029Z,381.80,DELIVERED
ORD-1786976374123-5309B52C,CUST-00240,2025-07-18T16:06:08.942Z,378.46,CANCELLED
ORD-1786976374123-D0ACF456,CUST-00832,2025-12-09T08:08:25.924Z,208.80,SHIPPED
ORD-1786976374123-923184C3,CUST-00908,2025-01-27T23:09:21.513Z,488.00,CANCELLED
ORD-1786976374123-2AAD7DFB,CUST-00727,2025-09-07T06:03:40.559Z,413.90,PROCESSING
ORD-1786976374123-FD8E8B17,CUST-00568,2025-03-20T19:02:36.006Z,505.83,SHIPPED
ORD-1786976374123-460C9BBD,CUST-00891,2025-07-27T05:57:42.812Z,300.71,COMPLETED
ORD-1786976374123-09EAC732,CUST-00038,2025-07-15T09:52:12.034Z,135.32,DELIVERED
ORD-1786976374123-D416F741,CUST-00853,2026-07-16T03:49:39.018Z,480.88,DELIVERED
ORD-1786976374123-878F7782,CUST-00977,2025-12-08T06:28:34.657Z,113.27,SHIPPED
ORD-1786976374123-42215260,CUST-00269,2025-11-20T08:55:26.745Z,227.11,PENDING
ORD-1786976374123-4DCADBAA,CUST-00401,2026-05-14T14:47:45.325Z,89.20,COMPLETED
ORD-1786976374123-F65A44B1,CUST-00075,2025-11-17T22:59:23.680Z,33.08,CANCELLED
ORD-1786976374123-E0EBCDFB,CUST-00290,2025-06-26T10:44:20.542Z,303.84,PENDING
ORD-1786976374123-00CA1E5E,CUST-00025,2025-12-29T09:31:27.191Z,260.95,DELIVERED
ORD-1786976374123-B1395F3E,CUST-00808,2025-07-20T14:34:53.640Z,383.39,DELIVERED
ORD-1786976374123-5B462D1D,CUST-00890,2025-01-27T02:54:38.824Z,314.13,PROCESSING
ORD-1786976374123-09771D1C,CUST-00676,2026-07-09T04:42:01.380Z,349.64,SHIPPED
ORD-1786976374123-1CBF3C03,CUST-00390,2026-04-28T17:22:45.562Z,41.62,SHIPPED
ORD-1786976374123-4BD65E8C,CUST-00221,2025-09-28T12:39:29.450Z,412.68,CANCELLED
ORD-1786976374123-848CDD01,CUST-00632,2025-02-23T01:06:58.670Z,320.62,SHIPPED
ORD-1786976374123-E6F51AB5,CUST-00471,2025-12-17T17:31:19.294Z,213.23,PROCESSING
ORD-1786976374123-C453F00F,CUST-00244,2026-04-28T15:24:04.610Z,236.76,DELIVERED
ORD-1786976374123-ED040665,CUST-00167,2025-11-08T15:29:13.746Z,152.95,PENDING
ORD-1786976374124-A8E3A3E1,CUST-00285,2025-03-26T06:54:37.919Z,153.33,CANCELLED
ORD-1786976374124-95E65C57,CUST-00170,2025-05-20T18:12:41.346Z,204.14,SHIPPED
ORD-1786976374124-46306F5E,CUST-00379,2025-08-20T19:58:17.394Z,278.62,PROCESSING
ORD-1786976374124-D1613D79,CUST-00266,2025-04-04T09:31:39.751Z,73.91,PENDING
ORD-1786976374124-5268F26E,CUST-00651,2025-07-03T01:17:43.758Z,144.99,PENDING
ORD-1786976374124-F4CF5E2D,CUST-00073,2025-04-30T17:36:22.029Z,188.93,CANCELLED
ORD-1786976374124-0ADD570B,CUST-00310,2026-03-21T04:37:50.006Z,338.42,SHIPPED
ORD-1786976374124-4FEB6798,CUST-00750,2025-02-19T13:02:45.850Z,190.62,DELIVERED
ORD-1786976374124-4E225224,CUST-00478,2025-05-04T13:16:50.844Z,431.68,CANCELLED
ORD-1786976374124-5BB44ACB,CUST-00214,2025-05-10T22:42:15.666Z,435.47,CANCELLED
ORD-1786976374124-6473018E,CUST-00916,2026-07-10T04:55:11.907Z,120.21,COMPLETED
ORD-1786976374124-C8FAB9BF,CUST-00367,2026-05-07T11:30:47.231Z,442.00,PROCESSING
ORD-1786976374124-4BB40021,CUST-00245,2025-03-08T08:18:01.330Z,76.71,COMPLETED
ORD-1786976374124-2A7AEEA6,CUST-00654,2026-06-13T00:44:29.347Z,436.97,PROCESSING
ORD-1786976374124-E39BDAF7,CUST-00868,2026-03-15T03:58:53.218Z,364.92,PENDING
ORD-1786976374124-823E74F9,CUST-00934,2026-03-17T06:41:23.701Z,379.77,SHIPPED
ORD-1786976374124-4B841C2D,CUST-00919,2025-08-03T09:57:30.605Z,484.84,PROCESSING
ORD-1786976374124-3E40BB61,CUST-00589,2025-09-04T08:41:29.349Z,232.08,SHIPPED
ORD-1786976374124-4A55C4C3,CUST-00388,2026-05-01T23:37:02.813Z,92.84,DELIVERED
ORD-1786976374124-1F01A45F,CUST-00914,2025-11-19T17:47:40.380Z,59.71,PENDING
ORD-1786976374124-BF71B6B1,CUST-00663,2025-07-24T06:56:02.389Z,231.26,COMPLETED
ORD-1786976374124-006665F9,CUST-00254,2026-05-09T22:07:48.337Z,425.31,COMPLETED
ORD-1786976374124-A4ACA0D2,CUST-00244,2025-08-06T00:28:18.625Z,435.57,CANCELLED
ORD-1786976374124-1BA35312,CUST-00280,2026-07-02T22:43:10.143Z,216.30,CANCELLED
ORD-1786976374124-C7FCEF2B,CUST-00752,2025-01-09T00:59:40.886Z,345.12,COMPLETED
ORD-1786976374124-4EDCC0C7,CUST-00437,2025-02-24T11:03:50.892Z,12.60,DELIVERED
ORD-1786976374124-3C43CE00,CUST-00978,2025-07-27T10:31:41.660Z,268.02,DELIVERED
ORD-1786976374124-545E2948,CUST-00751,2026-01-26T19:26:24.009Z,171.21,PENDING
ORD-1786976374124-E885C6B3,CUST-00668,2025-06-30T08:03:31.005Z,43.55,CANCELLED
ORD-1786976374124-773D57B2,CUST-00659,2026-04-18T21:46:26.793Z,100.63,PROCESSING
ORD-1786976374124-0F136506,CUST-00579,2025-04-16T14:47:45.568Z,373.89,SHIPPED
ORD-1786976374124-F73EC59A,CUST-00114,2025-11-22T01:51:12.000Z,76.35,PENDING
ORD-1786976374124-81BD9CA9,CUST-00823,2025-01-19T09:58:40.998Z,123.39,SHIPPED
ORD-1786976374124-C6F73CBB,CUST-00395,2025-12-31T15:49:29.201Z,309.63,DELIVERED
ORD-1786976374124-B80C4511,CUST-00155,2025-06-22T13:38:01.903Z,406.35,DELIVERED
ORD-1786976374124-975A2253,CUST-00323,2025-09-02T03:38:28.570Z,261.65,PENDING
ORD-1786976374124-9F1BBC02,CUST-00848,2026-01-09T16:14:35.279Z,225.27,CANCELLED
ORD-1786976374124-CBA3196F,CUST-00976,2026-03-14T04:22:01.612Z,215.96,DELIVERED
ORD-1786976374124-1D677D97,CUST-00382,2025-12-11T06:32:31.771Z,342.40,PENDING
ORD-1786976374124-1AD8161F,CUST-00906,2026-04-14T22:19:43.687Z,443.44,CANCELLED
ORD-1786976374124-B29B54B8,CUST-00039,2025-10-19T11:53:11.751Z,358.32,PENDING
ORD-1786976374124-E4C5DCBF,CUST-00210,2026-07-26T19:02:59.290Z,433.44,PENDING
ORD-1786976374124-B0D3EA5C,CUST-00559,2025-04-22T17:47:12.269Z,122.26,PROCESSING
ORD-1786976374124-7AFC2E7B,CUST-00190,2025-05-05T21:41:10.606Z,281.77,SHIPPED
ORD-1786976374124-70BAADD2,CUST-00605,2025-07-23T14:46:19.585Z,308.20,COMPLETED
ORD-1786976374124-1CE9ED2F,CUST-00694,2026-01-30T08:29:40.765Z,488.83,SHIPPED
ORD-1786976374124-5C649615,CUST-00355,2025-03-31T06:01:16.424Z,230.14,PROCESSING
ORD-1786976374124-9BD41003,CUST-00362,2025-06-23T04:59:07.576Z,53.80,PROCESSING
ORD-1786976374124-2EFE2670,CUST-00232,2025-07-13T09:29:36.308Z,423.17,PROCESSING
ORD-1786976374124-CAACD324,CUST-00702,2025-03-14T17:37:25.479Z,489.54,SHIPPED
ORD-1786976374124-5EEB942B,CUST-00863,2026-01-07T13:02:24.066Z,361.09,COMPLETED
ORD-1786976374124-8505B008,CUST-00334,2025-08-14T11:47:40.952Z,211.30,COMPLETED
ORD-1786976374124-7C54C9AC,CUST-00476,2026-05-19T09:54:36.833Z,294.08,COMPLETED
ORD-1786976374124-3A18E5AF,CUST-00720,2025-04-20T01:04:33.262Z,95.02,SHIPPED
ORD-1786976374124-163B3A0A,CUST-00363,2026-04-29T13:48:23.803Z,104.35,CANCELLED
ORD-1786976374124-16C1353E,CUST-00276,2026-08-13T12:38:51.749Z,462.14,SHIPPED
ORD-1786976374124-BC7F6473,CUST-00182,2025-10-20T21:36:26.671Z,113.03,DELIVERED
ORD-1786976374124-7DA8D6AC,CUST-00629,2026-08-13T10:48:39.366Z,509.61,PROCESSING
ORD-1786976374124-852BE455,CUST-00872,2025-09-25T22:16:51.318Z,108.43,PROCESSING
ORD-1786976374124-EA2077EC,CUST-00654,2025-07-23T10:06:40.231Z,155.81,PROCESSING
ORD-1786976374124-BFAA066D,CUST-00799,2025-06-29T09:43:52.926Z,14.33,DELIVERED
ORD-1786976374124-C2C291A2,CUST-00507,2026-06-14T01:56:34.239Z,279.25,CANCELLED
ORD-1786976374124-7517765E,CUST-00837,2026-07-15T19:14:50.151Z,278.30,SHIPPED
ORD-1786976374124-60903A69,CUST-00281,2025-06-17T01:35:06.209Z,130.53,PROCESSING
ORD-1786976374124-568C4D36,CUST-00928,2025-03-06T09:46:54.633Z,191.88,SHIPPED
ORD-1786976374124-1B69CE0F,CUST-00883,2026-01-31T06:27:14.328Z,450.28,DELIVERED
ORD-1786976374124-C1D1F9B5,CUST-00426,2026-01-12T23:23:09.085Z,71.98,COMPLETED
ORD-1786976374124-64375930,CUST-00093,2025-08-21T11:50:29.246Z,466.23,DELIVERED
ORD-1786976374124-4440719F,CUST-00221,2025-05-23T07:25:51.121Z,458.37,DELIVERED
ORD-1786976374124-5167129F,CUST-00935,2025-09-13T12:42:25.120Z,100.31,SHIPPED
ORD-1786976374124-318677B3,CUST-00189,2026-05-20T10:21:10.155Z,159.00,COMPLETED
ORD-1786976374124-309F79DC,CUST-00214,2025-01-21T18:25:43.729Z,257.82,COMPLETED
ORD-1786976374124-7A227ECE,CUST-00525,2026-01-13T16:14:10.467Z,417.42,PENDING
ORD-1786976374124-1640609C,CUST-00105,2025-06-19T19:55:45.896Z,299.31,SHIPPED
ORD-1786976374124-2B257F6D,CUST-00464,2025-09-09T20:41:03.189Z,484.46,PENDING
ORD-1786976374124-ACECBC88,CUST-00783,2025-07-17T13:21:57.708Z,41.02,SHIPPED
ORD-1786976374124-98B32FE3,CUST-00890,2025-01-02T04:28:30.295Z,146.11,PENDING
ORD-1786976374124-442A277A,CUST-00064,2026-08-09T16:10:50.749Z,394.97,PENDING
ORD-1786976374124-F101CA0B,CUST-00481,2025-03-22T22:00:28.095Z,498.46,CANCELLED
ORD-1786976374124-1D6CC3DF,CUST-00917,2025-01-08T18:47:50.095Z,361.86,SHIPPED
ORD-1786976374124-C29342A6,CUST-00491,2025-05-28T18:33:18.954Z,280.00,CANCELLED
ORD-1786976374124-9B0C0B21,CUST-00104,2025-10-27T06:27:48.001Z,276.31,PENDING
ORD-1786976374124-E653A4C7,CUST-00709,2025-09-08T11:01:47.518Z,217.96,CANCELLED
ORD-1786976374124-A162F1E5,CUST-00888,2026-07-14T21:27:32.215Z,58.60,SHIPPED
ORD-1786976374124-DD1D2C42,CUST-00302,2026-06-01T12:43:26.338Z,165.30,CANCELLED
ORD-1786976374124-E86A1426,CUST-00264,2025-10-30T00:03:56.278Z,271.26,PROCESSING
ORD-1786976374124-6061F602,CUST-00132,2025-08-04T22:02:20.887Z,334.99,COMPLETED
ORD-1786976374124-F32BC600,CUST-00886,2026-07-01T19:57:06.298Z,303.24,SHIPPED
ORD-1786976374124-E6A72F11,CUST-00828,2026-06-18T00:38:45.279Z,464.66,PROCESSING
ORD-1786976374124-E054168A,CUST-00422,2026-05-23T17:03:07.589Z,72.38,COMPLETED
ORD-1786976374124-F353367E,CUST-00536,2026-05-26T13:37:34.568Z,65.00,COMPLETED
ORD-1786976374124-C0F8D5EF,CUST-00556,2025-07-18T08:05:40.985Z,382.16,SHIPPED
ORD-1786976374124-B82B2D34,CUST-00928,2026-05-14T04:41:26.425Z,70.05,CANCELLED
ORD-1786976374124-8DCB03E6,CUST-00189,2025-11-17T17:19:22.370Z,313.23,DELIVERED
ORD-1786976374124-8A92FAA1,CUST-00383,2025-09-19T19:09:02.640Z,186.31,PROCESSING
ORD-1786976374124-6F120AEC,CUST-00913,2026-07-05T05:20:02.848Z,453.40,PENDING
ORD-1786976374124-F5CCA425,CUST-00110,2025-01-14T14:37:41.173Z,451.53,COMPLETED
ORD-1786976374124-7809C8EC,CUST-00584,2026-05-06T17:22:16.437Z,389.26,CANCELLED
ORD-1786976374124-33CFB170,CUST-00652,2026-04-22T11:08:03.220Z,484.66,PENDING
ORD-1786976374124-E6BCB32A,CUST-00770,2025-04-16T12:33:47.064Z,477.03,COMPLETED
ORD-1786976374124-90A8499C,CUST-00880,2026-07-27T06:59:28.959Z,279.44,COMPLETED
ORD-1786976374124-6C9E6A81,CUST-00159,2026-01-12T12:18:09.780Z,505.34,SHIPPED
ORD-1786976374124-9045745F,CUST-00807,2025-10-26T16:59:07.432Z,116.16,PENDING
ORD-1786976374124-69D9F4AE,CUST-00730,2026-06-17T06:26:54.618Z,145.26,PROCESSING
ORD-1786976374124-A4610CF8,CUST-00006,2025-02-26T00:41:14.173Z,431.55,PROCESSING
ORD-1786976374124-B3BFF6D3,CUST-00631,2026-02-24T15:04:11.612Z,474.90,DELIVERED
ORD-1786976374124-AAB26176,CUST-00350,2025-08-30T10:24:42.902Z,277.01,CANCELLED
ORD-1786976374124-1A4613BD,CUST-00562,2026-07-08T09:25:29.756Z,463.62,COMPLETED
ORD-1786976374124-4CD36761,CUST-00014,2025-08-08T09:17:31.522Z,409.45,PENDING
ORD-1786976374124-6895F75A,CUST-00899,2026-07-03T07:01:24.304Z,305.38,PENDING
ORD-1786976374124-BAA3DF3B,CUST-00463,2025-11-14T19:54:20.715Z,320.32,PENDING
ORD-1786976374124-F071D9AB,CUST-00631,2025-09-07T18:58:06.209Z,154.62,PENDING
ORD-1786976374124-05C0D449,CUST-00709,2025-07-27T18:54:07.750Z,439.39,SHIPPED
ORD-1786976374124-C1928A59,CUST-00854,2026-02-18T22:15:01.503Z,252.94,DELIVERED
ORD-1786976374124-04A98305,CUST-00543,2025-06-24T20:54:06.454Z,97.53,PROCESSING
ORD-1786976374124-456C1896,CUST-00727,2026-01-02T06:52:44.171Z,216.39,PENDING
ORD-1786976374124-E1B1B6E5,CUST-00824,2025-04-22T02:46:19.237Z,211.79,SHIPPED
ORD-1786976374124-4D2DC2B2,CUST-00860,2025-04-16T22:35:22.558Z,402.45,DELIVERED
ORD-1786976374124-B28E8461,CUST-00678,2025-01-30T04:56:30.538Z,219.87,COMPLETED
ORD-1786976374124-04CE8335,CUST-00471,2025-10-09T20:37:19.444Z,108.63,DELIVERED
ORD-1786976374124-01842ABC,CUST-00941,2025-06-04T05:30:15.950Z,362.34,COMPLETED
ORD-1786976374124-65952083,CUST-00884,2025-09-01T15:33:18.636Z,383.74,DELIVERED
ORD-1786976374124-78FBFC43,CUST-00578,2026-02-05T03:43:09.789Z,325.39,DELIVERED
ORD-1786976374124-EF4CD2E2,CUST-00733,2026-07-14T02:24:53.133Z,374.73,PENDING
ORD-1786976374124-C135AC13,CUST-00503,2025-03-10T15:42:46.764Z,298.89,CANCELLED
ORD-1786976374124-23D857FA,CUST-00762,2026-02-16T18:35:03.165Z,44.20,CANCELLED
ORD-1786976374124-9A8827A1,CUST-00996,2026-01-27T13:51:25.269Z,40.03,COMPLETED
ORD-1786976374124-27D2904C,CUST-00565,2025-03-29T20:13:36.320Z,389.13,DELIVERED
ORD-1786976374124-EA60DC9C,CUST-00235,2025-07-25T07:31:08.333Z,377.35,CANCELLED
ORD-1786976374124-9598DB04,CUST-00771,2026-06-17T19:47:53.448Z,206.07,COMPLETED
ORD-1786976374124-CC7A7778,CUST-00117,2025-11-06T06:16:10.023Z,367.92,DELIVERED
ORD-1786976374124-3F3AF60F,CUST-00309,2025-07-15T17:31:08.728Z,49.22,COMPLETED
ORD-1786976374124-BB599CB8,CUST-00312,2025-02-22T09:31:47.762Z,287.33,CANCELLED
ORD-1786976374124-AD7DAE85,CUST-00511,2025-01-01T17:24:39.158Z,143.45,PENDING
ORD-1786976374124-8758A16C,CUST-00325,2025-05-24T21:04:56.770Z,26.46,CANCELLED
ORD-1786976374124-5128981F,CUST-00835,2026-02-13T05:22:28.686Z,206.48,PENDING
ORD-1786976374125-3B3D36BB,CUST-00931,2026-03-07T03:20:01.315Z,106.32,PENDING
ORD-1786976374125-11B49FAF,CUST-00495,2025-11-05T21:15:26.410Z,34.02,DELIVERED
ORD-1786976374125-78D89A03,CUST-00437,2026-08-07T23:39:41.278Z,76.82,DELIVERED
ORD-1786976374125-B4025103,CUST-00753,2025-03-17T09:21:45.290Z,394.42,COMPLETED
ORD-1786976374125-4AAB31CA,CUST-00225,2025-01-19T12:02:04.797Z,137.38,PENDING
ORD-1786976374125-3C3213C4,CUST-00533,2026-02-27T16:03:29.309Z,180.42,CANCELLED
ORD-1786976374125-C4CACCEC,CUST-00117,2026-04-13T20:48:44.491Z,46.00,DELIVERED
ORD-1786976374125-E982FB09,CUST-00036,2025-04-21T17:05:10.904Z,301.62,COMPLETED
ORD-1786976374125-656D5E71,CUST-00204,2025-06-02T00:40:47.493Z,106.43,COMPLETED
ORD-1786976374125-C9C8DA3B,CUST-00107,2026-01-16T02:03:12.977Z,309.33,SHIPPED
ORD-1786976374125-B3E1355C,CUST-00602,2025-12-02T06:11:52.705Z,134.57,PENDING
ORD-1786976374125-884D227D,CUST-00570,2025-10-08T13:15:27.474Z,73.09,SHIPPED
ORD-1786976374125-04110F09,CUST-00002,2026-02-13T14:38:38.178Z,475.27,PROCESSING
ORD-1786976374125-AE5F42B7,CUST-00766,2026-07-22T08:32:37.717Z,223.52,COMPLETED
ORD-1786976374125-9284F9B9,CUST-00159,2026-05-22T17:43:37.486Z,58.29,DELIVERED
ORD-1786976374125-4AC9F0E8,CUST-00110,2025-03-17T17:06:58.386Z,483.37,PROCESSING
ORD-1786976374125-DE731356,CUST-00571,2025-06-04T22:09:58.113Z,230.61,PROCESSING
ORD-1786976374125-50911AF9,CUST-00491,2025-07-06T23:33:57.605Z,474.80,CANCELLED
ORD-1786976374125-A2E11B52,CUST-00926,2025-05-04T16:31:35.833Z,451.49,PENDING
ORD-1786976374125-CF9762C9,CUST-00802,2025-08-03T23:26:27.203Z,189.23,SHIPPED
ORD-1786976374125-6F590931,CUST-00563,2025-03-16T06:50:43.860Z,261.97,SHIPPED
ORD-1786976374125-1AD9F670,CUST-00041,2026-05-18T20:45:24.147Z,65.78,SHIPPED
ORD-1786976374125-21C52AAC,CUST-00201,2025-12-15T20:02:55.109Z,412.28,DELIVERED
ORD-1786976374125-4F3AFE8C,CUST-00798,2025-12-26T13:08:08.045Z,168.60,CANCELLED
ORD-1786976374125-DF08D173,CUST-00782,2025-05-04T14:45:22.223Z,245.69,PROCESSING
ORD-1786976374125-247A4496,CUST-00314,2025-03-11T23:02:22.705Z,266.06,PENDING
ORD-1786976374125-D7DCE795,CUST-00968,2025-11-26T20:49:23.329Z,39.46,DELIVERED
ORD-1786976374125-31AA4627,CUST-00645,2025-08-09T06:54:39.970Z,21.12,SHIPPED
ORD-1786976374125-01B0AE15,CUST-00022,2025-01-15T04:35:41.664Z,358.81,SHIPPED
ORD-1786976374125-83B2F9CE,CUST-00169,2026-03-17T07:48:56.121Z,314.31,PENDING
ORD-1786976374125-A3DE642C,CUST-00011,2026-03-31T16:59:30.815Z,283.47,PENDING
ORD-1786976374125-CB1EFF13,CUST-00298,2026-04-01T00:53:03.069Z,462.72,SHIPPED
ORD-1786976374125-D223E057,CUST-00286,2025-12-10T21:13:54.176Z,483.31,CANCELLED
ORD-1786976374125-47B20A7F,CUST-00908,2026-04-11T03:24:23.789Z,423.18,DELIVERED
ORD-1786976374125-8F777BC8,CUST-00980,2025-06-09T05:26:24.885Z,256.84,PROCESSING
ORD-1786976374125-D1B25390,CUST-00121,2025-04-11T06:55:42.648Z,232.03,SHIPPED
ORD-1786976374125-7EDDBA34,CUST-00700,2026-05-26T07:54:15.990Z,429.18,PROCESSING
ORD-1786976374125-6B407431,CUST-00891,2026-04-23T02:15:02.435Z,126.95,SHIPPED
ORD-1786976374125-A5DE09F8,CUST-00768,2025-07-14T17:26:21.725Z,508.94,DELIVERED
ORD-1786976374125-5D34BBEA,CUST-00384,2025-09-12T03:59:46.996Z,266.31,PENDING
ORD-1786976374125-84B4789D,CUST-00463,2026-04-27T22:08:37.433Z,136.31,PENDING
ORD-1786976374125-8A7EC292,CUST-00212,2025-05-05T22:03:55.279Z,396.03,SHIPPED
ORD-1786976374125-E767B663,CUST-00688,2026-07-13T14:31:07.740Z,470.51,PROCESSING
ORD-1786976374125-EF093304,CUST-00897,2025-10-16T02:43:01.198Z,20.29,PENDING
ORD-1786976374125-8B9F69F3,CUST-00350,2026-03-13T23:54:00.456Z,328.29,CANCELLED
ORD-1786976374125-9EC707A6,CUST-00664,2026-05-28T09:56:30.337Z,373.52,PENDING
ORD-1786976374125-AFE5F17D,CUST-00491,2025-03-08T12:04:07.225Z,386.88,CANCELLED
ORD-1786976374125-245B410F,CUST-00015,2025-06-27T09:32:15.567Z,180.91,CANCELLED
ORD-1786976374125-0A45FCF8,CUST-00946,2026-06-19T23:59:48.270Z,104.86,PROCESSING
ORD-1786976374125-7621988C,CUST-00451,2026-08-14T12:36:20.930Z,66.46,COMPLETED
ORD-1786976374125-75DB8969,CUST-00710,2025-02-01T23:13:10.389Z,159.61,COMPLETED
ORD-1786976374125-6B07DFA1,CUST-00294,2025-07-14T01:10:38.319Z,185.21,CANCELLED
ORD-1786976374125-A4AD9BB3,CUST-00795,2025-09-04T04:09:06.038Z,358.05,SHIPPED
ORD-1786976374125-A40423EB,CUST-00627,2026-08-06T21:49:41.215Z,317.43,SHIPPED
ORD-1786976374125-4B921343,CUST-00069,2025-09-18T11:00:16.685Z,405.69,PENDING
ORD-1786976374125-D0F1A3B6,CUST-00998,2025-08-25T00:06:41.686Z,271.04,DELIVERED
ORD-1786976374125-DB38C319,CUST-00708,2025-09-20T02:15:59.622Z,464.63,COMPLETED
ORD-1786976374125-959B782C,CUST-00261,2026-03-09T23:07:54.257Z,41.79,CANCELLED
ORD-1786976374125-868A689C,CUST-00495,2025-11-30T08:33:10.802Z,267.09,SHIPPED
ORD-1786976374125-94864070,CUST-00465,2026-02-24T06:02:06.474Z,268.23,CANCELLED
ORD-1786976374125-3FEB85A3,CUST-00459,2025-08-30T18:38:56.892Z,294.80,COMPLETED
ORD-1786976374125-7816DC30,CUST-00969,2025-10-16T02:30:28.403Z,482.91,PROCESSING
ORD-1786976374125-1AF7738D,CUST-00974,2026-04-22T08:49:58.351Z,247.77,DELIVERED
ORD-1786976374125-F33D9999,CUST-00312,2025-09-06T18:44:24.839Z,244.25,PROCESSING
ORD-1786976374125-5BC47856,CUST-00028,2026-05-10T15:16:18.596Z,405.24,SHIPPED
ORD-1786976374125-2493421E,CUST-00439,2025-10-27T20:28:16.302Z,334.39,PROCESSING
ORD-1786976374125-FAEB5330,CUST-00872,2025-07-14T20:34:13.367Z,90.45,PENDING
ORD-1786976374125-8C1B83AE,CUST-00680,2026-06-18T01:42:51.057Z,496.31,CANCELLED
ORD-1786976374125-0639D778,CUST-00830,2026-01-12T18:26:51.978Z,437.83,DELIVERED
ORD-1786976374125-18392743,CUST-00504,2026-05-03T23:17:20.343Z,476.93,PROCESSING
ORD-1786976374125-6C60A520,CUST-00736,2025-08-18T00:39:46.349Z,274.12,CANCELLED
ORD-1786976374125-0C7F1BFF,CUST-00750,2026-07-22T08:18:13.632Z,273.14,SHIPPED
ORD-1786976374125-810BA18A,CUST-00551,2026-07-08T23:39:25.742Z,248.08,PENDING
ORD-1786976374125-5696CA24,CUST-00402,2025-02-10T10:49:56.950Z,190.30,PENDING
ORD-1786976374125-0BFE5A5B,CUST-00121,2025-05-22T18:58:55.049Z,375.30,SHIPPED
ORD-1786976374125-06C81BEA,CUST-00433,2025-01-16T19:32:11.615Z,481.01,PROCESSING
ORD-1786976374125-3AADB06C,CUST-00202,2025-08-11T05:59:57.087Z,241.51,PROCESSING
ORD-1786976374125-BAB23B35,CUST-00877,2025-10-12T01:50:18.864Z,194.70,CANCELLED
ORD-1786976374125-C4005C9E,CUST-00187,2025-09-11T22:50:39.971Z,248.04,CANCELLED
ORD-1786976374125-BD6B4247,CUST-00203,2026-08-05T04:53:51.855Z,367.63,SHIPPED
ORD-1786976374125-273D23EB,CUST-00473,2026-04-03T13:23:43.204Z,299.47,CANCELLED
ORD-1786976374125-85B56D0A,CUST-00707,2025-08-07T10:08:02.335Z,273.43,SHIPPED
ORD-1786976374125-CD513228,CUST-00469,2025-01-06T22:53:54.824Z,66.68,DELIVERED
ORD-1786976374125-E2B2E8F6,CUST-00277,2025-09-13T22:33:24.830Z,484.63,COMPLETED
ORD-1786976374125-3563A9FB,CUST-00324,2025-04-11T13:41:02.837Z,327.15,CANCELLED
ORD-1786976374125-EB32286C,CUST-00034,2025-04-20T10:04:15.828Z,172.64,PROCESSING
ORD-1786976374125-09CD761A,CUST-00437,2025-04-09T19:11:42.451Z,194.99,SHIPPED
ORD-1786976374125-B08C8717,CUST-00750,2025-11-06T00:50:09.353Z,343.07,PENDING
ORD-1786976374125-4197A38E,CUST-00758,2025-12-08T03:01:29.902Z,16.79,CANCELLED
ORD-1786976374125-D491C45B,CUST-00209,2025-01-05T09:51:03.611Z,258.30,PROCESSING
ORD-1786976374125-0E8AE1FB,CUST-00364,2025-05-09T03:08:38.827Z,304.02,CANCELLED
ORD-1786976374125-37C0CEC4,CUST-00080,2026-05-30T11:09:36.997Z,79.89,PROCESSING
ORD-1786976374125-98BBA13F,CUST-00507,2026-02-22T00:05:42.463Z,139.73,CANCELLED
ORD-1786976374125-67C8BA0C,CUST-00355,2026-04-19T11:28:39.707Z,328.35,DELIVERED
ORD-1786976374125-B1487112,CUST-00924,2026-06-17T11:36:28.946Z,416.08,PROCESSING
ORD-1786976374125-DFEC6E88,CUST-00027,2026-02-22T04:34:30.199Z,274.24,SHIPPED
ORD-1786976374125-AC4BCCDD,CUST-00327,2026-02-05T10:05:43.902Z,137.17,DELIVERED
ORD-1786976374125-0461D095,CUST-00288,2025-11-26T01:49:52.693Z,235.59,PROCESSING
ORD-1786976374125-316A1F19,CUST-00210,2025-02-04T18:51:01.719Z,376.09,DELIVERED
ORD-1786976374125-728A8771,CUST-00628,2025-11-10T00:09:39.769Z,356.58,COMPLETED
ORD-1786976374125-20D29F57,CUST-00736,2025-09-19T09:20:06.190Z,381.12,COMPLETED
ORD-1786976374125-4993B01C,CUST-00878,2025-04-09T00:18:24.966Z,424.19,SHIPPED
ORD-1786976374125-993B22DA,CUST-00436,2025-04-29T20:06:24.461Z,299.33,DELIVERED
ORD-1786976374125-30DCBB10,CUST-00306,2025-10-09T23:28:11.989Z,482.52,SHIPPED
ORD-1786976374125-C61CB843,CUST-00726,2025-10-16T07:23:52.108Z,419.81,CANCELLED
ORD-1786976374125-87E0837F,CUST-00011,2026-04-20T15:51:02.215Z,130.93,CANCELLED
ORD-1786976374125-378E1367,CUST-00463,2025-10-06T10:24:21.100Z,98.63,DELIVERED
ORD-1786976374125-5A7C2E5E,CUST-00400,2025-03-10T16:03:47.322Z,331.80,COMPLETED
ORD-1786976374125-CE0264AB,CUST-00303,2026-03-25T12:24:24.975Z,219.96,SHIPPED
ORD-1786976374125-D0185179,CUST-00554,2026-06-21T20:09:41.075Z,310.83,PENDING
ORD-1786976374125-9305C762,CUST-00148,2026-05-27T10:52:24.346Z,149.25,PENDING
ORD-1786976374125-55669DCC,CUST-00029,2026-04-19T06:45:34.589Z,206.94,PENDING
ORD-1786976374125-314AFDFE,CUST-00778,2026-01-17T13:50:24.405Z,287.88,COMPLETED
ORD-1786976374125-5CA7A5E7,CUST-00676,2026-05-21T06:39:59.492Z,250.33,DELIVERED
ORD-1786976374125-ED6BE162,CUST-00779,2025-04-06T05:45:48.929Z,261.28,DELIVERED
ORD-1786976374125-02161793,CUST-00760,2025-08-31T07:16:34.154Z,126.14,PENDING
ORD-1786976374125-96F7CA36,CUST-00712,2025-11-27T15:38:30.825Z,462.30,PROCESSING
ORD-1786976374125-E399D505,CUST-00770,2025-08-08T18:17:39.144Z,52.74,PROCESSING
ORD-1786976374125-39A8C5AF,CUST-00843,2026-03-27T19:32:16.499Z,240.03,PROCESSING
ORD-1786976374125-14A3C27D,CUST-00894,2025-04-20T16:44:31.941Z,481.36,COMPLETED
ORD-1786976374125-57B4E7F2,CUST-00220,2025-01-19T14:40:39.309Z,471.94,CANCELLED
ORD-1786976374125-AD3309AD,CUST-00847,2025-12-24T00:54:25.961Z,115.80,COMPLETED
ORD-1786976374125-A36BD61C,CUST-00732,2026-07-07T22:56:12.082Z,490.55,DELIVERED
ORD-1786976374125-16C7F0D2,CUST-00754,2026-02-18T22:36:29.976Z,344.54,COMPLETED
ORD-1786976374125-8BDD38DE,CUST-00242,2026-02-16T12:56:35.380Z,73.88,CANCELLED
ORD-1786976374125-831CA614,CUST-00713,2025-05-11T12:59:46.305Z,152.10,DELIVERED
ORD-1786976374125-CA912897,CUST-00399,2025-03-18T18:46:27.898Z,352.63,SHIPPED
ORD-1786976374125-0918CBA3,CUST-00179,2025-10-08T15:46:37.906Z,423.00,CANCELLED
ORD-1786976374125-39A421C1,CUST-00805,2025-05-06T16:22:36.335Z,63.87,PENDING
ORD-1786976374125-CB526BF1,CUST-00664,2025-01-21T08:13:09.893Z,36.76,PROCESSING
ORD-1786976374125-083E0DFD,CUST-00829,2025-07-07T11:14:50.682Z,187.52,PROCESSING
ORD-1786976374125-FCE5C498,CUST-00820,2026-05-30T09:18:16.425Z,335.65,DELIVERED
ORD-1786976374125-69CAABAB,CUST-00386,2026-08-02T01:29:00.066Z,321.70,DELIVERED
ORD-1786976374125-4DFD3BAF,CUST-00217,2025-02-25T02:04:17.790Z,427.59,SHIPPED
ORD-1786976374125-85BEFFED,CUST-00896,2026-08-04T05:56:14.393Z,132.28,CANCELLED
ORD-1786976374125-D734A5F2,CUST-00721,2025-02-15T16:49:54.445Z,377.49,CANCELLED
ORD-1786976374125-81A0176D,CUST-00664,2025-01-16T01:22:49.192Z,402.39,CANCELLED
ORD-1786976374125-72198B2D,CUST-00505,2026-06-12T22:23:56.083Z,38.85,PENDING
ORD-1786976374125-38DAE8DB,CUST-00212,2026-02-18T23:26:06.272Z,286.95,PROCESSING
ORD-1786976374125-7578E11E,CUST-00114,2026-02-21T18:38:40.592Z,443.14,COMPLETED
ORD-1786976374125-7C8EC143,CUST-00534,2025-12-27T02:53:12.383Z,453.26,CANCELLED
ORD-1786976374125-508E747B,CUST-00864,2026-03-11T16:09:44.646Z,48.39,SHIPPED
ORD-1786976374125-579B9599,CUST-00269,2025-06-29T08:04:04.158Z,161.57,COMPLETED
ORD-1786976374125-B49BE041,CUST-00708,2026-08-06T07:39:27.139Z,312.55,PROCESSING
ORD-1786976374125-28319D7E,CUST-00025,2026-05-03T05:16:08.506Z,253.57,PROCESSING
ORD-1786976374125-3D0F7112,CUST-00693,2026-07-22T15:47:14.255Z,379.69,CANCELLED
ORD-1786976374125-90BB1B09,CUST-00847,2025-05-12T13:14:38.405Z,477.76,DELIVERED
ORD-1786976374125-43F08E0B,CUST-00686,2025-06-25T16:09:22.237Z,464.78,PROCESSING
ORD-1786976374125-6943F8D1,CUST-00365,2025-09-10T18:47:22.434Z,489.80,SHIPPED
ORD-1786976374125-31112193,CUST-00271,2025-03-31T23:08:10.756Z,370.49,PENDING
ORD-1786976374125-3EBE9E35,CUST-00632,2025-05-25T11:24:22.633Z,378.59,DELIVERED
ORD-1786976374125-A298F02F,CUST-00557,2025-05-03T21:20:43.383Z,477.88,PROCESSING
ORD-1786976374125-08E9C3C0,CUST-00860,2025-05-14T09:42:04.167Z,237.13,CANCELLED
ORD-1786976374125-73A67214,CUST-00320,2025-12-26T16:56:35.005Z,85.62,PENDING
ORD-1786976374125-DD19ED98,CUST-00343,2026-01-20T21:27:24.443Z,326.10,PROCESSING
ORD-1786976374125-4C808533,CUST-00132,2025-02-03T17:27:01.618Z,137.28,PROCESSING
ORD-1786976374125-4D22C836,CUST-00269,2025-02-06T17:19:43.577Z,271.14,DELIVERED
ORD-1786976374125-1C25B59E,CUST-00363,2026-01-31T11:31:11.216Z,136.70,PROCESSING
ORD-1786976374125-13884EE4,CUST-00842,2025-02-15T10:59:36.775Z,309.66,DELIVERED
ORD-1786976374125-8B15EADB,CUST-00087,2026-07-15T14:24:09.316Z,263.96,COMPLETED
ORD-1786976374125-9D7806CF,CUST-00493,2025-08-14T00:31:53.329Z,46.39,DELIVERED
ORD-1786976374125-90978262,CUST-00820,2026-01-26T17:55:48.253Z,328.65,PENDING
ORD-1786976374125-43C6D766,CUST-00729,2025-06-04T14:46:04.482Z,342.32,PENDING
ORD-1786976374125-54128FB3,CUST-00233,2026-06-04T04:38:00.292Z,110.06,CANCELLED
ORD-1786976374125-B28C3E16,CUST-00905,2025-02-07T15:53:46.304Z,407.49,PROCESSING
ORD-1786976374125-C4314DB2,CUST-00980,2025-01-01T16:53:18.704Z,291.11,CANCELLED
ORD-1786976374125-05C3A741,CUST-00915,2025-05-05T12:18:28.964Z,468.95,DELIVERED
ORD-1786976374125-8BD970B9,CUST-00825,2025-11-03T17:45:00.754Z,236.97,PROCESSING
ORD-1786976374125-8E50BF15,CUST-00663,2025-10-18T01:40:11.820Z,64.41,PENDING
ORD-1786976374126-C3099F02,CUST-00162,2025-05-05T08:44:04.612Z,90.81,SHIPPED
ORD-1786976374126-518399EA,CUST-00846,2025-07-29T02:11:47.888Z,507.91,DELIVERED
ORD-1786976374126-72FB3F3C,CUST-00581,2025-04-20T07:27:23.730Z,402.43,COMPLETED
ORD-1786976374126-54C15B6F,CUST-00800,2026-02-27T13:15:53.745Z,466.75,COMPLETED
ORD-1786976374126-AC5E5CF9,CUST-00309,2026-04-10T19:28:55.446Z,396.11,CANCELLED
ORD-1786976374126-7D8D78E2,CUST-00248,2026-08-11T10:29:18.465Z,324.98,COMPLETED
ORD-1786976374126-D032F254,CUST-00932,2026-06-27T11:56:35.817Z,287.54,CANCELLED
ORD-1786976374126-2C9D37BA,CUST-00695,2026-05-01T08:37:08.851Z,505.02,PROCESSING
ORD-1786976374126-5D56F262,CUST-00388,2026-04-10T20:27:06.479Z,255.41,PROCESSING
ORD-1786976374126-90FA9119,CUST-00940,2025-07-21T11:00:33.098Z,61.37,SHIPPED
ORD-1786976374126-E4B5B177,CUST-00020,2026-06-12T15:24:05.949Z,457.23,DELIVERED
ORD-1786976374126-28968BE8,CUST-00633,2026-01-29T09:00:46.322Z,501.29,DELIVERED
ORD-1786976374126-8C8A474D,CUST-00213,2025-11-26T13:15:57.334Z,161.33,SHIPPED
ORD-1786976374126-2A37747C,CUST-00175,2025-09-30T21:02:42.334Z,502.49,SHIPPED
ORD-1786976374126-3709805B,CUST-00136,2025-02-21T17:22:08.213Z,92.29,PENDING
ORD-1786976374126-387DA157,CUST-00094,2025-02-19T07:56:30.766Z,318.97,SHIPPED
ORD-1786976374126-27416A3C,CUST-00460,2025-07-13T15:27:19.264Z,447.73,COMPLETED
ORD-1786976374126-D8280FFA,CUST-00033,2025-09-21T09:29:30.789Z,376.98,CANCELLED
ORD-1786976374126-7A46F1D1,CUST-00029,2025-10-01T12:57:38.627Z,489.34,COMPLETED
ORD-1786976374126-E9CC7D48,CUST-00374,2025-12-14T01:24:21.782Z,87.35,PROCESSING
ORD-1786976374126-DF6788AD,CUST-00493,2025-11-13T02:35:36.219Z,338.63,DELIVERED
ORD-1786976374126-60470B3B,CUST-00385,2026-06-03T22:31:29.501Z,310.40,PROCESSING
ORD-1786976374126-9D90685B,CUST-00275,2026-04-18T19:13:01.131Z,281.98,DELIVERED
ORD-1786976374126-A140BF31,CUST-00756,2025-12-17T17:46:24.925Z,96.36,SHIPPED
ORD-1786976374126-002A9C20,CUST-00062,2025-04-03T16:39:20.919Z,467.61,DELIVERED
ORD-1786976374126-9DCD1804,CUST-00806,2025-12-14T07:13:46.072Z,325.18,PENDING
ORD-1786976374126-1773789D,CUST-00878,2025-05-04T11:17:02.725Z,45.17,COMPLETED
ORD-1786976374126-CE0AE609,CUST-00199,2026-04-10T00:42:11.899Z,303.01,DELIVERED
ORD-1786976374126-0AEB5715,CUST-00488,2025-06-15T18:17:47.538Z,468.14,PROCESSING
ORD-1786976374126-540A4A83,CUST-00467,2025-04-19T12:20:06.325Z,443.59,DELIVERED
ORD-1786976374126-3F4CA9E7,CUST-00362,2026-06-05T01:36:22.440Z,81.96,PROCESSING
ORD-1786976374126-7AE65BAD,CUST-00284,2026-03-06T16:37:55.959Z,154.67,PROCESSING
ORD-1786976374126-AF5EFA31,CUST-00650,2025-12-26T14:07:42.959Z,355.59,COMPLETED
ORD-1786976374126-71D697AD,CUST-00489,2025-09-08T01:53:41.456Z,95.32,PROCESSING
ORD-1786976374126-B773EF5E,CUST-00501,2026-05-27T16:06:16.787Z,302.24,PENDING
ORD-1786976374126-DD615DF2,CUST-00117,2025-02-12T04:03:37.821Z,156.66,CANCELLED
ORD-1786976374126-E384E4DD,CUST-00738,2026-05-31T02:25:10.811Z,168.26,PROCESSING
ORD-1786976374126-B450A32A,CUST-00342,2026-02-21T00:42:33.371Z,285.02,PROCESSING
ORD-1786976374126-8009E351,CUST-00939,2026-06-11T05:17:37.733Z,154.21,DELIVERED
ORD-1786976374126-CE541E4A,CUST-00786,2025-02-14T11:34:35.919Z,30.12,PENDING
ORD-1786976374126-9596B8BB,CUST-00343,2025-05-28T07:18:58.149Z,488.66,CANCELLED
ORD-1786976374126-944C7E36,CUST-00772,2026-04-25T02:19:59.036Z,410.06,DELIVERED
ORD-1786976374126-C087BECD,CUST-00421,2025-05-04T16:02:47.474Z,100.12,DELIVERED
ORD-1786976374126-D77DC405,CUST-00288,2025-02-18T18:45:46.882Z,37.16,PROCESSING
ORD-1786976374126-DD7182B7,CUST-00145,2025-07-20T07:13:12.471Z,380.81,DELIVERED
ORD-1786976374126-3C697879,CUST-00706,2026-02-02T07:51:00.640Z,396.76,PROCESSING
ORD-1786976374126-0142A38B,CUST-00442,2026-04-07T01:49:35.533Z,52.79,PENDING
ORD-1786976374126-A92722D6,CUST-00789,2025-04-03T08:26:03.011Z,205.38,PENDING
ORD-1786976374126-5EF10E2A,CUST-00496,2025-09-22T03:43:27.400Z,487.53,PROCESSING
ORD-1786976374126-1BAB936E,CUST-00588,2026-06-18T17:28:30.818Z,391.22,CANCELLED
ORD-1786976374126-3E9F19FF,CUST-00804,2025-06-09T02:34:09.731Z,11.06,PENDING
ORD-1786976374126-42DC6FD3,CUST-00641,2026-07-07T16:21:46.936Z,379.06,PENDING
ORD-1786976374126-A72DCFDA,CUST-00786,2026-01-05T23:17:12.625Z,336.51,COMPLETED
ORD-1786976374126-3E1AD20A,CUST-00824,2026-02-26T04:50:09.459Z,460.62,CANCELLED
ORD-1786976374126-18853F51,CUST-00254,2025-01-22T19:30:23.456Z,350.32,PENDING
ORD-1786976374126-2315BA84,CUST-00474,2025-02-04T11:49:57.163Z,478.63,COMPLETED
ORD-1786976374126-D2F3CAC6,CUST-00101,2026-04-17T10:12:19.551Z,130.87,COMPLETED
ORD-1786976374126-415654D1,CUST-00461,2026-03-07T06:39:09.352Z,473.15,DELIVERED
ORD-1786976374126-3F527B4F,CUST-00644,2026-02-06T13:26:26.436Z,198.99,COMPLETED
ORD-1786976374126-1794F19C,CUST-00665,2025-08-05T00:32:55.072Z,357.91,CANCELLED
ORD-1786976374126-8C1B38FA,CUST-00100,2026-07-18T04:54:32.802Z,332.11,CANCELLED
ORD-1786976374126-C5971931,CUST-00330,2026-03-01T06:27:47.650Z,368.84,CANCELLED
ORD-1786976374126-6BF55B46,CUST-00116,2025-02-20T08:31:21.627Z,354.54,SHIPPED
ORD-1786976374126-1923BA13,CUST-00570,2026-02-12T14:47:30.154Z,320.52,PROCESSING
ORD-1786976374126-B6257F62,CUST-00068,2025-03-18T22:07:40.028Z,434.44,PENDING
ORD-1786976374126-136C9AC8,CUST-00894,2025-01-14T15:46:50.575Z,279.53,DELIVERED
ORD-1786976374126-69CE0416,CUST-00434,2025-06-21T18:33:33.358Z,49.36,SHIPPED
ORD-1786976374126-158B0A57,CUST-00330,2026-02-14T12:11:24.671Z,167.97,PENDING
ORD-1786976374126-38EEBCF8,CUST-00315,2025-11-12T15:13:19.161Z,48.34,CANCELLED
ORD-1786976374126-8BF57314,CUST-00752,2025-01-24T15:14:29.742Z,80.91,COMPLETED
ORD-1786976374126-C5A402D5,CUST-00569,2025-06-11T06:52:12.723Z,297.15,PROCESSING
ORD-1786976374126-D1A6F2C7,CUST-00687,2025-05-06T13:17:39.029Z,416.35,PENDING
ORD-1786976374126-EDCD9805,CUST-00386,2025-11-13T08:48:06.293Z,151.24,SHIPPED
ORD-1786976374126-891F769C,CUST-00371,2025-01-23T13:24:42.385Z,239.92,PENDING
ORD-1786976374126-D71FB203,CUST-00961,2025-11-21T02:11:32.350Z,344.14,CANCELLED
ORD-1786976374126-CE8FA91F,CUST-00332,2025-11-09T22:33:25.501Z,106.02,CANCELLED
ORD-1786976374126-FB5273D6,CUST-00307,2025-02-24T11:10:41.785Z,119.20,DELIVERED
ORD-1786976374126-8050FDED,CUST-00653,2025-12-11T00:23:48.399Z,52.42,DELIVERED
ORD-1786976374126-808692FA,CUST-00093,2025-10-07T17:14:26.276Z,489.97,DELIVERED
ORD-1786976374126-B92E5149,CUST-00975,2026-03-17T23:55:19.490Z,120.42,DELIVERED
ORD-1786976374126-A43E4A91,CUST-00812,2025-12-14T13:49:13.818Z,430.43,COMPLETED
ORD-1786976374126-1816153D,CUST-00813,2025-06-28T05:54:44.226Z,320.53,COMPLETED
ORD-1786976374126-74D1A160,CUST-00071,2026-02-07T05:36:54.118Z,478.99,SHIPPED
ORD-1786976374126-0AB0334C,CUST-00262,2025-08-26T03:53:25.342Z,158.94,CANCELLED
ORD-1786976374126-3B631A31,CUST-00781,2025-05-30T00:48:39.494Z,345.33,DELIVERED
ORD-1786976374126-1DE25830,CUST-00472,2025-08-17T16:15:24.884Z,117.61,CANCELLED
ORD-1786976374126-C1BB3227,CUST-00678,2025-05-19T05:57:41.891Z,425.62,COMPLETED
ORD-1786976374126-1A456D37,CUST-00007,2026-07-01T08:08:29.363Z,405.37,PENDING
ORD-1786976374126-83742A8E,CUST-00536,2025-07-05T08:40:21.762Z,26.00,CANCELLED
ORD-1786976374126-DF48CBF2,CUST-00877,2026-04-02T00:15:32.164Z,360.96,COMPLETED
ORD-1786976374126-E52CD4FD,CUST-00721,2025-10-13T14:45:14.653Z,324.07,SHIPPED
ORD-1786976374126-7FA883DB,CUST-00286,2026-03-27T00:03:38.829Z,409.78,PENDING
ORD-1786976374126-99F2505E,CUST-00003,2026-08-10T04:31:26.297Z,19.60,SHIPPED
ORD-1786976374126-F7B9B7E9,CUST-00645,2025-06-03T03:50:14.700Z,46.72,SHIPPED
ORD-1786976374126-60ADF2E4,CUST-00289,2026-05-25T01:47:11.128Z,447.09,DELIVERED
ORD-1786976374126-289D2E82,CUST-00592,2025-01-20T14:28:54.937Z,464.93,CANCELLED
ORD-1786976374126-6EBC8978,CUST-00106,2026-04-23T15:56:51.059Z,145.74,PROCESSING
ORD-1786976374126-640FA4B0,CUST-00537,2026-02-26T04:40:52.704Z,129.71,PENDING
ORD-1786976374126-696467F6,CUST-00025,2025-07-08T01:47:07.728Z,456.42,SHIPPED
ORD-1786976374126-3C98308A,CUST-00696,2025-07-22T17:59:35.066Z,14.86,DELIVERED
ORD-1786976374126-B9ED729B,CUST-00640,2026-01-13T13:09:54.351Z,166.53,PENDING
ORD-1786976374126-30A27BBC,CUST-00180,2025-08-31T18:24:01.537Z,126.90,CANCELLED
ORD-1786976374126-7BF7073C,CUST-00501,2026-08-13T14:17:56.894Z,27.86,PENDING
ORD-1786976374126-D057815E,CUST-00999,2025-03-25T23:55:06.677Z,395.48,PENDING
ORD-1786976374126-2E933C13,CUST-00812,2025-12-22T04:31:05.269Z,110.23,SHIPPED
ORD-1786976374126-FF61DCED,CUST-00641,2025-11-14T18:52:06.880Z,492.89,SHIPPED
ORD-1786976374126-33779F00,CUST-00809,2025-02-18T02:54:25.353Z,486.26,COMPLETED
ORD-1786976374126-6F4185FB,CUST-00873,2026-04-11T03:43:45.162Z,218.71,PENDING
ORD-1786976374126-1C7E8502,CUST-00991,2025-07-17T12:27:10.601Z,148.08,CANCELLED
ORD-1786976374126-F702905A,CUST-00151,2025-02-25T23:47:55.506Z,304.68,PROCESSING
ORD-1786976374126-068BBA36,CUST-00863,2026-03-08T18:55:39.859Z,68.70,COMPLETED
ORD-1786976374126-FCA3FF90,CUST-00315,2026-02-23T14:49:28.112Z,37.31,PENDING
ORD-1786976374126-8D981419,CUST-00149,2026-06-05T17:06:00.444Z,304.39,PENDING
ORD-1786976374126-EB5B51F3,CUST-00600,2026-08-01T08:25:46.084Z,328.01,DELIVERED
ORD-1786976374126-5D59FF4A,CUST-00054,2025-12-02T22:30:57.434Z,44.30,PENDING
ORD-1786976374126-5E1433B9,CUST-00601,2026-04-17T03:54:02.735Z,63.47,COMPLETED
ORD-1786976374126-08ACFD16,CUST-00554,2025-09-05T10:29:42.143Z,254.42,CANCELLED
ORD-1786976374126-4804AE65,CUST-00246,2025-09-14T04:59:21.539Z,237.60,PROCESSING
ORD-1786976374126-74933356,CUST-00900,2025-01-12T08:32:56.068Z,53.23,CANCELLED
ORD-1786976374126-A28CC408,CUST-00168,2025-10-22T19:49:24.960Z,18.59,PROCESSING
ORD-1786976374126-0BFF6296,CUST-00351,2026-03-08T06:42:06.837Z,233.81,DELIVERED
ORD-1786976374126-591F92C5,CUST-00339,2025-10-27T19:57:24.235Z,262.15,DELIVERED
ORD-1786976374126-3F0B7DED,CUST-00755,2026-05-21T07:01:32.579Z,295.85,COMPLETED
ORD-1786976374126-44380410,CUST-00642,2025-04-26T13:51:21.361Z,214.91,PENDING
ORD-1786976374126-F376EBE0,CUST-00663,2026-04-12T09:14:36.149Z,59.71,PENDING
ORD-1786976374126-DD0B5F85,CUST-00012,2025-10-20T19:59:46.573Z,136.74,DELIVERED
ORD-1786976374126-138E2215,CUST-00881,2026-03-14T23:27:56.482Z,393.16,DELIVERED
ORD-1786976374126-7C786CEF,CUST-00138,2026-07-31T08:11:03.405Z,164.34,DELIVERED
ORD-1786976374126-AB8BDC13,CUST-00146,2025-09-21T14:25:43.802Z,280.51,PROCESSING
ORD-1786976374126-33437AAF,CUST-00864,2025-11-10T06:51:42.091Z,399.56,DELIVERED
ORD-1786976374126-5B43E0C1,CUST-00744,2025-07-07T19:15:01.316Z,394.81,SHIPPED
ORD-1786976374126-FA741E80,CUST-00306,2025-06-10T04:37:39.973Z,226.80,PENDING
ORD-1786976374126-635C9336,CUST-00870,2025-11-02T21:12:37.324Z,193.62,PROCESSING
ORD-1786976374126-892BAC73,CUST-00780,2025-08-27T18:01:46.081Z,228.98,SHIPPED
ORD-1786976374126-F9BCADCF,CUST-00603,2025-02-07T21:54:11.276Z,194.19,CANCELLED
ORD-1786976374127-1CC058E4,CUST-00307,2025-11-24T00:36:34.173Z,412.92,PROCESSING
ORD-1786976374127-A9908238,CUST-00445,2026-04-02T21:16:20.646Z,413.47,COMPLETED
ORD-1786976374127-62AB0C89,CUST-00723,2025-11-19T15:26:48.494Z,363.63,PENDING
ORD-1786976374127-783D95F1,CUST-00578,2026-05-07T22:36:16.112Z,314.09,CANCELLED
ORD-1786976374127-1D691F8F,CUST-00664,2025-02-03T02:17:01.122Z,314.03,DELIVERED
ORD-1786976374127-9AED3073,CUST-00160,2025-10-10T16:24:40.768Z,202.30,DELIVERED
ORD-1786976374127-B312A4D2,CUST-00744,2025-08-18T11:50:59.909Z,389.31,COMPLETED
ORD-1786976374127-71EF52EB,CUST-00573,2026-03-25T20:00:48.592Z,366.33,DELIVERED
ORD-1786976374127-4D789B6B,CUST-00575,2025-03-20T17:08:58.847Z,388.76,PENDING
ORD-1786976374127-C3170CF0,CUST-00925,2025-11-11T17:11:27.061Z,204.34,DELIVERED
ORD-1786976374127-E6F480C5,CUST-00366,2026-02-15T10:00:30.511Z,259.19,PENDING
ORD-1786976374127-E57AC9AB,CUST-00731,2025-02-23T08:36:52.586Z,284.26,PENDING
ORD-1786976374127-AB588E94,CUST-00120,2025-04-15T09:41:45.008Z,381.13,PENDING
ORD-1786976374127-7148E239,CUST-00715,2026-03-09T14:22:36.457Z,329.84,CANCELLED
ORD-1786976374127-300156E9,CUST-00570,2026-01-06T12:56:09.682Z,321.81,CANCELLED
ORD-1786976374127-FB976ED8,CUST-00429,2025-07-21T12:23:40.601Z,462.66,SHIPPED
ORD-1786976374127-47C3E3CA,CUST-00696,2025-03-23T09:11:08.660Z,486.93,COMPLETED
ORD-1786976374127-544CB477,CUST-00850,2026-01-14T23:59:22.068Z,457.73,COMPLETED
ORD-1786976374127-18473070,CUST-00411,2025-01-24T21:02:15.434Z,381.66,DELIVERED
ORD-1786976374127-EAA0E888,CUST-00559,2025-07-17T02:54:32.520Z,53.71,DELIVERED
ORD-1786976374127-2AFCEF37,CUST-00311,2025-09-14T05:37:48.967Z,390.68,COMPLETED
ORD-1786976374127-B10839F9,CUST-00113,2025-08-13T03:30:40.953Z,140.10,SHIPPED
ORD-1786976374127-91BFFDBA,CUST-00442,2025-08-03T13:31:55.150Z,116.37,CANCELLED
ORD-1786976374127-8AF13A1A,CUST-00542,2026-03-05T02:52:15.939Z,222.86,PROCESSING
ORD-1786976374127-D6033CD0,CUST-00429,2026-01-09T20:07:48.583Z,378.21,COMPLETED
ORD-1786976374127-2FE70D97,CUST-00074,2025-01-21T13:04:55.157Z,184.79,SHIPPED
ORD-1786976374127-A1EB21D6,CUST-00507,2025-02-20T00:20:09.491Z,104.78,DELIVERED
ORD-1786976374127-CF693F8F,CUST-00859,2025-07-20T23:24:16.122Z,60.33,PENDING
ORD-1786976374127-47A2570D,CUST-00019,2026-01-10T19:03:45.236Z,28.41,PENDING
ORD-1786976374127-0F155B77,CUST-00262,2025-11-20T17:20:53.182Z,59.45,PENDING
ORD-1786976374127-95370412,CUST-00974,2025-08-25T06:07:15.117Z,205.32,PROCESSING
ORD-1786976374127-9A31D6A0,CUST-00540,2025-06-08T16:43:12.374Z,202.28,DELIVERED
ORD-1786976374127-A48BC1D7,CUST-00232,2025-02-03T17:44:30.144Z,214.73,PENDING
ORD-1786976374127-2A457867,CUST-00092,2026-01-28T22:17:45.853Z,130.52,CANCELLED
ORD-1786976374127-0FEDE9B7,CUST-00437,2026-04-22T00:02:57.880Z,372.77,COMPLETED
ORD-1786976374127-B28B0BF2,CUST-00276,2025-03-26T17:22:48.615Z,304.72,CANCELLED
ORD-1786976374128-4F84EC55,CUST-00190,2025-02-01T19:17:15.970Z,469.85,COMPLETED
ORD-1786976374128-01D3B642,CUST-00703,2025-09-22T19:14:52.595Z,83.60,COMPLETED
ORD-1786976374128-7E935F68,CUST-00381,2025-03-07T02:49:20.817Z,492.81,COMPLETED
ORD-1786976374128-971A1672,CUST-00780,2025-03-21T18:04:00.756Z,270.03,DELIVERED
ORD-1786976374128-91CB505E,CUST-00339,2025-08-16T15:45:14.684Z,384.79,CANCELLED
ORD-1786976374128-1835ADDA,CUST-00210,2025-09-04T09:50:27.645Z,88.10,DELIVERED
ORD-1786976374128-9B48FA11,CUST-00056,2026-05-01T07:54:46.830Z,277.43,COMPLETED
ORD-1786976374128-A3158599,CUST-00952,2026-04-02T18:19:19.579Z,131.49,CANCELLED
ORD-1786976374128-61FC6B43,CUST-00699,2025-08-15T08:20:33.264Z,90.95,CANCELLED
ORD-1786976374128-856814F2,CUST-00239,2025-05-04T10:15:13.410Z,421.40,PROCESSING
ORD-1786976374128-DC8CEBB7,CUST-00767,2026-01-26T23:30:35.010Z,287.32,COMPLETED
ORD-1786976374128-20AD890B,CUST-00532,2025-04-23T23:42:35.080Z,182.40,DELIVERED
ORD-1786976374128-FFFA3635,CUST-00139,2025-08-16T21:14:50.435Z,99.24,DELIVERED
ORD-1786976374128-2947920E,CUST-00487,2025-01-01T20:24:11.933Z,347.15,CANCELLED
ORD-1786976374128-5B8AF1E9,CUST-00354,2025-01-16T12:38:02.795Z,347.91,SHIPPED
ORD-1786976374128-58326C77,CUST-00163,2026-05-18T01:49:38.005Z,410.80,CANCELLED
ORD-1786976374128-AC793E30,CUST-00965,2026-04-26T10:55:52.669Z,493.02,SHIPPED
ORD-1786976374128-36272DAA,CUST-00537,2026-07-20T10:33:46.202Z,373.50,DELIVERED
ORD-1786976374128-557363EA,CUST-00266,2025-07-22T11:09:50.641Z,54.63,PENDING
ORD-1786976374128-14254244,CUST-00220,2025-01-03T07:55:25.964Z,212.74,CANCELLED
ORD-1786976374128-98CCE087,CUST-00050,2026-06-19T16:30:22.775Z,454.42,CANCELLED
ORD-1786976374128-C9FD7D51,CUST-00691,2026-05-24T12:09:52.824Z,484.73,SHIPPED
ORD-1786976374128-65AF223F,CUST-00569,2025-03-25T20:48:54.078Z,70.82,CANCELLED
ORD-1786976374128-3FCD6C04,CUST-00131,2025-06-07T09:09:10.345Z,493.56,PROCESSING
ORD-1786976374128-A774D54F,CUST-00244,2025-09-10T06:54:33.799Z,133.13,COMPLETED
ORD-1786976374128-D3791537,CUST-00122,2025-07-29T11:03:07.017Z,234.65,SHIPPED
ORD-1786976374128-04D30EC3,CUST-00586,2026-03-04T07:30:35.834Z,133.74,CANCELLED
ORD-1786976374128-CFA41E49,CUST-00396,2026-06-14T12:09:21.834Z,403.24,PENDING
ORD-1786976374128-8D7DD11E,CUST-00567,2026-03-04T10:06:42.343Z,279.51,SHIPPED
ORD-1786976374128-C2A9BEFD,CUST-00145,2026-06-29T02:18:29.362Z,189.04,PENDING
ORD-1786976374128-396431BA,CUST-00067,2025-05-26T19:37:10.794Z,359.12,COMPLETED
ORD-1786976374128-9D78C7C1,CUST-00818,2025-11-14T19:35:07.435Z,76.58,PENDING
ORD-1786976374128-C5B43A5F,CUST-00475,2026-05-02T19:17:12.463Z,135.34,PENDING
ORD-1786976374128-7F832DD4,CUST-00808,2025-02-10T09:08:03.100Z,292.65,SHIPPED
ORD-1786976374128-C004D6D0,CUST-00299,2026-04-24T21:58:04.636Z,253.88,CANCELLED
ORD-1786976374128-A73DF661,CUST-00424,2026-04-17T23:56:01.910Z,71.29,DELIVERED
ORD-1786976374128-04FD5608,CUST-00212,2025-04-14T04:03:45.692Z,67.44,COMPLETED
ORD-1786976374128-58B93096,CUST-00013,2026-05-09T17:18:23.122Z,469.18,PROCESSING
ORD-1786976374128-AFF18F87,CUST-00529,2025-06-22T05:00:33.262Z,237.03,PROCESSING
ORD-1786976374128-F64D2EFA,CUST-00197,2026-04-24T20:19:10.902Z,95.90,SHIPPED
ORD-1786976374128-36EEEDE9,CUST-00376,2026-02-06T07:29:42.828Z,381.98,COMPLETED
ORD-1786976374128-482AD2B7,CUST-00102,2026-07-21T06:40:13.180Z,288.10,SHIPPED
ORD-1786976374128-0A4CB425,CUST-00535,2026-01-11T00:36:28.142Z,448.76,CANCELLED
ORD-1786976374128-7E396E66,CUST-00086,2026-04-16T07:07:42.908Z,437.97,PENDING
ORD-1786976374128-A2BF1E56,CUST-00638,2026-05-19T15:30:57.512Z,77.76,SHIPPED
ORD-1786976374128-67D41A57,CUST-00934,2025-07-17T16:43:53.539Z,62.97,COMPLETED
ORD-1786976374128-CA7884AF,CUST-00542,2026-02-14T19:01:13.183Z,494.14,PROCESSING
ORD-1786976374128-6E3DAEFF,CUST-00461,2025-06-09T02:05:36.890Z,40.28,PENDING
ORD-1786976374128-1B15C570,CUST-00663,2025-10-07T08:28:50.863Z,249.43,DELIVERED
ORD-1786976374128-EC9A3291,CUST-00439,2025-10-07T00:36:16.579Z,364.37,DELIVERED
ORD-1786976374128-7A5775AA,CUST-00645,2025-04-06T21:02:14.012Z,72.65,COMPLETED
ORD-1786976374128-668C6AB5,CUST-00448,2026-01-04T10:09:57.496Z,498.11,CANCELLED
ORD-1786976374128-8DFED930,CUST-00776,2025-01-18T07:03:19.150Z,276.22,PENDING
ORD-1786976374128-1197DD6F,CUST-00116,2025-05-20T08:28:40.638Z,80.68,CANCELLED
ORD-1786976374128-36B7A4A0,CUST-00969,2026-03-08T01:05:28.359Z,328.20,DELIVERED
ORD-1786976374128-FD2624CB,CUST-00653,2025-07-30T06:21:19.156Z,371.16,CANCELLED
ORD-1786976374128-B2F7766F,CUST-00153,2025-02-03T11:55:14.805Z,95.59,COMPLETED
ORD-1786976374128-C4B1D1FD,CUST-00899,2026-01-23T22:15:40.450Z,396.30,SHIPPED
ORD-1786976374128-8991F170,CUST-00156,2026-04-05T20:44:26.009Z,304.86,SHIPPED
ORD-1786976374128-8CC5DF4D,CUST-00152,2025-11-28T00:49:58.160Z,161.70,PROCESSING
ORD-1786976374128-5D6A8C3B,CUST-00032,2025-12-20T14:47:15.886Z,203.62,CANCELLED
ORD-1786976374128-0807887F,CUST-00082,2025-03-31T04:30:31.380Z,449.93,CANCELLED
ORD-1786976374128-AC345FBB,CUST-00606,2026-03-12T00:39:43.368Z,418.22,CANCELLED
ORD-1786976374128-3FED12F8,CUST-00066,2025-01-09T11:25:01.132Z,167.43,COMPLETED
ORD-1786976374128-E3F895D9,CUST-00046,2025-08-15T03:26:08.528Z,250.44,PENDING
ORD-1786976374128-321CE51E,CUST-00661,2026-01-27T17:03:42.036Z,158.03,SHIPPED
ORD-1786976374128-DE08000B,CUST-00094,2025-08-20T05:47:28.244Z,278.16,PROCESSING
ORD-1786976374128-475B4160,CUST-00738,2026-02-27T21:47:54.068Z,490.48,COMPLETED
ORD-1786976374128-9B5D7EF5,CUST-00825,2025-07-17T14:30:03.861Z,68.97,CANCELLED
ORD-1786976374128-1DEB2B9A,CUST-00710,2025-06-14T05:30:57.138Z,311.22,SHIPPED
ORD-1786976374128-2CBBF9A6,CUST-00001,2026-02-04T20:38:36.517Z,504.70,COMPLETED
ORD-1786976374128-6264631C,CUST-00641,2026-03-07T19:34:35.091Z,10.30,PENDING
ORD-1786976374128-E9E71BFC,CUST-00440,2026-03-06T16:48:08.917Z,133.81,COMPLETED
ORD-1786976374128-8E9B819B,CUST-00456,2025-02-19T11:14:40.425Z,128.96,COMPLETED
ORD-1786976374128-EEB60F5A,CUST-00811,2026-04-13T23:35:25.249Z,417.32,PROCESSING
ORD-1786976374128-06B4779D,CUST-00273,2026-03-25T03:38:26.902Z,199.67,COMPLETED
ORD-1786976374128-5816121A,CUST-00226,2025-01-29T06:41:15.252Z,379.71,PROCESSING
ORD-1786976374128-9E6470BA,CUST-00183,2025-12-27T02:57:41.227Z,224.07,PENDING
ORD-1786976374128-BD90A4A7,CUST-00751,2025-06-06T19:20:23.246Z,434.24,DELIVERED
ORD-1786976374128-2A7AF586,CUST-00688,2025-08-22T00:59:54.830Z,58.08,COMPLETED
ORD-1786976374128-0A16AD4D,CUST-00138,2025-11-27T16:25:25.653Z,287.24,SHIPPED
ORD-1786976374128-011759E0,CUST-00324,2026-05-22T10:57:13.594Z,374.73,SHIPPED
ORD-1786976374128-98FC0FDD,CUST-00027,2026-08-09T20:38:50.301Z,288.37,CANCELLED
ORD-1786976374128-2B9CA5E7,CUST-00580,2026-05-31T10:40:51.469Z,262.19,PROCESSING
ORD-1786976374128-2ED2B2F2,CUST-00940,2025-10-24T07:30:00.153Z,348.37,COMPLETED
ORD-1786976374128-72964B88,CUST-00501,2026-06-05T08:02:47.227Z,334.66,CANCELLED
ORD-1786976374128-130CDCBF,CUST-00564,2025-12-23T08:46:33.915Z,239.62,DELIVERED
ORD-1786976374128-6BAA3573,CUST-00300,2026-07-29T17:13:33.631Z,383.60,COMPLETED
ORD-1786976374128-1E20B1E3,CUST-00184,2025-12-17T18:39:42.395Z,363.53,PROCESSING
ORD-1786976374128-AAD773F7,CUST-00559,2025-08-10T16:10:06.233Z,240.75,PROCESSING
ORD-1786976374128-059F7FBA,CUST-00954,2025-09-25T15:47:53.471Z,190.33,COMPLETED
ORD-1786976374128-B4593F57,CUST-00662,2025-10-29T14:02:42.625Z,424.27,DELIVERED
ORD-1786976374128-33B42C41,CUST-00304,2025-02-10T22:24:20.803Z,423.28,PROCESSING
ORD-1786976374128-DAAD58E9,CUST-00055,2026-01-27T12:16:12.282Z,337.99,SHIPPED
ORD-1786976374128-DC83B168,CUST-00251,2026-03-12T04:55:22.383Z,73.81,PENDING
ORD-1786976374128-36E9AC1F,CUST-00169,2026-06-11T04:57:50.878Z,486.34,DELIVERED
ORD-1786976374128-231F005F,CUST-00288,2026-03-11T19:27:18.332Z,379.99,PENDING
ORD-1786976374128-2DD974A5,CUST-00325,2026-06-30T02:36:02.378Z,137.48,PROCESSING
ORD-1786976374128-BAD7015F,CUST-00152,2025-02-24T21:20:13.109Z,19.52,CANCELLED
ORD-1786976374128-A71DA46A,CUST-00779,2026-03-18T12:10:29.138Z,78.91,CANCELLED
ORD-1786976374128-D8B9F958,CUST-00868,2025-03-13T04:09:39.060Z,476.76,SHIPPED
ORD-1786976374128-A6B3BF27,CUST-00806,2026-01-01T08:39:11.463Z,16.40,PENDING
ORD-1786976374128-2F26DECE,CUST-00757,2026-07-20T15:12:58.955Z,245.69,CANCELLED
ORD-1786976374128-9BCB7107,CUST-00567,2025-05-02T18:20:06.380Z,426.08,DELIVERED
ORD-1786976374128-37148746,CUST-00711,2026-02-12T13:14:24.561Z,116.85,DELIVERED
ORD-1786976374128-BDA27487,CUST-00277,2026-03-08T10:58:54.178Z,95.66,PENDING
ORD-1786976374128-5DE1E5E7,CUST-00162,2026-07-27T20:01:01.390Z,376.64,SHIPPED
ORD-1786976374128-BC89A936,CUST-00830,2025-03-14T04:32:49.887Z,423.08,DELIVERED
ORD-1786976374128-CC54DC63,CUST-00882,2026-07-08T07:08:08.894Z,163.90,DELIVERED
ORD-1786976374128-1AF786F7,CUST-00645,2026-04-06T07:35:21.749Z,85.11,PROCESSING
ORD-1786976374128-9F35A3CE,CUST-00845,2026-04-27T21:38:24.994Z,424.61,SHIPPED
ORD-1786976374128-80C28978,CUST-00056,2025-09-28T13:02:18.188Z,372.56,CANCELLED
ORD-1786976374128-5748079D,CUST-00470,2025-10-23T18:16:43.613Z,243.46,PROCESSING
ORD-1786976374128-A750E3AA,CUST-00555,2025-05-11T11:33:58.577Z,487.80,DELIVERED
ORD-1786976374128-5138CB00,CUST-00689,2025-09-09T03:09:52.933Z,254.40,SHIPPED
ORD-1786976374128-9EF73A9C,CUST-00583,2026-08-05T12:49:57.020Z,112.33,COMPLETED
ORD-1786976374128-53BB7E85,CUST-00678,2026-06-12T01:30:32.827Z,258.56,PROCESSING
ORD-1786976374128-F9D559E3,CUST-00843,2026-02-28T05:16:10.579Z,353.28,COMPLETED
ORD-1786976374128-C0AD373E,CUST-00128,2025-08-30T09:45:48.320Z,419.25,DELIVERED
ORD-1786976374128-6D95D889,CUST-00055,2026-04-11T07:31:59.755Z,439.30,DELIVERED
ORD-1786976374128-8112F47A,CUST-00741,2026-01-30T10:59:28.921Z,399.51,COMPLETED
ORD-1786976374128-30344A22,CUST-00600,2025-02-09T06:07:50.853Z,26.66,SHIPPED
ORD-1786976374128-72A1D796,CUST-00269,2025-04-20T12:56:34.219Z,307.08,SHIPPED
ORD-1786976374128-9B11F77D,CUST-00555,2025-10-23T22:52:46.391Z,397.53,DELIVERED
ORD-1786976374128-5F9BC769,CUST-00560,2025-06-15T16:42:59.049Z,26.40,PENDING
ORD-1786976374128-17D13B5A,CUST-00866,2026-04-26T17:19:31.118Z,120.36,CANCELLED
ORD-1786976374128-B233D5A7,CUST-00305,2026-03-23T06:59:53.084Z,323.18,DELIVERED
ORD-1786976374128-576282C6,CUST-00921,2026-06-11T03:31:54.105Z,85.92,PROCESSING
ORD-1786976374128-95557161,CUST-00648,2025-03-09T09:25:02.580Z,254.14,PROCESSING
ORD-1786976374128-B0987C41,CUST-00544,2025-11-05T09:10:09.677Z,184.13,DELIVERED
ORD-1786976374128-439B2E41,CUST-00786,2026-01-28T23:29:30.407Z,146.04,PROCESSING
ORD-1786976374128-E60B348F,CUST-00598,2026-03-28T05:56:10.871Z,377.70,PROCESSING
ORD-1786976374128-A9883D5D,CUST-00477,2026-06-16T10:01:04.789Z,218.89,SHIPPED
ORD-1786976374128-C61D5B3E,CUST-00334,2025-01-13T21:49:39.375Z,498.53,PENDING
ORD-1786976374128-9CBD11E2,CUST-00569,2025-12-30T08:23:56.629Z,185.50,PENDING
ORD-1786976374128-7429830C,CUST-00349,2025-10-14T22:34:44.086Z,408.84,PROCESSING
ORD-1786976374128-044B2BA5,CUST-00881,2026-01-06T09:24:07.145Z,87.83,PROCESSING
ORD-1786976374128-69FF19D2,CUST-00013,2025-11-27T10:12:58.722Z,471.72,SHIPPED
ORD-1786976374128-152A0EE9,CUST-00156,2025-10-19T04:27:48.907Z,385.93,DELIVERED
ORD-1786976374128-1C0251CF,CUST-00187,2025-03-08T05:06:15.517Z,163.07,PENDING
ORD-1786976374128-35DDF358,CUST-00288,2025-12-10T19:49:36.468Z,457.35,PROCESSING
ORD-1786976374128-CC73A713,CUST-00180,2026-08-02T06:34:33.541Z,350.66,PENDING
ORD-1786976374128-735AE9B0,CUST-00219,2025-10-05T08:37:53.802Z,237.90,SHIPPED
ORD-1786976374128-941E8EBB,CUST-00564,2026-06-25T05:16:44.956Z,162.87,PENDING
ORD-1786976374128-87579F9E,CUST-00267,2025-08-20T19:39:34.901Z,305.48,CANCELLED
ORD-1786976374128-33520A8E,CUST-00414,2026-04-23T20:56:31.070Z,458.71,SHIPPED
ORD-1786976374128-41DB3898,CUST-00419,2025-06-25T04:58:58.193Z,197.75,PROCESSING
ORD-1786976374128-C8FF2496,CUST-00331,2026-04-22T22:39:12.286Z,53.86,PENDING
ORD-1786976374128-3FD96EF5,CUST-00925,2025-01-06T19:41:07.922Z,141.61,SHIPPED
ORD-1786976374128-23ED8EFC,CUST-00955,2025-01-11T22:22:39.632Z,434.51,DELIVERED
ORD-1786976374128-F3FF17B2,CUST-00633,2025-03-02T08:11:54.778Z,24.44,PROCESSING
ORD-1786976374128-4AA8896E,CUST-00115,2025-05-13T15:32:46.505Z,137.00,SHIPPED
ORD-1786976374128-26E1836E,CUST-00106,2025-07-03T06:28:47.505Z,348.94,DELIVERED
ORD-1786976374128-6941154D,CUST-00127,2025-07-25T05:29:41.500Z,248.49,CANCELLED
ORD-1786976374128-EC598339,CUST-00070,2026-02-09T23:55:42.384Z,136.82,CANCELLED
ORD-1786976374128-D9BED1E9,CUST-00756,2025-10-14T04:59:19.370Z,22.47,DELIVERED
ORD-1786976374128-634134A8,CUST-00084,2025-05-09T01:56:22.070Z,12.87,CANCELLED
ORD-1786976374128-84417933,CUST-00095,2026-01-19T10:48:10.375Z,431.90,CANCELLED
ORD-1786976374128-36ECFCBE,CUST-00995,2025-04-08T22:58:37.208Z,235.41,SHIPPED
ORD-1786976374128-0785EF63,CUST-00609,2025-11-21T07:54:02.110Z,157.35,CANCELLED
ORD-1786976374128-16E5E723,CUST-00797,2026-06-24T14:04:26.577Z,18.39,DELIVERED
ORD-1786976374128-C35FEE7E,CUST-00509,2025-06-16T04:41:25.689Z,506.69,SHIPPED
ORD-1786976374128-1A110A9C,CUST-00113,2025-06-23T19:04:13.579Z,493.18,CANCELLED
ORD-1786976374128-924FB919,CUST-00607,2025-09-04T21:27:53.169Z,153.36,PENDING
ORD-1786976374128-0D92C088,CUST-00185,2025-06-03T09:38:54.306Z,284.02,PENDING
ORD-1786976374128-954CAD78,CUST-00979,2026-07-02T21:55:23.453Z,244.88,CANCELLED
ORD-1786976374128-68C142A4,CUST-00875,2025-12-01T02:26:04.985Z,502.64,DELIVERED
ORD-1786976374128-4B14F580,CUST-00270,2025-03-02T13:29:30.506Z,474.41,SHIPPED
ORD-1786976374128-34814653,CUST-00098,2026-06-20T13:26:46.004Z,454.22,SHIPPED
ORD-1786976374128-5B515AF1,CUST-00462,2026-01-23T14:38:45.496Z,391.89,DELIVERED
ORD-1786976374128-3A3622D0,CUST-00444,2026-08-08T15:39:30.770Z,184.76,CANCELLED
ORD-1786976374128-DE0FB42C,CUST-00819,2026-01-12T08:27:23.207Z,460.52,PROCESSING
ORD-1786976374128-F9833259,CUST-00139,2026-03-01T17:28:28.516Z,64.13,COMPLETED
ORD-1786976374128-8DD9AB23,CUST-00270,2025-10-30T02:26:02.130Z,373.82,DELIVERED
ORD-1786976374128-3A82CECA,CUST-00274,2025-07-30T18:22:47.842Z,383.52,CANCELLED
ORD-1786976374128-419A4067,CUST-00157,2025-11-12T22:42:03.665Z,394.27,COMPLETED
ORD-1786976374128-13072AFE,CUST-00532,2026-05-24T00:18:03.577Z,302.01,CANCELLED
ORD-1786976374128-32CB2349,CUST-00447,2025-07-16T17:06:09.750Z,331.17,CANCELLED
ORD-1786976374128-A1721F4A,CUST-00429,2026-01-29T16:38:05.138Z,217.90,DELIVERED
ORD-1786976374128-50ACDA6B,CUST-00244,2025-09-25T08:37:34.933Z,205.61,DELIVERED
ORD-1786976374128-3C1C1091,CUST-00661,2026-05-11T14:51:47.432Z,34.65,COMPLETED
ORD-1786976374128-F905238F,CUST-00532,2025-09-22T22:24:09.333Z,365.15,DELIVERED
ORD-1786976374128-C5CC09BC,CUST-00218,2026-04-05T01:09:05.412Z,117.48,SHIPPED
ORD-1786976374128-E5285088,CUST-00898,2025-12-20T14:22:48.069Z,331.51,SHIPPED
ORD-1786976374128-853FA0AB,CUST-00741,2025-04-20T23:04:57.469Z,201.03,PROCESSING
ORD-1786976374128-A72AA624,CUST-00481,2026-08-10T10:15:30.437Z,57.52,DELIVERED
ORD-1786976374128-19C1F8C8,CUST-00882,2026-07-07T19:05:03.272Z,82.42,PROCESSING
ORD-1786976374128-73D906AD,CUST-00464,2025-07-12T10:19:03.149Z,255.87,COMPLETED
ORD-1786976374128-BB9D6600,CUST-00200,2025-04-23T01:02:06.116Z,479.78,DELIVERED
ORD-1786976374128-F8865CC9,CUST-00982,2025-10-05T12:27:03.999Z,289.15,DELIVERED
ORD-1786976374128-67E7C647,CUST-00478,2025-05-26T10:33:14.928Z,233.45,DELIVERED
ORD-1786976374128-1C77163E,CUST-00381,2026-05-12T08:09:46.483Z,207.10,SHIPPED
ORD-1786976374128-78164A3E,CUST-00496,2026-03-21T07:01:46.162Z,504.55,PROCESSING
ORD-1786976374128-AE3E801D,CUST-00378,2025-09-02T06:01:03.216Z,372.95,CANCELLED
ORD-1786976374128-63D88E1D,CUST-00357,2026-02-10T02:08:56.013Z,218.58,SHIPPED
ORD-1786976374129-C068B839,CUST-00298,2025-11-17T16:48:29.719Z,320.25,COMPLETED
ORD-1786976374129-EA1AB170,CUST-00194,2026-05-13T06:55:23.486Z,256.02,SHIPPED
ORD-1786976374129-68408E0D,CUST-00135,2025-06-28T06:28:51.092Z,209.00,PROCESSING
ORD-1786976374129-7B9980AF,CUST-00153,2025-10-27T00:01:46.962Z,421.70,PENDING
ORD-1786976374129-8AEC2B48,CUST-00333,2025-03-06T23:30:25.451Z,362.10,COMPLETED
ORD-1786976374129-9F0A3347,CUST-00860,2025-11-02T00:13:04.127Z,10.68,PENDING
ORD-1786976374129-DAEBA877,CUST-00714,2025-02-09T09:33:10.356Z,355.81,CANCELLED
ORD-1786976374129-9F9745FA,CUST-00573,2026-03-12T09:21:04.259Z,451.67,DELIVERED
ORD-1786976374129-A433B3A3,CUST-00591,2026-01-25T13:35:17.589Z,415.47,PENDING
ORD-1786976374129-D308F651,CUST-00799,2025-11-29T11:48:27.220Z,82.05,PENDING
ORD-1786976374129-C6030647,CUST-00660,2025-12-27T23:12:44.887Z,180.78,CANCELLED
ORD-1786976374129-9581705A,CUST-00382,2025-10-13T23:08:14.392Z,123.47,DELIVERED
ORD-1786976374129-1E622ED9,CUST-00269,2025-01-01T13:38:46.057Z,430.24,PENDING
ORD-1786976374129-537A6663,CUST-00578,2025-12-25T16:06:49.419Z,318.13,PROCESSING
ORD-1786976374129-89C083DC,CUST-00769,2025-03-25T08:53:11.287Z,49.11,PROCESSING
ORD-1786976374129-60F3A281,CUST-00204,2026-05-01T02:37:37.950Z,467.11,SHIPPED
ORD-1786976374129-5B3A19B1,CUST-00914,2025-04-22T14:27:19.733Z,26.09,SHIPPED
ORD-1786976374129-9F112CBD,CUST-00037,2026-02-11T01:20:42.112Z,113.09,PENDING
ORD-1786976374129-038C0F41,CUST-00824,2025-06-06T21:06:35.626Z,311.05,COMPLETED
ORD-1786976374129-7E0F04E7,CUST-00926,2026-02-27T18:08:34.322Z,74.41,CANCELLED
ORD-1786976374129-56CEA410,CUST-00256,2025-12-16T11:42:37.103Z,29.61,COMPLETED
ORD-1786976374129-11B4A390,CUST-00604,2025-11-24T09:45:45.868Z,415.72,COMPLETED
ORD-1786976374129-88693E63,CUST-00906,2026-07-22T10:33:35.938Z,452.84,PROCESSING
ORD-1786976374129-F1E6235C,CUST-00398,2025-08-16T10:56:09.243Z,59.78,COMPLETED
ORD-1786976374129-80607F16,CUST-00909,2026-03-25T06:44:22.618Z,252.05,SHIPPED
ORD-1786976374129-6E14EEC1,CUST-00910,2025-11-06T00:23:01.238Z,116.30,CANCELLED
ORD-1786976374129-4DC5BC65,CUST-01000,2026-04-30T16:39:13.219Z,211.26,COMPLETED
ORD-1786976374129-61B4F490,CUST-00096,2025-09-16T12:04:42.284Z,299.65,SHIPPED
ORD-1786976374129-7C22053B,CUST-00216,2025-12-02T18:58:46.902Z,28.22,PENDING
ORD-1786976374129-3654A2BC,CUST-00343,2025-10-21T18:35:21.959Z,115.50,PENDING
ORD-1786976374129-C08C3867,CUST-00769,2025-12-09T13:30:05.317Z,379.23,PENDING
ORD-1786976374129-CB218F02,CUST-00620,2025-10-22T12:24:37.395Z,155.58,COMPLETED
ORD-1786976374129-6B90AF4D,CUST-00402,2026-03-24T03:50:40.286Z,428.18,CANCELLED
ORD-1786976374129-71325B8C,CUST-00684,2025-10-05T06:43:51.953Z,65.09,DELIVERED
ORD-1786976374129-35785C97,CUST-00344,2025-07-02T13:24:23.506Z,397.39,PROCESSING
ORD-1786976374129-D0268478,CUST-00597,2025-09-12T12:54:46.107Z,220.23,PENDING
ORD-1786976374129-FB56DDD3,CUST-00779,2026-05-09T02:09:36.888Z,385.60,DELIVERED
ORD-1786976374129-2D3AF06C,CUST-00250,2026-06-18T03:17:29.007Z,264.88,CANCELLED
ORD-1786976374129-7E797B0D,CUST-00828,2025-06-25T00:16:42.420Z,175.62,DELIVERED
ORD-1786976374129-917A6777,CUST-00360,2025-06-06T13:59:30.526Z,400.90,COMPLETED
ORD-1786976374129-9CB7B702,CUST-00034,2026-03-16T17:16:14.166Z,481.79,PENDING
ORD-1786976374129-D77916AD,CUST-00508,2025-11-25T02:06:14.738Z,426.52,CANCELLED
ORD-1786976374129-250B9D3B,CUST-00509,2025-10-08T17:53:59.894Z,467.51,SHIPPED
ORD-1786976374129-F5500AAF,CUST-00873,2026-07-08T17:07:26.567Z,418.11,COMPLETED
ORD-1786976374129-708A1823,CUST-00541,2026-05-21T18:44:37.581Z,131.33,DELIVERED
ORD-1786976374129-7E8763A8,CUST-00693,2025-06-11T10:23:42.118Z,233.28,SHIPPED
ORD-1786976374129-8932FC75,CUST-00719,2025-04-20T07:44:04.961Z,129.14,PROCESSING
ORD-1786976374129-417ACC44,CUST-00194,2026-07-10T01:19:52.352Z,278.67,SHIPPED
ORD-1786976374129-91C9135F,CUST-00657,2026-07-12T22:17:23.734Z,380.16,PENDING
ORD-1786976374129-E3DB1FB3,CUST-00180,2025-11-02T13:00:24.685Z,494.43,CANCELLED
ORD-1786976374129-9119E343,CUST-00678,2025-01-11T08:09:18.130Z,437.37,PENDING
ORD-1786976374129-6D951E6D,CUST-00380,2025-10-18T10:01:16.072Z,186.14,PENDING
ORD-1786976374129-A6EC1E07,CUST-00551,2025-11-27T10:02:48.504Z,433.87,SHIPPED
ORD-1786976374129-925DFAFF,CUST-00051,2026-07-11T04:03:40.137Z,136.63,PROCESSING
ORD-1786976374129-FB06ACB7,CUST-00241,2025-07-16T18:34:57.057Z,276.73,COMPLETED
ORD-1786976374129-173667EF,CUST-00221,2025-01-03T22:17:27.541Z,359.57,PROCESSING
ORD-1786976374129-3F74ADD6,CUST-00031,2026-04-16T00:25:26.498Z,394.99,DELIVERED
ORD-1786976374129-7F80A0D3,CUST-00929,2025-02-17T16:42:31.690Z,277.27,PROCESSING
ORD-1786976374129-E3A192EF,CUST-00410,2026-06-13T20:49:01.813Z,456.77,SHIPPED
ORD-1786976374129-F4056018,CUST-00005,2025-02-26T22:27:27.437Z,300.21,SHIPPED
ORD-1786976374129-31E75657,CUST-00618,2025-06-19T04:40:36.170Z,210.06,CANCELLED
ORD-1786976374129-A452E4FF,CUST-00990,2026-05-26T13:33:40.677Z,23.74,PENDING
ORD-1786976374129-D81AD277,CUST-00629,2025-06-09T05:23:33.551Z,387.14,CANCELLED
ORD-1786976374129-070151D4,CUST-00204,2025-03-13T00:59:46.386Z,301.68,SHIPPED
ORD-1786976374129-0884A20B,CUST-00367,2026-06-02T19:06:00.645Z,392.12,DELIVERED
ORD-1786976374129-010CC47D,CUST-00317,2025-07-11T19:41:21.929Z,264.32,PENDING
ORD-1786976374129-8599F6AB,CUST-00872,2025-02-11T09:06:43.220Z,20.23,DELIVERED
ORD-1786976374129-F0E5D92E,CUST-00543,2025-07-21T08:53:00.195Z,480.90,COMPLETED
ORD-1786976374129-80B0A70A,CUST-00082,2025-08-19T06:10:06.450Z,50.87,PROCESSING
ORD-1786976374129-67EF143B,CUST-00504,2025-02-07T03:10:02.131Z,334.95,SHIPPED
ORD-1786976374129-E98ADE96,CUST-00749,2025-04-16T20:09:43.383Z,85.20,SHIPPED
ORD-1786976374129-3ADE1F39,CUST-00656,2025-08-23T21:49:25.362Z,398.82,CANCELLED
ORD-1786976374129-C2A1126D,CUST-00947,2026-07-03T10:19:05.006Z,243.65,DELIVERED
ORD-1786976374129-650B025A,CUST-00111,2025-03-29T00:13:33.465Z,196.07,PENDING
ORD-1786976374129-5922E66F,CUST-00333,2025-06-15T19:57:25.545Z,487.67,COMPLETED
ORD-1786976374129-E0EF670D,CUST-00633,2025-07-10T17:10:36.454Z,315.71,COMPLETED
ORD-1786976374129-701E4D91,CUST-00166,2025-09-05T14:32:02.667Z,445.38,PROCESSING
ORD-1786976374129-BAF1228D,CUST-00766,2026-06-30T06:20:22.805Z,229.15,CANCELLED
ORD-1786976374129-16FD8BBB,CUST-00328,2025-04-24T02:31:49.781Z,86.62,SHIPPED
ORD-1786976374129-0766D826,CUST-00784,2025-12-22T05:28:04.527Z,88.45,COMPLETED
ORD-1786976374129-AABF9EBD,CUST-00456,2025-11-14T04:41:46.803Z,100.51,PROCESSING
ORD-1786976374129-1EE04BD3,CUST-00359,2025-07-25T20:53:43.993Z,445.06,COMPLETED
ORD-1786976374129-F250E025,CUST-00370,2025-02-25T08:08:27.912Z,14.53,PROCESSING
ORD-1786976374129-11F8CF19,CUST-00720,2026-04-04T18:54:02.763Z,334.81,DELIVERED
ORD-1786976374129-4C189865,CUST-00436,2025-04-10T04:18:27.612Z,378.92,PROCESSING
ORD-1786976374129-E019B316,CUST-00408,2026-01-05T03:03:12.116Z,82.73,DELIVERED
ORD-1786976374129-475AD8B3,CUST-00546,2026-02-10T14:43:23.445Z,142.36,CANCELLED
ORD-1786976374129-1104C71F,CUST-00477,2025-05-29T18:57:53.799Z,228.56,PENDING
ORD-1786976374129-32CB4D1E,CUST-00021,2025-08-31T09:38:35.466Z,207.74,PROCESSING
ORD-1786976374129-E14DC82E,CUST-00250,2025-07-19T02:34:43.784Z,74.34,CANCELLED
ORD-1786976374129-B25E5454,CUST-00396,2025-08-29T05:01:26.154Z,223.09,DELIVERED
ORD-1786976374129-B28B1CEC,CUST-00077,2025-10-19T11:51:19.846Z,312.78,PENDING
ORD-1786976374129-481FB5F8,CUST-00053,2025-04-24T15:34:46.371Z,459.12,SHIPPED
ORD-1786976374129-36EE61C5,CUST-00739,2026-02-01T08:07:29.339Z,247.09,PENDING
ORD-1786976374129-336F6CFA,CUST-00362,2026-04-02T15:49:05.627Z,406.47,PROCESSING
ORD-1786976374129-D5F07E9A,CUST-00881,2026-04-01T23:15:48.872Z,189.65,CANCELLED
ORD-1786976374129-42558135,CUST-00605,2025-12-09T20:52:27.237Z,460.01,PROCESSING
ORD-1786976374129-5F5B7A7F,CUST-00907,2026-07-18T23:38:16.539Z,68.63,CANCELLED
ORD-1786976374129-9EC02747,CUST-00351,2026-04-26T10:17:10.553Z,164.93,DELIVERED
ORD-1786976374129-E49FA15A,CUST-00855,2025-09-30T07:43:39.704Z,201.36,CANCELLED
ORD-1786976374129-09C444E7,CUST-00753,2025-04-28T10:12:43.072Z,153.54,PENDING
ORD-1786976374129-AC17D499,CUST-00600,2026-06-27T21:01:18.852Z,472.92,SHIPPED
ORD-1786976374129-CE3D6659,CUST-00104,2025-09-15T15:14:23.527Z,160.74,PROCESSING
ORD-1786976374129-4DDD3697,CUST-00932,2025-12-29T01:24:53.004Z,328.80,PENDING
ORD-1786976374129-5DDA8D81,CUST-00319,2025-02-13T14:02:01.569Z,138.00,PROCESSING
ORD-1786976374129-2E05CDE2,CUST-00230,2025-08-30T23:12:26.855Z,227.22,COMPLETED
ORD-1786976374129-5181F0F1,CUST-00335,2025-11-16T14:48:15.398Z,214.84,SHIPPED
ORD-1786976374129-2CBBE3BE,CUST-00536,2025-05-06T09:08:36.125Z,501.70,PENDING
ORD-1786976374129-794FCEC9,CUST-00158,2025-09-16T20:18:04.543Z,141.14,CANCELLED
ORD-1786976374129-A11E2DCF,CUST-00938,2026-07-03T00:48:18.986Z,506.70,DELIVERED
ORD-1786976374129-66F90AB2,CUST-00624,2025-04-03T08:41:04.589Z,11.19,CANCELLED
ORD-1786976374129-13F468CC,CUST-00837,2025-05-16T03:51:30.237Z,364.36,PENDING
ORD-1786976374129-91D8DCB4,CUST-00764,2026-01-12T23:41:05.535Z,72.82,COMPLETED
ORD-1786976374129-C0C31D70,CUST-00586,2025-02-12T23:50:59.300Z,411.45,PENDING
ORD-1786976374129-11EF1832,CUST-00792,2026-03-27T10:29:24.858Z,133.80,DELIVERED
ORD-1786976374129-F50C9F15,CUST-00589,2025-12-21T19:16:04.211Z,52.22,PENDING
ORD-1786976374129-1A1B0F4C,CUST-00959,2025-11-01T06:41:14.802Z,157.77,PENDING
ORD-1786976374129-89B6C9C5,CUST-00446,2026-02-07T21:06:44.167Z,176.06,SHIPPED
ORD-1786976374129-A67C1117,CUST-00552,2026-04-04T00:41:40.374Z,502.01,CANCELLED
ORD-1786976374129-94E72B18,CUST-00733,2025-10-28T14:00:44.248Z,14.28,CANCELLED
ORD-1786976374129-8F7A40B5,CUST-00932,2025-12-28T06:04:24.447Z,134.33,DELIVERED
ORD-1786976374129-6A6F1D79,CUST-00030,2025-04-07T17:58:00.639Z,467.42,COMPLETED
ORD-1786976374129-2C1C0F41,CUST-00473,2025-01-20T20:11:18.182Z,311.32,SHIPPED
ORD-1786976374129-CC08B5EB,CUST-00401,2026-02-06T00:25:32.654Z,157.16,PENDING
ORD-1786976374129-9B21D767,CUST-00617,2025-02-14T23:33:49.886Z,400.99,CANCELLED
ORD-1786976374129-519D886A,CUST-00402,2026-01-06T13:35:17.449Z,393.74,PROCESSING
ORD-1786976374129-46AC0585,CUST-00103,2025-01-02T04:18:35.852Z,497.56,COMPLETED
ORD-1786976374129-659AD273,CUST-00074,2025-04-29T14:53:33.069Z,153.79,CANCELLED
ORD-1786976374129-8E6E8049,CUST-00133,2026-07-16T12:04:09.582Z,213.80,CANCELLED
ORD-1786976374129-7531E3C9,CUST-00055,2025-12-17T23:27:16.986Z,56.01,SHIPPED
ORD-1786976374129-2309E68C,CUST-00444,2026-05-12T15:17:58.702Z,456.73,PROCESSING
ORD-1786976374129-397FC99C,CUST-00395,2025-09-26T04:36:50.550Z,149.36,COMPLETED
ORD-1786976374129-2C7C7DA4,CUST-00645,2026-01-01T20:28:13.205Z,419.28,PROCESSING
ORD-1786976374129-AA70053C,CUST-00448,2025-09-15T06:45:29.673Z,97.48,COMPLETED
ORD-1786976374129-EA6C0C1D,CUST-00645,2025-05-16T08:50:25.456Z,154.09,DELIVERED
ORD-1786976374129-730E5DE8,CUST-00268,2026-03-18T14:28:22.538Z,285.62,SHIPPED
ORD-1786976374129-6AD76639,CUST-00537,2026-01-22T15:40:53.681Z,163.49,PENDING
ORD-1786976374129-42DC48F1,CUST-00782,2026-08-13T23:46:35.757Z,52.53,CANCELLED
ORD-1786976374129-A809CC06,CUST-00377,2025-04-18T00:20:05.972Z,466.09,CANCELLED
ORD-1786976374129-A9685B81,CUST-00635,2025-02-14T09:47:52.550Z,146.70,DELIVERED
ORD-1786976374129-A40A2390,CUST-00673,2026-03-02T09:00:30.479Z,252.95,CANCELLED
ORD-1786976374129-62EE512A,CUST-00024,2025-01-14T05:29:58.987Z,360.89,DELIVERED
ORD-1786976374129-E460C04B,CUST-00775,2026-08-11T23:21:06.679Z,369.09,SHIPPED
ORD-1786976374129-1F654D08,CUST-00675,2026-04-01T17:00:52.548Z,163.88,SHIPPED
ORD-1786976374129-96E2BB36,CUST-00660,2026-04-25T21:41:45.921Z,375.25,CANCELLED
ORD-1786976374129-BB5ABEEC,CUST-00308,2025-12-27T09:59:06.232Z,191.03,DELIVERED
ORD-1786976374129-AF37882A,CUST-00562,2025-02-28T16:33:42.422Z,15.45,DELIVERED
ORD-1786976374129-19D60464,CUST-00402,2026-01-21T11:52:32.474Z,228.43,SHIPPED
ORD-1786976374129-32486034,CUST-00652,2025-12-29T07:41:14.904Z,44.24,DELIVERED
ORD-1786976374129-169B22FC,CUST-00892,2025-07-06T10:22:58.075Z,424.32,PENDING
ORD-1786976374129-881A338A,CUST-00810,2025-08-19T18:58:57.767Z,273.13,CANCELLED
ORD-1786976374129-77D7CBC1,CUST-00261,2026-01-23T12:04:55.924Z,131.05,PROCESSING
ORD-1786976374129-1C349003,CUST-00768,2026-05-09T15:33:47.478Z,61.52,SHIPPED
ORD-1786976374129-BB247534,CUST-00442,2025-06-27T00:32:40.014Z,30.91,CANCELLED
ORD-1786976374129-08D96E6D,CUST-00640,2025-08-08T14:24:37.144Z,350.91,COMPLETED
ORD-1786976374129-19CEDCB3,CUST-00150,2026-08-03T19:34:09.960Z,498.58,PROCESSING
ORD-1786976374129-1350972B,CUST-00283,2025-01-10T23:20:16.687Z,363.99,SHIPPED
ORD-1786976374129-D1B34263,CUST-00489,2025-06-12T05:26:21.756Z,310.50,PENDING
ORD-1786976374129-7655BF60,CUST-00978,2025-08-30T23:17:56.045Z,22.18,DELIVERED
ORD-1786976374129-0E1D78AF,CUST-00033,2026-03-23T01:45:37.945Z,379.26,DELIVERED
ORD-1786976374129-3793E130,CUST-00053,2025-09-20T03:00:29.798Z,507.16,CANCELLED
ORD-1786976374129-EDCD9AB6,CUST-00070,2025-06-17T01:43:09.108Z,303.01,COMPLETED
ORD-1786976374129-0D58E04A,CUST-00389,2025-12-30T04:39:17.622Z,282.11,PROCESSING
ORD-1786976374129-6519C627,CUST-00831,2025-12-04T17:32:39.175Z,31.01,DELIVERED
ORD-1786976374129-EE5E2AC6,CUST-00077,2025-06-08T23:24:06.749Z,502.33,SHIPPED
ORD-1786976374129-2C349CDB,CUST-00320,2025-06-01T04:39:24.834Z,359.68,PENDING
ORD-1786976374129-714C1712,CUST-00930,2026-07-05T11:10:59.835Z,69.92,CANCELLED
ORD-1786976374129-24F3D970,CUST-00964,2026-05-01T03:59:58.831Z,27.45,COMPLETED
ORD-1786976374129-EBAF2463,CUST-00549,2025-09-24T19:00:21.853Z,377.25,DELIVERED
ORD-1786976374129-CE6851FA,CUST-00001,2026-01-29T19:40:29.076Z,71.68,DELIVERED
ORD-1786976374129-FB596B84,CUST-00729,2025-10-28T04:23:27.383Z,67.62,SHIPPED
ORD-1786976374129-B90ACA8F,CUST-00810,2026-05-13T18:36:17.531Z,154.35,CANCELLED
ORD-1786976374129-CE052987,CUST-00505,2026-01-23T20:58:29.823Z,229.73,PENDING
ORD-1786976374129-0ACBAB32,CUST-00689,2025-01-18T05:03:38.951Z,59.57,PENDING
ORD-1786976374129-6BAD9DC3,CUST-00313,2025-04-16T12:44:54.196Z,419.54,COMPLETED
ORD-1786976374129-4E91BBEE,CUST-00152,2025-05-13T13:51:38.641Z,233.29,SHIPPED
ORD-1786976374129-5A6325FF,CUST-00087,2025-03-14T10:34:35.353Z,434.37,PROCESSING
ORD-1786976374129-12848672,CUST-00598,2026-01-11T04:15:21.263Z,47.34,COMPLETED
ORD-1786976374129-FFA4EF66,CUST-00777,2026-05-10T21:36:01.723Z,54.57,SHIPPED
ORD-1786976374129-28D77D83,CUST-00723,2026-06-15T15:11:53.401Z,345.96,SHIPPED
ORD-1786976374129-A0DCC7E8,CUST-00044,2026-08-08T03:04:14.364Z,320.67,COMPLETED
ORD-1786976374129-3184BEC2,CUST-00422,2025-01-02T01:17:45.456Z,453.55,PENDING
ORD-1786976374129-7BBCD5D3,CUST-00039,2026-07-27T07:10:54.310Z,341.68,SHIPPED
ORD-1786976374129-7C24B62B,CUST-00239,2026-03-20T11:36:16.694Z,280.90,CANCELLED
ORD-1786976374129-E6B1A357,CUST-00115,2026-07-06T13:21:42.243Z,129.02,PENDING
ORD-1786976374129-8720A279,CUST-00829,2025-10-07T08:48:40.312Z,241.45,DELIVERED
ORD-1786976374129-C359CE18,CUST-00865,2026-02-28T03:23:35.561Z,101.27,PROCESSING
ORD-1786976374129-2F7DC04C,CUST-00516,2025-11-13T23:54:16.155Z,17.73,PROCESSING
ORD-1786976374129-FF11B43C,CUST-00210,2025-03-04T08:25:23.600Z,391.32,DELIVERED
ORD-1786976374129-C84D51DF,CUST-00936,2026-06-12T00:05:15.307Z,459.43,PENDING
ORD-1786976374129-4ED200B3,CUST-00584,2026-08-08T06:02:35.005Z,117.11,SHIPPED
ORD-1786976374129-5929348A,CUST-00290,2026-05-28T03:29:46.697Z,428.44,COMPLETED
ORD-1786976374129-470EDA8A,CUST-00408,2026-01-21T07:00:28.116Z,107.71,PENDING
ORD-1786976374129-C073C25A,CUST-00879,2025-11-16T19:22:20.751Z,281.48,COMPLETED
ORD-1786976374129-14645438,CUST-00561,2026-02-03T17:57:09.225Z,64.68,COMPLETED
ORD-1786976374129-0C1B4F36,CUST-00058,2025-10-19T23:51:46.719Z,174.12,CANCELLED
ORD-1786976374129-6C690BE5,CUST-00676,2025-01-07T01:41:18.556Z,349.73,DELIVERED
ORD-1786976374129-17EFFAA8,CUST-00039,2025-11-07T02:58:54.260Z,415.02,CANCELLED
ORD-1786976374129-29509A95,CUST-00369,2026-04-04T18:45:22.277Z,160.63,PROCESSING
ORD-1786976374129-7307878B,CUST-00744,2026-06-20T16:25:50.655Z,89.51,SHIPPED
ORD-1786976374129-3EFD587E,CUST-00840,2026-07-12T15:10:41.628Z,96.68,PROCESSING
ORD-1786976374129-85BDF5EE,CUST-00580,2025-11-09T06:03:28.514Z,231.53,DELIVERED
ORD-1786976374129-9E4C5E16,CUST-00487,2026-04-09T02:37:48.131Z,232.17,COMPLETED
ORD-1786976374129-88380C6B,CUST-00195,2025-03-29T16:34:57.029Z,501.30,PENDING
ORD-1786976374130-550C5C4F,CUST-00892,2026-03-20T21:09:44.390Z,242.46,CANCELLED
ORD-1786976374130-A3BD7C7A,CUST-00498,2026-03-17T20:43:20.603Z,406.96,COMPLETED
ORD-1786976374130-FC8651E5,CUST-00546,2026-06-21T07:13:42.593Z,18.99,CANCELLED
ORD-1786976374130-25C17DB8,CUST-00421,2026-02-04T12:52:53.601Z,126.46,SHIPPED
ORD-1786976374130-25B5936A,CUST-00538,2025-11-07T12:08:22.910Z,467.69,SHIPPED
ORD-1786976374130-FCC7FA5B,CUST-00263,2025-09-18T13:51:51.711Z,110.62,SHIPPED
ORD-1786976374130-46D93C58,CUST-00727,2025-10-23T07:24:37.147Z,236.45,CANCELLED
ORD-1786976374130-AC5A14B1,CUST-00686,2025-07-31T01:46:48.518Z,403.32,PROCESSING
ORD-1786976374130-43C1646D,CUST-00663,2025-04-23T00:15:50.703Z,387.91,SHIPPED
ORD-1786976374130-85ABA4A1,CUST-00938,2025-12-22T03:45:42.052Z,130.52,SHIPPED
ORD-1786976374130-D6B4896B,CUST-00078,2025-10-07T15:07:03.312Z,116.17,PROCESSING
ORD-1786976374130-5F555B14,CUST-00137,2026-05-26T06:45:47.597Z,277.53,COMPLETED
ORD-1786976374130-9DA28766,CUST-00630,2026-06-08T02:49:20.311Z,307.28,PROCESSING
ORD-1786976374130-74DA00C7,CUST-00985,2026-07-05T00:01:31.318Z,215.40,PENDING
ORD-1786976374130-111C6EB0,CUST-00405,2025-01-03T13:29:56.236Z,442.74,CANCELLED
ORD-1786976374130-52BBF43D,CUST-00181,2025-10-13T03:06:46.063Z,113.48,PENDING
ORD-1786976374130-45F40E7F,CUST-00987,2025-10-30T07:28:54.939Z,410.26,PROCESSING
ORD-1786976374130-9C33CB14,CUST-00047,2026-01-31T06:13:02.890Z,393.11,PROCESSING
ORD-1786976374130-6CE58A5B,CUST-00487,2026-02-27T12:19:29.447Z,342.14,PROCESSING
ORD-1786976374130-5849C8BB,CUST-00660,2025-07-21T09:22:49.635Z,274.03,COMPLETED
ORD-1786976374130-C3AD739B,CUST-00226,2026-06-20T08:10:02.199Z,317.14,DELIVERED
ORD-1786976374130-8E9EE1C8,CUST-00678,2026-03-27T02:32:57.330Z,158.61,DELIVERED
ORD-1786976374130-ECF3792E,CUST-00465,2025-03-11T03:33:28.494Z,31.45,CANCELLED
ORD-1786976374130-4B4D129C,CUST-00747,2026-03-16T11:12:23.444Z,211.12,PENDING
ORD-1786976374130-6E30B034,CUST-00655,2025-10-27T13:45:45.713Z,79.47,SHIPPED
ORD-1786976374130-DCF63D14,CUST-00528,2026-06-28T19:25:24.625Z,55.30,CANCELLED
ORD-1786976374130-AED02C8B,CUST-00495,2025-09-01T19:43:17.020Z,176.92,SHIPPED
ORD-1786976374130-4CDE3D8E,CUST-00136,2025-08-20T10:50:19.488Z,505.04,PROCESSING
ORD-1786976374130-6C91BE2D,CUST-00317,2026-02-15T09:10:28.415Z,132.95,SHIPPED
ORD-1786976374130-FBE9344F,CUST-00476,2025-08-06T08:11:33.613Z,56.28,COMPLETED
ORD-1786976374130-1EA3DFD4,CUST-00832,2026-01-20T19:17:46.650Z,309.56,SHIPPED
ORD-1786976374130-CEAD42A5,CUST-00118,2025-07-06T00:53:38.110Z,495.63,PROCESSING
ORD-1786976374130-87A9FD4A,CUST-00328,2025-06-15T01:47:25.254Z,226.54,PROCESSING
ORD-1786976374130-0F5AC9F6,CUST-00604,2025-04-27T03:50:31.718Z,84.62,DELIVERED
ORD-1786976374130-7A8A6135,CUST-00406,2026-01-22T22:06:13.766Z,31.76,PROCESSING
ORD-1786976374130-48F90707,CUST-00932,2026-01-01T10:36:24.050Z,472.09,CANCELLED
ORD-1786976374130-E2B0608F,CUST-00905,2025-02-14T19:41:05.320Z,167.61,PENDING
ORD-1786976374130-7895AD19,CUST-00462,2026-08-06T19:42:18.226Z,373.91,SHIPPED
ORD-1786976374130-D0F572DA,CUST-00968,2026-06-02T10:29:16.501Z,101.58,PENDING
ORD-1786976374130-35B25285,CUST-00122,2025-12-20T04:12:12.457Z,209.68,COMPLETED
ORD-1786976374130-BA5A668C,CUST-00430,2025-09-07T05:08:59.131Z,340.53,PROCESSING
ORD-1786976374130-84231529,CUST-00180,2025-11-04T16:50:10.762Z,157.35,CANCELLED
ORD-1786976374130-CC5F3C09,CUST-00853,2026-02-27T02:50:31.278Z,339.71,PROCESSING
ORD-1786976374130-4FDE5B7F,CUST-00523,2026-06-13T03:01:33.599Z,267.69,COMPLETED
ORD-1786976374130-665910F8,CUST-00996,2026-04-20T08:48:59.877Z,208.79,PENDING
ORD-1786976374130-DDA0D270,CUST-00095,2025-09-20T04:42:19.779Z,413.29,DELIVERED
ORD-1786976374130-78EDB0F2,CUST-00573,2025-03-31T05:45:35.233Z,459.91,CANCELLED
ORD-1786976374130-0C942DB9,CUST-00726,2025-01-26T02:14:20.395Z,131.84,DELIVERED
ORD-1786976374130-FDF85FA1,CUST-00836,2025-09-18T21:55:35.480Z,53.72,CANCELLED
ORD-1786976374130-AA0A79BC,CUST-00715,2026-07-13T04:03:42.635Z,134.23,PROCESSING
ORD-1786976374130-D7CD4915,CUST-00072,2026-02-26T03:16:00.416Z,118.46,SHIPPED
ORD-1786976374130-349AA156,CUST-00257,2026-05-29T10:07:33.981Z,406.40,PENDING
ORD-1786976374130-7FF8EFB0,CUST-00322,2025-08-07T19:08:20.802Z,427.34,PENDING
ORD-1786976374130-79B8D7D4,CUST-00740,2025-12-11T13:43:04.171Z,442.42,COMPLETED
ORD-1786976374130-A9620A3F,CUST-00228,2025-01-15T07:16:45.939Z,58.52,PENDING
ORD-1786976374130-3B00CDA4,CUST-00538,2025-06-06T05:19:28.298Z,188.22,COMPLETED
ORD-1786976374130-7F9D81A0,CUST-00211,2025-07-13T07:23:04.536Z,44.41,SHIPPED
ORD-1786976374130-534668E4,CUST-00242,2025-03-11T04:15:37.353Z,380.75,SHIPPED
ORD-1786976374130-33E1ACDC,CUST-00232,2025-09-02T12:23:02.857Z,99.40,DELIVERED
ORD-1786976374130-6F1D6E96,CUST-00383,2025-01-08T05:15:50.233Z,12.90,DELIVERED
ORD-1786976374130-38F9EE01,CUST-00897,2025-02-06T03:01:41.846Z,106.97,SHIPPED
ORD-1786976374130-9776AAF5,CUST-00790,2025-03-26T17:38:01.076Z,138.88,PENDING
ORD-1786976374130-005B5EB6,CUST-00959,2025-09-20T04:10:23.234Z,444.64,SHIPPED
ORD-1786976374130-2CD0DB87,CUST-00890,2026-03-21T11:26:30.597Z,47.33,SHIPPED
ORD-1786976374130-1DB12431,CUST-00855,2025-12-23T04:35:19.822Z,361.40,PENDING
ORD-1786976374130-4C9A264A,CUST-00977,2026-03-27T18:41:52.571Z,456.12,SHIPPED
ORD-1786976374130-8E4104E0,CUST-00571,2026-07-30T21:42:37.441Z,255.92,COMPLETED
ORD-1786976374130-E16B4B90,CUST-00440,2025-10-24T20:11:37.275Z,250.43,PROCESSING
ORD-1786976374130-97C391DB,CUST-00768,2025-11-19T04:46:27.897Z,234.28,DELIVERED
ORD-1786976374130-2ADC47D1,CUST-00556,2026-03-02T01:48:08.973Z,111.89,DELIVERED
ORD-1786976374130-FFA259D2,CUST-00856,2025-06-12T00:13:16.358Z,36.88,DELIVERED
ORD-1786976374130-36F4F1B6,CUST-00615,2026-06-23T12:12:39.169Z,196.16,CANCELLED
ORD-1786976374130-DCF52280,CUST-00802,2026-01-21T19:29:19.323Z,179.04,PROCESSING
ORD-1786976374130-6B917B3D,CUST-00949,2026-03-23T00:01:40.309Z,462.33,SHIPPED
ORD-1786976374130-2076A98D,CUST-00307,2025-02-21T23:14:40.626Z,109.00,PROCESSING
ORD-1786976374130-19F3507D,CUST-00188,2025-10-06T04:30:05.020Z,161.97,SHIPPED
ORD-1786976374130-68E1F015,CUST-00420,2026-05-05T06:52:47.365Z,154.53,PENDING
ORD-1786976374130-FB9A7042,CUST-00535,2025-01-16T09:54:29.680Z,484.23,DELIVERED
ORD-1786976374130-C4B86656,CUST-00890,2026-06-10T11:22:25.883Z,186.22,DELIVERED
ORD-1786976374130-C82348CC,CUST-00425,2026-01-20T09:50:53.352Z,158.79,COMPLETED
ORD-1786976374130-05643CEF,CUST-00768,2025-02-09T10:20:16.094Z,86.66,COMPLETED
ORD-1786976374130-00666D0D,CUST-00535,2025-03-23T18:19:15.085Z,236.03,SHIPPED
ORD-1786976374130-9C5E5686,CUST-00815,2026-05-05T01:11:09.687Z,95.80,CANCELLED
ORD-1786976374130-6CEB37E3,CUST-00527,2025-10-13T19:46:01.686Z,142.47,SHIPPED
ORD-1786976374130-9D96503B,CUST-00668,2026-07-18T04:02:22.496Z,221.69,PROCESSING
ORD-1786976374130-151252EA,CUST-00919,2025-12-21T08:49:53.329Z,322.69,SHIPPED
ORD-1786976374130-360A648B,CUST-00512,2026-05-22T05:15:04.277Z,454.94,PROCESSING
ORD-1786976374130-200052D0,CUST-00711,2026-03-24T07:04:36.513Z,288.90,CANCELLED
ORD-1786976374130-F8823C34,CUST-00536,2026-06-09T03:18:00.667Z,241.53,DELIVERED
ORD-1786976374130-5D5CA336,CUST-00898,2026-07-11T13:58:12.041Z,55.91,DELIVERED
ORD-1786976374130-3D8DD2D4,CUST-00773,2025-10-28T04:27:15.515Z,269.16,COMPLETED
ORD-1786976374130-6EB65536,CUST-00170,2025-05-16T15:12:44.303Z,48.69,DELIVERED
ORD-1786976374130-D7479DCA,CUST-00868,2026-04-29T00:45:10.923Z,436.85,DELIVERED
ORD-1786976374130-14FBFAF1,CUST-00703,2026-01-26T18:06:59.622Z,354.57,PROCESSING
ORD-1786976374130-907AE984,CUST-00821,2025-06-24T17:02:44.332Z,302.84,SHIPPED
ORD-1786976374130-CD288048,CUST-00427,2025-06-28T04:30:53.951Z,354.72,PENDING
ORD-1786976374130-B4768498,CUST-00694,2025-04-10T14:15:23.053Z,148.27,DELIVERED
ORD-1786976374130-BAC00FBF,CUST-00560,2026-07-30T01:03:21.271Z,378.49,PROCESSING
ORD-1786976374130-6659709D,CUST-00675,2025-06-23T20:59:41.161Z,73.98,PENDING
ORD-1786976374130-F69D0686,CUST-00128,2026-02-19T18:00:20.516Z,43.36,CANCELLED
ORD-1786976374130-13800ED7,CUST-00886,2026-05-23T15:17:14.782Z,79.21,COMPLETED
ORD-1786976374130-BB174D34,CUST-00161,2026-04-15T13:51:56.456Z,446.29,CANCELLED
ORD-1786976374130-6C5AEB36,CUST-00076,2026-07-04T22:25:03.618Z,222.51,PROCESSING
ORD-1786976374130-84458A9D,CUST-00497,2025-08-27T14:54:51.427Z,413.15,DELIVERED
ORD-1786976374130-0E21B79B,CUST-00985,2025-08-27T03:36:58.763Z,479.90,SHIPPED
ORD-1786976374130-4FE83C66,CUST-00433,2025-08-20T13:32:09.592Z,499.80,DELIVERED
ORD-1786976374130-9C613699,CUST-00660,2026-06-25T08:48:55.450Z,277.80,PENDING
ORD-1786976374130-D2DEAAC1,CUST-00577,2026-03-14T18:51:06.192Z,362.28,CANCELLED
ORD-1786976374130-73A72644,CUST-00874,2025-04-09T01:11:31.661Z,207.72,COMPLETED
ORD-1786976374130-7A02F2C9,CUST-00160,2026-04-20T04:54:29.064Z,492.91,PENDING
ORD-1786976374130-BBD2C486,CUST-00032,2026-03-03T18:59:41.672Z,130.55,CANCELLED
ORD-1786976374130-1A69EF90,CUST-00511,2026-02-26T04:28:47.710Z,214.62,PENDING
ORD-1786976374130-179078D9,CUST-00506,2025-04-03T01:42:44.325Z,142.29,PROCESSING
ORD-1786976374130-2DDC9D0D,CUST-00808,2025-01-31T00:51:35.733Z,272.39,COMPLETED
ORD-1786976374130-BDE6FB36,CUST-00107,2026-03-16T05:54:53.287Z,184.19,PROCESSING
ORD-1786976374130-4DBA10CD,CUST-00324,2026-04-02T03:09:05.803Z,279.85,DELIVERED
ORD-1786976374130-BC252670,CUST-00920,2025-05-09T21:48:25.638Z,439.27,PROCESSING
ORD-1786976374130-394440CF,CUST-00813,2026-07-07T02:06:48.475Z,84.91,COMPLETED
ORD-1786976374130-975A498D,CUST-00839,2025-05-05T03:22:37.752Z,149.31,PENDING
ORD-1786976374130-FA4DE2FE,CUST-00663,2025-02-28T08:37:18.709Z,123.60,PROCESSING
ORD-1786976374130-D9834E1B,CUST-00971,2026-03-18T01:25:49.501Z,215.25,PROCESSING
ORD-1786976374130-9DBB4059,CUST-00846,2026-01-07T10:19:18.772Z,124.91,PROCESSING
ORD-1786976374130-CEDB0273,CUST-00626,2026-06-14T16:01:38.752Z,392.79,COMPLETED
ORD-1786976374130-8D311D65,CUST-00256,2026-06-02T14:05:28.859Z,25.22,COMPLETED
ORD-1786976374130-DED8D4DA,CUST-00075,2025-11-22T22:35:23.402Z,308.76,PENDING
ORD-1786976374130-CD006CB0,CUST-00058,2026-03-20T05:36:02.442Z,351.16,PENDING
ORD-1786976374130-7A929CEC,CUST-00602,2025-07-09T20:51:28.287Z,419.88,COMPLETED
ORD-1786976374130-D1C72B45,CUST-00465,2026-07-19T02:45:44.261Z,443.31,COMPLETED
ORD-1786976374130-9D22E3E3,CUST-00332,2025-02-23T13:52:58.810Z,340.26,PENDING
ORD-1786976374130-C11C4AA8,CUST-00713,2025-07-27T08:00:53.500Z,57.13,CANCELLED
ORD-1786976374130-AAEFD0DA,CUST-00714,2025-01-03T16:45:18.865Z,132.98,SHIPPED
ORD-1786976374130-C42E4347,CUST-00029,2025-07-16T12:59:29.966Z,28.37,DELIVERED
ORD-1786976374130-3332B513,CUST-00035,2026-01-06T15:11:01.143Z,431.32,PROCESSING
ORD-1786976374130-96133DF6,CUST-00920,2025-05-06T04:17:28.894Z,406.33,SHIPPED
ORD-1786976374130-AFC0CB0A,CUST-00937,2025-05-08T00:40:08.074Z,447.22,SHIPPED
ORD-1786976374130-8B645599,CUST-00748,2026-02-04T05:13:44.724Z,22.05,DELIVERED
ORD-1786976374130-E223C274,CUST-00976,2026-03-22T22:30:26.514Z,320.80,SHIPPED
ORD-1786976374130-C162096F,CUST-00255,2026-04-27T06:08:30.579Z,227.30,CANCELLED
ORD-1786976374130-AE07AAF8,CUST-00001,2026-01-09T06:33:33.327Z,484.70,DELIVERED
ORD-1786976374130-3AE1AFB6,CUST-00730,2025-07-04T21:24:38.315Z,294.47,PROCESSING
ORD-1786976374130-95B07CC0,CUST-00143,2025-11-11T19:56:12.470Z,209.11,COMPLETED
ORD-1786976374130-BC5ED18F,CUST-00174,2025-08-24T12:41:07.825Z,444.90,PROCESSING
ORD-1786976374130-AF410BDF,CUST-00334,2025-12-02T22:42:13.497Z,327.02,PENDING
ORD-1786976374130-B6848626,CUST-00852,2025-09-19T12:26:28.795Z,249.70,COMPLETED
ORD-1786976374130-D7E2A72A,CUST-00171,2025-09-13T22:37:18.616Z,274.18,COMPLETED
ORD-1786976374130-85902635,CUST-00645,2025-03-04T13:36:09.684Z,481.46,PENDING
ORD-1786976374130-B3403440,CUST-00297,2025-10-20T22:11:01.811Z,129.96,CANCELLED
ORD-1786976374130-B6D0425A,CUST-00197,2025-01-08T19:30:22.648Z,42.97,PENDING
ORD-1786976374130-5F8F113A,CUST-00717,2025-06-03T09:37:45.425Z,447.21,PENDING
ORD-1786976374130-9DB5C96F,CUST-00893,2026-06-02T15:29:43.980Z,312.34,DELIVERED
ORD-1786976374130-42240670,CUST-00750,2025-08-22T16:48:29.286Z,419.89,PENDING
ORD-1786976374130-AA6C204C,CUST-00360,2026-02-19T16:40:32.142Z,481.90,DELIVERED
ORD-1786976374130-804F94A3,CUST-00534,2026-04-14T16:27:31.545Z,353.62,SHIPPED
ORD-1786976374130-A52730D5,CUST-00753,2025-08-30T01:39:47.883Z,299.80,DELIVERED
ORD-1786976374130-F350B35E,CUST-00660,2026-03-27T00:19:39.121Z,256.59,PROCESSING
ORD-1786976374130-8037CCFE,CUST-00874,2026-06-10T21:10:51.273Z,284.72,SHIPPED
ORD-1786976374130-756B8B1E,CUST-00667,2026-01-18T17:11:04.248Z,453.41,SHIPPED
ORD-1786976374130-809DD411,CUST-00636,2025-10-12T22:32:58.860Z,287.83,COMPLETED
ORD-1786976374130-91769CE1,CUST-00933,2026-02-28T16:33:00.388Z,367.02,PENDING
ORD-1786976374130-4D409F81,CUST-00555,2025-04-22T15:35:13.369Z,188.46,DELIVERED
ORD-1786976374130-C5CC61B2,CUST-00407,2026-06-11T22:44:44.940Z,212.69,PENDING
ORD-1786976374130-6FDA66B9,CUST-00852,2025-10-14T15:44:17.673Z,225.74,SHIPPED
ORD-1786976374130-C181FDCD,CUST-00680,2026-04-04T14:00:05.845Z,207.60,PENDING
ORD-1786976374130-3E9161CB,CUST-00991,2025-07-27T22:47:02.251Z,12.71,SHIPPED
ORD-1786976374130-DB4EF4B8,CUST-00355,2025-07-08T23:10:24.485Z,478.11,CANCELLED
ORD-1786976374130-2563FDD9,CUST-00778,2025-09-28T05:19:29.323Z,170.90,PROCESSING
ORD-1786976374130-751DA73D,CUST-00505,2025-02-01T14:23:08.129Z,237.50,CANCELLED
ORD-1786976374130-E7EF3280,CUST-00858,2026-03-07T03:41:54.024Z,487.77,DELIVERED
ORD-1786976374130-073E1BF7,CUST-00403,2026-02-27T04:17:52.528Z,13.23,SHIPPED
ORD-1786976374130-238322E2,CUST-00742,2026-08-05T20:11:46.649Z,428.53,COMPLETED
ORD-1786976374130-B7DF6C06,CUST-00925,2025-10-22T13:17:16.987Z,92.71,PROCESSING
ORD-1786976374130-07650477,CUST-00004,2026-01-06T09:58:46.937Z,256.36,CANCELLED
ORD-1786976374130-AE0482C9,CUST-00209,2025-10-15T02:36:20.994Z,136.99,SHIPPED
ORD-1786976374130-A30491AB,CUST-00426,2026-02-15T20:06:19.911Z,316.03,CANCELLED
ORD-1786976374130-299142F6,CUST-00767,2025-03-01T03:38:49.470Z,237.84,CANCELLED
ORD-1786976374130-9887779A,CUST-00939,2025-01-24T19:49:20.108Z,192.00,COMPLETED
ORD-1786976374130-52253242,CUST-00923,2025-10-22T03:50:39.138Z,282.30,PENDING
ORD-1786976374130-A722C241,CUST-00308,2025-12-03T01:54:01.348Z,335.02,PROCESSING
ORD-1786976374130-4F5386E1,CUST-00067,2025-04-15T00:04:52.074Z,45.50,COMPLETED
ORD-1786976374130-39CA33B2,CUST-00643,2025-09-22T22:49:45.002Z,286.49,DELIVERED
ORD-1786976374130-B6257C8F,CUST-00979,2025-03-11T13:01:09.065Z,339.46,CANCELLED
ORD-1786976374130-62C64A9A,CUST-00828,2025-01-30T02:38:12.932Z,496.35,PROCESSING
ORD-1786976374130-FCE8C4F8,CUST-00664,2026-03-28T13:53:23.576Z,499.24,SHIPPED
ORD-1786976374130-54955071,CUST-00873,2025-08-30T22:02:10.670Z,249.97,CANCELLED
ORD-1786976374130-933E1945,CUST-00328,2025-07-10T17:17:53.441Z,246.25,COMPLETED
ORD-1786976374130-D969E9DA,CUST-00637,2025-01-30T23:03:41.285Z,466.25,COMPLETED
ORD-1786976374130-C2F1A35E,CUST-00958,2025-07-19T19:10:46.347Z,32.21,PENDING
ORD-1786976374130-02AD7B7D,CUST-00699,2026-03-28T03:14:32.649Z,289.16,CANCELLED
ORD-1786976374130-D0A78FD8,CUST-00326,2026-07-16T20:22:22.654Z,145.67,DELIVERED
ORD-1786976374130-36348CBB,CUST-00416,2025-07-30T00:45:48.540Z,449.88,COMPLETED
ORD-1786976374130-9962382F,CUST-00747,2026-02-11T21:54:53.841Z,441.34,CANCELLED
ORD-1786976374130-46D61950,CUST-00317,2026-02-11T09:21:08.143Z,40.44,DELIVERED
ORD-1786976374130-A9C8C153,CUST-00709,2025-07-20T08:08:34.959Z,280.80,COMPLETED
ORD-1786976374130-0B6A68A1,CUST-00351,2025-10-30T20:35:35.330Z,42.62,CANCELLED
ORD-1786976374130-8D54BF90,CUST-00087,2026-05-08T13:34:55.756Z,381.35,CANCELLED
ORD-1786976374130-0C7BD4AC,CUST-00651,2026-06-14T22:38:32.127Z,38.03,CANCELLED
ORD-1786976374130-381BDB68,CUST-00628,2026-08-11T23:24:40.178Z,321.96,COMPLETED
ORD-1786976374130-E335E336,CUST-00883,2026-03-02T17:46:48.934Z,55.72,PROCESSING
ORD-1786976374130-E7EDB6EB,CUST-00424,2025-10-16T16:38:48.935Z,414.38,COMPLETED
ORD-1786976374130-FD82B9FE,CUST-00107,2025-08-24T13:12:23.835Z,341.07,CANCELLED
ORD-1786976374130-8D9D730A,CUST-00488,2025-07-14T20:43:04.463Z,393.31,PENDING
ORD-1786976374130-2A1298E1,CUST-00242,2025-10-09T23:51:54.544Z,174.80,PROCESSING
ORD-1786976374130-9469119C,CUST-00660,2025-10-21T01:12:13.908Z,368.75,COMPLETED
ORD-1786976374130-6F8991F4,CUST-00844,2026-07-11T23:45:19.941Z,441.80,COMPLETED
ORD-1786976374131-E387BFF6,CUST-00747,2026-01-27T02:54:27.965Z,378.79,PENDING
ORD-1786976374131-B92DCF60,CUST-00606,2025-10-27T11:56:13.422Z,254.70,COMPLETED
ORD-1786976374131-AA2487FD,CUST-00785,2026-03-09T15:04:00.824Z,211.09,CANCELLED
ORD-1786976374131-C3C0CD33,CUST-00283,2025-03-03T21:44:31.441Z,207.71,CANCELLED
ORD-1786976374131-FF67CCEF,CUST-00560,2025-04-24T00:42:48.541Z,10.70,CANCELLED
ORD-1786976374131-065A8681,CUST-00397,2026-04-14T09:01:36.497Z,215.74,CANCELLED
ORD-1786976374131-D2E7C6C6,CUST-00861,2026-04-12T19:22:19.885Z,452.65,CANCELLED
ORD-1786976374131-91A6E801,CUST-00397,2025-03-16T14:34:03.726Z,267.32,CANCELLED
ORD-1786976374131-46E1E5EF,CUST-00414,2025-11-09T01:59:53.472Z,134.71,DELIVERED
ORD-1786976374131-38D549A1,CUST-00155,2025-05-26T16:26:48.825Z,130.03,PROCESSING
ORD-1786976374131-B16DE48A,CUST-00943,2025-08-07T10:02:45.383Z,154.78,SHIPPED
ORD-1786976374131-662F07C3,CUST-00085,2026-04-28T21:05:31.576Z,82.66,PROCESSING
ORD-1786976374131-E12C3F9B,CUST-00479,2025-01-07T17:51:57.107Z,397.09,DELIVERED
ORD-1786976374131-A31BEFA2,CUST-00941,2026-04-05T12:46:56.697Z,136.26,SHIPPED
ORD-1786976374131-8556AB8D,CUST-00828,2025-10-17T05:47:11.987Z,348.43,DELIVERED
ORD-1786976374131-89D41732,CUST-00889,2026-05-17T11:17:08.429Z,241.66,PROCESSING
ORD-1786976374131-C7507439,CUST-00770,2026-08-06T11:02:05.727Z,139.68,PENDING
ORD-1786976374131-20491FAA,CUST-00993,2025-03-11T22:36:54.099Z,172.80,SHIPPED
ORD-1786976374131-185098BA,CUST-00684,2025-03-18T14:18:34.103Z,427.30,DELIVERED
ORD-1786976374131-383CFD8E,CUST-00413,2026-07-31T13:01:36.079Z,47.27,COMPLETED
ORD-1786976374131-D443137A,CUST-00137,2025-03-28T04:44:04.046Z,492.22,COMPLETED
ORD-1786976374131-6D784150,CUST-00058,2026-07-14T16:03:12.661Z,273.61,DELIVERED
ORD-1786976374131-7ABD4B16,CUST-00688,2025-05-11T00:57:52.008Z,238.94,CANCELLED
ORD-1786976374131-07D8C351,CUST-00777,2025-04-10T23:18:19.738Z,504.89,PENDING
ORD-1786976374131-7DC9A2E7,CUST-00389,2025-03-05T17:48:31.073Z,25.77,SHIPPED
ORD-1786976374131-8BA13CC1,CUST-00556,2025-08-04T21:40:03.051Z,433.86,CANCELLED
ORD-1786976374131-45A7FFC4,CUST-00152,2026-04-27T01:31:35.266Z,493.55,PROCESSING
ORD-1786976374131-F66FE094,CUST-00667,2025-12-08T05:32:41.447Z,175.44,SHIPPED
ORD-1786976374131-9DD59356,CUST-00435,2026-07-30T14:58:56.129Z,12.99,PROCESSING
ORD-1786976374131-10596C79,CUST-00308,2025-02-14T02:41:01.086Z,71.65,COMPLETED
ORD-1786976374131-FCF66932,CUST-00702,2026-04-29T16:38:46.253Z,459.30,PROCESSING
ORD-1786976374131-F19FB74F,CUST-00533,2026-08-07T15:34:15.508Z,90.67,CANCELLED
ORD-1786976374131-6CF22C39,CUST-00311,2026-02-03T13:39:40.591Z,164.31,SHIPPED
ORD-1786976374131-6201EC25,CUST-00567,2026-02-16T10:06:52.866Z,353.27,SHIPPED
ORD-1786976374131-0255DF4A,CUST-00209,2026-07-29T21:25:55.878Z,444.22,SHIPPED
ORD-1786976374131-BBAC75E0,CUST-00519,2025-09-28T14:08:00.361Z,55.19,COMPLETED
ORD-1786976374131-1D456EA5,CUST-00006,2025-11-17T19:16:24.306Z,315.29,CANCELLED
ORD-1786976374131-2C3D004B,CUST-00916,2026-07-02T08:19:45.886Z,70.31,PENDING
ORD-1786976374131-54B207D4,CUST-00624,2025-10-18T11:23:56.436Z,247.68,CANCELLED
ORD-1786976374131-2A11EFC8,CUST-00146,2025-07-28T21:23:04.273Z,36.93,SHIPPED
ORD-1786976374131-ACFE0463,CUST-00348,2025-08-05T15:09:32.330Z,159.86,DELIVERED
ORD-1786976374131-61C11BA7,CUST-00547,2026-06-19T10:19:11.144Z,445.47,SHIPPED
ORD-1786976374131-D75E8C28,CUST-00315,2026-04-02T03:46:41.356Z,230.62,PROCESSING
ORD-1786976374131-5F6D4CDA,CUST-00054,2025-05-06T21:39:45.780Z,467.60,PROCESSING
ORD-1786976374131-09842F2E,CUST-00883,2026-03-07T16:33:25.739Z,484.37,COMPLETED
ORD-1786976374131-826331FA,CUST-00348,2025-03-10T00:22:57.699Z,109.82,PENDING
ORD-1786976374131-B4B7FB93,CUST-00173,2026-07-26T23:45:26.511Z,443.88,DELIVERED
ORD-1786976374131-2F292C50,CUST-00717,2025-11-21T03:03:24.011Z,396.33,DELIVERED
ORD-1786976374131-7802C65D,CUST-00624,2025-01-27T21:28:21.497Z,143.03,CANCELLED
ORD-1786976374131-D1E6CED5,CUST-00557,2026-06-11T16:13:41.830Z,441.39,PROCESSING
ORD-1786976374131-8B56936E,CUST-00582,2026-07-28T11:48:51.824Z,477.15,PROCESSING
ORD-1786976374131-A8FF6A8D,CUST-00106,2025-04-20T19:14:57.803Z,435.13,PROCESSING
ORD-1786976374131-488C2972,CUST-00662,2026-08-07T15:33:21.898Z,405.12,COMPLETED
ORD-1786976374131-6EA5C255,CUST-00810,2025-12-28T15:46:21.689Z,363.76,SHIPPED
ORD-1786976374131-F259E4F9,CUST-00437,2025-06-16T16:00:35.170Z,189.88,PROCESSING
ORD-1786976374131-3DF05B0F,CUST-00137,2025-01-11T02:16:49.314Z,274.51,CANCELLED
ORD-1786976374131-7A5B6A80,CUST-00704,2026-06-12T16:13:18.545Z,140.73,SHIPPED
ORD-1786976374131-2FC2FFCA,CUST-00977,2025-04-08T05:51:26.238Z,455.23,PROCESSING
ORD-1786976374131-4DF6A216,CUST-00560,2026-07-31T13:57:56.462Z,174.81,PENDING
ORD-1786976374131-F0EBFF89,CUST-00519,2026-01-01T12:29:09.853Z,403.70,PROCESSING
ORD-1786976374131-39E26714,CUST-00292,2025-02-07T05:26:31.629Z,329.99,COMPLETED
ORD-1786976374131-0598F78E,CUST-00017,2026-01-03T07:46:05.519Z,453.93,PENDING
ORD-1786976374131-2CF3BDE1,CUST-00862,2025-08-22T04:18:53.174Z,162.21,PENDING
ORD-1786976374131-197766E1,CUST-00236,2026-04-06T16:00:12.903Z,227.56,DELIVERED
ORD-1786976374131-94CAF742,CUST-00378,2025-11-14T05:38:31.479Z,251.59,PROCESSING
ORD-1786976374131-F0FB3F73,CUST-00804,2026-02-18T08:04:37.266Z,206.88,CANCELLED
ORD-1786976374131-1DE2E11D,CUST-00489,2026-06-05T16:30:44.296Z,432.94,COMPLETED
ORD-1786976374131-A09F3479,CUST-00339,2026-06-12T09:32:26.757Z,369.78,CANCELLED
ORD-1786976374131-1AB4DE0B,CUST-00025,2025-04-28T16:46:59.688Z,346.76,PENDING
ORD-1786976374131-56EE29D8,CUST-00497,2026-07-01T07:13:13.367Z,248.38,CANCELLED
ORD-1786976374131-A79538FD,CUST-00406,2026-02-23T07:44:01.146Z,144.09,DELIVERED
ORD-1786976374131-1C00DCB4,CUST-00012,2025-01-29T22:28:16.668Z,312.58,SHIPPED
ORD-1786976374131-905F15EC,CUST-00040,2025-11-13T02:49:22.318Z,445.30,PENDING
ORD-1786976374131-7B35FD06,CUST-00322,2026-06-08T02:40:56.028Z,338.84,PROCESSING
ORD-1786976374131-B6962830,CUST-00756,2026-03-04T20:09:35.350Z,284.19,DELIVERED
ORD-1786976374131-8D74CBDC,CUST-00602,2025-10-26T17:38:44.223Z,82.78,SHIPPED
ORD-1786976374131-3B8373EA,CUST-00262,2025-01-01T15:31:20.842Z,94.33,PROCESSING
ORD-1786976374131-FED0C573,CUST-00549,2025-11-21T07:03:40.309Z,23.40,PENDING
ORD-1786976374131-B0B42922,CUST-00892,2026-05-18T10:00:06.546Z,262.52,PENDING
ORD-1786976374131-66D3F6B8,CUST-00545,2025-06-12T21:52:13.467Z,199.36,CANCELLED
ORD-1786976374131-1C798165,CUST-00728,2025-07-27T16:27:17.262Z,301.61,DELIVERED
ORD-1786976374131-5DACFBFB,CUST-00247,2025-09-02T11:28:45.411Z,200.24,CANCELLED
ORD-1786976374131-826C3874,CUST-00131,2026-02-28T10:10:02.835Z,56.62,PENDING
ORD-1786976374131-526C82FE,CUST-00198,2026-01-05T04:46:14.228Z,437.59,PENDING
ORD-1786976374131-C47C7277,CUST-00945,2026-06-10T10:21:47.829Z,302.75,PENDING
ORD-1786976374131-9BCCE10F,CUST-00876,2025-11-05T10:56:01.459Z,393.69,CANCELLED
ORD-1786976374131-F8A41EE1,CUST-00565,2026-05-01T22:22:46.454Z,477.69,DELIVERED
ORD-1786976374131-73126C08,CUST-00539,2025-09-25T07:18:28.925Z,293.14,DELIVERED
ORD-1786976374131-D431DA90,CUST-00977,2026-01-05T14:44:43.517Z,36.78,SHIPPED
ORD-1786976374131-91CFFF7A,CUST-00736,2026-08-06T20:52:40.513Z,296.63,COMPLETED
ORD-1786976374131-A2C94B93,CUST-00364,2025-07-29T06:29:43.563Z,365.51,PROCESSING
ORD-1786976374131-05D327B2,CUST-00135,2025-08-27T21:35:58.266Z,181.70,PROCESSING
ORD-1786976374131-E3461CFE,CUST-00156,2026-03-31T00:37:10.349Z,469.56,PENDING
ORD-1786976374131-36DE65F7,CUST-00684,2025-01-22T04:05:49.901Z,413.94,PENDING
ORD-1786976374131-887F4774,CUST-00588,2026-02-22T19:53:14.317Z,93.36,PENDING
ORD-1786976374131-537DA619,CUST-00039,2025-11-21T18:33:55.673Z,427.60,SHIPPED
ORD-1786976374131-B2CE1638,CUST-00911,2025-12-07T19:30:42.566Z,32.05,DELIVERED
ORD-1786976374131-FDF136B1,CUST-00516,2025-05-28T03:05:02.491Z,73.08,COMPLETED
ORD-1786976374131-F24BCF9C,CUST-00146,2025-05-26T16:06:04.479Z,354.08,COMPLETED
ORD-1786976374131-AD429D6A,CUST-00151,2025-05-31T10:04:33.140Z,373.39,PENDING
ORD-1786976374131-1586FA4C,CUST-00697,2026-02-20T14:18:49.609Z,283.76,PROCESSING
ORD-1786976374131-5B44F9A2,CUST-00422,2025-12-31T14:49:34.077Z,340.25,PROCESSING
ORD-1786976374131-69B700B0,CUST-00189,2025-04-26T16:56:07.297Z,101.04,SHIPPED
ORD-1786976374131-A1336523,CUST-00110,2026-01-12T22:20:17.766Z,202.73,PENDING
ORD-1786976374131-F1AC079F,CUST-00559,2025-08-26T01:33:04.488Z,151.32,PENDING
ORD-1786976374131-D1492A36,CUST-00657,2026-03-23T00:18:04.108Z,231.39,SHIPPED
ORD-1786976374131-EA77D65D,CUST-00857,2025-11-30T10:55:04.426Z,20.38,CANCELLED
ORD-1786976374131-FC45776A,CUST-00084,2026-05-02T05:50:07.290Z,465.36,DELIVERED
ORD-1786976374131-15EAA412,CUST-00764,2026-03-31T04:35:57.228Z,257.34,COMPLETED
ORD-1786976374131-CA7A5602,CUST-00509,2026-08-01T09:15:28.198Z,434.00,DELIVERED
ORD-1786976374131-CE945A10,CUST-00587,2025-02-14T13:28:02.201Z,255.41,DELIVERED
ORD-1786976374131-8537D459,CUST-00867,2026-03-01T01:35:45.428Z,79.41,DELIVERED
ORD-1786976374131-2E8BD19C,CUST-00301,2026-04-25T22:16:52.959Z,318.48,COMPLETED
ORD-1786976374131-09D2001C,CUST-00491,2026-05-16T07:36:21.911Z,453.94,CANCELLED
ORD-1786976374131-03002DC2,CUST-00381,2025-05-25T20:15:12.562Z,248.76,CANCELLED
ORD-1786976374131-596F2151,CUST-00231,2025-10-28T05:27:02.300Z,412.75,CANCELLED
ORD-1786976374131-5624520A,CUST-00562,2025-08-25T09:25:58.582Z,25.77,PROCESSING
ORD-1786976374131-462A26AF,CUST-00772,2025-07-05T23:19:36.999Z,161.99,DELIVERED
ORD-1786976374131-6318B891,CUST-00510,2025-03-19T23:06:47.325Z,454.93,DELIVERED
ORD-1786976374131-744C36AB,CUST-00405,2026-07-25T09:33:09.739Z,196.88,CANCELLED
ORD-1786976374131-911F796F,CUST-00635,2025-02-08T15:38:08.514Z,162.63,SHIPPED
ORD-1786976374131-FB6ECE3C,CUST-00769,2026-05-05T19:15:11.025Z,41.05,PROCESSING
ORD-1786976374131-08A814CB,CUST-00048,2026-04-08T15:02:13.191Z,391.04,PROCESSING
ORD-1786976374131-7B0D23AD,CUST-00146,2025-06-25T03:32:45.977Z,219.47,CANCELLED
ORD-1786976374131-ED9E0A11,CUST-00827,2026-01-05T14:47:45.594Z,315.13,CANCELLED
ORD-1786976374131-E6074E5B,CUST-00665,2026-01-18T03:14:49.635Z,246.52,COMPLETED
ORD-1786976374131-5BF0A695,CUST-00781,2025-11-11T16:01:08.569Z,386.68,CANCELLED
ORD-1786976374131-B92BA6AB,CUST-00300,2025-10-06T10:02:57.874Z,488.49,PENDING
ORD-1786976374131-BF95C2DA,CUST-00482,2025-08-09T04:12:02.149Z,240.70,DELIVERED
ORD-1786976374131-6EA02190,CUST-00689,2026-02-03T19:30:49.013Z,27.31,CANCELLED
ORD-1786976374131-EA6A6F34,CUST-00013,2025-09-17T08:48:16.309Z,490.86,SHIPPED
ORD-1786976374131-FB057C44,CUST-00479,2025-01-19T17:56:39.260Z,452.75,COMPLETED
ORD-1786976374131-CD286719,CUST-00447,2026-06-30T18:29:47.373Z,251.59,PENDING
ORD-1786976374131-03B41C7F,CUST-00347,2026-06-27T01:35:39.419Z,381.49,CANCELLED
ORD-1786976374131-A6E58D42,CUST-00570,2026-04-11T05:16:57.004Z,324.75,CANCELLED
ORD-1786976374131-89E937E4,CUST-00151,2025-01-08T19:35:01.245Z,111.19,DELIVERED
ORD-1786976374131-3B1C9B5F,CUST-00323,2025-06-25T19:52:41.765Z,390.10,PENDING
ORD-1786976374131-AA62A683,CUST-00598,2025-11-17T12:09:57.411Z,259.40,PENDING
ORD-1786976374131-9EF529AF,CUST-00902,2026-04-14T12:01:05.163Z,201.21,COMPLETED
ORD-1786976374131-E6706247,CUST-00668,2026-04-07T00:16:15.347Z,453.93,COMPLETED
ORD-1786976374131-CE69008E,CUST-00876,2026-05-16T05:37:15.780Z,298.56,PROCESSING
ORD-1786976374131-2A1FABEF,CUST-00306,2025-06-07T12:43:57.041Z,160.13,PENDING
ORD-1786976374131-71E8B864,CUST-00456,2025-07-24T05:11:45.248Z,454.18,PROCESSING
ORD-1786976374131-F16962EF,CUST-00887,2025-07-21T19:37:20.360Z,466.33,PROCESSING
ORD-1786976374131-9F35684A,CUST-00907,2026-02-27T19:14:16.698Z,484.23,DELIVERED
ORD-1786976374131-78677934,CUST-00856,2025-04-21T18:36:55.047Z,92.93,CANCELLED
ORD-1786976374131-25DDCEB6,CUST-00566,2025-06-14T19:35:56.958Z,109.84,SHIPPED
ORD-1786976374131-4E388DFA,CUST-00668,2025-11-13T21:25:11.076Z,442.01,PROCESSING
ORD-1786976374131-4BF07357,CUST-00357,2025-05-13T07:33:58.661Z,403.08,COMPLETED
ORD-1786976374131-685E133A,CUST-00835,2025-10-19T12:12:44.929Z,487.79,DELIVERED
ORD-1786976374131-AFE69C4F,CUST-00554,2025-11-10T19:30:20.953Z,508.09,DELIVERED
ORD-1786976374131-D1550C93,CUST-00361,2025-05-20T14:54:33.072Z,393.83,PENDING
ORD-1786976374131-F0F462F9,CUST-00717,2026-04-02T02:19:41.400Z,301.59,CANCELLED
ORD-1786976374131-654DF2A5,CUST-00378,2026-06-21T05:09:31.096Z,191.88,PROCESSING
ORD-1786976374131-95F54E56,CUST-00768,2025-11-21T08:11:43.061Z,469.27,COMPLETED
ORD-1786976374131-0FF0D24D,CUST-00764,2025-02-18T20:02:59.237Z,435.24,CANCELLED
ORD-1786976374131-94DDF34C,CUST-00973,2025-01-31T12:21:52.914Z,162.14,SHIPPED
ORD-1786976374131-0A16E9D5,CUST-00361,2025-10-04T11:57:21.579Z,474.18,PROCESSING
ORD-1786976374131-E98AB2F7,CUST-00724,2025-09-08T21:52:56.461Z,207.45,CANCELLED
ORD-1786976374131-EFD5DAD2,CUST-00618,2025-04-19T21:53:57.440Z,190.57,PROCESSING
ORD-1786976374131-9AB5D794,CUST-00506,2026-03-19T18:35:47.670Z,236.37,DELIVERED
ORD-1786976374131-596FFE34,CUST-00763,2025-02-16T21:31:04.365Z,37.09,PROCESSING
ORD-1786976374131-D4AB72A7,CUST-00056,2026-01-24T15:25:18.536Z,356.30,SHIPPED
ORD-1786976374131-3DF5F2F0,CUST-00773,2026-01-13T21:32:50.291Z,262.76,COMPLETED
ORD-1786976374131-4A5E81A1,CUST-00345,2025-08-27T19:46:14.039Z,321.30,COMPLETED
ORD-1786976374131-638A2F52,CUST-00765,2026-07-11T16:23:18.666Z,309.27,SHIPPED
ORD-1786976374131-AC0BF18B,CUST-00376,2026-03-03T03:37:54.083Z,411.44,SHIPPED
ORD-1786976374131-E81C6157,CUST-00753,2026-03-24T18:13:21.871Z,102.54,SHIPPED
ORD-1786976374131-914F45F0,CUST-00101,2026-02-09T12:28:20.567Z,377.94,DELIVERED
ORD-1786976374131-17D0C5FE,CUST-00871,2026-05-30T18:07:01.916Z,130.64,PENDING
ORD-1786976374131-EC03E201,CUST-00919,2025-08-19T14:55:27.646Z,198.48,DELIVERED
ORD-1786976374131-8EE71009,CUST-00637,2025-04-02T10:43:56.572Z,420.68,PENDING
ORD-1786976374131-80DDF240,CUST-00485,2025-08-05T12:46:02.918Z,128.23,COMPLETED
ORD-1786976374131-A96615EB,CUST-00860,2026-05-05T23:00:17.244Z,325.20,PROCESSING
ORD-1786976374131-D7908123,CUST-00949,2025-09-03T09:03:01.011Z,154.79,SHIPPED
ORD-1786976374131-F18FDCE2,CUST-00744,2025-09-26T07:06:51.986Z,500.33,COMPLETED
ORD-1786976374131-23C9B9F8,CUST-00243,2025-11-19T22:36:04.496Z,45.44,COMPLETED
ORD-1786976374131-D1BBA886,CUST-00954,2026-05-01T01:56:25.441Z,150.09,DELIVERED
ORD-1786976374131-4F4CFA31,CUST-00771,2025-11-19T07:22:29.390Z,377.90,SHIPPED
ORD-1786976374131-F4296B96,CUST-00005,2025-02-03T21:15:08.203Z,309.23,CANCELLED
ORD-1786976374131-0A6BD682,CUST-00969,2026-03-14T18:09:46.938Z,351.52,SHIPPED
ORD-1786976374131-0C5C2D56,CUST-00511,2025-05-24T09:17:52.499Z,235.53,PENDING
ORD-1786976374131-4A25FEE9,CUST-00434,2026-05-02T06:00:06.048Z,44.23,CANCELLED
ORD-1786976374131-6C20EC6C,CUST-00419,2026-05-29T00:07:00.864Z,62.28,PROCESSING
ORD-1786976374131-C48FCFD2,CUST-00432,2026-07-04T18:02:42.946Z,285.38,SHIPPED
ORD-1786976374131-3AAA6CDB,CUST-00379,2026-08-08T15:52:51.526Z,270.96,PENDING
ORD-1786976374131-225AFB40,CUST-00153,2026-07-16T05:00:57.005Z,456.99,PROCESSING
ORD-1786976374131-3EE9D955,CUST-00942,2025-09-20T10:52:37.147Z,55.07,COMPLETED
ORD-1786976374131-BC26E54A,CUST-00566,2026-01-14T15:57:17.325Z,333.00,PROCESSING
ORD-1786976374131-D79D6723,CUST-00942,2025-05-02T17:56:33.591Z,492.54,SHIPPED
ORD-1786976374131-4B4A3F4A,CUST-00426,2026-07-27T18:08:19.000Z,356.93,CANCELLED
ORD-1786976374131-4D67F451,CUST-00948,2025-07-08T03:40:43.576Z,275.05,COMPLETED
ORD-1786976374131-0031150D,CUST-00046,2025-09-05T20:02:02.348Z,115.45,DELIVERED
ORD-1786976374131-8F70FB05,CUST-00584,2025-08-20T08:22:43.295Z,48.05,CANCELLED
ORD-1786976374131-C9775D6F,CUST-00471,2025-07-14T11:43:26.983Z,156.73,SHIPPED
ORD-1786976374131-B16A8FB9,CUST-00445,2025-03-07T23:18:25.206Z,448.86,COMPLETED
ORD-1786976374131-FBCC82CC,CUST-00795,2025-02-26T17:25:15.245Z,49.03,DELIVERED
ORD-1786976374131-A224836A,CUST-00953,2026-07-23T14:26:48.260Z,217.27,COMPLETED
ORD-1786976374131-2E90C701,CUST-00149,2025-05-25T11:05:21.372Z,450.23,PENDING
ORD-1786976374131-6A286DDD,CUST-00498,2025-09-17T09:10:05.543Z,104.59,COMPLETED
ORD-1786976374131-1B35529D,CUST-00053,2025-01-27T08:54:04.105Z,73.28,PROCESSING
ORD-1786976374131-E65B8880,CUST-00223,2026-03-16T07:41:15.650Z,123.59,DELIVERED
ORD-1786976374131-22D68BB7,CUST-00470,2026-04-14T06:16:56.518Z,323.99,SHIPPED
ORD-1786976374131-F5399FBA,CUST-00755,2026-06-19T09:29:26.328Z,423.40,CANCELLED
ORD-1786976374131-B0EA359B,CUST-00116,2026-05-17T11:16:36.617Z,383.53,DELIVERED
ORD-1786976374131-61C9FB0E,CUST-00364,2026-04-04T23:36:28.322Z,407.80,COMPLETED
ORD-1786976374131-A8F9E098,CUST-00343,2025-07-28T14:16:59.787Z,385.31,COMPLETED
ORD-1786976374131-7A2BF263,CUST-00554,2026-02-06T13:57:33.045Z,23.07,COMPLETED
ORD-1786976374131-12B7E7F0,CUST-00440,2025-09-14T06:26:33.399Z,369.18,PROCESSING
ORD-1786976374132-FD935A3E,CUST-00725,2025-10-17T15:08:29.547Z,382.37,SHIPPED
ORD-1786976374132-D6194A8C,CUST-00968,2025-12-04T21:09:29.907Z,387.56,PENDING
ORD-1786976374132-B9FF54F9,CUST-00593,2025-06-20T02:33:43.227Z,452.29,SHIPPED
ORD-1786976374132-2AE01D9C,CUST-00805,2025-05-21T00:47:19.884Z,244.09,PENDING
ORD-1786976374132-1BFE633E,CUST-00149,2026-01-18T10:18:47.703Z,262.72,COMPLETED
ORD-1786976374132-5BCD82A6,CUST-00101,2026-02-24T01:38:58.580Z,55.41,DELIVERED
ORD-1786976374132-1C756375,CUST-00596,2026-06-30T07:33:00.288Z,164.35,SHIPPED
ORD-1786976374132-0907E40F,CUST-00757,2026-07-12T00:03:01.230Z,50.63,COMPLETED
ORD-1786976374132-6E82F7AD,CUST-00549,2025-10-20T03:52:52.888Z,100.15,SHIPPED
ORD-1786976374132-3BA58667,CUST-00508,2025-10-17T03:37:18.986Z,222.29,COMPLETED
ORD-1786976374132-CE388DFF,CUST-00086,2025-02-03T00:29:05.550Z,70.19,DELIVERED
ORD-1786976374132-AEA4EE42,CUST-00739,2025-07-31T21:50:30.645Z,106.98,CANCELLED
ORD-1786976374132-C4AA1F78,CUST-00200,2025-11-29T18:38:55.038Z,377.59,SHIPPED
ORD-1786976374132-4FE6C4EA,CUST-00794,2025-01-01T04:59:02.636Z,162.22,PROCESSING
ORD-1786976374132-6846ADDF,CUST-00413,2026-01-11T22:09:27.502Z,43.56,CANCELLED
ORD-1786976374132-4C6EF71C,CUST-00002,2025-09-02T23:06:07.933Z,488.15,DELIVERED
ORD-1786976374132-F6FC22FC,CUST-00354,2025-02-22T17:07:03.970Z,414.70,PENDING
ORD-1786976374132-C0BDC7E5,CUST-00478,2026-02-13T22:18:18.806Z,43.07,DELIVERED
ORD-1786976374132-80E65F91,CUST-00562,2025-02-05T19:45:58.611Z,236.71,CANCELLED
ORD-1786976374132-0EFBD67D,CUST-00181,2025-08-10T05:34:42.310Z,333.62,SHIPPED
ORD-1786976374132-9B44F6B0,CUST-00223,2026-03-20T03:53:34.749Z,66.81,SHIPPED
ORD-1786976374132-79B21A6D,CUST-00042,2025-08-06T10:31:44.043Z,54.76,PENDING
ORD-1786976374132-73E9E8A6,CUST-00824,2025-02-01T19:50:39.913Z,164.74,SHIPPED
ORD-1786976374132-1A433A7D,CUST-00910,2025-02-18T01:43:24.376Z,91.81,DELIVERED
ORD-1786976374132-42D5AEB5,CUST-00831,2025-08-07T03:42:36.712Z,341.75,PROCESSING
ORD-1786976374132-90F428A0,CUST-00666,2026-07-08T04:02:38.464Z,358.30,CANCELLED
ORD-1786976374132-198016C2,CUST-00648,2025-06-27T00:08:08.041Z,482.15,PENDING
ORD-1786976374132-C62997BC,CUST-00432,2025-11-28T21:36:55.892Z,260.92,DELIVERED
ORD-1786976374132-21E05F5D,CUST-00297,2026-05-30T05:20:19.029Z,57.78,CANCELLED
ORD-1786976374132-2289B427,CUST-00629,2026-07-09T22:09:55.322Z,230.73,SHIPPED
ORD-1786976374132-E50AA5C6,CUST-00436,2026-01-03T19:22:20.525Z,214.90,PROCESSING
ORD-1786976374132-8BC51E91,CUST-00536,2025-04-05T02:55:34.361Z,451.65,DELIVERED
ORD-1786976374132-5B4BB210,CUST-00308,2025-01-26T16:38:59.211Z,42.20,PROCESSING
ORD-1786976374132-D8DB7141,CUST-00552,2026-04-27T11:33:32.037Z,260.29,SHIPPED
ORD-1786976374132-7F138D41,CUST-00651,2026-04-12T22:08:20.705Z,43.62,PROCESSING
ORD-1786976374132-C66176C4,CUST-00881,2025-07-31T12:15:54.015Z,93.78,DELIVERED
ORD-1786976374132-21CFB550,CUST-00254,2025-12-18T10:22:47.152Z,334.18,PROCESSING
ORD-1786976374132-ED5D37A5,CUST-00981,2026-04-25T04:22:22.517Z,454.04,CANCELLED
ORD-1786976374132-76AB5FA5,CUST-00586,2025-05-12T22:00:38.292Z,467.32,SHIPPED
ORD-1786976374132-76122145,CUST-00692,2025-05-10T20:24:31.632Z,262.51,SHIPPED
ORD-1786976374132-5FF70022,CUST-00002,2025-10-26T10:36:06.846Z,356.56,PENDING
ORD-1786976374132-717F064C,CUST-00720,2025-07-11T01:17:35.354Z,477.57,DELIVERED
ORD-1786976374132-1793E3F3,CUST-00292,2026-07-04T06:50:57.546Z,427.73,PROCESSING
ORD-1786976374132-8A1F5CE1,CUST-00682,2026-04-29T01:34:22.424Z,397.67,CANCELLED
ORD-1786976374132-63F0264C,CUST-00043,2025-07-24T14:24:01.730Z,393.53,SHIPPED
ORD-1786976374132-7D743986,CUST-00724,2025-10-03T20:42:59.204Z,398.94,COMPLETED
ORD-1786976374132-3915F43F,CUST-00773,2026-03-11T04:16:22.176Z,92.46,SHIPPED
ORD-1786976374132-70ECB31F,CUST-00367,2026-03-26T23:42:38.699Z,13.52,PROCESSING
ORD-1786976374132-9FA554BF,CUST-00659,2026-06-13T02:51:38.688Z,311.18,COMPLETED
ORD-1786976374132-A54B5B00,CUST-00245,2025-06-05T06:32:21.063Z,70.56,PENDING
ORD-1786976374132-62C50361,CUST-00624,2026-01-10T18:28:47.546Z,216.64,PENDING
ORD-1786976374132-485D6912,CUST-00208,2025-07-22T01:05:39.148Z,367.25,PENDING
ORD-1786976374132-E647AFE7,CUST-00206,2025-11-25T04:40:20.296Z,349.08,COMPLETED
ORD-1786976374132-5F24A981,CUST-00530,2026-05-11T13:35:52.590Z,372.30,COMPLETED
ORD-1786976374132-1D1D22E0,CUST-00518,2025-05-11T16:04:03.876Z,265.93,PROCESSING
ORD-1786976374132-2A21B23A,CUST-00393,2026-05-26T01:35:10.283Z,415.94,PENDING
ORD-1786976374132-444203F3,CUST-00894,2025-12-16T21:13:40.607Z,321.93,COMPLETED
ORD-1786976374132-274275B5,CUST-00350,2025-08-17T10:44:02.387Z,196.93,DELIVERED
ORD-1786976374132-8C1A199E,CUST-00086,2025-10-05T23:18:32.131Z,272.34,PROCESSING
ORD-1786976374132-1CA8CB68,CUST-00205,2026-04-22T23:29:16.691Z,321.07,DELIVERED
ORD-1786976374132-82B08703,CUST-00670,2026-05-18T00:45:43.865Z,134.24,SHIPPED
ORD-1786976374132-71EF38BD,CUST-00229,2025-07-29T08:48:30.010Z,333.39,PROCESSING
ORD-1786976374132-8934AB05,CUST-00565,2025-08-21T09:22:15.277Z,122.33,PENDING
ORD-1786976374132-19ECBD35,CUST-00048,2025-11-14T22:21:25.444Z,166.82,DELIVERED
ORD-1786976374132-5FE9C1A7,CUST-00135,2025-07-23T20:50:12.319Z,476.23,PENDING
ORD-1786976374132-02D2A9F6,CUST-00877,2025-05-28T01:13:40.970Z,136.63,PENDING
ORD-1786976374132-B37898A3,CUST-00194,2026-01-18T17:18:17.254Z,250.02,PROCESSING
ORD-1786976374132-6A511154,CUST-00610,2025-04-24T23:35:46.287Z,451.21,DELIVERED
ORD-1786976374132-AA528184,CUST-00827,2025-09-01T23:48:13.877Z,122.43,PROCESSING
ORD-1786976374132-38708F70,CUST-00800,2025-03-20T18:37:31.237Z,284.73,PROCESSING
ORD-1786976374132-2F6C32E4,CUST-00016,2026-07-30T12:35:29.489Z,463.17,SHIPPED
ORD-1786976374132-17F9F971,CUST-00347,2025-10-29T18:16:36.019Z,336.43,CANCELLED
ORD-1786976374132-0ADF4FA2,CUST-00541,2026-06-30T00:09:34.425Z,266.85,DELIVERED
ORD-1786976374132-A3D3CF36,CUST-00289,2026-05-26T05:02:32.048Z,436.16,PENDING
ORD-1786976374132-88B50EFA,CUST-00303,2025-07-05T14:04:02.393Z,505.06,PROCESSING
ORD-1786976374132-D8EF3E9B,CUST-00057,2025-05-22T22:22:29.452Z,415.91,SHIPPED
ORD-1786976374132-B21BC999,CUST-00605,2025-05-16T21:56:28.443Z,465.43,PENDING
ORD-1786976374132-65D70E3A,CUST-00767,2025-10-12T19:07:17.821Z,134.91,SHIPPED
ORD-1786976374132-1C12CB3E,CUST-00139,2026-01-13T00:07:50.333Z,501.54,PENDING
ORD-1786976374132-D50EAAE3,CUST-00872,2026-03-25T11:27:50.011Z,433.57,CANCELLED
ORD-1786976374132-F30FDB04,CUST-00497,2025-04-23T10:40:59.005Z,474.20,PENDING
ORD-1786976374132-E02B1F03,CUST-00589,2026-06-09T16:10:18.421Z,410.60,PROCESSING
ORD-1786976374132-5FA9F10D,CUST-00622,2025-08-28T16:14:00.164Z,246.20,COMPLETED
ORD-1786976374132-A7BE27E8,CUST-00029,2025-01-11T17:25:27.736Z,308.36,DELIVERED
ORD-1786976374132-2F556DDB,CUST-00878,2026-02-20T15:44:07.929Z,247.62,PROCESSING
ORD-1786976374132-FC5C9756,CUST-00083,2025-09-06T03:31:00.984Z,498.82,PROCESSING
ORD-1786976374132-2FDFABC5,CUST-00194,2026-06-21T18:16:35.112Z,507.09,SHIPPED
ORD-1786976374132-B3A23B9C,CUST-00495,2025-08-26T17:05:08.514Z,23.46,PENDING
ORD-1786976374132-9F323202,CUST-00962,2026-07-02T06:31:39.881Z,134.02,SHIPPED
ORD-1786976374132-1002D588,CUST-00234,2025-07-03T11:18:32.915Z,227.32,PENDING
ORD-1786976374132-6B520115,CUST-00436,2025-08-07T18:02:11.421Z,402.21,DELIVERED
ORD-1786976374132-F1A05208,CUST-00793,2025-05-08T12:12:23.392Z,489.00,CANCELLED
ORD-1786976374132-CD455AAF,CUST-00903,2025-03-31T13:34:58.945Z,27.63,DELIVERED
ORD-1786976374132-C02F7FB2,CUST-00495,2025-02-16T02:01:33.676Z,188.66,PROCESSING
ORD-1786976374132-D1CC2119,CUST-00454,2025-11-09T00:26:00.564Z,402.67,PROCESSING
ORD-1786976374132-0575B0DE,CUST-00618,2026-01-23T11:28:08.800Z,218.15,COMPLETED
ORD-1786976374132-FB8B63C5,CUST-00746,2025-06-10T21:30:00.770Z,260.45,CANCELLED
ORD-1786976374132-57E9B8B6,CUST-00144,2026-05-07T10:25:06.463Z,46.80,COMPLETED
ORD-1786976374132-FA4347BE,CUST-00040,2026-05-01T16:44:24.128Z,205.89,CANCELLED
ORD-1786976374132-3244AF49,CUST-00995,2026-06-02T16:59:03.498Z,354.59,PROCESSING
ORD-1786976374132-1BF94BB0,CUST-00366,2025-09-13T23:39:29.048Z,70.95,CANCELLED
ORD-1786976374132-B149B985,CUST-00075,2026-03-19T08:59:03.539Z,494.87,DELIVERED
ORD-1786976374132-38A681C3,CUST-00310,2025-09-22T04:35:47.739Z,501.61,PROCESSING
ORD-1786976374132-C23B89A7,CUST-00935,2026-04-10T12:36:00.659Z,309.31,CANCELLED
ORD-1786976374132-B414284B,CUST-00938,2025-10-02T17:31:41.054Z,323.43,DELIVERED
ORD-1786976374132-FB6EE15A,CUST-00897,2025-03-19T03:33:21.563Z,184.70,SHIPPED
ORD-1786976374132-6AC2DBF7,CUST-00200,2025-01-03T08:04:47.356Z,230.75,PENDING
ORD-1786976374132-2631FD39,CUST-00731,2026-03-22T09:45:04.438Z,18.68,DELIVERED
ORD-1786976374132-11DA97C8,CUST-00197,2026-08-01T04:29:41.422Z,228.09,PENDING
ORD-1786976374132-BA0FD036,CUST-00594,2025-12-12T22:02:31.212Z,311.89,CANCELLED
ORD-1786976374132-98593024,CUST-00169,2025-02-11T03:25:37.701Z,493.00,SHIPPED
ORD-1786976374132-DD6A68CA,CUST-00401,2026-01-22T05:13:09.357Z,365.32,COMPLETED
ORD-1786976374132-1651CDB0,CUST-00189,2025-11-17T00:13:52.520Z,226.14,PENDING
ORD-1786976374132-A6FABE71,CUST-00007,2026-05-30T21:46:42.031Z,435.00,PROCESSING
ORD-1786976374132-2503A99B,CUST-00940,2026-06-12T05:18:51.178Z,450.42,COMPLETED
ORD-1786976374132-EDEC4903,CUST-00340,2026-02-27T06:57:56.032Z,56.97,COMPLETED
ORD-1786976374132-97FD09C1,CUST-00588,2026-01-17T03:47:51.871Z,130.43,DELIVERED
ORD-1786976374132-0BCC0B2A,CUST-00014,2025-10-01T00:07:47.965Z,83.76,PROCESSING
ORD-1786976374132-D9F32BD2,CUST-00364,2025-11-25T08:27:19.694Z,504.38,COMPLETED
ORD-1786976374132-75EC5518,CUST-00990,2025-04-05T14:02:32.939Z,28.06,PROCESSING
ORD-1786976374132-9E48EB72,CUST-00881,2026-06-07T06:37:44.789Z,381.71,SHIPPED
ORD-1786976374132-6DA340B3,CUST-00848,2026-02-11T07:39:20.426Z,233.42,COMPLETED
ORD-1786976374132-DC945EE2,CUST-00491,2026-04-16T05:12:12.976Z,84.83,SHIPPED
ORD-1786976374132-40C6308E,CUST-00217,2026-05-12T21:32:12.426Z,43.64,PROCESSING
ORD-1786976374132-498BD966,CUST-00034,2025-12-29T10:32:30.758Z,246.08,CANCELLED
ORD-1786976374132-824927D9,CUST-00714,2025-01-27T21:56:45.514Z,137.50,COMPLETED
ORD-1786976374132-97F1CC71,CUST-00580,2025-02-03T14:49:21.798Z,338.36,CANCELLED
ORD-1786976374132-390D7DF4,CUST-00089,2025-03-17T10:01:27.197Z,266.66,PROCESSING
ORD-1786976374132-B87E6AE5,CUST-00525,2025-04-28T12:03:08.421Z,178.46,COMPLETED
ORD-1786976374132-7CA387C6,CUST-00972,2025-04-22T00:54:14.114Z,300.66,CANCELLED
ORD-1786976374132-85E70A15,CUST-00435,2026-07-25T00:26:55.478Z,52.63,PENDING
ORD-1786976374132-1B39788B,CUST-00348,2025-12-27T04:07:13.826Z,214.30,CANCELLED
ORD-1786976374132-F2206363,CUST-00352,2026-05-26T14:43:01.236Z,137.88,DELIVERED
ORD-1786976374132-C3C6D323,CUST-00018,2026-05-24T22:40:21.747Z,434.15,PENDING
ORD-1786976374132-0ED0717D,CUST-00265,2025-07-14T22:19:17.148Z,246.83,PENDING
ORD-1786976374132-DAC2C7C8,CUST-00755,2025-10-19T01:05:58.749Z,317.73,SHIPPED
ORD-1786976374132-90E4C592,CUST-00100,2025-05-23T02:37:11.299Z,204.04,CANCELLED
ORD-1786976374132-5B338ABF,CUST-00936,2026-07-05T03:53:28.778Z,200.36,PROCESSING
ORD-1786976374132-35D6062B,CUST-00443,2026-02-13T18:47:31.396Z,13.90,PENDING
ORD-1786976374132-EC7A5DD1,CUST-00684,2025-03-07T11:32:41.333Z,477.92,PROCESSING
ORD-1786976374132-BECD7A5E,CUST-00055,2026-01-05T21:40:30.803Z,64.91,CANCELLED
ORD-1786976374132-DD07DCB2,CUST-00023,2025-01-05T20:53:00.807Z,106.50,SHIPPED
ORD-1786976374132-BA1EAF0B,CUST-00632,2026-03-06T16:22:50.686Z,496.63,DELIVERED
ORD-1786976374132-39E952F2,CUST-00239,2025-12-21T00:12:40.794Z,29.96,SHIPPED
ORD-1786976374132-145F7544,CUST-00234,2025-04-06T04:13:55.530Z,223.25,CANCELLED
ORD-1786976374132-B1BFA628,CUST-00873,2026-05-14T14:30:17.328Z,295.88,DELIVERED
ORD-1786976374132-2947DA59,CUST-00234,2026-01-19T01:44:11.576Z,338.27,PENDING
ORD-1786976374132-50D5772C,CUST-00467,2025-04-27T21:31:37.366Z,83.03,PENDING
ORD-1786976374132-DAE30139,CUST-00910,2025-01-05T06:17:25.396Z,196.19,CANCELLED
ORD-1786976374132-481A87CE,CUST-00275,2026-04-20T14:40:36.086Z,476.06,DELIVERED
ORD-1786976374132-92B834D1,CUST-00665,2025-08-07T10:18:40.247Z,223.21,PROCESSING
ORD-1786976374132-B5A18624,CUST-00929,2025-11-19T10:30:10.925Z,388.32,SHIPPED
ORD-1786976374132-721A54FD,CUST-00840,2025-08-27T04:29:35.169Z,66.02,SHIPPED
ORD-1786976374132-D9DBD3C4,CUST-00008,2026-03-31T14:52:15.768Z,276.10,COMPLETED
ORD-1786976374132-AF4407C6,CUST-00824,2026-01-17T01:26:00.690Z,493.32,DELIVERED
ORD-1786976374132-0ECBC657,CUST-00060,2026-03-18T03:47:29.408Z,280.12,SHIPPED
ORD-1786976374132-5E2718DF,CUST-00316,2025-11-05T03:51:46.173Z,417.68,SHIPPED
ORD-1786976374132-FAF3FB5F,CUST-00974,2025-04-10T08:27:35.283Z,445.90,PENDING
ORD-1786976374132-CF016BF0,CUST-00307,2026-04-12T07:40:15.984Z,262.24,PENDING
ORD-1786976374132-5F374FF7,CUST-00538,2025-12-12T10:05:16.163Z,492.24,SHIPPED
ORD-1786976374132-3B514C88,CUST-00149,2025-07-05T07:36:00.929Z,399.78,DELIVERED
ORD-1786976374132-5541089E,CUST-00228,2026-08-10T20:09:03.893Z,260.45,PENDING
ORD-1786976374132-9CB816D4,CUST-00050,2025-10-20T07:33:55.115Z,122.71,PROCESSING
ORD-1786976374132-72FE8AA7,CUST-00687,2025-07-18T08:11:34.707Z,194.86,PROCESSING
ORD-1786976374132-39BEB03D,CUST-00732,2025-04-07T14:30:45.372Z,21.09,COMPLETED
ORD-1786976374132-CF9F22A2,CUST-00017,2025-06-16T20:58:18.036Z,53.75,DELIVERED
ORD-1786976374132-FD1F8A5D,CUST-00285,2025-09-19T18:43:36.539Z,54.90,COMPLETED
ORD-1786976374132-58DAD2CD,CUST-00559,2025-09-21T22:46:23.105Z,305.87,SHIPPED
ORD-1786976374132-9C63BD3D,CUST-00052,2026-07-24T15:39:08.024Z,492.42,PROCESSING
ORD-1786976374132-BD80FCEB,CUST-00784,2025-07-16T00:48:15.409Z,416.77,PENDING
ORD-1786976374132-AED321EC,CUST-00828,2025-09-01T02:26:08.972Z,80.20,CANCELLED
ORD-1786976374132-72A92794,CUST-00205,2026-01-16T02:37:07.002Z,70.96,COMPLETED
ORD-1786976374132-11EAB9F6,CUST-00664,2025-01-13T07:49:58.842Z,110.24,DELIVERED
ORD-1786976374132-4AB94698,CUST-00213,2025-01-13T11:43:24.822Z,135.75,COMPLETED
ORD-1786976374132-4B263422,CUST-00193,2025-06-17T03:14:12.131Z,382.40,PROCESSING
ORD-1786976374132-F6EB9B5B,CUST-00229,2026-03-06T18:25:41.933Z,216.72,CANCELLED
ORD-1786976374132-3D325B78,CUST-00589,2025-06-28T11:38:15.139Z,192.52,CANCELLED
ORD-1786976374132-822E454C,CUST-00794,2026-07-10T16:11:59.623Z,472.63,CANCELLED
ORD-1786976374132-F92B9662,CUST-00330,2025-01-08T03:18:16.259Z,107.80,CANCELLED
ORD-1786976374132-05863322,CUST-00600,2025-04-24T16:34:07.192Z,165.46,CANCELLED
ORD-1786976374132-4A8BC16C,CUST-00157,2025-03-20T13:59:59.096Z,264.75,CANCELLED
ORD-1786976374132-CB101F04,CUST-00164,2026-06-22T05:11:58.281Z,66.32,SHIPPED
ORD-1786976374132-9DE31020,CUST-00465,2026-07-24T19:39:11.768Z,293.41,COMPLETED
ORD-1786976374132-779A1FAE,CUST-00339,2026-04-22T00:01:24.597Z,423.05,CANCELLED
ORD-1786976374132-6B229FEA,CUST-00019,2025-03-06T15:56:44.499Z,117.32,PROCESSING
ORD-1786976374132-9B7C1AA6,CUST-00755,2026-06-12T22:19:40.418Z,108.09,COMPLETED
ORD-1786976374132-66EE93D6,CUST-00266,2026-02-04T14:00:05.583Z,339.03,CANCELLED
ORD-1786976374132-0E136252,CUST-00923,2025-09-25T07:45:08.778Z,387.87,PENDING
ORD-1786976374132-61437354,CUST-00357,2025-09-26T15:25:51.003Z,165.66,PENDING
ORD-1786976374132-2FE3E2A8,CUST-00825,2025-08-27T16:29:16.355Z,435.05,CANCELLED
ORD-1786976374132-D0DE266F,CUST-00017,2025-05-12T07:44:19.713Z,287.58,PROCESSING
ORD-1786976374132-04EF7C45,CUST-00506,2025-03-15T12:53:47.109Z,116.93,PENDING
ORD-1786976374132-B4BAD2A0,CUST-00294,2025-04-13T22:02:40.156Z,500.38,DELIVERED
ORD-1786976374132-2F6226B0,CUST-00653,2025-08-02T20:16:11.631Z,88.26,COMPLETED
ORD-1786976374132-5D80147C,CUST-00936,2025-03-02T09:43:41.962Z,297.95,COMPLETED
ORD-1786976374132-AEBF2782,CUST-00874,2025-10-19T23:26:59.656Z,277.30,PROCESSING
ORD-1786976374132-8F2C2614,CUST-00603,2026-04-12T14:37:51.752Z,487.04,PROCESSING
ORD-1786976374132-C82D5AEA,CUST-00609,2025-10-28T08:06:41.874Z,112.33,DELIVERED
ORD-1786976374132-561A95B5,CUST-00584,2025-08-25T01:00:38.070Z,140.64,CANCELLED
ORD-1786976374132-B7D75B4B,CUST-00707,2026-03-20T07:59:05.210Z,386.43,SHIPPED
ORD-1786976374132-AF78B940,CUST-00997,2025-09-24T22:36:16.766Z,422.75,DELIVERED
ORD-1786976374132-BF489289,CUST-00536,2026-07-16T23:01:06.217Z,410.50,SHIPPED
ORD-1786976374132-074C87CD,CUST-00187,2026-02-17T09:48:19.020Z,206.27,SHIPPED
ORD-1786976374132-3427501F,CUST-00601,2026-07-13T12:04:49.429Z,199.30,COMPLETED
ORD-1786976374132-E5298891,CUST-00253,2025-04-21T21:13:05.929Z,462.38,SHIPPED
ORD-1786976374132-1EA4553F,CUST-00125,2025-11-20T05:27:22.594Z,248.88,PENDING
ORD-1786976374133-2FA7B437,CUST-00315,2026-08-13T04:43:54.767Z,205.41,PENDING
ORD-1786976374133-442230C5,CUST-00917,2026-03-04T15:54:49.224Z,321.65,SHIPPED
ORD-1786976374133-A4F0CBD0,CUST-00615,2025-04-17T03:59:54.508Z,341.65,CANCELLED
ORD-1786976374133-3E9FCD5E,CUST-00168,2025-06-04T20:55:03.482Z,196.97,PROCESSING
ORD-1786976374133-2C24E772,CUST-00365,2026-08-05T00:29:46.796Z,140.63,CANCELLED
ORD-1786976374133-13B244F7,CUST-00699,2026-02-25T21:41:14.495Z,420.65,COMPLETED
ORD-1786976374133-E38CA612,CUST-00773,2026-03-21T09:58:27.090Z,123.24,DELIVERED
ORD-1786976374133-9B92FB99,CUST-00567,2025-12-16T19:51:38.984Z,256.70,PENDING
ORD-1786976374133-E3B90AA2,CUST-00202,2025-09-05T18:40:41.474Z,269.24,PENDING
ORD-1786976374133-BABE69C1,CUST-00988,2026-05-22T21:23:55.950Z,51.51,PROCESSING
ORD-1786976374133-EE06D2EB,CUST-00932,2026-02-06T06:05:06.444Z,149.92,SHIPPED
ORD-1786976374133-24B8D56B,CUST-00930,2025-12-13T04:06:07.831Z,509.91,COMPLETED
ORD-1786976374133-FA8CBE35,CUST-00839,2026-06-15T12:43:15.597Z,220.47,PENDING
ORD-1786976374133-D6E8B496,CUST-00434,2025-07-25T12:13:18.504Z,484.91,PENDING
ORD-1786976374133-4A390413,CUST-00512,2026-08-10T19:17:40.124Z,417.17,PENDING
ORD-1786976374133-28B6C3B4,CUST-00748,2025-01-06T10:05:34.086Z,231.02,DELIVERED
ORD-1786976374133-82B0177F,CUST-00626,2026-07-23T21:05:25.379Z,14.36,PROCESSING
ORD-1786976374133-FF4AA7C9,CUST-00817,2025-08-31T10:45:21.349Z,449.76,PENDING
ORD-1786976374133-0F088D46,CUST-00226,2025-07-01T23:09:20.005Z,106.64,PROCESSING
ORD-1786976374133-74E8B6AE,CUST-00723,2025-03-02T01:51:35.665Z,376.13,SHIPPED
ORD-1786976374133-BECA7167,CUST-00428,2025-07-31T04:21:06.918Z,324.20,COMPLETED
ORD-1786976374133-34680B1F,CUST-00025,2026-03-29T11:42:01.430Z,75.40,CANCELLED
ORD-1786976374133-10F19572,CUST-00601,2026-02-03T00:19:38.474Z,379.08,PENDING
ORD-1786976374133-AC7AB726,CUST-00751,2025-04-06T16:23:43.025Z,36.63,COMPLETED
ORD-1786976374133-AF74E9D1,CUST-00217,2026-02-14T10:35:26.768Z,499.55,SHIPPED
ORD-1786976374133-E2B46E66,CUST-00557,2025-12-26T02:03:05.691Z,264.96,SHIPPED
ORD-1786976374133-DBCF2B69,CUST-00387,2026-05-28T08:35:39.232Z,278.35,PENDING
ORD-1786976374133-A1D91E80,CUST-00767,2025-08-25T05:29:06.671Z,53.55,COMPLETED
ORD-1786976374133-3EDEE531,CUST-00876,2026-02-26T07:37:40.186Z,218.35,CANCELLED
ORD-1786976374133-75A035C5,CUST-00768,2025-11-07T07:16:32.933Z,329.24,PENDING
ORD-1786976374133-52F932E7,CUST-00801,2025-06-01T21:31:18.947Z,31.24,PROCESSING
ORD-1786976374133-9B69EF16,CUST-00763,2025-06-27T04:38:30.191Z,115.73,COMPLETED
ORD-1786976374133-4AF11C22,CUST-00428,2025-02-01T01:49:25.184Z,257.74,PENDING
ORD-1786976374133-94369F03,CUST-00952,2025-07-20T07:04:16.761Z,275.88,COMPLETED
ORD-1786976374133-C774DC48,CUST-00979,2025-12-11T00:51:44.185Z,49.55,DELIVERED
ORD-1786976374133-4A77AA00,CUST-00439,2025-06-10T08:41:22.111Z,296.75,PENDING
ORD-1786976374133-97F8377C,CUST-00078,2025-04-06T23:08:07.460Z,281.88,DELIVERED
ORD-1786976374133-0033C464,CUST-00052,2025-09-20T17:53:28.911Z,41.81,DELIVERED
ORD-1786976374133-4B724B40,CUST-00143,2025-01-16T14:46:51.801Z,223.58,PROCESSING
ORD-1786976374133-84782767,CUST-00472,2025-07-04T13:08:18.425Z,452.49,PENDING
ORD-1786976374133-7C09F69E,CUST-00484,2026-05-26T12:52:41.454Z,152.62,PENDING
ORD-1786976374133-AA1F94B5,CUST-00184,2025-01-29T13:12:28.743Z,248.37,PROCESSING
ORD-1786976374133-C34A40F3,CUST-00624,2025-07-30T16:25:33.489Z,154.93,DELIVERED
ORD-1786976374133-1C58F381,CUST-00947,2026-05-08T02:58:02.070Z,177.26,PENDING
ORD-1786976374133-AE91FABE,CUST-00017,2025-12-19T22:32:02.710Z,398.73,PROCESSING
ORD-1786976374133-9337EB50,CUST-00742,2025-10-09T17:49:05.877Z,268.21,PROCESSING
ORD-1786976374133-5E74D1BA,CUST-00105,2026-06-14T23:48:10.288Z,347.47,DELIVERED
ORD-1786976374133-6CAA2911,CUST-00858,2025-10-24T05:44:29.298Z,191.71,COMPLETED
ORD-1786976374133-CE6F599E,CUST-00504,2026-05-23T20:43:51.481Z,318.31,CANCELLED
ORD-1786976374133-7EC88807,CUST-00906,2026-07-21T10:44:35.096Z,47.36,PENDING
ORD-1786976374133-354CAF2F,CUST-00127,2025-12-05T21:08:39.260Z,444.96,PENDING
ORD-1786976374133-26C8E46C,CUST-00174,2026-07-04T18:17:45.693Z,425.76,CANCELLED
ORD-1786976374133-906EFE2C,CUST-00571,2026-02-11T11:36:16.604Z,475.83,PROCESSING
ORD-1786976374133-6A6458B3,CUST-00411,2026-04-07T07:12:18.134Z,395.07,CANCELLED
ORD-1786976374133-B41966F3,CUST-00388,2026-07-04T22:54:08.829Z,143.16,PROCESSING
ORD-1786976374133-20E0F821,CUST-00710,2026-07-28T07:30:03.929Z,410.47,COMPLETED
ORD-1786976374133-DA3227D2,CUST-00432,2025-05-15T18:43:58.215Z,388.97,PENDING
ORD-1786976374133-028F2D5D,CUST-00638,2025-02-28T21:12:07.335Z,323.53,DELIVERED
ORD-1786976374133-0E47FDB4,CUST-00734,2026-01-28T01:45:19.283Z,490.95,SHIPPED
ORD-1786976374133-BB56E329,CUST-00506,2025-07-18T05:47:09.891Z,68.66,SHIPPED
ORD-1786976374133-56CA793B,CUST-00529,2025-02-02T18:47:28.841Z,280.40,SHIPPED
ORD-1786976374133-5DBFF0B8,CUST-00381,2026-06-11T00:44:55.646Z,364.29,DELIVERED
ORD-1786976374133-1E00B56F,CUST-00959,2026-07-04T22:28:08.974Z,486.41,SHIPPED
ORD-1786976374133-0C6B417C,CUST-00926,2026-07-17T22:39:28.214Z,429.57,SHIPPED
ORD-1786976374133-2374A474,CUST-00536,2026-05-28T05:33:22.171Z,414.28,COMPLETED
ORD-1786976374133-92D87FE8,CUST-00528,2025-03-12T04:40:13.362Z,192.67,COMPLETED
ORD-1786976374133-61E04F7E,CUST-00454,2025-06-01T12:07:00.796Z,504.07,CANCELLED
ORD-1786976374133-385DA51E,CUST-00036,2025-05-18T20:39:34.494Z,431.21,PROCESSING
ORD-1786976374133-2B795BE0,CUST-00335,2026-02-11T17:14:09.633Z,449.55,PROCESSING
ORD-1786976374133-9DAF25A8,CUST-00160,2025-03-27T18:40:04.612Z,435.93,SHIPPED
ORD-1786976374133-A8446CF8,CUST-00240,2026-07-12T16:24:35.447Z,479.61,DELIVERED
ORD-1786976374133-0B6641F8,CUST-00732,2025-06-03T21:20:44.646Z,249.02,SHIPPED
ORD-1786976374133-D3EB7ABB,CUST-00847,2026-08-12T20:09:25.055Z,448.49,PROCESSING
ORD-1786976374133-F82B19A6,CUST-00790,2026-03-20T02:41:12.850Z,281.43,PENDING
ORD-1786976374133-529AC87B,CUST-00196,2026-01-28T00:30:57.335Z,292.77,COMPLETED
ORD-1786976374133-418FE85C,CUST-00248,2025-06-27T18:52:12.611Z,491.82,DELIVERED
ORD-1786976374133-3C48FC20,CUST-00776,2025-10-19T02:57:33.237Z,241.00,COMPLETED
ORD-1786976374133-B6B02B0C,CUST-00716,2026-05-27T20:07:04.762Z,482.93,PROCESSING
ORD-1786976374133-736FF378,CUST-00739,2025-10-02T10:26:49.467Z,156.73,COMPLETED
ORD-1786976374133-00DFBEEE,CUST-00089,2026-05-25T22:03:39.361Z,396.85,PENDING
ORD-1786976374133-DFADD4D9,CUST-00867,2026-02-12T19:56:19.715Z,336.62,PROCESSING
ORD-1786976374133-1EF3A1E6,CUST-00846,2025-12-09T03:32:46.881Z,291.99,PENDING
ORD-1786976374133-3740FCB3,CUST-00294,2025-01-26T16:10:09.507Z,209.89,SHIPPED
ORD-1786976374133-73500380,CUST-00575,2025-05-15T04:26:14.984Z,310.11,DELIVERED
ORD-1786976374133-96055E14,CUST-00555,2025-12-09T12:57:40.497Z,114.39,PROCESSING
ORD-1786976374133-06545F95,CUST-00401,2025-02-04T08:05:16.855Z,476.95,PENDING
ORD-1786976374133-A89B07C4,CUST-00462,2025-05-24T01:16:45.293Z,507.87,PROCESSING
ORD-1786976374133-595617CB,CUST-00111,2025-05-10T00:42:54.085Z,163.82,PENDING
ORD-1786976374133-9C2E6351,CUST-00478,2025-04-02T21:24:01.871Z,214.01,COMPLETED
ORD-1786976374133-F4373091,CUST-00495,2025-10-25T00:35:53.770Z,145.36,COMPLETED
ORD-1786976374133-47CC4D44,CUST-00658,2025-09-24T18:24:31.863Z,396.74,CANCELLED
ORD-1786976374133-A84351DE,CUST-00327,2025-05-09T20:29:59.213Z,124.92,COMPLETED
ORD-1786976374133-2D3BE1F5,CUST-00094,2025-05-28T08:05:48.408Z,134.82,PENDING
ORD-1786976374133-B42615DF,CUST-00366,2026-03-24T18:46:27.022Z,329.71,PENDING
ORD-1786976374133-0113A944,CUST-00548,2025-01-29T10:36:04.373Z,10.08,DELIVERED
ORD-1786976374133-D2B2A828,CUST-00008,2025-09-12T08:57:33.100Z,357.67,PROCESSING
ORD-1786976374133-EB4B3C5E,CUST-00188,2025-09-20T19:12:54.807Z,51.95,PENDING
ORD-1786976374133-21DD05D3,CUST-00104,2026-02-18T08:22:40.364Z,284.18,SHIPPED
ORD-1786976374133-94B86C54,CUST-00967,2025-10-01T00:15:03.073Z,220.48,PROCESSING
ORD-1786976374133-AF5DAA95,CUST-00612,2026-06-05T00:54:59.179Z,492.11,CANCELLED
ORD-1786976374133-FAF8552C,CUST-00573,2026-01-23T15:25:18.635Z,356.09,CANCELLED
ORD-1786976374133-3B336757,CUST-00505,2025-02-06T23:40:55.596Z,45.52,CANCELLED
ORD-1786976374133-62AE8815,CUST-00999,2025-03-22T09:39:20.422Z,449.62,SHIPPED
ORD-1786976374133-3F3414D0,CUST-00878,2025-06-24T18:32:52.771Z,40.54,PENDING
ORD-1786976374133-6C4827D6,CUST-00182,2025-05-09T08:57:48.217Z,442.90,CANCELLED
ORD-1786976374133-2527A1E9,CUST-00656,2025-04-11T07:30:50.814Z,107.89,SHIPPED
ORD-1786976374133-AD4516D2,CUST-00825,2026-03-23T23:08:47.327Z,122.94,PENDING
ORD-1786976374133-46D89D9E,CUST-00872,2026-02-19T12:08:52.804Z,38.97,PROCESSING
ORD-1786976374133-078FB5C0,CUST-00599,2025-02-08T22:34:42.940Z,73.95,PROCESSING
ORD-1786976374133-79C37B9A,CUST-00749,2025-10-22T09:26:24.544Z,471.04,SHIPPED
ORD-1786976374133-61C77229,CUST-00247,2025-05-17T10:40:46.138Z,86.90,PENDING
ORD-1786976374133-707CC85F,CUST-00206,2025-05-06T04:31:27.576Z,379.39,COMPLETED
ORD-1786976374133-DFD61B58,CUST-00597,2025-03-02T00:29:16.063Z,203.43,DELIVERED
ORD-1786976374133-4670A4EA,CUST-00242,2025-03-05T05:20:52.219Z,160.53,CANCELLED
ORD-1786976374133-F546F0E5,CUST-00959,2025-09-01T03:51:07.224Z,291.05,DELIVERED
ORD-1786976374133-98EEE6A0,CUST-00157,2025-12-29T07:22:54.064Z,262.21,DELIVERED
ORD-1786976374133-77570270,CUST-00801,2025-10-31T23:10:00.755Z,149.91,COMPLETED
ORD-1786976374133-23087CE0,CUST-00442,2025-12-15T10:20:51.503Z,43.85,DELIVERED
ORD-1786976374133-3C618BCC,CUST-00585,2025-11-12T20:36:19.932Z,211.62,COMPLETED
ORD-1786976374133-107E5B5E,CUST-00863,2025-09-10T17:49:19.122Z,411.65,PROCESSING
ORD-1786976374133-9C719BCA,CUST-00997,2025-02-24T12:32:23.390Z,493.77,DELIVERED
ORD-1786976374133-10B14C5E,CUST-00717,2026-05-27T13:09:27.426Z,337.01,SHIPPED
ORD-1786976374133-46289BC4,CUST-00727,2025-11-10T10:03:54.788Z,211.48,CANCELLED
ORD-1786976374133-5D739CBD,CUST-00911,2025-02-08T00:02:03.620Z,434.42,SHIPPED
ORD-1786976374133-C8DA34FC,CUST-00789,2025-10-05T16:44:55.793Z,183.41,DELIVERED
ORD-1786976374133-CBBA04B6,CUST-00188,2025-05-29T00:24:16.960Z,219.88,PROCESSING
ORD-1786976374133-EC9812C1,CUST-00383,2025-02-18T19:02:29.506Z,180.07,CANCELLED
ORD-1786976374133-D5F79397,CUST-00599,2025-06-14T09:11:29.659Z,450.60,SHIPPED
ORD-1786976374133-CF69014D,CUST-00760,2025-03-12T19:37:26.959Z,475.87,DELIVERED
ORD-1786976374133-0C4BD883,CUST-00948,2025-10-06T17:09:19.806Z,69.42,CANCELLED
ORD-1786976374133-3B553CC3,CUST-00351,2026-02-13T11:35:10.643Z,416.56,CANCELLED
ORD-1786976374133-123C9104,CUST-00293,2026-06-21T18:50:34.012Z,494.28,PROCESSING
ORD-1786976374133-09ECCE16,CUST-00585,2025-09-16T05:57:43.676Z,291.10,SHIPPED
ORD-1786976374133-D92DFE3A,CUST-00775,2025-10-15T00:57:50.801Z,262.84,DELIVERED
ORD-1786976374133-659BBF8C,CUST-00245,2026-03-06T23:54:54.202Z,282.02,SHIPPED
ORD-1786976374133-2E61E29F,CUST-00537,2025-06-21T13:39:37.114Z,440.33,PROCESSING
ORD-1786976374133-B28B4AB2,CUST-00964,2025-08-31T06:08:41.197Z,210.33,CANCELLED
ORD-1786976374133-87BA1F4D,CUST-00463,2025-03-22T07:38:15.573Z,198.60,CANCELLED
ORD-1786976374133-8F0B9042,CUST-00659,2026-05-30T06:58:35.140Z,430.42,COMPLETED
ORD-1786976374133-CB9B0BCC,CUST-00692,2025-05-01T08:30:49.167Z,92.03,SHIPPED
ORD-1786976374133-D53A5883,CUST-00420,2026-02-16T14:11:21.445Z,221.47,PROCESSING
ORD-1786976374133-223D21BA,CUST-00631,2025-04-21T08:49:59.435Z,33.68,PROCESSING
ORD-1786976374133-0A78C050,CUST-00455,2025-05-27T04:06:13.048Z,491.50,PENDING
ORD-1786976374133-A4E21BC0,CUST-00097,2026-03-28T19:05:42.304Z,125.71,SHIPPED
ORD-1786976374133-6A6284AD,CUST-00049,2026-07-25T02:32:52.709Z,172.27,PROCESSING
ORD-1786976374133-92CDCA48,CUST-00604,2025-12-05T11:24:06.951Z,49.21,DELIVERED
ORD-1786976374133-2199B255,CUST-00139,2025-05-16T20:29:40.778Z,69.04,DELIVERED
ORD-1786976374133-D59C01F7,CUST-00122,2026-06-27T12:40:19.389Z,211.19,PENDING
ORD-1786976374133-1BE2E406,CUST-00799,2025-04-29T04:33:19.487Z,348.09,SHIPPED
ORD-1786976374133-A3589DAF,CUST-00128,2025-10-26T02:13:48.889Z,109.52,COMPLETED
ORD-1786976374133-345531BB,CUST-00187,2025-04-26T17:21:32.148Z,395.58,PENDING
ORD-1786976374133-E5EB842C,CUST-00334,2026-01-18T21:42:42.280Z,33.52,SHIPPED
ORD-1786976374133-36EE7485,CUST-00491,2025-06-23T09:09:57.558Z,371.90,DELIVERED
ORD-1786976374133-95FC69EF,CUST-00204,2025-03-23T21:51:46.862Z,473.68,PROCESSING
ORD-1786976374133-5ADADACD,CUST-00453,2025-12-11T04:52:27.924Z,310.05,CANCELLED
ORD-1786976374133-12CC2B0E,CUST-00423,2026-01-01T18:36:15.873Z,233.27,COMPLETED
ORD-1786976374133-691C33CB,CUST-00390,2025-11-17T07:56:59.697Z,161.61,CANCELLED
ORD-1786976374133-AD0B69D6,CUST-00220,2026-02-12T09:40:47.139Z,259.23,CANCELLED
ORD-1786976374133-99D54D1F,CUST-00565,2025-01-05T19:30:35.483Z,499.11,PROCESSING
ORD-1786976374133-51A4980F,CUST-00236,2025-04-15T10:06:59.379Z,509.66,COMPLETED
ORD-1786976374133-67FC8B2B,CUST-00368,2026-04-13T02:43:26.753Z,441.76,PENDING
ORD-1786976374133-D9D6CD0A,CUST-00476,2026-03-19T21:12:01.828Z,231.93,SHIPPED
ORD-1786976374133-8BC867EB,CUST-00156,2025-10-18T21:53:32.054Z,437.46,CANCELLED
ORD-1786976374133-87902E86,CUST-00523,2025-01-14T22:37:20.126Z,482.74,PENDING
ORD-1786976374133-A666BA82,CUST-00563,2025-01-31T16:04:05.268Z,73.25,CANCELLED
ORD-1786976374133-A990D257,CUST-00727,2026-04-18T01:53:29.815Z,353.59,PROCESSING
ORD-1786976374133-0284BFD3,CUST-00455,2026-07-16T09:16:10.410Z,113.24,CANCELLED
ORD-1786976374133-1B748DC8,CUST-00289,2025-08-04T07:46:55.466Z,408.19,SHIPPED
ORD-1786976374133-831C415C,CUST-00426,2026-07-02T00:42:21.702Z,376.41,PENDING
ORD-1786976374133-C28203AE,CUST-00386,2025-06-21T07:12:44.481Z,480.00,PROCESSING
ORD-1786976374133-97AF9F37,CUST-00850,2025-10-06T02:13:42.199Z,378.28,PROCESSING
ORD-1786976374133-0F160607,CUST-00245,2026-05-08T06:38:57.783Z,123.43,PROCESSING
ORD-1786976374133-B500F5B6,CUST-00878,2025-08-31T13:29:00.272Z,230.41,COMPLETED
ORD-1786976374133-99C30961,CUST-00360,2025-07-07T16:39:59.745Z,274.87,DELIVERED
ORD-1786976374133-0066B80A,CUST-00589,2025-09-19T13:09:14.349Z,274.93,PENDING
ORD-1786976374133-4017E03D,CUST-00931,2025-04-16T07:29:26.162Z,261.05,DELIVERED
ORD-1786976374133-98B4EE3A,CUST-00651,2026-06-22T12:03:59.451Z,469.74,PENDING
ORD-1786976374133-725929DA,CUST-00649,2026-05-21T13:46:47.823Z,347.86,SHIPPED
ORD-1786976374133-626D5DFE,CUST-00106,2026-03-23T19:22:43.252Z,60.97,PENDING
ORD-1786976374133-512BB7D3,CUST-00189,2025-02-27T04:23:25.699Z,492.09,PENDING
ORD-1786976374133-F6585E0F,CUST-00775,2025-10-27T08:48:37.691Z,194.10,COMPLETED
ORD-1786976374133-8BDC8872,CUST-00709,2026-08-04T22:17:57.954Z,270.91,PENDING
ORD-1786976374133-93B2D336,CUST-00147,2025-04-03T05:46:47.027Z,38.58,CANCELLED
ORD-1786976374133-60A72357,CUST-00033,2026-03-03T13:49:18.503Z,409.46,DELIVERED
ORD-1786976374133-82EE5EEE,CUST-00103,2026-07-02T08:09:17.723Z,332.47,SHIPPED
ORD-1786976374133-B384E103,CUST-00245,2025-02-19T08:38:13.649Z,314.35,DELIVERED
ORD-1786976374133-FB91CA66,CUST-00776,2026-07-25T14:53:10.332Z,99.27,COMPLETED
ORD-1786976374133-E53B5F02,CUST-00296,2026-06-30T22:40:54.335Z,198.04,CANCELLED
ORD-1786976374134-174D1E1D,CUST-00581,2025-10-07T23:02:48.438Z,23.15,PROCESSING
ORD-1786976374134-7469CF81,CUST-00020,2026-01-08T22:55:19.313Z,56.80,PROCESSING
ORD-1786976374134-FCA5431C,CUST-00939,2026-07-16T09:34:34.754Z,74.84,PROCESSING
ORD-1786976374134-10980CC0,CUST-00419,2025-01-13T00:13:50.790Z,438.19,DELIVERED
ORD-1786976374134-C7BC673F,CUST-00063,2025-09-17T23:33:01.457Z,383.90,CANCELLED
ORD-1786976374134-2A609C2B,CUST-00864,2025-01-30T08:42:44.432Z,152.28,CANCELLED
