order_id,customer_id,order_date,order_amount,status
ORD-1786976310996-C588D130,CUST-00657,2026-04-14T06:11:51.358Z,410.18,DELIVERED
ORD-1786976310997-3DCCFCBF,CUST-00794,2026-05-11T00:06:55.940Z,374.41,SHIPPED
ORD-1786976310997-05CAAF04,CUST-00821,2025-11-04T16:08:39.925Z,254.03,CANCELLED
ORD-1786976310998-5BC151CB,CUST-00308,2025-08-11T22:44:18.928Z,499.75,SHIPPED
ORD-1786976310998-F7E8153E,CUST-00906,2026-03-31T13:00:56.613Z,168.87,DELIVERED
ORD-1786976310998-0679C89E,CUST-00146,2026-03-06T03:55:14.208Z,196.13,COMPLETED
ORD-1786976310998-F451A56C,CUST-00745,2025-04-18T17:13:24.365Z,56.31,COMPLETED
ORD-1786976310998-4F6594CF,CUST-00410,2026-04-11T05:35:22.679Z,336.97,COMPLETED
ORD-1786976310998-D8B34EB2,CUST-00300,2026-01-09T20:47:44.502Z,280.10,CANCELLED
ORD-1786976310998-34C78C1B,CUST-00323,2025-07-03T04:54:47.751Z,143.27,SHIPPED
ORD-1786976310998-2B00F6EE,CUST-00612,2026-06-15T22:55:43.688Z,309.33,PENDING
ORD-1786976310998-46B03C91,CUST-00365,2026-07-26T02:04:47.605Z,184.19,SHIPPED
ORD-1786976310998-2CB35297,CUST-00258,2025-04-13T16:27:50.106Z,307.03,CANCELLED
ORD-1786976310998-0A3D70DA,CUST-00343,2026-07-05T07:48:36.135Z,15.49,SHIPPED
ORD-1786976310998-2548F8C3,CUST-00747,2025-12-08T10:40:33.332Z,414.97,CANCELLED
ORD-1786976310998-13BF0692,CUST-00617,2026-01-27T19:15:50.887Z,364.48,CANCELLED
ORD-1786976310998-9FD90261,CUST-00849,2025-10-08T15:44:39.310Z,100.42,PENDING
ORD-1786976310998-63DCE269,CUST-00159,2025-04-13T16:32:48.648Z,125.28,SHIPPED
ORD-1786976310998-9C2313FF,CUST-00335,2026-02-15T02:23:30.115Z,337.45,COMPLETED
ORD-1786976310998-F5D75C5A,CUST-00180,2025-08-23T16:12:53.653Z,336.37,CANCELLED
ORD-1786976310998-B509B50D,CUST-00289,2025-03-19T04:32:11.645Z,145.46,SHIPPED
ORD-1786976310998-90E0F83A,CUST-00744,2025-05-27T03:10:33.663Z,475.98,PENDING
ORD-1786976310998-EB609926,CUST-00084,2026-02-04T02:45:38.394Z,61.49,COMPLETED
ORD-1786976310998-8B46FB96,CUST-00457,2025-05-18T03:03:56.740Z,55.18,SHIPPED
ORD-1786976310998-EAE4FB4E,CUST-00207,2025-08-08T20:37:50.306Z,484.77,COMPLETED
ORD-1786976310998-F92F351A,CUST-00773,2025-01-27T21:24:38.259Z,340.84,PROCESSING
ORD-1786976310998-A58D6E3A,CUST-00205,2026-05-05T21:15:10.661Z,368.78,COMPLETED
ORD-1786976310998-3F4C9B59,CUST-00618,2026-07-08T20:01:42.869Z,224.95,CANCELLED
ORD-1786976310998-42E0A130,CUST-00220,2025-06-04T16:16:03.807Z,97.55,SHIPPED
ORD-1786976310998-60062322,CUST-00914,2026-06-26T11:02:32.092Z,430.15,COMPLETED
ORD-1786976310998-0B565846,CUST-00880,2025-09-09T23:58:06.437Z,191.15,PROCESSING
ORD-1786976310998-A5AF0A24,CUST-00991,2025-11-03T17:58:53.209Z,489.26,CANCELLED
ORD-1786976310998-6FA73E82,CUST-00097,2026-06-10T16:03:48.411Z,32.41,PROCESSING
ORD-1786976310998-0276BAB4,CUST-00851,2026-02-18T04:16:38.269Z,443.50,PENDING
ORD-1786976310998-8ECD5E72,CUST-00446,2025-03-02T23:47:14.520Z,374.39,PROCESSING
ORD-1786976310998-4B6D6085,CUST-00816,2026-08-01T01:35:51.771Z,12.92,PROCESSING
ORD-1786976310998-20DE8901,CUST-00563,2025-09-06T13:02:01.911Z,349.69,SHIPPED
ORD-1786976310998-664DECFC,CUST-00440,2025-08-04T00:21:55.233Z,221.40,PROCESSING
ORD-1786976310998-A7A45E15,CUST-00028,2026-06-07T04:16:33.564Z,35.90,SHIPPED
ORD-1786976310998-027D6413,CUST-00089,2026-07-10T19:53:57.916Z,281.84,PENDING
ORD-1786976310998-78EA1472,CUST-00909,2026-03-25T23:52:30.689Z,503.77,COMPLETED
ORD-1786976310998-1B29A238,CUST-00665,2025-05-16T14:23:48.003Z,235.34,COMPLETED
ORD-1786976310998-8D8808BF,CUST-00107,2026-05-28T05:09:09.834Z,65.30,SHIPPED
ORD-1786976310998-5C5979C9,CUST-00405,2026-06-29T01:27:53.184Z,278.09,DELIVERED
ORD-1786976310998-260E6D63,CUST-00279,2026-06-04T07:24:36.337Z,418.13,PENDING
ORD-1786976310998-068F57A3,CUST-00059,2026-03-10T12:21:08.399Z,282.71,SHIPPED
ORD-1786976310998-C1E5E0DE,CUST-00411,2026-02-03T09:16:43.506Z,426.71,PENDING
ORD-1786976310998-A63F3C39,CUST-00220,2025-02-26T16:18:44.671Z,192.06,COMPLETED
ORD-1786976310998-22332FA9,CUST-00901,2025-11-07T09:02:19.797Z,16.63,COMPLETED
ORD-1786976310998-EAF7BEF6,CUST-00130,2025-09-27T09:46:32.090Z,311.13,CANCELLED
ORD-1786976310998-1248141F,CUST-00659,2026-06-13T12:55:11.084Z,311.78,PROCESSING
ORD-1786976310998-21EA5F43,CUST-00761,2025-05-15T15:39:17.759Z,418.27,PROCESSING
ORD-1786976310998-10712AB0,CUST-00422,2026-04-05T20:01:23.822Z,316.99,DELIVERED
ORD-1786976310998-2374C60A,CUST-00954,2025-02-14T20:51:29.106Z,259.52,PENDING
ORD-1786976310998-4D5F7DF7,CUST-00110,2025-04-17T20:56:12.949Z,123.91,PENDING
ORD-1786976310998-6D44CC30,CUST-00876,2025-03-23T21:39:24.303Z,469.06,CANCELLED
ORD-1786976310998-08E85C36,CUST-00399,2026-01-14T02:08:31.237Z,117.58,SHIPPED
ORD-1786976310998-88CBDE62,CUST-00043,2026-07-13T23:02:10.949Z,483.93,PENDING
ORD-1786976310998-A95A6C36,CUST-00572,2025-02-05T15:20:12.180Z,87.37,PENDING
ORD-1786976310998-D5D8E0E9,CUST-00313,2025-03-23T01:23:02.850Z,180.42,CANCELLED
ORD-1786976310998-D92785B6,CUST-00990,2026-03-22T22:51:03.555Z,491.13,SHIPPED
ORD-1786976310998-529611DF,CUST-00472,2025-02-24T13:21:11.577Z,433.84,PROCESSING
ORD-1786976310998-6F2767CE,CUST-00371,2025-11-10T15:04:54.358Z,426.65,PENDING
ORD-1786976310998-B2DFB148,CUST-00335,2025-05-28T10:17:19.441Z,370.51,DELIVERED
ORD-1786976310998-3A37879E,CUST-00788,2025-06-15T20:16:39.361Z,484.28,DELIVERED
ORD-1786976310998-2737431D,CUST-00213,2026-02-23T12:49:23.054Z,69.56,PROCESSING
ORD-1786976310998-3056AA37,CUST-00923,2026-05-11T04:08:59.710Z,34.70,COMPLETED
ORD-1786976310998-16CF49BF,CUST-00805,2025-05-12T02:52:03.568Z,255.91,SHIPPED
ORD-1786976310998-BC152D7D,CUST-00373,2025-10-25T06:22:13.926Z,466.48,COMPLETED
ORD-1786976310998-5DCF76BF,CUST-00521,2025-11-28T13:57:16.856Z,380.95,DELIVERED
ORD-1786976310998-A49AF76D,CUST-00545,2025-10-05T16:56:49.748Z,75.86,PROCESSING
ORD-1786976310998-591942D5,CUST-00251,2026-01-30T07:06:10.465Z,311.62,PENDING
ORD-1786976310998-6C14A2B8,CUST-00083,2025-08-10T17:30:05.399Z,13.13,CANCELLED
ORD-1786976310998-7CEAF6B2,CUST-00460,2025-01-04T11:48:21.176Z,399.07,PROCESSING
ORD-1786976310998-1A81311F,CUST-00183,2025-03-25T17:27:01.780Z,425.84,SHIPPED
ORD-1786976310998-FCC4ADFA,CUST-00979,2026-01-18T00:15:30.547Z,122.15,PROCESSING
ORD-1786976310998-3341D02B,CUST-00909,2026-06-07T03:06:44.084Z,468.37,PENDING
ORD-1786976310998-CF01B17F,CUST-00751,2025-04-15T11:27:01.152Z,303.21,SHIPPED
ORD-1786976310998-99F2FEA9,CUST-00529,2025-05-19T00:04:00.443Z,499.31,COMPLETED
ORD-1786976310998-D1A335D8,CUST-00485,2026-07-31T00:34:27.175Z,443.75,PROCESSING
ORD-1786976310998-D30F6878,CUST-00850,2026-06-18T00:05:54.193Z,117.60,PROCESSING
ORD-1786976310998-65DC441A,CUST-00923,2026-01-14T00:46:10.391Z,503.05,CANCELLED
ORD-1786976310998-DBA5B0B3,CUST-00372,2025-07-24T05:08:51.742Z,298.27,PENDING
ORD-1786976310998-FEC19DA1,CUST-00027,2025-11-01T08:23:50.346Z,78.50,COMPLETED
ORD-1786976310998-D024A7E0,CUST-00720,2025-06-18T12:33:15.993Z,272.55,PROCESSING
ORD-1786976310998-19819FB7,CUST-00490,2025-03-22T00:09:55.807Z,99.98,CANCELLED
ORD-1786976310998-0BDFF1E7,CUST-00405,2025-07-29T13:09:53.811Z,461.27,SHIPPED
ORD-1786976310998-11F45DF4,CUST-00512,2025-09-04T20:52:29.919Z,114.43,CANCELLED
ORD-1786976310998-C1C4963A,CUST-00690,2026-08-11T15:53:54.030Z,358.06,PROCESSING
ORD-1786976310999-7363630A,CUST-00799,2025-03-10T11:13:23.276Z,286.67,PENDING
ORD-1786976310999-2F66337F,CUST-00331,2026-02-16T21:50:37.922Z,112.07,COMPLETED
ORD-1786976310999-F348F633,CUST-00861,2026-05-02T08:50:35.717Z,328.99,SHIPPED
ORD-1786976310999-FFA94503,CUST-00080,2025-03-31T16:34:14.838Z,374.56,COMPLETED
ORD-1786976310999-37C56B44,CUST-00288,2025-03-23T01:20:54.175Z,216.55,PROCESSING
ORD-1786976310999-DED5D12E,CUST-00781,2026-03-21T05:59:36.006Z,217.87,PROCESSING
ORD-1786976310999-9E597A2A,CUST-00205,2026-05-10T07:25:44.087Z,326.53,PENDING
ORD-1786976310999-3CA2556B,CUST-00256,2026-07-25T09:17:13.349Z,211.55,DELIVERED
ORD-1786976310999-9C0CBB28,CUST-00552,2025-06-18T23:58:44.786Z,367.87,CANCELLED
ORD-1786976310999-1EE86EF8,CUST-00199,2025-07-26T14:53:59.585Z,167.71,PROCESSING
ORD-INV-100,CUST-002,2026-05-10T10:00:00Z,-50.00,COMPLETED
ORD-1786976310999-5A74C963,CUST-00439,2026-06-14T21:01:31.107Z,336.13,DELIVERED
ORD-1786976310999-0368F192,CUST-00407,2025-12-05T04:40:16.184Z,80.62,DELIVERED
ORD-1786976310999-498CA006,CUST-00182,2026-02-14T03:35:47.474Z,445.18,PROCESSING
ORD-1786976310999-C98A16F4,CUST-00121,2025-04-16T00:56:12.254Z,81.08,CANCELLED
ORD-1786976310999-C8D0C43C,CUST-00801,2026-03-04T00:08:56.127Z,457.33,SHIPPED
ORD-1786976310999-7DE8CD31,CUST-00422,2026-07-18T07:37:24.177Z,63.04,CANCELLED
ORD-1786976310999-4BB02085,CUST-00185,2026-03-22T15:10:25.828Z,148.86,PROCESSING
ORD-1786976310999-FE074273,CUST-00007,2025-02-16T01:39:33.758Z,106.00,SHIPPED
ORD-1786976310999-CE704191,CUST-00055,2025-08-10T18:34:22.375Z,411.69,DELIVERED
ORD-1786976310999-2183D11F,CUST-00801,2025-09-22T08:19:12.420Z,264.91,PENDING
ORD-1786976310999-62FE41C3,CUST-00424,2026-04-25T13:27:39.067Z,165.83,DELIVERED
ORD-1786976310999-71240E60,CUST-00178,2025-04-03T12:55:05.330Z,349.00,PENDING
ORD-1786976310999-A643509D,CUST-00153,2026-07-05T11:53:28.514Z,253.02,CANCELLED
ORD-1786976310999-26103328,CUST-00679,2026-07-01T04:51:56.289Z,74.80,DELIVERED
ORD-1786976310999-CD400CBA,CUST-00558,2026-01-31T14:39:49.128Z,398.69,DELIVERED
ORD-1786976310999-246E307B,CUST-00474,2025-12-16T04:52:43.159Z,30.06,DELIVERED
ORD-1786976310999-EBF48E81,CUST-00072,2025-06-25T19:38:04.755Z,80.13,DELIVERED
ORD-1786976310999-23D79E33,CUST-00019,2025-08-25T02:11:17.245Z,431.37,COMPLETED
ORD-1786976310999-1BEB7952,CUST-00210,2025-05-13T21:27:10.963Z,92.06,COMPLETED
ORD-1786976310999-988D4518,CUST-00519,2025-09-03T04:01:01.271Z,374.03,CANCELLED
ORD-1786976310999-A877F1F7,CUST-00563,2025-06-27T02:30:46.044Z,112.08,PROCESSING
ORD-1786976310999-B6C9463B,CUST-00285,2025-02-21T03:11:30.016Z,163.47,CANCELLED
ORD-1786976310999-9B397D84,CUST-00279,2025-12-19T02:39:51.399Z,228.68,PROCESSING
ORD-1786976310999-5BCD6F86,CUST-00537,2026-08-01T13:09:51.107Z,16.22,PROCESSING
ORD-1786976310999-11A0DCB7,CUST-00365,2025-09-01T20:51:59.111Z,292.90,PENDING
ORD-1786976310999-9C1B15C7,CUST-00730,2026-06-29T22:34:02.484Z,219.21,CANCELLED
ORD-1786976310999-0D8289ED,CUST-00930,2026-04-12T16:16:45.333Z,367.19,DELIVERED
ORD-1786976310999-2C38036A,CUST-00082,2026-06-05T23:58:21.978Z,68.69,PROCESSING
ORD-1786976310999-F3CF569D,CUST-00498,2025-08-07T21:41:36.125Z,196.73,DELIVERED
ORD-1786976310999-90703D5C,CUST-00983,2025-08-05T23:16:24.556Z,130.50,CANCELLED
ORD-1786976310999-B3D94F5B,CUST-00657,2025-01-05T04:35:59.704Z,52.78,PROCESSING
ORD-1786976310999-1C3F4862,CUST-00614,2026-03-11T07:54:14.746Z,22.91,CANCELLED
ORD-1786976310999-DA8D0AE9,CUST-00801,2026-05-10T00:57:19.470Z,416.27,DELIVERED
ORD-1786976310999-27A47AA4,CUST-00621,2025-12-08T09:03:05.984Z,348.60,PROCESSING
ORD-1786976310999-CAC021ED,CUST-00610,2026-01-17T13:48:17.803Z,486.75,SHIPPED
ORD-1786976310999-CC49460D,CUST-00592,2025-05-10T13:29:28.366Z,199.01,COMPLETED
ORD-1786976310999-E8878F15,CUST-00645,2025-03-07T21:50:45.319Z,430.97,SHIPPED
ORD-1786976310999-4E761A18,CUST-00898,2025-07-23T01:55:19.005Z,107.36,COMPLETED
ORD-1786976310999-293D1177,CUST-00502,2026-07-23T20:36:57.211Z,477.27,PENDING
ORD-1786976310999-37A743CA,CUST-00522,2025-07-02T13:18:44.051Z,168.05,CANCELLED
ORD-1786976310999-A753A31A,CUST-00986,2025-11-10T08:25:52.381Z,367.51,CANCELLED
ORD-1786976310999-39FADE7E,CUST-00955,2026-03-18T09:40:50.174Z,353.87,PROCESSING
ORD-1786976310999-558E2449,CUST-00974,2025-08-15T02:13:48.270Z,176.44,DELIVERED
ORD-1786976310999-42B82DA9,CUST-00926,2026-07-18T00:03:54.446Z,344.80,CANCELLED
ORD-1786976310999-929F65A3,CUST-00096,2025-08-04T20:37:28.010Z,271.56,SHIPPED
ORD-1786976310999-8BE4B492,CUST-00486,2025-04-17T21:45:55.885Z,241.79,PROCESSING
ORD-1786976310999-09F98247,CUST-00470,2026-01-01T13:12:10.693Z,374.10,PENDING
ORD-1786976310999-401D8C41,CUST-00841,2025-03-30T07:09:31.773Z,409.28,COMPLETED
ORD-1786976311000-F45E3364,CUST-00954,2026-03-11T16:54:48.145Z,110.36,PENDING
ORD-1786976311000-3AD48727,CUST-00423,2026-05-20T00:30:38.166Z,492.97,SHIPPED
ORD-1786976311000-66623502,CUST-00571,2025-04-19T18:35:11.116Z,405.86,CANCELLED
ORD-1786976311000-0CE1F505,CUST-00396,2025-04-26T17:37:31.439Z,469.96,COMPLETED
ORD-1786976311000-90A67633,CUST-00444,2025-04-11T05:12:41.952Z,70.17,PENDING
ORD-1786976311000-C19D1A6D,CUST-00704,2026-02-03T20:17:13.167Z,277.46,DELIVERED
ORD-1786976311000-D88AA797,CUST-00949,2026-07-26T17:14:37.654Z,62.28,SHIPPED
ORD-1786976311000-A539D576,CUST-00368,2025-09-22T02:57:31.517Z,508.73,CANCELLED
ORD-1786976311000-8BA3702C,CUST-00787,2026-08-14T12:25:26.092Z,275.11,PROCESSING
ORD-1786976311000-7A7D036D,CUST-00996,2026-06-23T20:53:31.158Z,156.36,SHIPPED
ORD-1786976311000-D88E532E,CUST-00829,2025-06-23T22:41:42.708Z,277.84,SHIPPED
ORD-1786976311000-76085D24,CUST-00518,2025-04-03T05:20:05.656Z,324.74,COMPLETED
ORD-1786976311000-53C2AF0C,CUST-00226,2025-03-14T18:13:25.099Z,434.07,PROCESSING
ORD-1786976311000-A0B5F689,CUST-00173,2025-10-06T01:18:59.810Z,441.00,DELIVERED
ORD-1786976311000-106BB5D7,CUST-00273,2026-04-29T23:22:09.653Z,311.04,CANCELLED
ORD-1786976311000-5D10D454,CUST-00698,2025-08-03T12:57:38.618Z,162.04,DELIVERED
ORD-1786976311000-3E2B12CE,CUST-00400,2025-02-21T11:40:59.529Z,65.92,DELIVERED
ORD-1786976311000-E948BF9C,CUST-00862,2025-03-24T00:16:48.648Z,162.68,PROCESSING
ORD-1786976311000-5170AE51,CUST-00504,2025-11-19T10:10:56.180Z,11.50,PENDING
ORD-1786976311000-F1A8F26D,CUST-00324,2025-10-26T06:33:31.814Z,477.64,SHIPPED
ORD-1786976311000-637705BF,CUST-00174,2026-02-07T02:27:49.822Z,288.92,COMPLETED
ORD-1786976311000-FD76B305,CUST-00610,2025-09-30T17:42:47.399Z,402.54,SHIPPED
ORD-1786976311000-4082EC12,CUST-00027,2026-05-15T00:16:53.396Z,87.66,CANCELLED
ORD-1786976311000-25F227FD,CUST-00224,2025-10-07T09:53:57.547Z,502.26,PROCESSING
ORD-1786976311000-64AB3AD3,CUST-00710,2025-04-16T12:22:17.386Z,176.08,PROCESSING
ORD-1786976311000-B00364BA,CUST-00178,2025-09-22T23:15:40.870Z,278.97,COMPLETED
ORD-1786976311000-7F237347,CUST-00952,2025-10-09T07:27:59.037Z,38.42,DELIVERED
ORD-1786976311000-CEE385E3,CUST-00422,2025-11-10T13:45:21.697Z,37.41,DELIVERED
ORD-1786976311000-232AE968,CUST-00453,2025-06-24T12:10:42.513Z,41.83,SHIPPED
ORD-1786976311000-5F1A9D2E,CUST-00622,2025-05-05T10:17:00.523Z,183.13,DELIVERED
ORD-1786976311000-529C0079,CUST-00545,2025-06-13T15:41:02.390Z,459.28,SHIPPED
ORD-1786976311000-48C99B20,CUST-00641,2026-02-11T15:19:03.615Z,424.16,DELIVERED
ORD-1786976311000-B72CEA64,CUST-00651,2025-07-28T00:26:01.034Z,504.07,PROCESSING
ORD-1786976311000-A4173834,CUST-00849,2026-01-18T15:59:15.842Z,198.91,DELIVERED
ORD-1786976311000-D297DF7C,CUST-00055,2025-07-17T03:34:39.994Z,12.09,PROCESSING
ORD-1786976311000-FD1D1118,CUST-00355,2025-03-25T10:24:38.765Z,495.98,CANCELLED
ORD-1786976311000-4885B608,CUST-00220,2026-02-04T17:26:53.950Z,470.35,SHIPPED
ORD-1786976311000-918364D4,CUST-00597,2025-01-19T05:47:48.455Z,184.39,PROCESSING
ORD-1786976311000-C7B4230D,CUST-00854,2026-05-11T09:02:30.526Z,464.72,SHIPPED
ORD-1786976311000-081946D4,CUST-00049,2026-05-13T14:01:59.199Z,85.34,COMPLETED
ORD-1786976311000-50F0D01A,CUST-00989,2025-12-02T17:54:42.278Z,341.00,COMPLETED
ORD-1786976311000-02193ADC,CUST-00641,2025-08-22T23:36:40.947Z,347.92,COMPLETED
ORD-1786976311000-709C15BA,CUST-00305,2025-11-27T23:10:00.871Z,482.07,PROCESSING
ORD-1786976311000-2F4A27D1,CUST-00326,2025-10-08T19:49:54.279Z,323.57,PENDING
ORD-1786976311000-983BFEB4,CUST-00191,2026-07-01T22:54:12.914Z,140.11,COMPLETED
ORD-1786976311000-85E69E86,CUST-00982,2025-08-05T10:44:52.100Z,149.57,DELIVERED
ORD-1786976311000-8508DE5B,CUST-00202,2026-07-10T20:22:37.379Z,260.14,DELIVERED
ORD-1786976311000-A16771FB,CUST-00350,2025-11-18T12:48:12.042Z,463.97,PROCESSING
ORD-1786976311000-B145C382,CUST-00387,2025-04-30T04:46:23.771Z,415.64,DELIVERED
ORD-1786976311000-E8B84368,CUST-00401,2026-06-09T14:20:25.435Z,257.33,DELIVERED
ORD-1786976311000-840E3F87,CUST-00751,2026-03-30T03:52:07.030Z,324.30,PROCESSING
ORD-INV-200,,2026-05-10T10:00:00Z,120.00,PENDING
ORD-1786976311000-B43242A1,CUST-00893,2026-06-02T08:05:45.689Z,225.93,PENDING
ORD-1786976311000-4EE2AFB7,CUST-00970,2025-03-09T03:13:23.055Z,31.68,PROCESSING
ORD-1786976311000-347B6C33,CUST-00160,2026-04-10T05:38:27.980Z,325.26,PROCESSING
ORD-1786976311000-FECB5893,CUST-00680,2026-03-14T04:48:01.137Z,167.05,PROCESSING
ORD-1786976311000-C3E42ADB,CUST-00426,2025-08-15T02:31:06.436Z,231.47,SHIPPED
ORD-1786976311000-0D4435AB,CUST-00906,2025-01-23T21:09:05.676Z,439.31,PROCESSING
ORD-1786976311000-0578F24D,CUST-00720,2026-07-24T10:58:24.448Z,143.13,DELIVERED
ORD-1786976311000-36DB54C0,CUST-00682,2025-12-11T00:54:14.991Z,400.48,COMPLETED
ORD-1786976311001-70A6DCEC,CUST-00727,2025-08-06T18:32:05.245Z,169.42,DELIVERED
ORD-1786976311001-A08BBEC6,CUST-00956,2025-09-16T12:27:32.373Z,252.95,CANCELLED
ORD-1786976311001-68B79880,CUST-00253,2026-05-29T17:23:44.362Z,75.46,SHIPPED
ORD-1786976311001-8E37D500,CUST-00619,2026-07-24T09:46:08.240Z,501.69,PENDING
ORD-1786976311001-088E09F0,CUST-00412,2025-09-26T11:02:16.064Z,379.49,PROCESSING
ORD-1786976311001-1A1C1DE9,CUST-00688,2025-07-31T20:36:32.691Z,398.94,DELIVERED
ORD-1786976311001-F17FBD31,CUST-00243,2026-01-23T06:51:13.929Z,14.24,PROCESSING
ORD-1786976311001-B7EC4C7A,CUST-00292,2026-03-10T03:12:07.886Z,365.45,SHIPPED
ORD-1786976311001-F40C6F8D,CUST-00896,2025-02-12T08:37:59.893Z,498.72,PENDING
ORD-1786976311001-F5D201FD,CUST-00339,2025-11-18T03:34:52.162Z,57.40,PROCESSING
ORD-1786976311001-D609EEFD,CUST-00330,2025-03-30T08:40:47.763Z,393.00,COMPLETED
ORD-1786976311001-5D85A555,CUST-00566,2026-07-13T17:17:24.474Z,322.92,DELIVERED
ORD-1786976311001-75DF3519,CUST-00292,2025-09-18T10:50:31.784Z,51.81,PROCESSING
ORD-1786976311001-6C2D8150,CUST-00134,2026-04-18T00:42:53.255Z,496.03,DELIVERED
ORD-1786976311001-752662F5,CUST-00535,2026-08-12T15:41:31.738Z,11.06,PROCESSING
ORD-1786976311001-A7E945F3,CUST-00669,2026-07-13T14:55:12.279Z,250.57,PENDING
ORD-1786976311001-34735B35,CUST-00006,2025-06-24T21:12:23.406Z,231.01,PROCESSING
ORD-1786976311001-CACF0C4B,CUST-00726,2025-04-07T12:11:38.771Z,489.44,COMPLETED
ORD-1786976311001-5B05B020,CUST-00215,2026-01-28T09:32:54.574Z,326.82,COMPLETED
ORD-1786976311001-23282418,CUST-00839,2026-04-12T18:46:53.372Z,456.87,PENDING
ORD-1786976311001-57FE57FB,CUST-00045,2026-07-26T18:08:00.146Z,334.84,COMPLETED
ORD-1786976311001-827DD0E8,CUST-00911,2025-08-20T08:10:42.313Z,14.41,PENDING
ORD-1786976311001-58A06DE2,CUST-00865,2025-05-12T21:48:06.996Z,161.30,COMPLETED
ORD-1786976311001-BDA43250,CUST-00235,2026-07-02T18:43:01.273Z,105.97,CANCELLED
ORD-1786976311001-A0ACC2A3,CUST-00265,2025-11-15T18:31:00.739Z,189.29,PROCESSING
ORD-1786976311001-9FB7EE11,CUST-00111,2026-02-12T12:30:57.014Z,241.55,PROCESSING
ORD-1786976311001-C0C7182A,CUST-00890,2025-12-05T06:05:55.289Z,187.89,PENDING
ORD-1786976311001-994C4821,CUST-00516,2025-12-02T04:38:29.854Z,263.05,SHIPPED
ORD-1786976311001-D7D4ED4D,CUST-00984,2025-10-03T23:54:39.306Z,395.61,COMPLETED
ORD-1786976311001-38276BBA,CUST-00590,2025-04-30T20:24:02.254Z,413.26,PROCESSING
ORD-1786976311001-10E32155,CUST-00633,2025-10-14T06:40:57.886Z,297.07,DELIVERED
ORD-1786976311001-8A666AF9,CUST-00429,2025-02-14T06:04:44.335Z,127.03,SHIPPED
ORD-1786976311001-4435BDA2,CUST-00084,2026-02-01T06:20:12.769Z,258.58,CANCELLED
ORD-1786976311001-E1C29B2C,CUST-00130,2025-08-02T16:24:32.730Z,452.33,CANCELLED
ORD-1786976311001-761EB13B,CUST-00411,2025-04-11T12:54:42.482Z,507.59,DELIVERED
ORD-1786976311001-4A2147CB,CUST-00783,2025-01-11T17:38:10.125Z,42.01,PROCESSING
ORD-1786976311001-DAA2E5BF,CUST-00034,2025-11-18T01:33:35.013Z,228.98,CANCELLED
ORD-1786976311001-1E698704,CUST-00838,2026-07-13T01:58:42.870Z,151.44,PENDING
ORD-1786976311001-4205B68E,CUST-00239,2025-08-08T10:46:54.623Z,137.79,SHIPPED
ORD-1786976311001-9557C52A,CUST-00831,2026-05-19T14:48:21.778Z,376.13,PROCESSING
ORD-1786976311001-0A644F2E,CUST-00242,2026-02-02T19:33:55.808Z,29.82,CANCELLED
ORD-1786976311001-B770B14B,CUST-00230,2026-07-15T12:30:38.619Z,413.52,DELIVERED
ORD-1786976311001-C2069998,CUST-00454,2025-06-17T22:47:34.244Z,12.27,PENDING
ORD-1786976311001-5A137BA5,CUST-00414,2025-01-26T18:12:09.046Z,157.48,COMPLETED
ORD-1786976311001-3C835C28,CUST-00659,2026-06-23T00:48:49.856Z,117.45,DELIVERED
ORD-1786976311001-108DD8F7,CUST-00302,2026-06-04T20:44:41.523Z,404.71,CANCELLED
ORD-1786976311001-2B7C4C2B,CUST-00143,2026-04-17T00:15:56.314Z,123.18,CANCELLED
ORD-1786976311001-2AB9CC7B,CUST-00268,2026-02-13T15:14:36.260Z,339.47,PENDING
ORD-1786976311001-E795E224,CUST-00465,2025-03-31T13:25:02.745Z,104.77,PENDING
ORD-1786976311001-1CE06C36,CUST-00525,2025-12-14T09:07:07.906Z,314.55,PENDING
ORD-1786976311001-FEA33699,CUST-00444,2025-08-01T06:26:31.645Z,65.67,CANCELLED
ORD-1786976311001-8C34F9D0,CUST-00296,2026-03-02T06:37:25.656Z,94.42,CANCELLED
ORD-1786976311001-BEFBF188,CUST-00756,2025-03-25T08:53:24.347Z,230.98,PENDING
ORD-1786976311001-78EDFD6D,CUST-00982,2025-07-06T20:08:49.004Z,502.20,CANCELLED
ORD-1786976311001-CFA910D1,CUST-00747,2025-09-25T02:32:53.871Z,371.86,PENDING
ORD-1786976311001-7742624A,CUST-00014,2025-09-22T17:30:44.364Z,152.01,PROCESSING
ORD-1786976311001-0CD905D2,CUST-00650,2026-03-02T20:34:16.059Z,72.99,PROCESSING
ORD-1786976311001-918D51D9,CUST-00070,2025-03-22T16:37:34.459Z,445.87,PENDING
ORD-1786976311001-2E717EEC,CUST-00166,2025-10-31T04:01:40.942Z,460.01,PENDING
ORD-1786976311001-F759E824,CUST-00365,2026-02-23T10:39:17.819Z,73.12,COMPLETED
ORD-1786976311001-B1E693FD,CUST-00449,2025-03-10T11:05:59.756Z,191.13,PROCESSING
ORD-1786976311001-3B9B7780,CUST-00061,2025-12-09T17:41:35.964Z,464.01,COMPLETED
ORD-1786976311001-4C35DF27,CUST-00185,2025-03-22T08:32:04.783Z,423.53,PENDING
ORD-1786976311001-2BE47326,CUST-00511,2025-11-11T15:40:00.207Z,316.98,SHIPPED
ORD-1786976311001-D4DDCC58,CUST-00048,2025-06-28T01:10:43.132Z,98.30,PENDING
ORD-1786976311001-E39DB97A,CUST-00826,2025-12-24T06:51:48.299Z,70.64,COMPLETED
ORD-1786976311001-5FC8BEB4,CUST-00885,2025-03-31T01:39:52.027Z,291.38,PROCESSING
ORD-1786976311001-87FB6C77,CUST-00215,2026-03-24T15:43:35.536Z,158.70,SHIPPED
ORD-1786976311001-5978BBB3,CUST-00246,2025-05-06T08:38:07.821Z,351.74,CANCELLED
ORD-1786976311001-5CE0FBBA,CUST-00203,2025-08-26T21:25:37.416Z,167.35,COMPLETED
ORD-1786976311001-CD90343C,CUST-00130,2026-02-28T15:48:26.977Z,494.94,PROCESSING
ORD-1786976311001-5AFA87AD,CUST-00946,2025-08-08T06:27:10.964Z,121.91,SHIPPED
ORD-1786976311002-F71FD268,CUST-00074,2026-02-03T02:10:27.200Z,35.48,COMPLETED
ORD-1786976311002-C4225BCC,CUST-00172,2025-09-07T16:01:26.607Z,509.35,DELIVERED
ORD-1786976311002-9C2832AE,CUST-00141,2025-11-02T06:25:43.918Z,362.99,PENDING
ORD-1786976311002-CFDA16AA,CUST-00207,2025-08-07T19:29:16.502Z,420.62,PENDING
ORD-1786976311002-CD9C57D8,CUST-00372,2025-01-28T08:44:45.138Z,62.53,PENDING
ORD-1786976311002-044C4D28,CUST-00366,2025-03-22T21:02:31.406Z,65.86,PENDING
ORD-1786976311002-ADD3E0FC,CUST-00050,2025-03-28T03:58:36.387Z,448.06,SHIPPED
ORD-1786976311002-631A224D,CUST-00853,2026-08-08T04:51:02.461Z,389.98,CANCELLED
ORD-1786976311002-412CA299,CUST-00748,2025-01-19T23:32:40.145Z,54.43,PROCESSING
ORD-1786976311002-C0592C95,CUST-00871,2026-03-27T07:49:42.885Z,124.74,SHIPPED
ORD-1786976311002-7F2F3656,CUST-00821,2025-01-11T09:31:29.141Z,435.07,DELIVERED
ORD-1786976311002-278D81E3,CUST-00544,2025-10-30T19:24:04.864Z,59.51,PENDING
ORD-1786976311002-F28D2C8A,CUST-00025,2026-03-26T21:14:30.764Z,428.26,COMPLETED
ORD-1786976311002-1F473B3F,CUST-00545,2025-03-24T12:39:42.200Z,227.41,PENDING
ORD-1786976311002-16101CD5,CUST-00102,2025-08-28T03:05:51.419Z,17.79,CANCELLED
ORD-1786976311002-4AD602D8,CUST-00023,2025-07-17T21:16:29.128Z,23.32,SHIPPED
ORD-1786976311002-2D0BB18A,CUST-00469,2026-08-14T02:53:39.618Z,480.02,PENDING
ORD-1786976311002-30E28368,CUST-00403,2025-02-27T09:09:51.601Z,119.44,DELIVERED
ORD-1786976311002-CB5053F4,CUST-00514,2025-08-30T11:22:59.115Z,184.31,PENDING
ORD-INV-300,CUST-001,INVALID_DATE_FORMAT,99.99,PENDING
ORD-1786976311002-15BAA698,CUST-00789,2026-04-30T04:42:25.058Z,112.29,DELIVERED
ORD-1786976311002-D80FFB65,CUST-00259,2026-03-23T18:22:53.346Z,259.66,SHIPPED
ORD-1786976311002-82AAD366,CUST-00917,2026-07-19T03:36:56.645Z,352.22,SHIPPED
ORD-1786976311002-3E4658B2,CUST-00485,2025-05-16T09:11:57.779Z,134.61,PENDING
ORD-1786976311002-60C16F10,CUST-00294,2025-10-16T06:01:56.309Z,319.11,COMPLETED
ORD-1786976311002-70A5CB89,CUST-00401,2025-11-06T02:18:51.435Z,31.16,PROCESSING
ORD-1786976311002-810FC2DA,CUST-00787,2025-01-01T23:56:27.895Z,506.18,DELIVERED
ORD-1786976311002-31C2EF8A,CUST-00823,2025-11-21T12:27:57.593Z,464.66,PENDING
ORD-1786976311002-6F550337,CUST-00057,2025-01-13T10:07:41.718Z,34.69,PENDING
ORD-1786976311002-A43ED3B2,CUST-00753,2026-02-22T08:27:09.066Z,175.22,DELIVERED
ORD-1786976311002-97C1C53D,CUST-00137,2026-03-31T07:32:20.645Z,142.35,PENDING
ORD-1786976311002-D067B20B,CUST-00113,2025-08-15T21:50:39.475Z,215.42,SHIPPED
ORD-1786976311002-B159F3B9,CUST-00231,2025-05-04T14:19:30.088Z,241.53,CANCELLED
ORD-1786976311002-253B5AC4,CUST-00947,2026-03-16T02:15:02.210Z,287.98,CANCELLED
ORD-1786976311002-E5977B21,CUST-00439,2025-01-22T22:29:40.543Z,285.74,COMPLETED
ORD-1786976311002-3F56EA54,CUST-00893,2025-02-10T11:12:37.333Z,497.70,SHIPPED
ORD-1786976311002-97001522,CUST-00226,2025-11-10T07:17:16.480Z,420.95,PROCESSING
ORD-1786976311002-9B524D62,CUST-00306,2026-04-06T03:54:16.953Z,154.37,PENDING
ORD-1786976311002-01B437D8,CUST-00694,2026-04-07T23:54:27.226Z,449.65,DELIVERED
ORD-1786976311002-77E87158,CUST-00150,2026-01-12T20:46:22.782Z,250.43,PROCESSING
ORD-1786976311002-4212BCB1,CUST-00976,2025-08-13T23:39:54.710Z,268.71,PENDING
ORD-1786976311002-8B4E6F9A,CUST-00950,2025-04-01T17:17:43.647Z,230.34,SHIPPED
ORD-1786976311002-7390EDAB,CUST-00005,2026-01-09T18:47:06.566Z,399.91,CANCELLED
ORD-1786976311002-675747B1,CUST-00363,2026-05-29T10:56:46.123Z,462.89,PENDING
ORD-1786976311002-6278979D,CUST-00116,2025-07-31T20:34:50.866Z,508.20,PROCESSING
ORD-1786976311002-45E84884,CUST-00918,2025-08-27T16:49:50.813Z,156.66,CANCELLED
ORD-1786976311002-5F2BAD5D,CUST-00066,2025-12-03T15:43:43.438Z,271.56,PENDING
ORD-1786976311002-2E1254C7,CUST-00719,2025-01-11T02:27:57.589Z,423.51,SHIPPED
ORD-1786976311002-C825EC0D,CUST-00140,2025-06-05T03:56:54.398Z,13.56,COMPLETED
ORD-1786976311002-9D62984E,CUST-00558,2025-04-14T06:19:50.026Z,336.36,PROCESSING
ORD-1786976311002-222AED7C,CUST-00197,2025-10-12T07:53:39.050Z,466.12,CANCELLED
ORD-1786976311002-8FB57C0E,CUST-00161,2025-09-04T18:59:48.108Z,448.60,DELIVERED
ORD-1786976311002-E1F9C3CB,CUST-00020,2025-08-12T11:58:11.843Z,443.78,PENDING
ORD-1786976311002-51F985C6,CUST-00812,2026-03-27T22:07:24.325Z,46.98,CANCELLED
ORD-1786976311002-EEDC6F0A,CUST-00498,2026-03-12T17:08:26.282Z,383.32,COMPLETED
ORD-1786976311002-34F90030,CUST-00328,2025-12-10T02:29:42.194Z,403.45,CANCELLED
ORD-1786976311002-93C856A6,CUST-00223,2025-02-23T10:54:39.284Z,87.24,DELIVERED
ORD-1786976311002-1CDBBE64,CUST-00007,2025-03-08T21:25:48.130Z,220.51,DELIVERED
ORD-1786976311002-BC70C5AE,CUST-00738,2025-10-05T09:45:53.325Z,31.98,PENDING
ORD-1786976311002-0C2B659F,CUST-00782,2026-07-31T14:34:58.984Z,27.81,PROCESSING
ORD-1786976311002-EB86C3D1,CUST-00394,2025-08-18T22:10:49.282Z,375.93,SHIPPED
ORD-1786976311002-B9D70888,CUST-00845,2025-11-15T12:17:51.543Z,76.84,CANCELLED
ORD-1786976311002-79181311,CUST-00450,2026-06-29T09:32:01.356Z,209.38,PENDING
ORD-1786976311002-91F313DC,CUST-00521,2025-07-18T07:31:22.554Z,43.79,PROCESSING
ORD-1786976311002-36541190,CUST-00296,2025-12-01T13:32:44.190Z,486.32,CANCELLED
ORD-1786976311002-ADC12E59,CUST-00892,2026-01-05T21:02:19.225Z,384.73,CANCELLED
ORD-1786976311002-F2341B5A,CUST-00285,2025-06-27T08:29:07.280Z,424.61,CANCELLED
ORD-1786976311002-19FE5C69,CUST-00363,2026-03-03T15:22:03.342Z,509.64,COMPLETED
ORD-1786976311002-D371CFAE,CUST-00731,2026-01-25T23:01:01.398Z,347.30,PROCESSING
ORD-1786976311002-8252EE50,CUST-00106,2025-01-16T19:34:48.348Z,237.86,DELIVERED
ORD-1786976311002-11C6C13A,CUST-00155,2026-05-20T10:45:47.610Z,417.00,SHIPPED
ORD-1786976311002-66FCCA6A,CUST-00004,2026-06-13T10:31:55.504Z,354.33,DELIVERED
ORD-1786976311002-FCA7DE07,CUST-00811,2026-02-21T09:05:06.443Z,257.47,COMPLETED
ORD-1786976311002-079D95C5,CUST-00064,2025-07-21T23:52:22.216Z,40.34,SHIPPED
ORD-1786976311002-41882D83,CUST-00809,2025-08-20T17:12:15.367Z,297.79,COMPLETED
ORD-1786976311002-CA9CB25A,CUST-00067,2025-02-10T23:29:54.136Z,68.49,COMPLETED
ORD-1786976311002-E441E002,CUST-00392,2026-08-09T06:19:15.968Z,305.89,SHIPPED
ORD-1786976311002-7465443B,CUST-00826,2026-05-25T11:18:48.637Z,480.17,PENDING
ORD-1786976311002-8F1A9F21,CUST-00649,2026-05-02T22:02:32.961Z,274.47,COMPLETED
ORD-1786976311003-8AEFC410,CUST-00461,2026-04-14T16:15:09.268Z,167.02,CANCELLED
ORD-1786976311003-AD1BF029,CUST-00523,2026-03-29T16:58:28.217Z,488.54,DELIVERED
ORD-1786976311003-B20C6220,CUST-00437,2025-06-27T09:01:16.819Z,31.42,CANCELLED
ORD-1786976311003-8CFBA122,CUST-00267,2025-04-09T14:23:48.995Z,205.39,COMPLETED
ORD-1786976311003-9A719036,CUST-00714,2026-06-28T05:34:37.249Z,202.96,COMPLETED
ORD-1786976311003-52CC6EFE,CUST-00967,2025-06-06T12:19:35.863Z,268.04,CANCELLED
ORD-1786976311003-FA30DA60,CUST-00817,2026-06-05T03:40:40.216Z,447.49,COMPLETED
ORD-1786976311003-094E8ED5,CUST-00401,2026-06-18T04:17:49.022Z,487.64,PENDING
ORD-1786976311003-319F5B5F,CUST-00202,2025-06-01T23:12:07.759Z,71.39,PENDING
ORD-1786976311003-8316CE19,CUST-00993,2025-07-01T06:15:56.715Z,179.29,SHIPPED
ORD-1786976311003-57E48997,CUST-00073,2025-05-10T03:06:37.365Z,233.88,CANCELLED
ORD-1786976311003-22A17424,CUST-00747,2026-07-06T04:27:54.106Z,204.32,PROCESSING
ORD-1786976311003-141D92D3,CUST-00723,2026-05-10T04:11:11.187Z,488.46,COMPLETED
ORD-1786976311003-A8A93DFA,CUST-00611,2026-08-03T06:17:01.132Z,137.80,CANCELLED
ORD-1786976311003-774E8240,CUST-00593,2025-07-12T10:55:06.342Z,477.08,DELIVERED
ORD-1786976311003-0F6B579B,CUST-00323,2026-03-05T07:09:24.590Z,349.92,CANCELLED
ORD-1786976311003-7758EB29,CUST-00596,2025-06-02T08:32:39.004Z,326.93,COMPLETED
ORD-1786976311003-5A0DD914,CUST-00304,2025-12-15T16:24:21.088Z,389.13,PENDING
ORD-1786976311003-B5F8E2C8,CUST-00337,2026-01-31T07:05:27.581Z,170.73,PENDING
ORD-1786976311003-25C19067,CUST-00661,2025-08-03T18:08:38.636Z,249.83,PENDING
ORD-1786976311003-ED700AF8,CUST-00966,2026-02-19T20:18:05.301Z,60.37,PENDING
ORD-1786976311003-91F2E43D,CUST-00892,2025-11-12T08:18:31.491Z,129.39,COMPLETED
ORD-1786976311003-A2BE11AD,CUST-00242,2025-07-20T03:28:39.608Z,429.54,DELIVERED
ORD-1786976311003-B356D9AD,CUST-00730,2025-12-02T03:44:28.942Z,498.76,PENDING
ORD-1786976311003-9AC83011,CUST-00839,2026-07-28T12:51:48.615Z,439.48,COMPLETED
ORD-1786976311003-30ABAEAD,CUST-00263,2025-12-04T18:51:00.098Z,352.20,COMPLETED
ORD-1786976311003-34A8A82E,CUST-00928,2025-03-20T21:49:05.625Z,43.20,PROCESSING
ORD-1786976311003-1FE0482A,CUST-00648,2025-03-24T08:54:50.267Z,89.45,PENDING
ORD-1786976311003-5C5F615E,CUST-00589,2025-06-22T17:29:39.224Z,387.03,PENDING
ORD-1786976311003-11A2F81A,CUST-00401,2025-09-23T01:28:26.284Z,72.86,COMPLETED
ORD-1786976311003-7A439EB7,CUST-00886,2025-03-25T01:07:12.170Z,128.44,SHIPPED
ORD-1786976311003-22BA14B0,CUST-00921,2025-06-28T09:51:20.748Z,340.19,PROCESSING
ORD-1786976311003-92F2ED09,CUST-00478,2026-01-03T11:11:34.297Z,330.99,DELIVERED
ORD-1786976311003-5502307F,CUST-00217,2025-07-31T15:47:15.707Z,258.87,DELIVERED
ORD-1786976311003-A69C77AA,CUST-00499,2025-03-01T05:29:32.276Z,459.29,COMPLETED
ORD-1786976311003-D81938C3,CUST-00856,2026-01-12T10:47:12.710Z,421.59,CANCELLED
ORD-1786976311003-450F2D31,CUST-00052,2025-06-13T16:06:53.269Z,126.74,DELIVERED
ORD-1786976311003-B47ACFF7,CUST-00370,2026-07-22T19:58:36.299Z,505.67,DELIVERED
ORD-1786976311003-50842249,CUST-00284,2025-01-30T13:23:34.921Z,44.99,SHIPPED
ORD-1786976311003-7666FEAF,CUST-00974,2026-05-30T05:25:47.655Z,421.29,COMPLETED
ORD-INV-400,CUST-002,2026-05-10T10:00:00Z,-50.00,COMPLETED
ORD-1786976311003-1E46C618,CUST-00227,2026-07-21T01:55:02.388Z,275.04,COMPLETED
ORD-1786976311003-B0A460D2,CUST-00661,2026-03-08T17:18:57.505Z,170.74,COMPLETED
ORD-1786976311003-A14AA801,CUST-00562,2025-04-21T01:20:05.770Z,202.23,PROCESSING
ORD-1786976311003-1230225F,CUST-00152,2025-09-21T02:59:27.931Z,475.65,PENDING
ORD-1786976311003-16739DD6,CUST-00526,2026-05-19T11:00:31.215Z,370.73,SHIPPED
ORD-1786976311003-2E80D5D9,CUST-00691,2025-03-26T23:48:11.368Z,211.75,PROCESSING
ORD-1786976311003-675132B2,CUST-00080,2025-10-06T21:44:41.570Z,80.66,DELIVERED
ORD-1786976311003-DC75AA9D,CUST-00171,2026-05-09T07:18:13.634Z,352.61,CANCELLED
ORD-1786976311003-A979DED7,CUST-00195,2025-10-31T14:18:57.943Z,395.14,PENDING
ORD-1786976311003-9FA245E2,CUST-00758,2026-06-20T00:08:35.345Z,111.98,CANCELLED
ORD-1786976311003-257957D1,CUST-00688,2025-03-14T03:26:37.906Z,398.67,CANCELLED
ORD-1786976311003-10DF1522,CUST-00095,2026-04-29T02:35:24.559Z,15.66,PENDING
ORD-1786976311003-3A2CD924,CUST-00689,2025-03-28T04:26:32.637Z,183.84,CANCELLED
ORD-1786976311003-90749775,CUST-00388,2025-04-29T04:48:07.220Z,433.50,COMPLETED
ORD-1786976311004-7C45F0BA,CUST-00678,2025-03-21T12:11:33.798Z,476.19,PROCESSING
ORD-1786976311004-35FF33EC,CUST-00193,2026-03-05T02:29:24.388Z,79.12,DELIVERED
ORD-1786976311004-2C3A3000,CUST-00140,2025-04-29T15:01:30.206Z,313.94,PROCESSING
ORD-1786976311004-C47F4883,CUST-00147,2026-03-18T19:52:07.943Z,186.64,CANCELLED
ORD-1786976311004-B44CDDFA,CUST-00662,2025-12-24T16:09:49.672Z,191.28,CANCELLED
ORD-1786976311004-5030D7DC,CUST-00008,2025-02-06T22:22:57.993Z,24.50,COMPLETED
ORD-1786976311004-265C5892,CUST-00069,2025-10-09T22:34:01.638Z,500.02,DELIVERED
ORD-1786976311004-180AD5C1,CUST-00323,2026-01-16T22:25:50.934Z,226.00,SHIPPED
ORD-1786976311004-A0DF044C,CUST-00870,2025-10-02T02:47:01.097Z,295.79,SHIPPED
ORD-1786976311004-A79E1D42,CUST-00574,2025-01-03T21:01:20.787Z,232.90,DELIVERED
ORD-1786976311004-581BF407,CUST-00196,2026-03-21T13:28:51.296Z,272.23,SHIPPED
ORD-1786976311004-B669D4FB,CUST-00314,2025-04-09T06:07:13.591Z,473.25,CANCELLED
ORD-1786976311004-E6CB05AA,CUST-00477,2026-02-05T00:34:56.310Z,183.33,SHIPPED
ORD-1786976311004-0999A4C2,CUST-00081,2025-11-26T13:59:15.654Z,379.94,PROCESSING
ORD-1786976311004-C19F4770,CUST-00993,2026-05-18T21:50:56.729Z,480.80,SHIPPED
ORD-1786976311004-45C76627,CUST-00654,2026-08-03T04:03:49.174Z,400.27,PENDING
ORD-1786976311004-98446F99,CUST-00575,2025-05-05T11:14:10.906Z,423.28,PROCESSING
ORD-1786976311004-6741784C,CUST-00930,2025-01-21T16:49:24.573Z,418.89,CANCELLED
ORD-1786976311004-E09FC944,CUST-00098,2025-12-05T21:15:41.806Z,164.02,COMPLETED
ORD-1786976311004-FB6B1BD2,CUST-00895,2025-01-23T06:42:42.499Z,449.31,PENDING
ORD-1786976311004-5EAC8F56,CUST-00015,2025-02-20T02:31:03.675Z,399.03,SHIPPED
ORD-1786976311004-59ECF530,CUST-00681,2025-06-25T15:28:24.470Z,155.92,PROCESSING
ORD-1786976311004-781E511B,CUST-00612,2026-03-30T20:26:38.138Z,250.68,COMPLETED
ORD-1786976311004-D0160ABC,CUST-00229,2025-05-15T20:00:02.578Z,498.86,CANCELLED
ORD-1786976311004-BE513F4A,CUST-00936,2025-03-05T18:27:10.457Z,417.07,DELIVERED
ORD-1786976311004-2A4CDF16,CUST-00665,2026-01-21T23:32:41.175Z,113.38,SHIPPED
ORD-1786976311004-0E5324BF,CUST-00637,2025-09-24T09:24:43.419Z,245.47,PENDING
ORD-1786976311004-12AC874C,CUST-00079,2025-08-27T04:52:10.981Z,273.66,COMPLETED
ORD-1786976311004-C0631113,CUST-00641,2025-12-23T18:05:14.884Z,90.22,SHIPPED
ORD-1786976311004-17011BBB,CUST-00649,2026-04-07T06:04:18.116Z,90.68,COMPLETED
ORD-1786976311004-C3E60F35,CUST-00354,2025-11-16T08:37:59.298Z,306.86,SHIPPED
ORD-1786976311004-2183E40F,CUST-00234,2025-02-03T05:03:32.575Z,357.78,COMPLETED
ORD-1786976311004-2582BE16,CUST-00514,2025-02-04T08:16:44.158Z,413.79,SHIPPED
ORD-1786976311004-0C40127B,CUST-00804,2026-01-24T04:48:33.666Z,497.71,PROCESSING
ORD-1786976311004-820F1425,CUST-00532,2026-02-11T21:38:44.101Z,15.03,PROCESSING
ORD-1786976311004-B7AFC5E7,CUST-00158,2025-07-15T03:43:16.516Z,236.65,DELIVERED
ORD-1786976311004-6AC9D63A,CUST-00432,2025-04-13T11:07:08.144Z,227.23,COMPLETED
ORD-1786976311004-53075B63,CUST-00223,2026-07-29T15:02:38.430Z,332.20,DELIVERED
ORD-1786976311004-FBAECB9C,CUST-00354,2026-04-12T05:10:19.377Z,118.49,COMPLETED
ORD-1786976311004-8F57749F,CUST-00626,2025-11-07T05:36:38.089Z,431.04,CANCELLED
ORD-1786976311004-C10476AD,CUST-00994,2025-06-03T10:24:45.213Z,476.09,COMPLETED
ORD-1786976311004-425AB90F,CUST-00651,2025-05-28T13:19:21.969Z,420.63,DELIVERED
ORD-1786976311004-31DD8723,CUST-00452,2025-11-19T21:55:45.558Z,305.93,COMPLETED
ORD-1786976311004-1D6F4AE7,CUST-00486,2025-11-13T05:58:58.202Z,485.63,SHIPPED
ORD-1786976311004-35809FF6,CUST-00307,2025-02-18T03:02:54.362Z,13.79,COMPLETED
ORD-1786976311004-E220F719,CUST-00520,2026-03-29T18:36:48.176Z,284.21,SHIPPED
ORD-1786976311004-1ED4F70E,CUST-00665,2025-04-18T10:37:08.622Z,492.77,PROCESSING
ORD-1786976311004-C1511F9C,CUST-00243,2025-07-18T02:32:41.285Z,219.24,SHIPPED
ORD-1786976311004-95393DC7,CUST-00879,2025-04-13T05:27:51.320Z,144.01,COMPLETED
ORD-1786976311004-793BF009,CUST-00056,2025-03-21T22:29:40.720Z,447.97,PROCESSING
ORD-1786976311004-D094F542,CUST-00394,2026-01-06T06:59:11.954Z,486.60,COMPLETED
ORD-1786976311004-AC31C763,CUST-00973,2025-07-12T23:12:00.412Z,343.12,PROCESSING
ORD-1786976311004-BCEC81B6,CUST-00393,2025-11-26T05:39:43.932Z,177.88,PROCESSING
ORD-1786976311004-0C783493,CUST-00847,2026-03-25T06:00:56.508Z,144.20,PROCESSING
ORD-1786976311004-66029F5C,CUST-00579,2026-05-09T05:43:55.719Z,164.06,PROCESSING
ORD-1786976311004-B459F3F9,CUST-00783,2025-06-07T11:03:58.430Z,475.20,PROCESSING
ORD-1786976311004-4BFB506A,CUST-00134,2025-04-23T01:15:39.216Z,62.28,PROCESSING
ORD-1786976311004-122B8AB0,CUST-00768,2026-05-26T10:37:29.000Z,171.63,CANCELLED
ORD-1786976311004-ECD1FFFF,CUST-00747,2026-05-03T13:15:16.044Z,363.80,SHIPPED
ORD-1786976311004-003D8C7E,CUST-00716,2026-07-30T09:33:23.411Z,354.93,COMPLETED
ORD-1786976311004-FF60B6B5,CUST-00639,2025-03-28T00:59:47.962Z,131.34,COMPLETED
ORD-1786976311004-958B11D7,CUST-00146,2025-12-15T18:30:27.369Z,205.36,PENDING
ORD-1786976311005-D97A104D,CUST-00538,2026-06-27T21:14:11.902Z,191.33,COMPLETED
ORD-1786976311005-484B277B,CUST-00106,2026-02-22T18:09:47.964Z,390.81,PENDING
ORD-1786976311005-0E9E939F,CUST-00755,2025-12-23T16:47:37.709Z,280.47,COMPLETED
ORD-1786976311005-5BE05947,CUST-00528,2026-01-13T03:46:43.065Z,483.30,CANCELLED
ORD-1786976311005-54BDF7C0,CUST-00199,2026-04-08T07:11:18.270Z,86.30,DELIVERED
ORD-1786976311005-E6DF70A7,CUST-00146,2025-02-21T23:41:47.775Z,120.73,DELIVERED
ORD-1786976311005-22C1CB08,CUST-00924,2025-04-06T19:19:04.090Z,432.56,CANCELLED
ORD-1786976311005-D9DA5C19,CUST-00083,2026-05-05T02:22:04.598Z,392.72,PENDING
ORD-1786976311005-FBA3FD7D,CUST-00525,2026-06-11T13:22:12.344Z,124.20,COMPLETED
ORD-1786976311005-252E4B7A,CUST-00492,2026-02-02T16:57:56.835Z,425.78,PROCESSING
ORD-1786976311005-6748943F,CUST-00851,2025-01-27T07:12:30.801Z,305.74,COMPLETED
ORD-1786976311005-86AD15BF,CUST-00414,2025-01-24T12:06:24.713Z,216.19,SHIPPED
ORD-1786976311005-2FBCBA9C,CUST-00634,2026-02-04T23:02:31.849Z,284.94,PROCESSING
ORD-1786976311005-62FC9983,CUST-00252,2025-05-28T03:11:08.399Z,64.41,CANCELLED
ORD-1786976311005-4789E35C,CUST-00834,2025-01-04T00:11:13.178Z,210.70,COMPLETED
ORD-1786976311005-BD9A7C85,CUST-00247,2025-08-12T12:08:21.927Z,17.74,DELIVERED
ORD-1786976311005-A15F7507,CUST-00170,2025-08-18T13:03:33.028Z,476.75,PENDING
ORD-1786976311005-DCAA88ED,CUST-00551,2026-07-30T14:33:30.481Z,21.70,DELIVERED
ORD-1786976311005-7108E34D,CUST-00697,2025-07-31T01:57:57.956Z,254.65,SHIPPED
ORD-1786976311005-8D111066,CUST-00923,2026-04-23T18:40:52.865Z,231.72,COMPLETED
ORD-1786976311005-1F763293,CUST-00491,2026-05-23T16:45:07.620Z,125.68,CANCELLED
ORD-1786976311005-37D0A12F,CUST-00055,2026-05-03T22:42:43.587Z,367.74,PROCESSING
ORD-1786976311005-1485E708,CUST-00430,2025-02-19T03:51:21.161Z,288.93,PROCESSING
ORD-INV-500,,2026-05-10T10:00:00Z,120.00,PENDING
ORD-1786976311005-4BDF1DA6,CUST-00261,2025-12-22T09:57:50.608Z,372.81,PROCESSING
ORD-1786976311005-96DCE445,CUST-00775,2026-06-19T10:23:51.285Z,379.07,PENDING
ORD-1786976311005-69468D38,CUST-00477,2025-09-01T22:09:37.275Z,485.88,COMPLETED
ORD-1786976311006-122020A2,CUST-00851,2026-04-14T14:24:51.278Z,309.93,SHIPPED
ORD-1786976311006-5AF684AF,CUST-00244,2025-06-09T19:18:31.726Z,94.47,COMPLETED
ORD-1786976311006-8F37B965,CUST-00054,2025-07-27T00:10:04.018Z,471.80,COMPLETED
ORD-1786976311006-0172DF8B,CUST-00235,2025-05-27T07:43:11.909Z,123.31,SHIPPED
ORD-1786976311006-2823E985,CUST-00183,2025-11-11T03:40:05.510Z,409.86,CANCELLED
ORD-1786976311007-C98E2342,CUST-00333,2025-07-17T12:53:33.249Z,168.72,DELIVERED
ORD-1786976311007-93E9AF04,CUST-00927,2025-03-28T15:53:31.241Z,296.51,CANCELLED
ORD-1786976311007-E85F0928,CUST-00288,2025-12-07T17:30:49.099Z,231.71,CANCELLED
ORD-1786976311007-4EDF1517,CUST-00115,2025-11-17T17:03:50.864Z,376.20,COMPLETED
ORD-1786976311007-BE5D15F4,CUST-00183,2025-10-16T21:46:10.903Z,84.59,SHIPPED
ORD-1786976311007-FAF4659D,CUST-00531,2025-06-05T03:03:35.473Z,236.89,DELIVERED
ORD-1786976311007-D71BF4BA,CUST-00823,2025-04-04T02:09:17.769Z,356.69,COMPLETED
ORD-1786976311007-F0436299,CUST-00037,2025-10-29T12:43:32.971Z,147.71,PENDING
ORD-1786976311007-90D93F68,CUST-00779,2026-02-21T23:47:00.506Z,241.04,COMPLETED
ORD-1786976311007-5C2C761C,CUST-00815,2026-04-28T22:33:53.747Z,218.29,DELIVERED
ORD-1786976311007-1032F592,CUST-00087,2025-07-19T15:48:12.868Z,243.96,PROCESSING
ORD-1786976311007-42D2E00B,CUST-00172,2026-02-24T23:40:56.637Z,481.59,PROCESSING
ORD-1786976311007-E233DEF2,CUST-00358,2025-12-31T03:21:01.179Z,129.89,CANCELLED
ORD-1786976311007-7E4EEF41,CUST-00606,2025-10-30T14:45:10.679Z,370.39,CANCELLED
ORD-1786976311007-30C0D98D,CUST-00702,2025-04-12T03:13:10.377Z,346.76,PROCESSING
ORD-1786976311007-EB8F2DC5,CUST-00580,2026-06-06T19:17:53.595Z,153.61,SHIPPED
ORD-1786976311007-C0DDA442,CUST-00994,2025-11-13T10:49:27.393Z,476.67,DELIVERED
ORD-1786976311007-950F778D,CUST-00796,2025-05-14T20:11:29.725Z,333.53,CANCELLED
ORD-1786976311007-0B0F92A5,CUST-00315,2026-08-09T00:24:18.967Z,385.80,COMPLETED
ORD-1786976311007-E332882B,CUST-00097,2026-06-04T17:45:39.687Z,449.26,SHIPPED
ORD-1786976311007-F44CCFA3,CUST-00118,2026-02-04T04:56:44.309Z,277.77,SHIPPED
ORD-1786976311007-D693FA8B,CUST-00549,2026-01-11T02:52:31.349Z,402.67,PENDING
ORD-1786976311007-AAC86B9A,CUST-00101,2026-02-25T18:46:45.903Z,149.20,PROCESSING
ORD-1786976311007-750E3EA1,CUST-00457,2026-05-29T16:35:52.655Z,495.22,CANCELLED
ORD-1786976311007-986FEBDE,CUST-00858,2025-08-01T17:43:35.099Z,140.38,CANCELLED
ORD-1786976311007-55A1B166,CUST-00777,2026-02-23T02:12:28.002Z,194.77,COMPLETED
ORD-1786976311007-141666CB,CUST-00187,2025-02-05T23:35:26.251Z,493.83,CANCELLED
ORD-1786976311007-111AE138,CUST-00708,2025-10-28T19:40:36.176Z,119.56,PROCESSING
ORD-1786976311007-07828212,CUST-00430,2025-01-01T10:00:51.167Z,355.86,DELIVERED
ORD-1786976311007-49C50A37,CUST-00006,2025-08-10T01:18:17.929Z,87.13,DELIVERED
ORD-1786976311007-DC2F6935,CUST-00262,2025-09-07T18:38:08.380Z,18.03,CANCELLED
ORD-1786976311007-E609527D,CUST-00289,2025-04-27T23:08:21.991Z,186.83,PROCESSING
ORD-1786976311007-B87A2D52,CUST-00022,2025-06-16T18:55:49.157Z,122.22,DELIVERED
ORD-1786976311007-A07E1EF8,CUST-00969,2026-04-25T03:58:01.754Z,313.39,COMPLETED
ORD-1786976311007-655615A7,CUST-00638,2025-08-14T20:26:48.234Z,131.06,COMPLETED
ORD-1786976311007-746E57AA,CUST-00262,2026-06-05T13:34:33.890Z,256.18,DELIVERED
ORD-1786976311007-6B44080D,CUST-00156,2026-03-20T03:36:58.157Z,193.33,SHIPPED
ORD-1786976311007-E9460A43,CUST-00393,2026-05-03T14:28:29.692Z,355.94,CANCELLED
ORD-1786976311007-8277D6C6,CUST-00119,2026-01-23T19:24:29.631Z,45.56,COMPLETED
ORD-1786976311007-E29608C9,CUST-00230,2025-06-25T17:46:20.713Z,439.34,DELIVERED
ORD-1786976311007-B6B3A098,CUST-00418,2026-05-19T07:34:55.776Z,308.82,DELIVERED
ORD-1786976311007-2C9CD2FB,CUST-00909,2025-01-29T21:24:53.522Z,197.66,DELIVERED
ORD-1786976311007-4FFB182E,CUST-00509,2025-05-30T06:29:50.687Z,423.01,COMPLETED
ORD-1786976311007-FC24A15F,CUST-00094,2026-03-03T14:43:55.322Z,294.40,PENDING
ORD-1786976311007-64F08C3A,CUST-00624,2025-05-05T21:53:49.817Z,239.43,COMPLETED
ORD-1786976311007-7201E750,CUST-00642,2025-07-18T20:35:42.075Z,456.26,CANCELLED
ORD-1786976311007-0DFE734F,CUST-00040,2025-09-11T14:38:01.695Z,259.42,DELIVERED
ORD-1786976311007-95956A21,CUST-00152,2026-07-25T06:49:50.537Z,40.62,DELIVERED
ORD-1786976311007-56AF40A4,CUST-00508,2026-06-18T10:14:25.716Z,36.28,PENDING
ORD-1786976311007-604F7A7E,CUST-00619,2026-07-06T07:04:29.941Z,28.31,PENDING
ORD-1786976311007-C6BB8E5A,CUST-00141,2025-06-11T14:55:55.321Z,239.31,PENDING
ORD-1786976311008-2E975E58,CUST-00255,2025-12-23T03:42:07.829Z,437.20,DELIVERED
ORD-1786976311008-433A8C71,CUST-00649,2025-03-10T15:44:38.987Z,142.75,SHIPPED
ORD-1786976311008-DB2A6AF4,CUST-00886,2026-06-06T07:09:45.128Z,301.45,CANCELLED
ORD-1786976311008-1283C6BB,CUST-00452,2025-05-18T01:50:37.887Z,228.70,PENDING
ORD-1786976311008-1015036A,CUST-00583,2025-11-11T11:35:05.972Z,405.22,PROCESSING
ORD-1786976311008-B046D6D2,CUST-00207,2025-01-06T15:59:57.855Z,336.24,SHIPPED
ORD-1786976311008-15E5FE08,CUST-00779,2026-05-20T14:56:23.222Z,157.73,COMPLETED
ORD-1786976311008-02A3AC91,CUST-00285,2025-06-07T09:45:55.704Z,288.07,CANCELLED
ORD-1786976311008-0EA4AC85,CUST-00653,2026-04-21T14:51:14.721Z,272.48,PENDING
ORD-1786976311008-959E6350,CUST-00994,2025-07-27T10:30:05.899Z,408.92,PENDING
ORD-1786976311008-77139B25,CUST-00923,2025-12-27T00:29:15.249Z,444.82,SHIPPED
ORD-1786976311008-E3E73C94,CUST-00580,2025-04-25T03:46:13.176Z,10.33,SHIPPED
ORD-1786976311008-415C25C1,CUST-00988,2026-05-11T15:59:30.617Z,440.53,SHIPPED
ORD-1786976311008-90101325,CUST-00289,2025-04-10T22:14:40.646Z,41.46,DELIVERED
ORD-1786976311008-77124844,CUST-00931,2025-08-15T22:39:50.951Z,292.92,COMPLETED
ORD-1786976311008-0F8C274B,CUST-00008,2025-04-04T14:57:06.635Z,219.41,CANCELLED
ORD-1786976311008-C1261809,CUST-00655,2025-11-22T13:22:10.693Z,404.54,CANCELLED
ORD-1786976311008-E537A078,CUST-00589,2025-11-11T12:17:27.529Z,468.25,CANCELLED
ORD-1786976311008-5803E053,CUST-00587,2026-05-03T13:50:15.022Z,479.49,SHIPPED
ORD-1786976311008-25AECA09,CUST-00794,2026-04-30T17:49:30.983Z,306.86,DELIVERED
ORD-1786976311008-1299D71F,CUST-00877,2025-11-02T01:46:33.744Z,307.58,SHIPPED
ORD-1786976311008-05BFB771,CUST-00891,2026-05-16T21:23:41.996Z,40.43,COMPLETED
ORD-1786976311008-BDC76CE4,CUST-00664,2025-12-19T00:08:03.852Z,371.09,SHIPPED
ORD-1786976311008-6057C70D,CUST-00834,2026-04-27T03:58:54.003Z,238.94,PROCESSING
ORD-1786976311008-FA40849F,CUST-00118,2025-08-01T19:09:16.120Z,428.70,PROCESSING
ORD-1786976311008-E132AE11,CUST-00311,2025-06-20T12:23:45.768Z,358.75,PENDING
ORD-1786976311008-0D8AF8B5,CUST-00083,2025-06-14T17:41:11.775Z,54.64,SHIPPED
ORD-1786976311008-DDE9A935,CUST-00871,2025-01-12T23:17:33.448Z,507.76,COMPLETED
ORD-1786976311008-F15DE30D,CUST-00793,2026-05-14T10:06:41.493Z,347.03,PENDING
ORD-1786976311008-7A4A80D8,CUST-00323,2025-09-09T14:01:18.366Z,34.28,DELIVERED
ORD-1786976311008-0594B5C2,CUST-00704,2025-09-13T03:25:09.522Z,502.14,PENDING
ORD-1786976311008-866065E7,CUST-00027,2025-03-09T06:26:03.481Z,424.67,PROCESSING
ORD-1786976311008-16BB1546,CUST-00735,2026-03-15T00:08:25.056Z,369.21,CANCELLED
ORD-1786976311008-95B5AF08,CUST-00134,2025-04-02T06:10:16.118Z,243.05,DELIVERED
ORD-1786976311008-F2CC980C,CUST-00290,2025-12-11T09:07:39.312Z,255.76,PROCESSING
ORD-1786976311008-C64F5640,CUST-00973,2026-07-20T22:51:49.344Z,279.14,DELIVERED
ORD-1786976311008-05E479DA,CUST-00451,2026-07-19T12:02:33.867Z,237.04,SHIPPED
ORD-1786976311008-D01375F7,CUST-00821,2026-04-17T08:01:48.450Z,21.91,COMPLETED
ORD-1786976311008-047EAA9B,CUST-00875,2025-11-17T03:50:29.034Z,237.10,PENDING
ORD-1786976311008-F4C0A47C,CUST-00063,2025-12-12T02:24:43.743Z,160.94,DELIVERED
ORD-INV-600,CUST-001,INVALID_DATE_FORMAT,99.99,PENDING
ORD-1786976311008-B41E088E,CUST-00887,2025-11-29T12:00:28.129Z,326.72,COMPLETED
ORD-1786976311008-3B00B2F8,CUST-00934,2025-06-17T01:10:58.464Z,94.76,DELIVERED
ORD-1786976311008-AAB84B85,CUST-00117,2025-01-12T06:32:04.834Z,447.89,SHIPPED
ORD-1786976311008-4E7D5D40,CUST-00966,2026-02-05T14:48:01.417Z,359.54,PROCESSING
ORD-1786976311008-9154D304,CUST-00859,2026-05-04T23:09:58.664Z,440.42,COMPLETED
ORD-1786976311008-20F7DBAF,CUST-00254,2026-06-21T22:51:48.112Z,453.81,PENDING
ORD-1786976311008-B615F244,CUST-00207,2025-11-27T05:20:18.868Z,430.32,SHIPPED
ORD-1786976311008-8CC61740,CUST-00060,2025-11-07T03:01:17.668Z,485.70,COMPLETED
ORD-1786976311008-983F0B82,CUST-00994,2026-07-31T22:56:55.065Z,183.64,COMPLETED
ORD-1786976311008-AC44E493,CUST-00316,2026-07-22T06:51:41.619Z,228.67,DELIVERED
ORD-1786976311008-80F855EE,CUST-00926,2026-02-24T10:08:15.218Z,354.62,SHIPPED
ORD-1786976311008-E8D49157,CUST-00790,2025-11-07T22:20:36.722Z,455.15,CANCELLED
ORD-1786976311008-0166D0AA,CUST-00081,2025-01-05T21:51:45.869Z,38.22,DELIVERED
ORD-1786976311008-5F1A1E43,CUST-00998,2025-06-13T02:36:57.795Z,459.41,PENDING
ORD-1786976311008-4D7B04C1,CUST-00725,2025-04-08T20:39:39.143Z,292.18,DELIVERED
ORD-1786976311008-AC47F172,CUST-00314,2025-07-26T03:23:17.131Z,215.75,SHIPPED
ORD-1786976311008-1F3AE1A1,CUST-00820,2026-06-04T05:14:34.385Z,479.75,CANCELLED
ORD-1786976311008-1566155E,CUST-00553,2026-04-09T03:03:25.129Z,182.95,COMPLETED
ORD-1786976311008-7FB52168,CUST-00399,2025-10-17T06:14:37.644Z,467.67,CANCELLED
ORD-1786976311008-40213887,CUST-00586,2025-07-18T00:27:58.424Z,69.04,SHIPPED
ORD-1786976311008-72B76006,CUST-00435,2026-06-14T13:42:04.323Z,393.16,DELIVERED
ORD-1786976311008-0D1CAC41,CUST-00926,2025-06-02T20:46:25.820Z,59.00,PENDING
ORD-1786976311008-BEEA5600,CUST-00403,2025-05-31T05:55:27.374Z,253.85,COMPLETED
ORD-1786976311008-49CCF39D,CUST-00200,2025-10-13T13:58:03.446Z,439.58,CANCELLED
ORD-1786976311008-C99F6963,CUST-00246,2025-03-21T00:56:40.947Z,340.44,DELIVERED
ORD-1786976311009-F129DDA9,CUST-00014,2025-08-10T12:14:47.439Z,331.99,DELIVERED
ORD-1786976311009-22B6686E,CUST-00192,2026-01-26T13:15:14.963Z,371.36,PROCESSING
ORD-1786976311009-E94B0F24,CUST-00980,2025-02-17T20:27:44.612Z,22.42,PROCESSING
ORD-1786976311009-F4220718,CUST-00122,2026-08-03T01:58:49.849Z,125.73,PROCESSING
ORD-1786976311009-E148B38B,CUST-00668,2025-10-02T08:37:27.536Z,346.70,CANCELLED
ORD-1786976311009-921C0908,CUST-00138,2026-02-08T05:33:25.812Z,280.33,PENDING
ORD-1786976311009-CF1AD8CE,CUST-00729,2025-05-27T10:40:46.005Z,287.04,SHIPPED
ORD-1786976311009-B5F2D3A7,CUST-00856,2026-05-06T04:52:45.206Z,472.97,PROCESSING
ORD-1786976311009-E3464CE1,CUST-00712,2025-11-25T00:37:27.902Z,137.43,DELIVERED
ORD-1786976311009-BC096E3A,CUST-00120,2026-07-16T02:11:28.361Z,496.77,PENDING
ORD-1786976311009-121836C2,CUST-00808,2025-02-20T20:11:48.778Z,63.31,PENDING
ORD-1786976311009-10F169EB,CUST-00696,2025-07-17T21:44:53.087Z,464.76,CANCELLED
ORD-1786976311009-B109EFAD,CUST-00729,2026-03-23T18:09:51.831Z,251.22,PENDING
ORD-1786976311009-D6913B1B,CUST-00184,2026-03-23T15:19:24.520Z,320.38,COMPLETED
ORD-1786976311009-0EA06541,CUST-00770,2025-07-09T12:51:54.129Z,47.18,PROCESSING
ORD-1786976311009-FB54D0A0,CUST-00402,2026-02-05T06:19:27.659Z,224.80,DELIVERED
ORD-1786976311009-67B30E2C,CUST-00347,2025-06-27T03:49:32.289Z,326.44,PENDING
ORD-1786976311009-99E426A7,CUST-00162,2025-11-19T06:05:48.826Z,351.57,COMPLETED
ORD-1786976311009-4B6F5E80,CUST-00994,2025-06-05T07:27:03.641Z,293.31,PROCESSING
ORD-1786976311009-DFA632A9,CUST-00906,2026-03-27T11:09:34.304Z,168.74,SHIPPED
ORD-1786976311009-25313202,CUST-00372,2025-03-27T21:38:20.920Z,502.68,PENDING
ORD-1786976311009-9E747A07,CUST-00237,2025-08-31T16:11:13.804Z,171.55,CANCELLED
ORD-1786976311009-D801E0D9,CUST-00481,2026-05-29T02:14:12.906Z,487.06,COMPLETED
ORD-1786976311009-B919D702,CUST-00753,2026-04-29T16:24:04.790Z,368.25,SHIPPED
ORD-1786976311009-418D160C,CUST-00414,2026-07-27T04:49:09.928Z,243.66,DELIVERED
ORD-1786976311009-65A9B3DA,CUST-00239,2026-04-14T15:06:08.035Z,442.78,COMPLETED
ORD-1786976311009-0A8BCC8A,CUST-00784,2026-05-09T08:57:21.785Z,502.68,CANCELLED
ORD-1786976311009-C85A00FC,CUST-00632,2026-02-25T14:27:50.762Z,439.46,PENDING
ORD-1786976311009-3431F125,CUST-00205,2025-08-26T00:00:17.576Z,471.37,CANCELLED
ORD-1786976311009-827BE1BC,CUST-00228,2025-09-16T19:27:53.838Z,429.64,PROCESSING
ORD-1786976311009-C4EC5A67,CUST-00622,2025-07-02T23:36:17.365Z,12.58,PROCESSING
ORD-1786976311009-03C1D458,CUST-00385,2026-04-14T06:06:12.980Z,318.64,DELIVERED
ORD-1786976311009-7EB7CF33,CUST-00758,2026-06-16T23:42:16.677Z,124.66,CANCELLED
ORD-1786976311009-B9E3E63A,CUST-00736,2025-05-02T01:02:44.826Z,380.11,COMPLETED
ORD-1786976311009-36446D95,CUST-00456,2026-03-04T05:18:38.735Z,422.26,CANCELLED
ORD-1786976311009-D68A9C15,CUST-00888,2026-08-06T17:36:31.275Z,308.02,CANCELLED
ORD-1786976311009-16F0B7FB,CUST-00762,2026-03-28T06:56:43.481Z,166.71,DELIVERED
ORD-1786976311009-3A9AC043,CUST-00103,2026-04-29T06:22:54.132Z,93.76,PENDING
ORD-1786976311009-18B753DC,CUST-00044,2025-10-05T16:39:53.854Z,246.76,COMPLETED
ORD-1786976311009-229C26D6,CUST-00936,2026-05-18T03:23:39.976Z,332.81,COMPLETED
ORD-1786976311009-5FDEF155,CUST-00010,2025-04-05T22:39:47.952Z,309.75,PROCESSING
ORD-1786976311009-B320AEBF,CUST-00002,2026-03-19T15:53:00.762Z,388.37,SHIPPED
ORD-1786976311009-68160405,CUST-00943,2025-08-08T08:43:16.784Z,203.72,COMPLETED
ORD-1786976311009-E16F1616,CUST-00521,2025-01-04T04:05:48.684Z,491.81,SHIPPED
ORD-1786976311009-0B840882,CUST-00734,2026-04-25T04:26:26.719Z,45.43,SHIPPED
ORD-1786976311009-E371DECE,CUST-00317,2026-01-23T05:22:41.786Z,205.47,COMPLETED
ORD-1786976311009-64045A40,CUST-00561,2025-10-09T15:51:16.716Z,420.46,COMPLETED
ORD-1786976311009-94931EF5,CUST-00323,2026-03-07T06:15:10.943Z,378.74,COMPLETED
ORD-1786976311009-9A6CC72D,CUST-00180,2025-07-21T19:37:38.313Z,30.88,PROCESSING
ORD-1786976311009-FFD9356E,CUST-00979,2026-01-07T08:07:01.728Z,321.48,SHIPPED
ORD-1786976311009-279B5D3F,CUST-00420,2026-03-25T03:50:15.686Z,191.55,DELIVERED
ORD-1786976311009-87368611,CUST-00849,2025-12-31T15:07:55.029Z,384.50,SHIPPED
ORD-1786976311009-E4BC8F9A,CUST-00595,2025-11-24T13:27:19.753Z,129.98,COMPLETED
ORD-1786976311009-557D4A37,CUST-00693,2025-06-23T23:12:23.244Z,123.91,COMPLETED
ORD-1786976311009-B3344004,CUST-00740,2025-06-25T22:21:56.652Z,62.32,DELIVERED
ORD-1786976311009-7F16CA1F,CUST-00956,2025-11-01T01:04:28.402Z,265.95,PROCESSING
ORD-1786976311009-E5A0B741,CUST-00966,2026-03-08T09:08:09.473Z,172.09,PROCESSING
ORD-1786976311009-CC425644,CUST-00066,2025-03-13T23:27:05.183Z,430.50,COMPLETED
ORD-1786976311009-3F151041,CUST-00840,2026-01-07T04:05:13.439Z,397.72,DELIVERED
ORD-1786976311009-DAAE2207,CUST-00465,2026-06-21T09:07:01.770Z,249.21,PENDING
ORD-1786976311009-D0042B4A,CUST-00515,2026-05-13T00:49:55.095Z,286.32,COMPLETED
ORD-1786976311009-E14C5DC2,CUST-00852,2026-03-17T19:25:07.628Z,445.97,PENDING
ORD-1786976311009-FF134AFB,CUST-00619,2025-11-15T12:05:52.427Z,124.30,CANCELLED
ORD-1786976311009-37DCCA30,CUST-00757,2026-06-20T02:08:15.082Z,194.97,PENDING
ORD-1786976311009-EDF4647D,CUST-00392,2025-08-31T19:32:34.388Z,351.58,DELIVERED
ORD-1786976311009-264DEB0C,CUST-00160,2025-06-12T20:24:57.537Z,38.33,DELIVERED
ORD-1786976311009-9221A1CB,CUST-00437,2026-01-11T12:44:39.833Z,168.26,DELIVERED
ORD-1786976311009-49343FD2,CUST-00190,2026-01-10T07:50:40.243Z,444.57,PROCESSING
ORD-1786976311009-297A8904,CUST-00457,2025-02-01T10:30:55.804Z,239.45,SHIPPED
ORD-1786976311009-AE828712,CUST-00397,2026-03-23T22:10:45.919Z,402.03,CANCELLED
ORD-1786976311009-44ED6D74,CUST-00642,2025-06-08T10:47:02.200Z,149.98,PROCESSING
ORD-1786976311009-DD12CB3A,CUST-00520,2026-06-25T06:50:13.521Z,483.61,COMPLETED
ORD-1786976311009-1568AF9A,CUST-00068,2025-12-28T10:27:02.926Z,307.80,PROCESSING
ORD-1786976311009-F2005362,CUST-00382,2026-01-30T13:45:47.596Z,94.27,CANCELLED
ORD-INV-700,CUST-002,2026-05-10T10:00:00Z,-50.00,COMPLETED
ORD-1786976311009-10787598,CUST-00345,2025-06-24T09:59:24.077Z,166.53,DELIVERED
ORD-1786976311009-D997E702,CUST-00161,2025-03-25T17:14:37.630Z,171.56,COMPLETED
ORD-1786976311009-A17BF7DF,CUST-00659,2026-02-22T09:26:52.640Z,284.19,SHIPPED
ORD-1786976311009-4C15F3BB,CUST-00595,2025-09-02T15:46:17.808Z,233.80,COMPLETED
ORD-1786976311009-E8A09EF7,CUST-00169,2026-01-27T03:51:31.820Z,133.04,DELIVERED
ORD-1786976311009-15832529,CUST-00193,2026-08-06T10:29:14.209Z,265.31,CANCELLED
ORD-1786976311009-27220A35,CUST-00368,2026-01-18T17:20:05.361Z,389.28,CANCELLED
ORD-1786976311009-19989F61,CUST-00994,2025-11-19T03:53:19.616Z,64.33,PENDING
ORD-1786976311009-C961CE57,CUST-00591,2026-04-03T13:06:39.568Z,464.91,CANCELLED
ORD-1786976311009-04E5F976,CUST-00858,2026-03-07T19:37:05.364Z,84.96,DELIVERED
ORD-1786976311009-ADF03ED0,CUST-00605,2025-03-01T23:43:27.505Z,244.08,PROCESSING
ORD-1786976311010-668C4156,CUST-00827,2025-10-25T10:37:58.811Z,48.35,SHIPPED
ORD-1786976311010-E7880E0E,CUST-00628,2025-05-01T23:19:26.230Z,338.58,DELIVERED
ORD-1786976311010-16FD7F89,CUST-00841,2025-07-16T03:50:20.360Z,327.76,DELIVERED
ORD-1786976311010-D3568662,CUST-00227,2025-07-21T07:39:24.363Z,33.14,COMPLETED
ORD-1786976311010-9927E7E0,CUST-00428,2026-03-31T14:24:47.940Z,49.09,SHIPPED
ORD-1786976311010-C8873C67,CUST-00181,2026-03-18T18:18:26.969Z,163.53,DELIVERED
ORD-1786976311010-7CACA46F,CUST-00950,2025-09-12T12:10:14.808Z,283.36,DELIVERED
ORD-1786976311010-5D853307,CUST-00689,2025-06-25T14:17:27.797Z,255.33,PENDING
ORD-1786976311010-6724DFE9,CUST-00089,2025-10-15T04:36:19.805Z,44.14,COMPLETED
ORD-1786976311010-A4011662,CUST-00482,2026-06-09T08:10:52.016Z,293.38,PROCESSING
ORD-1786976311010-65F8BF4B,CUST-00084,2026-02-28T15:48:37.052Z,505.86,PROCESSING
ORD-1786976311010-468E39DA,CUST-00218,2025-03-25T04:49:34.743Z,282.16,CANCELLED
ORD-1786976311010-0D9A68F0,CUST-00842,2026-01-01T21:21:39.879Z,44.52,DELIVERED
ORD-1786976311010-E3544073,CUST-00826,2026-06-02T05:24:09.505Z,295.56,PENDING
ORD-1786976311010-83DB0FCA,CUST-00996,2025-07-28T08:52:55.096Z,86.03,COMPLETED
ORD-1786976311010-15145B3F,CUST-00807,2025-09-07T15:27:58.397Z,484.42,PROCESSING
ORD-1786976311010-B69CC597,CUST-00124,2025-07-23T05:17:34.511Z,18.01,DELIVERED
ORD-1786976311010-28AAA7CC,CUST-00103,2026-01-28T13:22:04.411Z,48.11,PROCESSING
ORD-1786976311010-4140F597,CUST-00814,2026-02-05T00:01:05.199Z,83.90,DELIVERED
ORD-1786976311010-236BC9B2,CUST-00085,2025-10-05T14:30:47.063Z,59.18,SHIPPED
ORD-1786976311010-A026C3FA,CUST-00174,2026-03-14T05:20:28.861Z,381.80,SHIPPED
ORD-1786976311010-43AE9A48,CUST-00650,2025-04-03T13:38:48.955Z,138.69,SHIPPED
ORD-1786976311010-4E2393CB,CUST-00231,2025-10-17T03:06:07.211Z,200.64,PENDING
ORD-1786976311010-6A24DABC,CUST-00554,2025-08-07T23:57:58.303Z,508.35,PENDING
ORD-1786976311010-90B04898,CUST-00221,2026-05-09T10:24:33.983Z,413.90,PROCESSING
ORD-1786976311010-6537B2DF,CUST-00908,2025-08-29T08:57:35.745Z,142.20,PROCESSING
ORD-1786976311010-98664474,CUST-00020,2025-05-29T05:26:23.062Z,464.61,CANCELLED
ORD-1786976311010-1654D6DE,CUST-00235,2025-04-27T12:35:16.243Z,429.53,SHIPPED
ORD-1786976311010-BFE503A4,CUST-00720,2025-07-04T04:26:42.604Z,171.96,SHIPPED
ORD-1786976311010-32FA1E47,CUST-00323,2025-07-07T20:12:57.709Z,474.01,DELIVERED
ORD-1786976311010-E84F9E0F,CUST-00970,2026-03-10T15:08:52.538Z,142.32,DELIVERED
ORD-1786976311010-1BADD1B6,CUST-00598,2026-07-31T23:55:35.542Z,296.30,COMPLETED
ORD-1786976311010-17FB0541,CUST-00795,2025-09-25T23:43:41.157Z,243.76,CANCELLED
ORD-1786976311010-A6FCB143,CUST-00711,2025-06-04T05:14:38.108Z,338.71,CANCELLED
ORD-1786976311010-46EB5105,CUST-00479,2026-04-16T02:16:44.273Z,398.23,COMPLETED
ORD-1786976311010-114123E2,CUST-00905,2025-08-31T17:13:20.719Z,246.44,DELIVERED
ORD-1786976311010-8897AB54,CUST-00471,2025-02-23T14:36:44.585Z,116.85,COMPLETED
ORD-1786976311010-2EE1F7EC,CUST-00236,2025-09-28T01:08:49.855Z,200.73,PROCESSING
ORD-1786976311010-A018F822,CUST-00811,2025-03-08T23:58:00.374Z,156.76,SHIPPED
ORD-1786976311010-2F4A2231,CUST-00332,2026-07-21T21:09:28.313Z,500.68,SHIPPED
ORD-1786976311010-D402C926,CUST-00686,2026-01-06T05:32:22.218Z,95.16,SHIPPED
ORD-1786976311010-A29E7069,CUST-00393,2026-07-29T10:09:58.416Z,163.69,PENDING
ORD-1786976311010-E080E8BC,CUST-00708,2025-02-04T17:48:31.563Z,318.65,COMPLETED
ORD-1786976311010-5668CF48,CUST-00579,2026-01-30T11:27:08.599Z,341.17,CANCELLED
ORD-1786976311010-903FE565,CUST-00081,2025-01-11T10:39:34.990Z,170.25,COMPLETED
ORD-1786976311010-E4138F89,CUST-00264,2025-10-26T08:05:06.917Z,225.09,SHIPPED
ORD-1786976311010-307A7C2B,CUST-00601,2025-09-16T15:09:40.973Z,251.67,CANCELLED
ORD-1786976311010-5D12FE40,CUST-00577,2025-10-03T18:15:09.398Z,441.05,DELIVERED
ORD-1786976311010-4E9E34DF,CUST-00105,2025-05-20T21:38:46.466Z,199.75,SHIPPED
ORD-1786976311010-EA0C6342,CUST-00376,2025-05-18T21:15:02.071Z,308.75,DELIVERED
ORD-1786976311010-3A31A867,CUST-00325,2026-05-01T14:27:36.874Z,64.00,PENDING
ORD-1786976311010-DAF01E1D,CUST-00466,2026-05-10T22:03:03.006Z,235.67,DELIVERED
ORD-1786976311010-6FE67199,CUST-00598,2026-03-22T15:06:11.223Z,287.54,SHIPPED
ORD-1786976311010-ECCB1F68,CUST-00253,2025-10-07T15:00:05.384Z,471.84,PENDING
ORD-1786976311010-892153E6,CUST-00367,2025-01-27T22:33:17.743Z,462.37,COMPLETED
ORD-1786976311010-8422727F,CUST-00617,2025-10-28T00:33:51.280Z,334.53,CANCELLED
ORD-1786976311010-B85FDDE7,CUST-00596,2026-03-07T14:22:57.953Z,178.63,COMPLETED
ORD-1786976311010-90F0BA5F,CUST-00766,2025-09-27T10:08:48.184Z,334.01,SHIPPED
ORD-1786976311010-41E48A8F,CUST-00747,2025-09-06T14:37:27.488Z,234.82,PENDING
ORD-1786976311010-EF68F32C,CUST-00191,2025-09-02T05:50:50.864Z,71.39,CANCELLED
ORD-1786976311010-59EB36CF,CUST-00241,2026-05-31T07:28:39.359Z,406.16,COMPLETED
ORD-1786976311010-4DC71044,CUST-00101,2025-07-05T23:57:49.698Z,271.33,PROCESSING
ORD-1786976311010-7C45013C,CUST-00634,2025-05-21T02:16:05.122Z,486.51,CANCELLED
ORD-1786976311010-3D7A4DC0,CUST-00295,2026-02-06T07:25:07.732Z,97.78,PROCESSING
ORD-1786976311010-5A813BD4,CUST-00686,2025-06-26T21:30:44.237Z,418.90,PENDING
ORD-1786976311010-47A7E696,CUST-00096,2025-08-12T08:35:09.327Z,393.64,COMPLETED
ORD-1786976311010-7E65FAD6,CUST-00728,2025-12-05T05:44:46.554Z,482.45,SHIPPED
ORD-1786976311010-86A13652,CUST-00438,2026-02-12T15:46:09.506Z,227.44,CANCELLED
ORD-1786976311010-B951EBD0,CUST-00928,2026-05-03T20:14:57.106Z,300.71,SHIPPED
ORD-1786976311010-2FE3B3A6,CUST-00191,2025-03-17T22:07:55.561Z,74.24,CANCELLED
ORD-1786976311010-CB97C322,CUST-00732,2025-05-25T03:34:17.986Z,253.87,PENDING
ORD-1786976311010-2B4482A9,CUST-00739,2026-07-31T02:23:09.745Z,158.48,SHIPPED
ORD-1786976311010-E42BA9DC,CUST-00777,2026-01-23T18:37:37.866Z,249.00,DELIVERED
ORD-1786976311010-9AB160CB,CUST-00952,2025-09-14T04:16:53.400Z,452.44,SHIPPED
ORD-1786976311010-8DD62CE7,CUST-00147,2025-12-01T11:53:42.416Z,130.91,DELIVERED
ORD-1786976311010-B944AC28,CUST-00361,2026-08-07T04:23:20.838Z,186.31,DELIVERED
ORD-1786976311010-37158888,CUST-00135,2026-08-11T17:00:04.314Z,229.32,SHIPPED
ORD-1786976311010-119A8850,CUST-00281,2026-06-06T11:52:44.438Z,293.13,PENDING
ORD-1786976311010-1E668722,CUST-00293,2026-01-05T00:07:34.811Z,403.68,COMPLETED
ORD-1786976311010-C678EBBE,CUST-00846,2025-11-25T16:39:27.963Z,199.75,PENDING
ORD-1786976311010-E55C42B7,CUST-00039,2025-06-16T10:31:36.845Z,378.81,PROCESSING
ORD-1786976311010-A3274638,CUST-00965,2025-01-17T11:34:28.854Z,207.90,PENDING
ORD-1786976311010-91A4870E,CUST-00799,2025-08-19T18:41:11.445Z,425.60,CANCELLED
ORD-1786976311010-4162566C,CUST-00440,2026-05-08T09:13:58.683Z,210.97,PENDING
ORD-1786976311010-96FD1B6D,CUST-00930,2026-08-13T08:29:35.140Z,483.49,COMPLETED
ORD-1786976311010-9877BAA0,CUST-00801,2025-07-28T06:03:59.713Z,153.76,CANCELLED
ORD-1786976311010-650A41E3,CUST-00932,2025-03-14T20:53:26.387Z,221.69,PROCESSING
ORD-1786976311010-7D53B1DA,CUST-00922,2025-01-06T20:43:57.758Z,175.30,DELIVERED
ORD-INV-800,,2026-05-10T10:00:00Z,120.00,PENDING
ORD-1786976311010-AED82FB7,CUST-00236,2025-04-27T20:13:44.851Z,47.58,DELIVERED
ORD-1786976311010-4AD598BF,CUST-00068,2025-03-03T23:45:08.470Z,265.93,DELIVERED
ORD-1786976311010-B5B5972F,CUST-00730,2025-03-26T08:06:50.238Z,273.13,SHIPPED
ORD-1786976311010-0101AFC8,CUST-00257,2025-11-24T11:19:07.975Z,253.17,PROCESSING
ORD-1786976311010-DA0CED76,CUST-00688,2025-08-22T15:11:52.120Z,442.45,DELIVERED
ORD-1786976311011-707BBAC0,CUST-00329,2025-11-04T00:40:12.195Z,405.48,PROCESSING
ORD-1786976311011-54EBCAAA,CUST-00802,2026-06-09T04:34:59.939Z,72.57,DELIVERED
ORD-1786976311011-822CC85D,CUST-00343,2025-11-15T13:58:16.872Z,409.53,PENDING
ORD-1786976311011-2F909580,CUST-00704,2025-09-13T13:46:44.112Z,93.97,PENDING
ORD-1786976311011-6A82126D,CUST-00582,2025-12-14T13:54:57.178Z,224.87,DELIVERED
ORD-1786976311011-98C4E783,CUST-00277,2026-07-25T01:12:25.374Z,206.57,COMPLETED
ORD-1786976311011-64DD2747,CUST-00831,2025-07-08T12:51:40.958Z,79.52,CANCELLED
ORD-1786976311011-81619E9A,CUST-00047,2025-10-22T07:57:24.563Z,248.09,COMPLETED
ORD-1786976311011-D07EAED4,CUST-00417,2026-01-31T20:45:41.656Z,333.10,PENDING
ORD-1786976311011-28DB351D,CUST-00811,2026-06-26T00:09:09.553Z,17.56,SHIPPED
ORD-1786976311011-1A2095A3,CUST-00656,2025-10-20T06:12:52.447Z,318.49,DELIVERED
ORD-1786976311011-01F370C2,CUST-00316,2025-10-06T12:22:23.202Z,295.87,CANCELLED
ORD-1786976311011-DA93E6B8,CUST-00855,2025-10-22T13:24:24.144Z,330.22,COMPLETED
ORD-1786976311011-6B395294,CUST-00887,2025-04-02T16:45:53.924Z,285.54,PROCESSING
ORD-1786976311011-3D5039FD,CUST-00529,2025-05-14T02:06:29.156Z,363.22,CANCELLED
ORD-1786976311011-56F92E1F,CUST-00580,2025-03-20T14:49:21.231Z,363.02,PROCESSING
ORD-1786976311011-DB93E79A,CUST-00562,2026-02-11T18:23:07.865Z,333.32,SHIPPED
ORD-1786976311011-15790B92,CUST-00458,2026-03-31T01:11:32.016Z,49.86,COMPLETED
ORD-1786976311011-DCC98B22,CUST-00138,2025-10-30T05:42:12.516Z,164.51,CANCELLED
ORD-1786976311011-0F5CEFFB,CUST-00355,2026-07-07T07:25:31.818Z,139.10,PENDING
ORD-1786976311011-51359242,CUST-00195,2025-09-28T18:52:57.199Z,259.31,COMPLETED
ORD-1786976311011-E5451D6D,CUST-00386,2025-11-28T22:17:41.165Z,93.91,COMPLETED
ORD-1786976311011-012C390A,CUST-00908,2025-09-23T10:53:35.213Z,247.91,DELIVERED
ORD-1786976311011-8A76E20F,CUST-00771,2026-06-30T02:01:40.385Z,54.52,DELIVERED
ORD-1786976311011-9D9CA5CA,CUST-00013,2025-06-28T21:00:53.466Z,219.95,PENDING
ORD-1786976311011-99F30F84,CUST-00777,2025-06-15T04:18:32.801Z,330.19,SHIPPED
ORD-1786976311011-027E4AA1,CUST-00809,2026-01-30T00:56:11.431Z,426.31,DELIVERED
ORD-1786976311011-63744341,CUST-00555,2025-12-11T02:13:27.249Z,264.89,CANCELLED
ORD-1786976311011-F3B4E275,CUST-00511,2026-06-28T18:49:53.041Z,422.32,DELIVERED
ORD-1786976311011-E211EC96,CUST-00001,2025-08-17T02:30:18.687Z,405.07,DELIVERED
ORD-1786976311011-7D03DFE3,CUST-00153,2026-07-28T01:18:04.936Z,173.91,PROCESSING
ORD-1786976311011-67EDAA51,CUST-00805,2025-05-31T19:23:52.039Z,162.15,SHIPPED
ORD-1786976311011-1812407C,CUST-00727,2026-07-18T23:30:47.307Z,87.01,CANCELLED
ORD-1786976311011-FCB52355,CUST-00391,2025-05-15T14:16:29.172Z,286.71,COMPLETED
ORD-1786976311011-A9890C7B,CUST-00544,2025-03-04T14:34:04.601Z,297.64,PROCESSING
ORD-1786976311011-37A89A54,CUST-00301,2025-05-14T06:26:12.614Z,290.87,PENDING
ORD-1786976311011-95699395,CUST-00596,2025-06-15T07:29:05.569Z,67.42,PENDING
ORD-1786976311011-C3FE65F7,CUST-00720,2025-05-08T03:01:32.835Z,201.01,CANCELLED
ORD-1786976311011-970ECE9E,CUST-00214,2025-03-07T13:32:05.812Z,436.23,COMPLETED
ORD-1786976311011-455208E6,CUST-00272,2026-02-14T13:30:33.324Z,65.53,PROCESSING
ORD-1786976311011-B3BB4615,CUST-00102,2025-03-19T19:18:03.701Z,497.92,CANCELLED
ORD-1786976311011-41D557F6,CUST-00085,2025-12-28T11:24:31.015Z,408.91,PENDING
ORD-1786976311011-1145CF41,CUST-00396,2026-07-22T22:50:53.220Z,142.65,COMPLETED
ORD-1786976311011-F9ACE8B7,CUST-00311,2026-07-20T22:43:09.872Z,209.69,CANCELLED
ORD-1786976311011-989DCC1D,CUST-00317,2025-06-21T05:13:46.521Z,365.01,PROCESSING
ORD-1786976311011-DE106D54,CUST-00366,2026-05-12T12:01:01.147Z,440.32,COMPLETED
ORD-1786976311011-F9BACCE1,CUST-00686,2026-06-09T18:10:59.867Z,333.20,PENDING
ORD-1786976311011-478F26DA,CUST-00105,2025-08-24T00:47:50.827Z,384.42,SHIPPED
ORD-1786976311011-8EEF35A9,CUST-00523,2026-05-25T18:53:48.381Z,261.90,CANCELLED
ORD-1786976311011-90F205C2,CUST-00155,2025-01-26T12:49:59.288Z,70.81,DELIVERED
ORD-1786976311011-26CC3135,CUST-00207,2026-03-02T02:54:14.167Z,430.94,PENDING
ORD-1786976311011-6664BF35,CUST-00575,2025-09-23T10:26:04.181Z,504.63,CANCELLED
ORD-1786976311011-6DC4C152,CUST-00105,2025-10-05T12:49:51.926Z,138.94,CANCELLED
ORD-1786976311011-296B5D88,CUST-00077,2026-02-28T10:59:39.378Z,222.78,DELIVERED
ORD-1786976311011-840AFB86,CUST-00611,2026-01-28T21:25:18.392Z,393.83,PROCESSING
ORD-1786976311011-733C7340,CUST-00467,2026-03-25T14:57:02.979Z,495.52,PROCESSING
ORD-1786976311011-39D667EA,CUST-00074,2025-02-27T12:56:57.609Z,48.18,DELIVERED
ORD-1786976311011-83944C81,CUST-00588,2025-07-13T15:29:32.897Z,227.46,COMPLETED
ORD-1786976311011-8AF73BAC,CUST-00855,2026-04-03T10:42:46.200Z,189.66,COMPLETED
ORD-1786976311011-769F0367,CUST-00149,2025-04-28T08:43:43.422Z,382.63,CANCELLED
ORD-1786976311011-B73E91E6,CUST-00890,2025-01-05T17:07:28.462Z,445.68,PENDING
ORD-1786976311011-55A3CF48,CUST-00983,2026-06-24T08:46:37.922Z,106.84,SHIPPED
ORD-1786976311011-1CFC76C3,CUST-00359,2025-12-08T09:49:08.881Z,364.49,PENDING
ORD-1786976311011-A7187BD0,CUST-00356,2025-10-29T19:57:21.432Z,486.15,COMPLETED
ORD-1786976311011-29B2371F,CUST-00966,2026-07-05T06:18:48.949Z,443.35,CANCELLED
ORD-1786976311011-B0509E62,CUST-00792,2025-09-06T20:53:47.237Z,268.60,PENDING
ORD-1786976311011-1033A5FA,CUST-00621,2025-12-05T10:45:28.439Z,466.96,PENDING
ORD-1786976311011-78BCADD1,CUST-00479,2025-03-25T22:48:46.240Z,211.30,CANCELLED
ORD-1786976311011-DC970EED,CUST-00721,2025-04-10T13:58:04.146Z,401.94,PROCESSING
ORD-1786976311011-64A49D95,CUST-00835,2026-08-13T13:25:53.910Z,35.19,SHIPPED
ORD-1786976311011-F95BA979,CUST-00120,2025-01-07T01:28:33.709Z,228.73,PROCESSING
ORD-1786976311011-91A80816,CUST-00840,2026-01-08T16:23:19.671Z,366.75,PENDING
ORD-1786976311011-FF72378F,CUST-00657,2025-06-10T12:30:28.485Z,84.40,PROCESSING
ORD-1786976311011-26E8F03B,CUST-00020,2025-12-15T16:30:25.806Z,333.88,PROCESSING
ORD-1786976311011-0F3B38DA,CUST-00561,2026-04-13T19:11:53.248Z,160.07,CANCELLED
ORD-1786976311011-454D6D61,CUST-00999,2025-08-01T03:03:17.337Z,250.65,PROCESSING
ORD-1786976311011-3FBBAA21,CUST-00887,2026-02-26T19:38:47.855Z,234.74,COMPLETED
ORD-1786976311011-4D8588A9,CUST-00274,2025-05-31T16:05:06.475Z,33.74,PENDING
ORD-1786976311011-7F75498C,CUST-00435,2025-05-23T19:48:33.034Z,442.35,PENDING
ORD-1786976311011-962B2462,CUST-00866,2026-05-15T09:04:22.843Z,340.53,DELIVERED
ORD-1786976311011-EAA1914B,CUST-00276,2025-05-12T22:39:02.136Z,417.14,PROCESSING
ORD-1786976311011-14FE3F1E,CUST-00440,2025-02-28T02:48:31.987Z,464.82,DELIVERED
ORD-1786976311011-B589C17C,CUST-00517,2025-05-08T16:05:32.650Z,394.43,CANCELLED
ORD-1786976311011-E1DFFF1D,CUST-00717,2026-02-24T17:00:54.518Z,372.82,CANCELLED
ORD-1786976311011-F88B024D,CUST-00497,2025-12-02T23:01:30.521Z,477.75,DELIVERED
ORD-1786976311011-47E89B9D,CUST-00619,2025-10-14T22:14:32.489Z,314.66,PENDING
ORD-1786976311011-76893EEE,CUST-00558,2026-01-15T02:00:47.553Z,442.33,PROCESSING
ORD-1786976311011-60B787AF,CUST-00008,2025-09-01T23:14:30.338Z,414.42,SHIPPED
ORD-1786976311011-597C6223,CUST-00889,2025-10-03T09:48:20.480Z,263.40,PENDING
ORD-1786976311011-BBF4F556,CUST-00535,2025-06-18T04:20:00.677Z,168.97,DELIVERED
ORD-1786976311011-A509D2A6,CUST-00908,2026-06-26T19:36:37.902Z,155.38,PENDING
ORD-1786976311011-09419255,CUST-00810,2025-04-20T02:57:23.061Z,221.98,DELIVERED
ORD-1786976311011-F5FA9F08,CUST-00010,2026-03-22T03:58:47.189Z,51.30,PENDING
ORD-1786976311011-9646D1BD,CUST-00234,2026-07-26T15:07:24.419Z,102.78,PENDING
ORD-INV-900,CUST-001,INVALID_DATE_FORMAT,99.99,PENDING
ORD-1786976311012-51EAF626,CUST-00087,2026-07-07T09:31:40.430Z,289.63,PENDING
ORD-1786976311012-ADD9A054,CUST-00134,2026-05-29T06:31:16.895Z,195.20,PROCESSING
ORD-1786976311012-042FA4A6,CUST-00405,2025-03-05T07:26:44.700Z,241.28,COMPLETED
ORD-1786976311012-B28EC5E3,CUST-00484,2025-01-09T08:59:48.580Z,324.22,COMPLETED
ORD-1786976311012-36211431,CUST-00143,2025-04-17T17:16:53.448Z,21.89,PENDING
ORD-1786976311012-5355910F,CUST-00994,2025-08-25T10:58:40.474Z,433.86,DELIVERED
ORD-1786976311012-ECBDCD83,CUST-00037,2026-06-19T18:45:23.713Z,33.76,PENDING
ORD-1786976311012-17A9BA7B,CUST-00559,2026-05-04T20:38:40.330Z,274.85,CANCELLED
ORD-1786976311012-C4E990B4,CUST-00810,2025-11-05T17:30:55.031Z,106.00,SHIPPED
ORD-1786976311012-F9EF0478,CUST-00397,2025-05-09T23:43:29.066Z,178.81,SHIPPED
ORD-1786976311012-3394DA4D,CUST-00476,2026-01-04T06:44:18.104Z,508.24,CANCELLED
ORD-1786976311012-D5C2075A,CUST-00010,2025-12-23T23:34:07.053Z,242.03,SHIPPED
ORD-1786976311012-A7FB5F13,CUST-00090,2026-02-09T19:03:24.051Z,92.89,COMPLETED
ORD-1786976311012-85814F4F,CUST-00925,2026-03-11T02:51:20.495Z,303.42,DELIVERED
ORD-1786976311012-8A2B5A8E,CUST-00044,2026-06-07T21:44:32.834Z,217.93,COMPLETED
ORD-1786976311012-6D5F2A65,CUST-00031,2025-08-27T06:15:03.130Z,446.92,PROCESSING
ORD-1786976311012-CB9FB90F,CUST-00605,2026-02-19T12:20:11.857Z,102.81,PENDING
ORD-1786976311012-31B44E4A,CUST-00001,2025-04-02T11:18:43.288Z,262.14,DELIVERED
ORD-1786976311012-4AA59A83,CUST-00105,2026-06-24T13:26:33.451Z,337.12,SHIPPED
ORD-1786976311012-9B9EC81C,CUST-00389,2026-05-02T18:47:23.925Z,453.50,CANCELLED
ORD-1786976311012-AA0BFAC0,CUST-00240,2025-12-14T23:47:02.500Z,104.63,SHIPPED
ORD-1786976311012-F1C49A33,CUST-00979,2026-07-30T08:16:45.200Z,506.25,DELIVERED
ORD-1786976311012-D842B30D,CUST-00289,2025-11-12T23:34:54.313Z,20.58,PROCESSING
ORD-1786976311012-E57CA30C,CUST-00685,2026-01-27T21:12:27.032Z,152.89,SHIPPED
ORD-1786976311012-9605E40B,CUST-00868,2025-01-28T16:22:44.394Z,421.36,DELIVERED
ORD-1786976311012-B1F62D3E,CUST-00260,2026-06-03T19:40:50.425Z,314.92,DELIVERED
ORD-1786976311012-723ED6F8,CUST-00115,2026-03-14T09:44:48.625Z,380.84,PROCESSING
ORD-1786976311012-C3F1486B,CUST-00463,2025-01-13T17:04:24.738Z,123.23,PENDING
ORD-1786976311012-25F4852B,CUST-00006,2026-05-18T19:20:35.855Z,108.91,SHIPPED
ORD-1786976311012-9C386795,CUST-00254,2025-02-04T07:18:26.779Z,182.01,COMPLETED
ORD-1786976311012-14B9B0C0,CUST-00853,2026-08-08T17:12:03.329Z,239.30,PENDING
ORD-1786976311012-F25C5735,CUST-00587,2026-05-19T01:08:01.129Z,346.86,PROCESSING
ORD-1786976311012-4143C89B,CUST-00821,2026-01-18T22:52:46.741Z,441.38,PROCESSING
ORD-1786976311012-CFA442DD,CUST-00359,2026-05-30T16:26:45.527Z,363.13,PROCESSING
ORD-1786976311012-157AD8F4,CUST-00260,2025-03-28T09:45:11.724Z,412.64,PROCESSING
ORD-1786976311012-592B222B,CUST-00246,2025-12-14T05:00:02.492Z,102.75,CANCELLED
ORD-1786976311012-14EA3975,CUST-00285,2025-10-16T10:45:38.430Z,386.11,CANCELLED
ORD-1786976311012-052C3FA6,CUST-00925,2026-03-24T23:01:44.034Z,42.75,PENDING
ORD-1786976311012-0C4E4F1B,CUST-00382,2026-04-02T02:27:37.553Z,283.82,DELIVERED
ORD-1786976311012-5D9ECE25,CUST-00350,2025-01-31T13:29:06.571Z,157.27,DELIVERED
ORD-1786976311012-E49D990C,CUST-00787,2026-06-07T04:42:05.279Z,109.21,SHIPPED
ORD-1786976311012-F8E97148,CUST-00780,2025-10-06T00:14:45.819Z,294.57,SHIPPED
ORD-1786976311012-6B623E1E,CUST-00148,2025-03-10T22:21:51.809Z,43.26,DELIVERED
ORD-1786976311012-8BF14974,CUST-00218,2025-03-06T13:57:26.494Z,43.25,COMPLETED
ORD-1786976311012-433DF25D,CUST-00481,2026-06-04T21:10:23.957Z,155.15,PENDING
ORD-1786976311012-A36BF257,CUST-00671,2026-07-01T11:12:42.284Z,90.62,PENDING
ORD-1786976311012-4ED2E879,CUST-00059,2025-11-30T03:35:26.178Z,439.62,DELIVERED
ORD-1786976311012-B21849EF,CUST-00100,2025-05-15T17:21:06.121Z,106.91,PROCESSING
ORD-1786976311012-069E00E7,CUST-00395,2026-06-30T19:37:01.666Z,378.79,PROCESSING
ORD-1786976311012-1DEFA97F,CUST-00010,2025-10-08T21:57:41.487Z,451.70,PROCESSING
ORD-1786976311012-3EC9BD98,CUST-00502,2025-01-15T15:37:58.307Z,118.97,PENDING
ORD-1786976311012-0842BA71,CUST-00815,2026-06-06T21:24:27.678Z,258.16,COMPLETED
ORD-1786976311012-FBB70D1A,CUST-00576,2025-12-14T11:12:08.917Z,30.61,DELIVERED
ORD-1786976311012-DA232E95,CUST-00440,2026-06-28T17:35:22.838Z,383.42,COMPLETED
ORD-1786976311012-E0C632ED,CUST-00560,2025-11-11T02:42:54.090Z,354.08,CANCELLED
ORD-1786976311012-730C0F58,CUST-00160,2025-10-05T13:31:03.535Z,80.02,PROCESSING
ORD-1786976311012-F006FDC1,CUST-00574,2025-11-24T10:38:22.774Z,425.07,COMPLETED
ORD-1786976311012-0BDFE220,CUST-00949,2025-11-06T08:18:21.098Z,21.30,PROCESSING
ORD-1786976311012-BC7B6B59,CUST-00244,2025-03-09T05:22:42.895Z,459.77,PROCESSING
ORD-1786976311012-9465AE93,CUST-00216,2026-06-27T10:53:41.391Z,57.12,DELIVERED
ORD-1786976311012-DBB9E448,CUST-00364,2026-06-28T08:00:14.782Z,283.80,SHIPPED
ORD-1786976311012-4C614533,CUST-00796,2026-06-12T17:11:30.001Z,352.06,COMPLETED
ORD-1786976311012-DE30F63C,CUST-00985,2026-02-05T15:41:31.847Z,509.64,COMPLETED
ORD-1786976311012-804ADA94,CUST-00484,2025-05-19T02:33:22.566Z,265.07,CANCELLED
ORD-1786976311012-DFB5BF50,CUST-00459,2026-01-22T20:46:52.620Z,336.32,CANCELLED
ORD-1786976311012-1B10B94D,CUST-00152,2026-04-09T02:49:15.269Z,423.57,PENDING
ORD-1786976311012-02B932A9,CUST-00203,2025-11-24T04:50:46.044Z,246.84,DELIVERED
ORD-1786976311012-FCE44630,CUST-00726,2025-10-15T10:18:29.196Z,43.96,DELIVERED
ORD-1786976311012-096CB00F,CUST-00708,2026-04-25T19:07:31.950Z,394.32,PROCESSING
ORD-1786976311012-D25A8D3F,CUST-00897,2025-12-06T18:31:58.038Z,199.82,SHIPPED
ORD-1786976311012-29B318EC,CUST-00698,2026-07-07T02:22:09.139Z,408.58,PENDING
ORD-1786976311012-53490E9A,CUST-00244,2025-12-04T09:04:53.375Z,77.69,CANCELLED
ORD-1786976311012-52193177,CUST-00029,2025-11-11T15:02:58.559Z,319.73,SHIPPED
ORD-1786976311012-AD81DA51,CUST-00348,2025-04-14T00:38:09.819Z,78.30,CANCELLED
ORD-1786976311012-B23012AC,CUST-00386,2025-12-08T23:25:30.989Z,219.18,CANCELLED
ORD-1786976311012-0F0531B1,CUST-00374,2025-07-14T15:36:22.631Z,230.52,COMPLETED
ORD-1786976311012-8F229EFA,CUST-00124,2025-05-27T11:17:57.047Z,270.89,PROCESSING
ORD-1786976311012-6DD269E1,CUST-00863,2026-08-04T09:32:41.394Z,99.95,CANCELLED
ORD-1786976311012-B340CAC3,CUST-00258,2026-06-13T14:48:14.085Z,267.18,SHIPPED
ORD-1786976311012-DDF3F54A,CUST-00279,2026-08-09T17:25:05.873Z,330.92,PROCESSING
ORD-1786976311012-3E874A1A,CUST-00402,2026-05-16T22:38:03.796Z,325.86,DELIVERED
ORD-1786976311012-45313391,CUST-00271,2026-06-12T18:55:33.682Z,110.34,COMPLETED
ORD-1786976311012-48088AFA,CUST-00416,2025-06-09T19:01:06.381Z,36.36,CANCELLED
ORD-1786976311012-06DBBB89,CUST-00232,2025-09-16T21:02:21.001Z,468.40,DELIVERED
ORD-1786976311012-2D400941,CUST-00760,2026-07-07T09:05:52.053Z,167.58,PENDING
ORD-1786976311012-4F271A9E,CUST-00806,2026-03-02T07:39:02.190Z,196.01,CANCELLED
ORD-1786976311012-E88FA85C,CUST-00703,2026-02-16T02:56:10.731Z,362.23,SHIPPED
ORD-1786976311012-D3573170,CUST-00287,2026-06-21T00:53:00.936Z,307.43,COMPLETED
ORD-1786976311012-7C635F2C,CUST-00305,2025-12-04T08:50:03.716Z,421.48,COMPLETED
ORD-1786976311012-A768F089,CUST-00713,2026-07-18T18:36:03.281Z,316.41,SHIPPED
ORD-1786976311012-EA506FD5,CUST-00713,2025-03-27T07:23:36.084Z,387.24,DELIVERED
ORD-1786976311012-B3168700,CUST-00779,2026-07-07T23:40:28.894Z,92.81,CANCELLED
ORD-1786976311012-3002E829,CUST-00234,2025-05-19T09:53:13.246Z,118.64,COMPLETED
ORD-1786976311012-B1B4AB43,CUST-00678,2025-09-01T00:40:13.133Z,479.86,PENDING
ORD-1786976311012-7B65A835,CUST-00352,2025-10-08T23:28:15.093Z,39.16,PROCESSING
ORD-1786976311012-D37F322B,CUST-00208,2025-02-08T22:19:27.782Z,229.78,PROCESSING
ORD-1786976311012-F70F4C69,CUST-00088,2025-02-24T06:39:20.046Z,379.59,COMPLETED
ORD-1786976311012-FB5BD9ED,CUST-00445,2026-01-31T03:21:32.965Z,426.50,DELIVERED
ORD-1786976311012-631C8E71,CUST-00431,2025-11-05T17:14:07.482Z,105.09,PENDING
ORD-INV-1000,CUST-002,2026-05-10T10:00:00Z,-50.00,COMPLETED
ORD-1786976311012-382D6A1A,CUST-00692,2025-01-08T16:19:08.291Z,172.09,CANCELLED
ORD-1786976311012-514FEC32,CUST-00143,2025-01-16T21:50:37.652Z,164.60,COMPLETED
ORD-1786976311012-8E888A9F,CUST-00496,2026-07-19T08:41:07.061Z,98.16,PENDING
ORD-1786976311012-1E90CBD1,CUST-00842,2026-02-06T11:14:24.590Z,397.51,PENDING
ORD-1786976311012-9821895D,CUST-00590,2025-04-23T09:54:14.607Z,328.17,COMPLETED
ORD-1786976311012-5C6CE147,CUST-00373,2026-06-12T16:11:05.680Z,345.75,DELIVERED
ORD-1786976311012-9EBD68C4,CUST-00945,2026-08-01T17:46:44.676Z,67.24,PENDING
ORD-1786976311012-740DCDC2,CUST-00158,2025-07-29T13:40:18.406Z,213.36,COMPLETED
ORD-1786976311012-F19111BB,CUST-00126,2025-10-09T21:23:23.560Z,32.79,CANCELLED
ORD-1786976311012-88E6F810,CUST-00368,2025-12-06T22:54:08.172Z,507.75,PROCESSING
ORD-1786976311012-6BBBAA27,CUST-00535,2025-01-21T19:33:54.106Z,348.92,SHIPPED
ORD-1786976311012-E133A53F,CUST-00177,2025-08-29T02:14:24.363Z,35.54,PENDING
ORD-1786976311012-FBB4CCAC,CUST-00534,2026-05-14T01:09:49.386Z,219.85,SHIPPED
ORD-1786976311012-5F9E9822,CUST-00822,2025-08-02T01:56:55.200Z,387.68,COMPLETED
ORD-1786976311013-B072FEA1,CUST-00897,2025-06-14T23:02:19.105Z,258.65,PROCESSING
ORD-1786976311013-E21D0E55,CUST-00215,2025-05-31T23:49:04.770Z,397.60,DELIVERED
ORD-1786976311013-7EE86BA8,CUST-00202,2025-01-27T11:06:35.802Z,32.50,PROCESSING
ORD-1786976311013-D281A1AF,CUST-00581,2025-02-16T06:53:12.444Z,185.59,PROCESSING
ORD-1786976311013-1CC320E4,CUST-00395,2025-12-19T13:35:10.473Z,170.26,SHIPPED
ORD-1786976311013-DED497A5,CUST-00550,2026-03-20T12:49:22.644Z,401.78,DELIVERED
ORD-1786976311013-1EBEEE58,CUST-00530,2026-04-26T13:00:29.788Z,135.86,PENDING
ORD-1786976311013-8666C79D,CUST-00828,2025-12-02T00:47:43.368Z,88.50,PROCESSING
ORD-1786976311013-6A571A6C,CUST-00872,2025-05-15T03:08:44.657Z,86.50,CANCELLED
ORD-1786976311013-63008E3A,CUST-00641,2025-04-03T04:28:52.767Z,254.31,PENDING
ORD-1786976311013-6AFFEB08,CUST-00698,2025-11-20T17:04:29.060Z,150.24,COMPLETED
ORD-1786976311013-A14E8668,CUST-00664,2026-03-21T09:31:33.062Z,67.10,PROCESSING
ORD-1786976311013-B6E35C57,CUST-00666,2025-01-19T23:45:28.526Z,91.83,PENDING
ORD-1786976311013-6B3BB72B,CUST-00854,2026-05-30T03:57:18.217Z,315.07,PROCESSING
ORD-1786976311013-DBB8ED17,CUST-00421,2026-05-02T05:06:18.299Z,216.40,PROCESSING
ORD-1786976311013-67C53823,CUST-00308,2025-07-28T03:14:46.965Z,233.47,COMPLETED
ORD-1786976311013-E2EED40E,CUST-00459,2026-07-14T06:57:42.059Z,460.32,PROCESSING
ORD-1786976311013-DA6E1B01,CUST-00109,2025-05-12T04:48:02.492Z,33.92,PROCESSING
ORD-1786976311013-A4B5FAAB,CUST-00187,2025-09-07T13:21:04.608Z,310.18,PROCESSING
ORD-1786976311013-5CA0D7FC,CUST-00164,2025-08-12T04:35:45.022Z,280.36,COMPLETED
ORD-1786976311013-BF1626C7,CUST-00334,2025-01-05T10:55:18.613Z,447.12,DELIVERED
ORD-1786976311013-33767CCD,CUST-00437,2025-12-12T02:11:42.036Z,329.74,DELIVERED
ORD-1786976311013-CE29A5E5,CUST-00842,2025-12-22T08:43:20.911Z,491.18,COMPLETED
ORD-1786976311013-511268F3,CUST-00425,2026-02-09T10:59:52.827Z,60.15,CANCELLED
ORD-1786976311013-B8F3CE3A,CUST-00691,2025-09-25T08:14:23.732Z,114.33,DELIVERED
ORD-1786976311013-5CAB7060,CUST-00823,2025-01-15T13:16:49.175Z,13.15,CANCELLED
ORD-1786976311013-C5F8328C,CUST-00062,2026-07-05T17:04:09.833Z,467.43,PROCESSING
ORD-1786976311013-79575AD9,CUST-00441,2025-04-25T18:40:17.474Z,98.30,DELIVERED
ORD-1786976311013-019197C2,CUST-00362,2026-07-01T13:05:01.356Z,34.01,COMPLETED
ORD-1786976311013-974E4F08,CUST-00015,2025-04-13T15:13:28.483Z,72.62,PENDING
ORD-1786976311013-458DEDE7,CUST-00160,2026-07-30T21:58:01.952Z,307.53,PROCESSING
ORD-1786976311013-3E6AAC6E,CUST-00470,2026-04-18T23:18:55.358Z,11.67,SHIPPED
ORD-1786976311013-278B9E05,CUST-00069,2026-05-27T15:17:22.386Z,414.47,SHIPPED
ORD-1786976311013-2F55311F,CUST-00142,2025-05-26T10:38:29.539Z,424.25,DELIVERED
ORD-1786976311013-8A520759,CUST-00115,2025-10-31T06:20:38.496Z,157.89,CANCELLED
ORD-1786976311013-9C3CD607,CUST-00880,2026-08-02T04:19:21.900Z,133.63,COMPLETED
ORD-1786976311013-5469AF1D,CUST-00381,2025-09-13T07:03:54.356Z,424.90,DELIVERED
ORD-1786976311013-A52DB1A8,CUST-00569,2026-04-01T04:24:59.704Z,203.36,PENDING
ORD-1786976311013-C6C6C8C1,CUST-00799,2025-04-22T07:16:11.440Z,431.76,CANCELLED
ORD-1786976311013-41432B0F,CUST-00778,2026-05-27T16:47:39.206Z,53.64,SHIPPED
ORD-1786976311013-36C8149F,CUST-00289,2025-12-23T22:01:33.263Z,462.05,SHIPPED
ORD-1786976311013-F8EDC3EC,CUST-00655,2025-02-16T14:13:45.442Z,158.12,PROCESSING
ORD-1786976311014-0BFD3A2C,CUST-00574,2026-04-14T07:52:59.058Z,105.84,CANCELLED
ORD-1786976311014-8630FBDA,CUST-00630,2026-02-06T05:49:17.168Z,175.21,DELIVERED
ORD-1786976311014-36F89BF9,CUST-00208,2025-12-20T01:08:37.821Z,393.47,CANCELLED
ORD-1786976311014-CCFA3DA7,CUST-00666,2025-12-31T22:22:55.090Z,303.63,PROCESSING
ORD-1786976311014-0C45DEED,CUST-00043,2025-09-21T05:55:17.550Z,501.50,CANCELLED
ORD-1786976311014-EACEABD8,CUST-00114,2025-10-16T03:03:39.657Z,115.67,PROCESSING
ORD-1786976311014-262ED206,CUST-00708,2026-04-15T13:17:01.252Z,162.91,COMPLETED
ORD-1786976311014-46527871,CUST-00574,2026-07-27T21:06:11.283Z,347.88,SHIPPED
ORD-1786976311014-DA3010A8,CUST-00621,2025-01-10T08:23:15.180Z,292.58,CANCELLED
ORD-1786976311014-25A29D7A,CUST-00146,2026-07-31T22:50:37.458Z,455.16,SHIPPED
ORD-1786976311014-44DF8258,CUST-00212,2025-05-26T04:20:10.883Z,485.48,PROCESSING
ORD-1786976311014-6BAE0958,CUST-00242,2025-08-28T18:58:12.918Z,279.51,SHIPPED
ORD-1786976311014-FBC6C885,CUST-00136,2026-08-04T17:12:03.353Z,212.80,CANCELLED
ORD-1786976311014-65C122E8,CUST-00057,2026-02-10T21:57:00.779Z,174.80,SHIPPED
ORD-1786976311014-4691AFDE,CUST-00520,2026-02-13T19:00:50.220Z,448.98,CANCELLED
ORD-1786976311014-60F4546C,CUST-00616,2025-12-25T22:14:26.881Z,47.27,PROCESSING
ORD-1786976311014-A8DB1BB5,CUST-00766,2025-09-14T12:38:22.666Z,90.43,DELIVERED
ORD-1786976311014-77162B81,CUST-00421,2026-06-29T12:13:57.507Z,477.06,DELIVERED
ORD-1786976311014-4DF64450,CUST-00401,2025-11-27T19:01:38.346Z,280.14,PROCESSING
ORD-1786976311014-3376E845,CUST-00685,2025-01-02T09:38:19.707Z,141.26,SHIPPED
ORD-1786976311014-F4894355,CUST-00570,2025-03-17T20:33:06.582Z,383.55,PROCESSING
ORD-1786976311014-0C1E5E2E,CUST-00635,2026-02-05T09:30:46.880Z,160.19,SHIPPED
ORD-1786976311014-710599AE,CUST-00709,2026-03-15T14:42:16.814Z,218.18,COMPLETED
ORD-1786976311014-D61406B1,CUST-00062,2025-02-06T17:59:33.173Z,385.81,SHIPPED
ORD-1786976311014-067C504F,CUST-00976,2026-02-14T17:11:39.977Z,341.47,PROCESSING
ORD-1786976311014-69540C78,CUST-00784,2025-11-07T21:49:55.422Z,323.63,CANCELLED
ORD-1786976311014-CD750772,CUST-00994,2025-10-29T08:32:47.730Z,392.84,PROCESSING
ORD-1786976311014-38067B1C,CUST-00339,2025-04-02T04:06:29.459Z,505.84,SHIPPED
ORD-1786976311014-6345589D,CUST-00443,2025-08-14T16:45:34.385Z,444.30,PROCESSING
ORD-1786976311014-8E89517B,CUST-00780,2026-01-27T13:22:17.149Z,115.88,SHIPPED
ORD-1786976311014-F3B261BF,CUST-00464,2025-05-03T04:40:46.703Z,283.77,SHIPPED
ORD-1786976311014-DB70AAD2,CUST-00096,2026-01-09T18:31:41.823Z,262.46,PENDING
ORD-1786976311014-85647468,CUST-00043,2025-08-30T05:28:19.331Z,228.23,CANCELLED
ORD-1786976311014-B846C649,CUST-00598,2026-06-20T03:08:26.928Z,68.86,SHIPPED
ORD-1786976311014-33A72DC0,CUST-00447,2025-01-16T00:03:58.672Z,255.79,CANCELLED
ORD-1786976311014-AC77FFAE,CUST-00958,2026-04-12T02:59:45.762Z,495.25,PROCESSING
ORD-1786976311014-DB753448,CUST-00691,2026-04-24T11:30:39.494Z,157.71,PENDING
ORD-1786976311014-D15BB4E8,CUST-00453,2025-10-22T20:27:21.307Z,165.12,PENDING
ORD-1786976311014-DE7EBC93,CUST-00062,2025-09-25T06:19:33.578Z,130.52,COMPLETED
ORD-1786976311014-47DD3AE1,CUST-00587,2026-02-01T16:54:38.954Z,328.17,PROCESSING
ORD-1786976311014-A58B36EE,CUST-00706,2025-02-28T05:21:41.383Z,215.53,DELIVERED
ORD-1786976311014-64615A6C,CUST-00444,2026-04-09T11:56:15.553Z,495.54,COMPLETED
ORD-1786976311014-F94D7C65,CUST-00416,2026-07-04T03:04:11.423Z,89.67,CANCELLED
ORD-INV-1100,,2026-05-10T10:00:00Z,120.00,PENDING
ORD-1786976311014-1FD0F3C5,CUST-00184,2026-07-18T12:31:03.356Z,21.40,COMPLETED
ORD-1786976311014-FE36BF04,CUST-00824,2026-07-07T02:42:40.282Z,124.52,PENDING
ORD-1786976311014-4929AFC6,CUST-00370,2025-05-23T01:48:54.726Z,273.99,COMPLETED
ORD-1786976311014-285E26F2,CUST-00938,2025-06-15T20:30:26.843Z,52.70,PROCESSING
ORD-1786976311014-9BD8408E,CUST-00326,2026-03-17T21:16:23.576Z,226.83,CANCELLED
ORD-1786976311014-A82DC1E4,CUST-00886,2025-04-23T22:26:34.495Z,242.46,DELIVERED
ORD-1786976311014-1F91C48F,CUST-00755,2025-03-18T21:36:04.481Z,45.79,PROCESSING
ORD-1786976311014-A26594CF,CUST-00824,2025-06-01T13:36:12.047Z,420.37,DELIVERED
ORD-1786976311014-33800617,CUST-00142,2025-02-18T05:48:12.526Z,242.89,CANCELLED
ORD-1786976311014-7BE6B363,CUST-00965,2025-07-28T20:26:10.805Z,385.37,SHIPPED
ORD-1786976311014-3A413C7D,CUST-00773,2025-01-11T15:05:05.720Z,309.98,PENDING
ORD-1786976311014-F924F1E9,CUST-00797,2025-07-15T16:01:56.063Z,425.16,DELIVERED
ORD-1786976311014-914D2616,CUST-00763,2025-07-09T15:25:51.273Z,320.24,SHIPPED
ORD-1786976311014-28398BC5,CUST-00395,2025-03-02T03:33:07.706Z,97.07,DELIVERED
ORD-1786976311014-FF22D60E,CUST-00788,2025-07-26T20:59:26.482Z,133.66,SHIPPED
ORD-1786976311014-B3C20745,CUST-00205,2025-12-08T01:31:51.304Z,73.20,DELIVERED
ORD-1786976311014-99E0F747,CUST-00613,2025-11-10T15:47:03.457Z,355.39,PENDING
ORD-1786976311014-FE1D3C2A,CUST-00779,2026-05-28T04:52:22.667Z,421.02,DELIVERED
ORD-1786976311014-C70397EC,CUST-00967,2026-07-04T09:33:03.525Z,192.29,COMPLETED
ORD-1786976311014-84739E93,CUST-00888,2026-06-12T11:15:53.757Z,195.09,CANCELLED
ORD-1786976311014-272844DC,CUST-00143,2026-03-18T05:00:08.127Z,206.27,SHIPPED
ORD-1786976311014-2DBA0023,CUST-00677,2026-07-01T05:22:59.585Z,39.68,PENDING
ORD-1786976311014-E0ADD404,CUST-00649,2025-05-26T18:12:19.207Z,173.98,PENDING
ORD-1786976311014-FE0AF172,CUST-00941,2025-05-07T19:19:02.632Z,14.54,COMPLETED
ORD-1786976311014-75BED1FC,CUST-00770,2026-03-17T21:07:53.501Z,56.90,DELIVERED
ORD-1786976311014-AB28F0FE,CUST-00225,2026-04-01T01:04:17.540Z,435.76,PENDING
ORD-1786976311014-16AEBD98,CUST-00742,2026-04-28T01:59:12.118Z,22.38,SHIPPED
ORD-1786976311014-C29B4CB2,CUST-00982,2026-08-02T01:23:26.483Z,371.42,COMPLETED
ORD-1786976311014-84C43DA4,CUST-00607,2025-09-09T23:29:42.354Z,186.22,PENDING
ORD-1786976311014-4A228C54,CUST-00027,2025-04-07T04:41:54.242Z,206.11,PENDING
ORD-1786976311014-234E17B3,CUST-00527,2026-08-05T12:20:15.860Z,462.18,SHIPPED
ORD-1786976311014-CF8958AF,CUST-00040,2025-03-29T21:25:16.986Z,149.02,COMPLETED
ORD-1786976311014-B6DC1D43,CUST-00125,2026-03-30T23:04:48.178Z,421.72,PENDING
ORD-1786976311014-CDBBA25F,CUST-00400,2025-06-01T10:18:20.535Z,357.70,CANCELLED
ORD-1786976311014-8F1E6B8A,CUST-00691,2025-02-16T17:20:08.905Z,345.40,DELIVERED
ORD-1786976311014-42EC573F,CUST-00946,2026-02-26T00:27:27.874Z,41.93,DELIVERED
ORD-1786976311014-99E29543,CUST-00041,2026-07-27T06:56:50.655Z,202.31,CANCELLED
ORD-1786976311014-8DD7D6C8,CUST-00213,2025-01-21T08:08:36.871Z,488.45,SHIPPED
ORD-1786976311014-76BEDBAD,CUST-00538,2026-08-14T11:19:49.907Z,126.93,COMPLETED
ORD-1786976311014-9C4A4E95,CUST-00188,2026-03-02T05:43:30.434Z,401.55,PENDING
ORD-1786976311014-28580691,CUST-00722,2026-05-30T16:43:54.422Z,252.81,CANCELLED
ORD-1786976311014-82E9BAE9,CUST-00497,2025-01-18T04:57:23.059Z,178.39,COMPLETED
ORD-1786976311014-6AC8C642,CUST-00342,2025-07-13T19:38:17.904Z,372.52,COMPLETED
ORD-1786976311014-D60D2128,CUST-00280,2025-07-16T15:39:41.211Z,66.02,CANCELLED
ORD-1786976311014-78FE7DEC,CUST-00813,2025-05-11T17:56:26.575Z,343.70,COMPLETED
ORD-1786976311014-DF992D43,CUST-00852,2025-08-25T19:05:53.178Z,40.11,SHIPPED
ORD-1786976311014-190B3142,CUST-00181,2025-07-04T17:54:18.399Z,272.62,SHIPPED
ORD-1786976311014-1AA4C0F4,CUST-00538,2025-09-23T01:18:15.710Z,133.67,DELIVERED
ORD-1786976311014-5E8131C0,CUST-00773,2025-06-23T12:14:59.561Z,191.67,PENDING
ORD-1786976311014-E0AB5682,CUST-00038,2026-07-31T00:36:17.199Z,497.76,COMPLETED
ORD-1786976311014-EB997B62,CUST-00681,2025-04-06T07:43:26.694Z,245.88,SHIPPED
ORD-1786976311014-C6EEC43A,CUST-00784,2026-02-15T14:24:46.061Z,18.81,PROCESSING
ORD-1786976311014-80E20CF7,CUST-00424,2025-05-25T10:05:33.081Z,157.94,CANCELLED
ORD-1786976311014-DC50089A,CUST-00858,2026-07-31T18:15:06.321Z,208.18,CANCELLED
ORD-1786976311014-A8AF24C2,CUST-00488,2025-04-19T17:12:24.143Z,156.30,COMPLETED
ORD-1786976311014-81B82920,CUST-00133,2025-05-29T19:24:51.228Z,334.49,CANCELLED
ORD-1786976311014-3BA34FAB,CUST-00051,2026-07-06T05:10:34.856Z,65.70,PENDING
ORD-1786976311014-7165CCC8,CUST-00181,2025-01-08T19:52:44.476Z,222.49,CANCELLED
ORD-1786976311014-05A9D321,CUST-00453,2025-03-25T17:02:03.417Z,355.95,PENDING
ORD-1786976311014-4D80D74B,CUST-00602,2026-06-16T04:39:40.872Z,491.09,DELIVERED
ORD-1786976311014-CFD297E6,CUST-00415,2025-03-13T19:43:34.022Z,18.53,DELIVERED
ORD-1786976311014-4A7BA2A7,CUST-00444,2026-06-20T13:38:48.842Z,239.75,PENDING
ORD-1786976311014-824B9CC5,CUST-00160,2025-11-21T23:51:09.319Z,114.75,COMPLETED
ORD-1786976311014-FD485F22,CUST-00699,2025-09-24T09:39:43.110Z,204.09,COMPLETED
ORD-1786976311014-55F8DB2E,CUST-00084,2025-02-22T18:28:17.301Z,496.63,DELIVERED
ORD-1786976311014-EA99B515,CUST-00852,2026-06-30T23:18:38.908Z,418.70,PENDING
ORD-1786976311014-B28EF791,CUST-00877,2026-07-14T20:02:58.106Z,64.62,COMPLETED
ORD-1786976311014-35A430A5,CUST-00290,2026-08-05T04:25:16.724Z,420.19,PENDING
ORD-1786976311014-A36806DC,CUST-00505,2025-08-20T16:26:41.659Z,62.30,DELIVERED
ORD-1786976311014-80A3C7DB,CUST-00424,2026-01-03T10:50:41.033Z,169.43,PENDING
ORD-1786976311014-E5817B40,CUST-00352,2026-07-23T00:26:21.819Z,397.73,SHIPPED
ORD-1786976311014-CCA6CF33,CUST-00345,2025-04-08T14:40:34.516Z,156.88,CANCELLED
ORD-1786976311014-0DC7D7A1,CUST-00808,2025-09-03T14:01:58.856Z,429.98,DELIVERED
ORD-1786976311014-C9A164D4,CUST-00951,2026-07-29T18:00:54.431Z,290.12,CANCELLED
ORD-1786976311014-83AF1FCF,CUST-00251,2026-04-09T03:53:14.815Z,36.96,PENDING
ORD-1786976311014-C3C8CB52,CUST-00266,2025-05-04T21:44:46.669Z,293.59,PENDING
ORD-1786976311014-C615A496,CUST-00646,2025-10-06T02:39:08.408Z,96.21,PROCESSING
ORD-1786976311014-57FFA010,CUST-00458,2025-05-10T18:27:06.751Z,469.23,COMPLETED
ORD-1786976311014-0B35BDA5,CUST-00968,2026-06-19T16:12:18.399Z,388.74,COMPLETED
ORD-1786976311014-56149C3A,CUST-00639,2026-02-19T07:50:40.754Z,173.26,PENDING
ORD-1786976311014-179B8A5A,CUST-00581,2025-03-03T13:43:12.597Z,392.76,SHIPPED
ORD-1786976311014-B4C65427,CUST-00281,2025-07-16T11:24:46.267Z,133.25,PENDING
ORD-1786976311014-1BE8EAAB,CUST-00147,2025-07-01T01:09:38.733Z,90.10,COMPLETED
ORD-1786976311014-B0B15728,CUST-00924,2026-05-13T17:02:32.966Z,453.63,DELIVERED
ORD-1786976311015-539172C5,CUST-00372,2025-11-25T09:28:01.454Z,37.22,DELIVERED
ORD-1786976311015-4CDC7B87,CUST-00514,2025-04-20T03:09:24.130Z,428.64,SHIPPED
ORD-1786976311015-0C6CCC61,CUST-00061,2025-01-06T09:26:59.072Z,132.89,DELIVERED
ORD-1786976311015-E92DABFF,CUST-00066,2026-04-29T05:57:37.186Z,348.78,SHIPPED
ORD-1786976311015-3FF2C54C,CUST-00906,2026-07-29T19:32:23.393Z,249.21,SHIPPED
ORD-1786976311015-35CB4209,CUST-00922,2026-08-14T08:11:40.178Z,227.74,SHIPPED
ORD-1786976311015-DAFAB22B,CUST-00826,2025-05-28T08:54:38.883Z,259.92,CANCELLED
ORD-1786976311015-6FEBDC2A,CUST-00747,2025-10-06T18:18:12.881Z,169.54,CANCELLED
ORD-1786976311015-4E509DF3,CUST-00320,2025-09-09T12:58:33.883Z,471.50,COMPLETED
ORD-1786976311015-2A429B35,CUST-00548,2025-03-24T18:44:17.366Z,373.60,PENDING
ORD-1786976311015-879E0F19,CUST-00023,2025-07-07T09:41:24.512Z,393.02,COMPLETED
ORD-1786976311015-216A4B68,CUST-00207,2025-04-02T18:33:25.372Z,508.92,PENDING
ORD-1786976311015-CE773546,CUST-00512,2026-04-26T09:28:35.972Z,307.28,SHIPPED
ORD-1786976311015-34840041,CUST-00550,2026-02-23T20:10:11.869Z,87.45,SHIPPED
ORD-1786976311015-4327BF6D,CUST-00989,2025-09-22T05:43:15.389Z,283.86,PROCESSING
ORD-INV-1200,CUST-001,INVALID_DATE_FORMAT,99.99,PENDING
ORD-1786976311015-8F103F7E,CUST-00580,2025-08-15T03:12:43.999Z,113.52,PROCESSING
ORD-1786976311015-09C4E128,CUST-00559,2026-04-16T04:23:54.128Z,242.18,SHIPPED
ORD-1786976311015-79201858,CUST-00958,2025-08-16T10:31:29.668Z,117.86,DELIVERED
ORD-1786976311015-942EB960,CUST-00844,2025-11-01T14:29:09.805Z,285.60,DELIVERED
ORD-1786976311015-5C3D63B3,CUST-00350,2025-09-24T13:39:08.712Z,364.91,DELIVERED
ORD-1786976311015-3027E16D,CUST-00941,2026-03-20T21:35:59.383Z,434.75,CANCELLED
ORD-1786976311015-A792D22E,CUST-00599,2025-01-29T19:30:22.135Z,464.25,SHIPPED
ORD-1786976311015-FF3573D7,CUST-00002,2026-02-12T11:34:23.417Z,242.45,PROCESSING
ORD-1786976311015-4057CBD3,CUST-00149,2025-06-15T06:58:43.823Z,248.25,PROCESSING
ORD-1786976311015-1C3AEEB9,CUST-00478,2026-04-13T23:58:39.190Z,180.44,DELIVERED
ORD-1786976311015-22809732,CUST-00531,2026-05-24T14:20:21.721Z,280.62,DELIVERED
ORD-1786976311015-372A4870,CUST-00869,2026-03-06T15:27:22.782Z,182.52,PENDING
ORD-1786976311015-16C0A01A,CUST-00642,2026-03-21T12:28:03.586Z,209.30,CANCELLED
ORD-1786976311015-0E056D15,CUST-00637,2025-07-31T18:34:50.683Z,265.31,DELIVERED
ORD-1786976311015-839D503D,CUST-00268,2026-07-29T17:51:51.035Z,233.43,DELIVERED
ORD-1786976311015-A7EFA386,CUST-00113,2025-12-22T15:02:30.028Z,454.41,CANCELLED
ORD-1786976311015-B2BEE9DD,CUST-00022,2025-06-26T18:10:27.390Z,313.62,PENDING
ORD-1786976311015-3C9EF774,CUST-00960,2026-04-01T02:38:13.171Z,233.28,SHIPPED
ORD-1786976311015-85161DF7,CUST-00890,2025-05-04T06:25:14.046Z,75.53,CANCELLED
ORD-1786976311015-FCFBA788,CUST-00463,2026-05-02T16:27:01.853Z,376.01,COMPLETED
ORD-1786976311015-9A2ABFAB,CUST-00021,2025-11-19T15:52:00.247Z,183.65,PENDING
ORD-1786976311015-22CF473C,CUST-00357,2025-07-19T18:13:00.540Z,286.67,PROCESSING
ORD-1786976311015-83684027,CUST-00524,2025-09-24T06:22:20.988Z,421.04,SHIPPED
ORD-1786976311015-A8AF751B,CUST-00925,2025-11-01T03:52:11.421Z,49.26,PROCESSING
ORD-1786976311015-11428E55,CUST-00003,2026-07-12T14:03:31.532Z,364.90,SHIPPED
ORD-1786976311015-3EF0042A,CUST-00911,2025-01-06T00:30:20.598Z,468.45,CANCELLED
ORD-1786976311015-996B4A3F,CUST-00172,2025-11-30T23:26:43.979Z,99.30,CANCELLED
ORD-1786976311015-C9BD97EF,CUST-00971,2026-01-05T03:39:42.365Z,243.77,PROCESSING
ORD-1786976311015-5083288E,CUST-00834,2025-04-28T17:36:55.854Z,151.61,COMPLETED
ORD-1786976311015-5E6C045B,CUST-00972,2025-07-04T13:31:05.694Z,474.00,COMPLETED
ORD-1786976311015-7284D5C2,CUST-00191,2026-07-24T03:47:38.498Z,127.51,PROCESSING
ORD-1786976311015-8C595809,CUST-00928,2025-04-11T14:09:27.465Z,90.53,PROCESSING
ORD-1786976311015-69D6D26D,CUST-00338,2025-02-06T08:05:05.352Z,281.57,COMPLETED
ORD-1786976311015-3C9AC7E8,CUST-00748,2025-02-16T23:27:08.858Z,325.60,PENDING
ORD-1786976311015-87DEF1EA,CUST-00876,2025-07-07T08:31:20.725Z,501.93,PROCESSING
ORD-1786976311015-817DC985,CUST-00302,2026-08-03T12:15:28.070Z,461.34,DELIVERED
ORD-1786976311015-A2CCB6EC,CUST-00729,2026-06-06T06:11:38.102Z,420.53,PENDING
ORD-1786976311015-9B9C4975,CUST-00682,2025-07-15T21:36:21.792Z,273.96,DELIVERED
ORD-1786976311015-9F5EBABB,CUST-00979,2026-05-22T09:06:27.194Z,12.89,COMPLETED
ORD-1786976311015-67CA1DC8,CUST-00400,2025-06-29T20:02:11.997Z,255.88,CANCELLED
ORD-1786976311015-96AFE450,CUST-00348,2025-03-16T18:10:04.345Z,33.36,SHIPPED
ORD-1786976311015-1BBB6551,CUST-00941,2026-05-13T06:55:56.832Z,338.63,SHIPPED
ORD-1786976311015-E5837800,CUST-00882,2025-09-10T04:01:29.953Z,400.90,SHIPPED
ORD-1786976311015-27BB49AC,CUST-00924,2025-02-12T16:29:14.126Z,60.05,CANCELLED
ORD-1786976311015-4707B159,CUST-00819,2025-08-07T13:12:15.668Z,394.00,COMPLETED
ORD-1786976311015-071ECFC9,CUST-00125,2025-08-02T17:42:30.712Z,446.31,CANCELLED
ORD-1786976311015-C84780E9,CUST-00262,2025-03-05T22:08:16.769Z,112.22,SHIPPED
ORD-1786976311015-B45D030B,CUST-00007,2026-05-18T01:49:07.473Z,153.64,DELIVERED
ORD-1786976311015-4AEEBBF4,CUST-00256,2025-05-14T17:50:31.626Z,374.05,PROCESSING
ORD-1786976311015-E48A4FFC,CUST-00240,2025-07-02T01:13:56.333Z,94.86,DELIVERED
ORD-1786976311015-B55AED59,CUST-00172,2026-05-06T02:40:37.855Z,200.66,CANCELLED
ORD-1786976311015-C7D849D4,CUST-00574,2025-03-30T23:59:36.489Z,237.51,SHIPPED
ORD-1786976311015-C1EE651E,CUST-00752,2025-10-05T20:19:54.028Z,440.65,COMPLETED
ORD-1786976311015-D18DA206,CUST-00124,2026-01-21T22:58:00.557Z,213.12,SHIPPED
ORD-1786976311015-9BA86930,CUST-00398,2025-05-26T17:05:12.785Z,413.67,SHIPPED
ORD-1786976311015-582001AA,CUST-00012,2025-05-14T04:52:27.513Z,216.67,SHIPPED
ORD-1786976311015-E7C71ADA,CUST-00771,2026-01-10T12:35:43.978Z,181.54,SHIPPED
ORD-1786976311015-37106392,CUST-00609,2025-01-14T14:12:17.839Z,222.50,COMPLETED
ORD-1786976311015-8C556978,CUST-00433,2025-05-17T11:36:40.054Z,415.76,PROCESSING
ORD-1786976311015-4B022A09,CUST-00336,2025-02-16T10:47:41.351Z,312.51,PENDING
ORD-1786976311015-B61A8EC7,CUST-00536,2025-12-18T00:38:53.122Z,508.72,PROCESSING
ORD-1786976311015-BD2455A6,CUST-00053,2025-03-01T10:05:00.320Z,458.05,SHIPPED
ORD-1786976311015-3BFB6E73,CUST-00251,2026-07-17T08:00:56.955Z,130.53,DELIVERED
ORD-1786976311015-2F7B03A7,CUST-00718,2026-01-18T00:36:22.800Z,269.25,CANCELLED
ORD-1786976311015-A6831146,CUST-00469,2025-11-08T10:32:18.908Z,505.90,PROCESSING
ORD-1786976311015-8BA0855C,CUST-00322,2026-07-29T08:27:45.972Z,260.12,CANCELLED
ORD-1786976311015-2978A03E,CUST-00796,2026-06-06T14:33:55.560Z,344.85,DELIVERED
ORD-1786976311015-2C7B1B2F,CUST-00014,2025-12-30T02:35:47.489Z,187.95,PROCESSING
ORD-1786976311015-EEDBC66F,CUST-00750,2025-01-30T20:47:24.261Z,476.77,PENDING
ORD-1786976311015-D907DDE7,CUST-00408,2025-03-05T03:12:23.021Z,271.18,PROCESSING
ORD-1786976311015-B0A681E2,CUST-00052,2025-05-20T08:44:34.072Z,410.35,SHIPPED
ORD-1786976311015-F2ED5E3F,CUST-00311,2026-03-16T21:13:17.334Z,278.65,DELIVERED
ORD-1786976311015-77DE06E7,CUST-00154,2025-03-31T23:15:32.535Z,334.32,COMPLETED
ORD-1786976311015-54B4E248,CUST-00863,2025-10-25T15:24:59.510Z,149.00,DELIVERED
ORD-1786976311015-236D0456,CUST-00184,2025-05-02T23:28:39.877Z,44.57,CANCELLED
ORD-1786976311015-C0B34961,CUST-00771,2026-02-19T17:05:22.965Z,315.56,DELIVERED
ORD-1786976311015-A40E9697,CUST-00126,2026-01-11T07:03:32.566Z,312.24,CANCELLED
ORD-1786976311015-CE97AFC7,CUST-00886,2025-11-10T01:21:29.755Z,297.13,COMPLETED
ORD-1786976311015-6734381D,CUST-00811,2025-06-01T04:00:28.850Z,103.02,PENDING
ORD-1786976311015-8BB77615,CUST-00957,2025-06-22T17:22:31.256Z,238.85,SHIPPED
ORD-1786976311015-FE263D96,CUST-00454,2025-10-31T12:14:19.641Z,228.67,CANCELLED
ORD-1786976311015-8896EDED,CUST-00299,2026-04-20T23:40:56.295Z,219.09,DELIVERED
ORD-1786976311015-10636EA7,CUST-00751,2025-07-08T19:23:19.774Z,311.98,PROCESSING
ORD-1786976311015-FD2E56F7,CUST-00994,2026-08-12T11:36:08.117Z,246.45,PROCESSING
ORD-1786976311015-B42C26EE,CUST-00904,2025-01-13T07:03:58.306Z,443.33,COMPLETED
ORD-1786976311015-75DBDE75,CUST-00086,2025-05-25T23:55:16.209Z,152.86,PROCESSING
ORD-1786976311015-17E7916E,CUST-00348,2025-05-06T16:45:13.122Z,135.76,DELIVERED
ORD-1786976311015-865EA18E,CUST-00811,2026-05-03T21:23:37.462Z,100.28,SHIPPED
ORD-1786976311015-880AA341,CUST-00985,2026-04-26T14:35:42.017Z,36.45,PENDING
ORD-1786976311015-D7B364A8,CUST-00110,2025-04-06T03:16:04.152Z,362.88,SHIPPED
ORD-1786976311015-11A7CFC1,CUST-00843,2025-02-05T04:38:37.357Z,15.13,SHIPPED
ORD-1786976311015-685033DD,CUST-00252,2025-01-20T19:22:11.576Z,208.70,PROCESSING
ORD-1786976311015-D5A0235E,CUST-00938,2026-06-18T12:44:40.985Z,274.24,PENDING
ORD-1786976311015-95DD3591,CUST-00933,2025-05-29T21:09:47.845Z,246.75,COMPLETED
ORD-1786976311015-BBBC050B,CUST-00453,2026-06-09T15:34:30.934Z,397.15,COMPLETED
ORD-1786976311015-54B3E3F6,CUST-00504,2026-05-24T23:44:39.166Z,209.30,SHIPPED
ORD-1786976311015-1718A674,CUST-00961,2025-08-12T15:47:47.879Z,287.14,PENDING
ORD-1786976311015-E2D2B285,CUST-00634,2025-01-07T06:05:08.440Z,486.16,PROCESSING
ORD-1786976311015-E1ABAC91,CUST-00605,2025-05-27T11:39:47.186Z,68.44,DELIVERED
ORD-INV-1300,CUST-002,2026-05-10T10:00:00Z,-50.00,COMPLETED
ORD-1786976311015-1EDD156E,CUST-00275,2025-11-13T00:04:01.689Z,395.76,CANCELLED
ORD-1786976311015-9FD29C29,CUST-00706,2025-07-10T15:04:09.806Z,29.17,CANCELLED
ORD-1786976311015-EE88877D,CUST-00574,2026-05-07T00:26:52.945Z,255.74,SHIPPED
ORD-1786976311015-96E97019,CUST-00577,2025-12-07T22:18:02.385Z,201.07,DELIVERED
ORD-1786976311015-2448D991,CUST-00782,2025-09-05T17:20:07.140Z,130.66,PENDING
ORD-1786976311015-1EE40C30,CUST-00583,2025-05-11T17:44:06.210Z,472.55,PROCESSING
ORD-1786976311015-11ACF54A,CUST-00569,2025-02-02T19:26:09.926Z,353.01,SHIPPED
ORD-1786976311015-C143011F,CUST-00221,2025-10-26T22:02:56.498Z,423.33,PENDING
ORD-1786976311015-D62AFC4B,CUST-00188,2026-08-06T06:30:42.842Z,419.13,PENDING
ORD-1786976311015-9EDAF779,CUST-00629,2026-02-22T19:32:46.322Z,204.83,CANCELLED
ORD-1786976311015-836CD644,CUST-00694,2025-06-08T10:00:02.937Z,449.48,SHIPPED
ORD-1786976311016-26778E0A,CUST-00715,2025-07-28T17:53:39.249Z,69.23,CANCELLED
ORD-1786976311016-90966DEA,CUST-00097,2025-08-29T07:20:21.474Z,254.52,PENDING
ORD-1786976311016-DF19E497,CUST-00212,2025-01-15T16:10:24.567Z,369.52,PENDING
ORD-1786976311016-35F5BA01,CUST-00865,2026-07-09T01:37:01.167Z,61.07,CANCELLED
ORD-1786976311016-CA550264,CUST-00943,2025-04-15T11:54:03.353Z,484.23,COMPLETED
ORD-1786976311016-1A52F8DD,CUST-00101,2025-09-08T10:58:41.624Z,401.28,SHIPPED
ORD-1786976311016-29D1CE43,CUST-00473,2025-10-30T10:50:42.825Z,80.42,CANCELLED
ORD-1786976311016-8555B5F4,CUST-00181,2025-02-24T17:36:24.382Z,296.62,CANCELLED
ORD-1786976311016-7F24199B,CUST-00706,2025-02-08T05:30:20.736Z,409.78,COMPLETED
ORD-1786976311016-03821D59,CUST-00786,2026-07-11T22:52:06.606Z,396.85,PROCESSING
ORD-1786976311016-A82C4F91,CUST-00825,2025-02-20T15:00:04.609Z,21.66,PROCESSING
ORD-1786976311016-3B92060B,CUST-00693,2025-12-23T14:21:23.636Z,70.02,PENDING
ORD-1786976311016-FFC08731,CUST-00962,2026-07-19T04:39:29.839Z,380.52,PENDING
ORD-1786976311016-15950121,CUST-00435,2026-04-09T07:54:46.212Z,210.78,PROCESSING
ORD-1786976311016-9978870A,CUST-00890,2025-05-04T03:20:40.137Z,297.81,PENDING
ORD-1786976311016-307A6385,CUST-00784,2025-09-12T21:00:59.766Z,83.56,CANCELLED
ORD-1786976311016-C7A693B1,CUST-00970,2025-07-20T13:27:56.490Z,504.49,DELIVERED
ORD-1786976311016-B22A13F8,CUST-00197,2025-01-22T16:22:40.626Z,473.00,CANCELLED
ORD-1786976311016-338B692E,CUST-00294,2026-03-30T01:57:36.998Z,342.51,PENDING
ORD-1786976311016-75A59C2E,CUST-00990,2025-10-04T22:55:23.113Z,193.37,COMPLETED
ORD-1786976311016-19514900,CUST-00404,2025-11-14T05:10:41.755Z,397.17,DELIVERED
ORD-1786976311016-4EDEA272,CUST-00280,2026-06-02T02:17:00.909Z,232.05,PROCESSING
ORD-1786976311016-6DE8CD22,CUST-00916,2026-02-11T09:39:19.093Z,83.12,DELIVERED
ORD-1786976311016-D6A0C0F6,CUST-00902,2026-05-01T02:19:19.716Z,291.09,PROCESSING
ORD-1786976311016-7E64AEAF,CUST-00955,2025-10-29T09:22:50.971Z,150.95,COMPLETED
ORD-1786976311016-CBF736DE,CUST-00229,2026-05-29T00:12:02.212Z,74.71,PROCESSING
ORD-1786976311016-4842B3FD,CUST-00616,2025-07-28T03:20:29.900Z,487.93,PENDING
ORD-1786976311016-2FF0B1B1,CUST-00774,2025-10-25T03:01:57.490Z,448.90,CANCELLED
ORD-1786976311016-8BF1A26C,CUST-00923,2025-08-18T21:42:25.934Z,420.48,COMPLETED
ORD-1786976311016-FDCCFD1C,CUST-00780,2025-11-18T07:41:44.675Z,350.18,SHIPPED
ORD-1786976311016-C0A28935,CUST-00233,2025-05-16T21:31:01.279Z,41.36,PENDING
ORD-1786976311016-B4B4BB1F,CUST-00716,2025-10-20T14:26:57.912Z,213.72,SHIPPED
ORD-1786976311016-258D8EC8,CUST-00210,2026-05-15T05:25:36.187Z,456.40,PROCESSING
ORD-1786976311016-F421BE10,CUST-00701,2025-07-15T15:15:19.545Z,380.56,PROCESSING
ORD-1786976311016-4B8026BC,CUST-00030,2025-10-05T03:17:32.725Z,73.17,SHIPPED
ORD-1786976311016-921E5D62,CUST-00831,2025-05-27T04:36:08.988Z,336.78,SHIPPED
ORD-1786976311016-7CF9BEB2,CUST-00460,2026-07-09T11:28:57.510Z,220.34,SHIPPED
ORD-1786976311016-39C835C7,CUST-00608,2025-08-15T11:27:15.277Z,14.37,COMPLETED
ORD-1786976311016-D0616132,CUST-00120,2025-06-26T18:53:05.647Z,409.27,PENDING
ORD-1786976311016-AAB58A8D,CUST-00150,2025-01-02T04:43:29.341Z,199.45,DELIVERED
ORD-1786976311016-07990E04,CUST-00581,2025-12-07T11:20:15.032Z,234.77,DELIVERED
ORD-1786976311016-3DC7128D,CUST-00045,2026-06-11T13:00:34.973Z,466.00,CANCELLED
ORD-1786976311016-B0C0E051,CUST-00435,2025-10-27T15:51:23.061Z,316.98,SHIPPED
ORD-1786976311016-894EAF99,CUST-00429,2026-04-15T22:05:06.666Z,189.17,CANCELLED
ORD-1786976311016-F86683F3,CUST-00339,2025-04-29T19:41:13.360Z,71.72,SHIPPED
ORD-1786976311016-93FAB70F,CUST-00827,2025-06-15T06:51:21.969Z,270.26,DELIVERED
ORD-1786976311016-142DC223,CUST-00189,2026-04-05T04:25:40.557Z,480.68,PROCESSING
ORD-1786976311016-32BAB022,CUST-00584,2026-05-16T04:07:36.486Z,156.90,DELIVERED
ORD-1786976311016-926566A3,CUST-00994,2026-01-06T11:53:10.431Z,478.87,SHIPPED
ORD-1786976311016-217B82F9,CUST-00968,2025-05-31T07:05:26.829Z,229.84,DELIVERED
ORD-1786976311016-E5654A3F,CUST-00664,2025-07-12T11:28:34.310Z,302.74,PROCESSING
ORD-1786976311016-86F9CC9C,CUST-00710,2025-07-15T14:37:47.457Z,420.29,COMPLETED
ORD-1786976311016-BBD02A46,CUST-00660,2026-01-15T08:15:03.435Z,289.90,COMPLETED
ORD-1786976311016-5892C098,CUST-00712,2026-05-02T14:02:10.230Z,412.17,CANCELLED
ORD-1786976311016-BC17FE96,CUST-00288,2025-04-27T00:40:34.464Z,322.07,COMPLETED
ORD-1786976311016-26E16376,CUST-00597,2026-01-21T20:32:22.788Z,227.39,PENDING
ORD-1786976311016-B4BCC38F,CUST-00605,2025-05-26T07:17:44.927Z,495.76,SHIPPED
ORD-1786976311016-A23CE575,CUST-00147,2025-03-22T15:37:16.468Z,173.81,PROCESSING
ORD-1786976311016-C4697992,CUST-00449,2025-01-25T21:11:08.111Z,71.69,DELIVERED
ORD-1786976311016-DB334EFB,CUST-00453,2025-05-11T17:45:26.852Z,266.13,DELIVERED
ORD-1786976311016-811C900A,CUST-00482,2025-05-16T03:39:29.374Z,135.26,COMPLETED
ORD-1786976311016-C3AFB5B3,CUST-00684,2025-01-07T20:21:13.399Z,349.12,PROCESSING
ORD-1786976311016-CA0F5B82,CUST-00401,2025-09-27T04:11:08.677Z,134.07,CANCELLED
ORD-1786976311016-71F28144,CUST-00781,2025-08-21T01:50:17.963Z,245.43,CANCELLED
ORD-1786976311016-39F81057,CUST-00917,2025-02-19T07:06:37.374Z,501.00,PENDING
ORD-1786976311016-78515F00,CUST-00349,2025-03-28T10:11:58.020Z,381.99,SHIPPED
ORD-1786976311016-C932CE7B,CUST-00415,2026-06-17T21:55:27.905Z,436.41,DELIVERED
ORD-1786976311016-55C999C0,CUST-00073,2025-08-01T05:53:54.593Z,342.26,DELIVERED
ORD-1786976311016-38030398,CUST-00186,2026-06-29T01:13:35.481Z,318.65,PROCESSING
ORD-1786976311016-D25DC51E,CUST-00609,2025-03-16T19:28:25.629Z,54.29,PROCESSING
ORD-1786976311016-EDB7F048,CUST-00790,2025-09-04T09:11:21.187Z,74.95,COMPLETED
ORD-1786976311016-058CEF31,CUST-00883,2025-10-29T20:47:19.637Z,262.70,SHIPPED
ORD-1786976311016-85C55FDE,CUST-00534,2025-01-19T15:07:01.145Z,66.39,PENDING
ORD-1786976311016-FB80BD1C,CUST-00040,2026-03-09T17:37:52.112Z,156.09,COMPLETED
ORD-1786976311016-94C9E2B8,CUST-00782,2025-09-18T21:20:14.378Z,187.70,SHIPPED
ORD-1786976311016-03BD59E2,CUST-00416,2025-10-19T23:44:05.084Z,326.50,PENDING
ORD-1786976311016-19CB1294,CUST-00545,2025-08-09T11:22:33.716Z,146.16,CANCELLED
ORD-1786976311016-C63D6DFD,CUST-00999,2025-09-19T18:08:12.470Z,468.14,PROCESSING
ORD-1786976311016-9E02798D,CUST-00366,2025-05-20T01:11:11.986Z,23.52,PENDING
ORD-1786976311016-87FCE3FB,CUST-00938,2026-03-08T20:17:12.969Z,315.22,DELIVERED
ORD-1786976311016-F24E72CE,CUST-00959,2025-08-25T20:43:02.344Z,320.77,CANCELLED
ORD-1786976311016-C8F50E5D,CUST-00982,2025-10-23T05:44:50.733Z,442.23,DELIVERED
ORD-1786976311016-D2496B2D,CUST-00964,2025-10-17T07:55:16.580Z,115.38,SHIPPED
ORD-1786976311016-06D62E85,CUST-00400,2026-07-26T05:47:42.063Z,435.14,COMPLETED
ORD-1786976311016-A1204699,CUST-00021,2026-04-02T18:42:52.394Z,402.35,PROCESSING
ORD-1786976311016-6E2E9448,CUST-00903,2025-02-06T22:53:20.578Z,129.85,PROCESSING
ORD-1786976311016-11D0E1B4,CUST-00282,2025-05-23T17:20:27.081Z,430.98,DELIVERED
ORD-1786976311016-C18A7177,CUST-00151,2025-03-23T07:43:26.519Z,335.40,CANCELLED
ORD-INV-1400,,2026-05-10T10:00:00Z,120.00,PENDING
ORD-1786976311016-F989DFE9,CUST-00969,2025-05-11T17:17:30.135Z,329.17,PROCESSING
ORD-1786976311016-645968A0,CUST-00086,2026-07-06T11:50:21.707Z,312.03,PENDING
ORD-1786976311016-2BEED3EA,CUST-00897,2025-11-06T12:42:32.710Z,58.73,CANCELLED
ORD-1786976311016-CD90C98C,CUST-00914,2025-12-16T06:05:51.077Z,244.36,PENDING
ORD-1786976311016-C189FB4B,CUST-00450,2025-10-06T03:12:25.094Z,127.20,PROCESSING
ORD-1786976311016-5EC5692B,CUST-00880,2026-05-01T09:54:58.623Z,84.54,CANCELLED
ORD-1786976311016-82E950D6,CUST-00288,2025-02-22T23:34:46.220Z,29.45,DELIVERED
ORD-1786976311016-B88F4204,CUST-00452,2025-06-13T07:06:45.857Z,289.33,COMPLETED
ORD-1786976311016-2393EE1A,CUST-00580,2025-06-18T11:44:16.525Z,67.37,CANCELLED
ORD-1786976311016-C0697F64,CUST-00539,2025-04-24T17:49:29.475Z,137.35,SHIPPED
ORD-1786976311016-C83C3133,CUST-00267,2025-06-13T18:50:35.601Z,265.29,CANCELLED
ORD-1786976311016-B0F9CB63,CUST-00046,2026-01-03T18:45:21.856Z,426.71,CANCELLED
ORD-1786976311016-F9DCC7B2,CUST-00070,2025-03-15T07:59:59.391Z,114.28,PENDING
ORD-1786976311016-55986877,CUST-00037,2025-07-12T13:50:31.706Z,31.76,DELIVERED
ORD-1786976311016-2578FE4A,CUST-00659,2025-10-21T17:53:04.695Z,346.40,COMPLETED
ORD-1786976311016-92A2A9F4,CUST-00710,2025-07-30T09:27:25.060Z,36.95,PENDING
ORD-1786976311016-FFF3B339,CUST-00732,2025-11-23T12:09:59.614Z,170.21,PROCESSING
ORD-1786976311016-012F95D2,CUST-00233,2025-08-11T22:31:12.984Z,155.00,DELIVERED
ORD-1786976311016-6851D062,CUST-00899,2026-08-03T04:16:44.904Z,444.49,PROCESSING
ORD-1786976311016-F2BF3495,CUST-00596,2025-03-09T05:16:23.068Z,421.87,PENDING
ORD-1786976311016-04082DB5,CUST-00010,2025-07-27T04:52:07.355Z,226.83,DELIVERED
ORD-1786976311016-FA93F1BB,CUST-00544,2025-09-14T07:01:33.751Z,148.62,CANCELLED
ORD-1786976311016-183F1F17,CUST-00060,2026-05-22T13:35:09.554Z,190.22,SHIPPED
ORD-1786976311016-EEC834E7,CUST-00627,2025-09-21T12:34:31.179Z,56.04,PENDING
ORD-1786976311016-BC98F306,CUST-00412,2025-12-09T22:42:44.949Z,508.80,PROCESSING
ORD-1786976311016-256E2918,CUST-00144,2026-08-10T06:11:10.485Z,473.02,SHIPPED
ORD-1786976311016-65338C20,CUST-00013,2025-04-26T03:24:14.772Z,338.00,SHIPPED
ORD-1786976311016-9DEEB9F9,CUST-00843,2025-01-17T14:42:06.822Z,159.68,SHIPPED
ORD-1786976311016-1BF879B8,CUST-00642,2025-10-23T02:40:27.967Z,463.92,PENDING
ORD-1786976311016-D5BB2A2D,CUST-00557,2026-04-13T05:23:54.501Z,284.27,DELIVERED
ORD-1786976311016-394C0845,CUST-00315,2026-01-30T11:07:14.365Z,241.60,SHIPPED
ORD-1786976311016-72F44CE6,CUST-00459,2026-06-03T13:22:11.482Z,81.12,PROCESSING
ORD-1786976311016-CDBEC9FD,CUST-00335,2026-04-12T01:35:26.162Z,366.90,COMPLETED
ORD-1786976311016-1579A07B,CUST-00001,2026-04-01T14:52:27.839Z,364.39,PROCESSING
ORD-1786976311016-FD1C8C81,CUST-00239,2025-03-01T05:01:27.546Z,138.02,DELIVERED
ORD-1786976311016-375EFCF4,CUST-00256,2026-05-14T12:53:09.455Z,260.58,CANCELLED
ORD-1786976311016-5784ACE5,CUST-00995,2025-02-05T21:36:58.279Z,60.82,PROCESSING
ORD-1786976311016-CA3A0DB6,CUST-00641,2026-03-19T07:37:29.019Z,250.11,SHIPPED
ORD-1786976311016-C8D1F722,CUST-00336,2026-07-18T19:59:55.381Z,408.86,COMPLETED
ORD-1786976311016-CFE9E89A,CUST-00369,2026-03-07T19:29:14.713Z,437.58,DELIVERED
ORD-1786976311016-62134163,CUST-00613,2026-01-09T02:08:11.399Z,442.60,DELIVERED
ORD-1786976311016-71F6C7EF,CUST-00195,2025-09-20T01:19:01.357Z,365.66,SHIPPED
ORD-1786976311016-0D9DFF4E,CUST-00473,2026-03-18T17:00:12.285Z,433.20,DELIVERED
ORD-1786976311016-7FD60605,CUST-00619,2025-05-10T09:05:06.602Z,61.61,COMPLETED
ORD-1786976311016-A06B2281,CUST-00700,2026-02-14T20:21:05.368Z,282.92,PENDING
ORD-1786976311016-135D209A,CUST-00620,2025-02-15T15:47:03.387Z,348.64,DELIVERED
ORD-1786976311016-698408FC,CUST-00771,2025-07-13T23:52:13.546Z,366.97,COMPLETED
ORD-1786976311016-84410439,CUST-00710,2026-08-02T23:22:16.728Z,394.84,PENDING
ORD-1786976311016-7D5C5EDE,CUST-00116,2026-02-25T02:03:05.650Z,460.16,PENDING
ORD-1786976311016-E4A12593,CUST-00355,2025-07-30T09:03:49.430Z,232.91,PROCESSING
ORD-1786976311016-F8055724,CUST-00704,2026-01-16T09:28:53.772Z,506.35,DELIVERED
ORD-1786976311016-5A4F7CDD,CUST-00820,2026-03-29T18:41:33.324Z,411.81,DELIVERED
ORD-1786976311016-FB3A578B,CUST-00610,2025-02-01T19:31:01.981Z,345.91,CANCELLED
ORD-1786976311016-E0250C0B,CUST-00846,2025-03-06T15:18:59.039Z,343.21,SHIPPED
ORD-1786976311016-2725BDB2,CUST-00234,2025-07-12T20:55:35.871Z,222.11,CANCELLED
ORD-1786976311016-943D73CE,CUST-00982,2025-03-13T17:35:04.912Z,272.31,PENDING
ORD-1786976311016-5199716C,CUST-00861,2025-01-04T08:01:24.638Z,170.44,CANCELLED
ORD-1786976311016-37CE8222,CUST-00083,2025-06-09T14:51:59.325Z,143.43,DELIVERED
ORD-1786976311016-D458A136,CUST-00630,2026-07-20T03:42:10.477Z,477.33,PROCESSING
ORD-1786976311016-00ABAB4B,CUST-00362,2025-08-21T19:15:19.285Z,116.71,DELIVERED
ORD-1786976311016-32792D29,CUST-00649,2025-10-02T09:36:05.053Z,508.88,SHIPPED
ORD-1786976311016-976C59C1,CUST-00909,2025-08-25T18:17:37.647Z,303.83,PENDING
ORD-1786976311016-047EAD75,CUST-00935,2026-03-02T16:49:29.120Z,479.44,SHIPPED
ORD-1786976311016-FC4D19A8,CUST-00505,2025-03-26T14:09:23.308Z,279.26,PROCESSING
ORD-1786976311016-D8EA7073,CUST-00264,2025-03-14T02:59:48.302Z,431.72,CANCELLED
ORD-1786976311016-D48192DD,CUST-00377,2026-08-08T18:38:33.214Z,342.62,COMPLETED
ORD-1786976311016-82AF828C,CUST-00344,2026-01-10T15:12:01.648Z,495.89,PROCESSING
ORD-1786976311016-DB824540,CUST-00110,2025-08-29T01:50:55.062Z,272.31,PROCESSING
ORD-1786976311016-6DCB8E4D,CUST-00964,2025-04-27T22:57:01.580Z,155.85,PROCESSING
ORD-1786976311016-B3F2125B,CUST-00531,2025-01-22T07:52:39.651Z,317.30,PENDING
ORD-1786976311016-885876E5,CUST-00899,2026-03-02T11:26:15.747Z,326.76,COMPLETED
ORD-1786976311016-1E3A8516,CUST-00041,2025-01-13T07:50:33.199Z,207.26,COMPLETED
ORD-1786976311016-5099F696,CUST-00146,2025-01-29T19:02:12.428Z,262.31,DELIVERED
ORD-1786976311016-D9E939AC,CUST-00820,2025-08-14T16:16:20.112Z,416.81,PENDING
ORD-1786976311016-5161A92E,CUST-00544,2025-10-01T06:50:54.169Z,339.35,PROCESSING
ORD-1786976311016-839F0C4E,CUST-00777,2026-07-03T01:36:25.964Z,496.76,PENDING
ORD-1786976311016-0009E998,CUST-00413,2026-03-28T09:01:07.024Z,429.38,DELIVERED
ORD-1786976311016-880FA9C6,CUST-00026,2025-11-19T15:47:05.199Z,169.16,CANCELLED
ORD-1786976311016-D1223FD4,CUST-00472,2026-02-07T12:12:20.105Z,410.56,CANCELLED
ORD-1786976311016-D4CB9F51,CUST-00018,2026-02-16T15:38:08.846Z,82.51,PROCESSING
ORD-1786976311016-8E38FB00,CUST-00364,2026-01-20T00:20:53.759Z,316.60,SHIPPED
ORD-1786976311016-DFB6C329,CUST-00795,2026-08-13T22:32:28.688Z,378.26,PROCESSING
ORD-1786976311016-C745C1C3,CUST-00956,2025-02-20T03:11:44.672Z,458.49,PENDING
ORD-1786976311016-936ABA13,CUST-00688,2025-01-05T10:55:28.516Z,27.90,DELIVERED
ORD-1786976311016-7E2161AD,CUST-00576,2025-01-02T03:37:45.501Z,355.10,PROCESSING
ORD-1786976311016-FE5DE9A0,CUST-00492,2026-04-15T00:51:25.109Z,162.12,COMPLETED
ORD-1786976311016-EBB80269,CUST-00776,2025-02-15T20:51:56.990Z,124.83,SHIPPED
ORD-1786976311016-EC15D02C,CUST-00346,2025-02-18T02:22:19.858Z,454.69,DELIVERED
ORD-1786976311016-CB421E78,CUST-00533,2025-04-06T17:04:08.088Z,459.65,CANCELLED
ORD-1786976311016-4F046E5A,CUST-00350,2025-05-17T17:08:03.025Z,287.16,SHIPPED
ORD-1786976311016-E08D4DDF,CUST-00045,2025-12-29T10:17:14.760Z,190.79,COMPLETED
ORD-1786976311016-39AF2CEC,CUST-00313,2025-04-02T21:57:23.560Z,218.77,DELIVERED
ORD-1786976311016-B8852286,CUST-00556,2025-11-20T18:54:06.921Z,96.44,SHIPPED
ORD-1786976311016-C3A24F9C,CUST-00996,2025-10-28T10:38:35.006Z,338.11,COMPLETED
ORD-1786976311016-BAE107B6,CUST-00417,2025-09-17T11:11:20.189Z,378.77,DELIVERED
ORD-1786976311016-3892CB20,CUST-00113,2026-04-02T21:10:44.501Z,303.01,COMPLETED
ORD-1786976311017-9735CA76,CUST-00237,2025-06-10T01:18:54.171Z,43.62,DELIVERED
ORD-1786976311017-7B7CF227,CUST-00100,2025-03-07T17:43:42.329Z,414.39,PROCESSING
ORD-1786976311017-CD59A81A,CUST-00774,2026-04-14T01:19:15.545Z,433.59,COMPLETED
ORD-INV-1500,CUST-001,INVALID_DATE_FORMAT,99.99,PENDING
ORD-1786976311017-DEDF7F2E,CUST-00063,2025-05-02T07:09:05.218Z,304.01,SHIPPED
ORD-1786976311017-2731BEA5,CUST-00545,2026-03-23T12:16:13.692Z,445.28,CANCELLED
ORD-1786976311017-460B50A4,CUST-00537,2026-05-07T21:47:38.070Z,183.03,PENDING
ORD-1786976311017-D1CDBFD5,CUST-00515,2026-03-13T21:56:38.647Z,376.88,DELIVERED
ORD-1786976311017-EC839DB3,CUST-00388,2026-01-18T06:30:12.444Z,108.28,CANCELLED
ORD-1786976311017-FD4AC06C,CUST-00991,2025-02-14T17:32:39.148Z,49.67,PROCESSING
ORD-1786976311017-DBA5BB0C,CUST-00693,2026-05-08T04:37:39.487Z,407.50,COMPLETED
ORD-1786976311017-46B7AA2E,CUST-00784,2026-06-05T22:03:43.893Z,431.50,COMPLETED
ORD-1786976311017-B2185322,CUST-00868,2026-05-02T14:26:05.820Z,52.89,PENDING
ORD-1786976311017-7218DFDD,CUST-00716,2026-07-20T05:26:29.738Z,94.73,PENDING
ORD-1786976311017-80DB61F8,CUST-00291,2026-01-14T01:43:18.775Z,380.51,DELIVERED
ORD-1786976311017-B301B082,CUST-00357,2025-01-28T01:14:25.624Z,191.51,PROCESSING
ORD-1786976311017-830964B2,CUST-00277,2026-02-02T20:26:57.364Z,418.68,SHIPPED
ORD-1786976311017-84DCA0AA,CUST-00562,2025-01-30T14:59:10.770Z,37.65,DELIVERED
ORD-1786976311017-72857AB0,CUST-00610,2025-08-10T11:16:30.650Z,141.55,PROCESSING
ORD-1786976311017-14C9BD9C,CUST-00847,2025-10-29T15:15:54.023Z,71.40,SHIPPED
ORD-1786976311017-D36C1D28,CUST-00894,2026-06-07T13:04:00.867Z,334.18,PROCESSING
ORD-1786976311017-23542651,CUST-00966,2025-06-22T11:54:30.217Z,365.98,PENDING
ORD-1786976311017-74458A12,CUST-00152,2025-07-16T22:53:56.165Z,241.06,PENDING
ORD-1786976311017-798B4E66,CUST-00563,2025-02-21T01:39:24.177Z,412.12,SHIPPED
ORD-1786976311017-896C9AC6,CUST-00957,2026-03-18T14:14:04.757Z,113.20,DELIVERED
ORD-1786976311017-2AD0F223,CUST-00897,2025-01-25T11:03:49.370Z,171.74,SHIPPED
ORD-1786976311017-4DE7ADD7,CUST-00842,2025-06-10T17:15:08.149Z,440.00,CANCELLED
ORD-1786976311017-96D3E90B,CUST-00502,2026-01-03T07:53:12.051Z,210.96,CANCELLED
ORD-1786976311017-550A111A,CUST-00838,2025-07-20T21:02:07.950Z,326.36,PROCESSING
ORD-1786976311017-9DAA9653,CUST-00262,2026-05-29T05:18:11.427Z,215.33,PROCESSING
ORD-1786976311017-A7EBBD2D,CUST-00828,2025-01-26T08:53:20.678Z,225.66,PENDING
ORD-1786976311017-E80C5F80,CUST-00223,2025-01-22T17:43:42.056Z,457.08,COMPLETED
ORD-1786976311017-397B4A90,CUST-00330,2026-02-28T15:14:02.149Z,110.60,DELIVERED
ORD-1786976311017-31807F89,CUST-00164,2025-10-03T07:14:02.405Z,501.39,PENDING
ORD-1786976311017-774AEE29,CUST-00421,2025-10-12T13:55:28.087Z,495.22,SHIPPED
ORD-1786976311017-0156099D,CUST-00333,2025-09-07T15:31:36.223Z,122.53,CANCELLED
ORD-1786976311017-3ADA5B8F,CUST-00521,2025-05-03T18:31:03.490Z,126.15,DELIVERED
ORD-1786976311017-83D152C8,CUST-00860,2026-06-29T20:28:52.515Z,387.87,PENDING
ORD-1786976311017-A8C1DAB9,CUST-00803,2026-03-13T03:56:37.125Z,11.44,PENDING
ORD-1786976311017-656CED03,CUST-00745,2025-08-09T09:17:13.878Z,276.95,DELIVERED
ORD-1786976311017-A9EBA388,CUST-00326,2025-05-26T01:49:33.576Z,70.12,PROCESSING
ORD-1786976311017-47789D6E,CUST-00187,2025-07-03T15:22:04.861Z,179.25,COMPLETED
ORD-1786976311017-9D3208EF,CUST-00236,2025-06-26T06:52:48.204Z,64.82,CANCELLED
ORD-1786976311017-3A04B6B3,CUST-00340,2025-01-02T15:14:28.362Z,165.15,PROCESSING
ORD-1786976311017-A49F8CD7,CUST-00322,2025-02-09T04:02:19.930Z,450.91,PROCESSING
ORD-1786976311017-AC9C8C1B,CUST-00102,2026-07-09T14:19:30.816Z,271.51,PENDING
ORD-1786976311017-C0290C1F,CUST-00149,2026-02-07T20:34:21.155Z,427.55,PROCESSING
ORD-1786976311017-F34E34E1,CUST-00339,2025-03-05T16:05:03.964Z,109.26,CANCELLED
ORD-1786976311017-8EA141A2,CUST-00498,2026-01-01T13:06:32.609Z,245.56,COMPLETED
ORD-1786976311017-A52CBB84,CUST-00534,2025-08-19T13:16:57.824Z,11.31,CANCELLED
ORD-1786976311017-08F73201,CUST-00427,2025-10-09T02:53:49.836Z,216.01,PROCESSING
ORD-1786976311017-048EB143,CUST-00666,2026-02-13T19:02:49.188Z,127.75,CANCELLED
ORD-1786976311017-5A8C0516,CUST-00840,2026-03-21T09:42:32.568Z,483.59,SHIPPED
ORD-1786976311017-76FA57A3,CUST-00680,2025-10-14T10:08:04.927Z,358.04,PROCESSING
ORD-1786976311017-E98A4A9D,CUST-00254,2025-03-11T19:29:38.782Z,109.39,COMPLETED
ORD-1786976311017-65BD6E98,CUST-00693,2026-01-15T00:11:02.769Z,502.73,SHIPPED
ORD-1786976311017-4AEBA56C,CUST-00227,2025-04-22T14:26:42.421Z,290.00,PROCESSING
ORD-1786976311017-BF36B599,CUST-00567,2026-07-01T06:50:22.777Z,323.38,PENDING
ORD-1786976311017-1E4295F1,CUST-00456,2025-05-29T08:28:08.112Z,48.66,PENDING
ORD-1786976311017-968D7C8C,CUST-00795,2026-06-17T03:43:32.491Z,224.74,PROCESSING
ORD-1786976311017-2F00C097,CUST-00772,2026-02-28T17:10:05.289Z,134.61,PROCESSING
ORD-1786976311017-43ED1FB3,CUST-00636,2025-11-07T13:52:18.498Z,233.79,PROCESSING
ORD-1786976311017-7BB8D196,CUST-00667,2026-01-10T01:44:29.255Z,215.17,COMPLETED
ORD-1786976311017-0891972B,CUST-00333,2025-12-18T18:16:13.179Z,353.06,COMPLETED
ORD-1786976311017-C18CC2B6,CUST-00426,2025-11-17T04:45:50.827Z,80.54,DELIVERED
ORD-1786976311017-673B42E2,CUST-00351,2025-07-21T19:46:06.202Z,64.71,PENDING
ORD-1786976311017-7B2BCDA7,CUST-00793,2025-05-13T23:37:41.889Z,280.75,PROCESSING
ORD-1786976311017-7B2C2040,CUST-00260,2025-09-15T12:25:45.151Z,266.96,DELIVERED
ORD-1786976311017-9D0D2CE6,CUST-00358,2025-01-02T03:57:36.287Z,454.13,PENDING
ORD-1786976311017-40E72948,CUST-00984,2026-06-21T15:27:14.904Z,242.82,SHIPPED
ORD-1786976311017-6B6534AD,CUST-00706,2025-12-24T09:05:55.705Z,321.36,CANCELLED
ORD-1786976311017-F2D99EA9,CUST-00657,2025-12-08T15:27:40.903Z,469.23,CANCELLED
ORD-1786976311017-BE488A12,CUST-00539,2025-12-25T12:45:23.908Z,490.23,PENDING
ORD-1786976311017-6184018F,CUST-00763,2026-01-23T02:27:58.446Z,478.30,PROCESSING
ORD-1786976311017-7A993F24,CUST-00235,2025-09-08T03:58:43.830Z,381.37,DELIVERED
ORD-1786976311017-0FE1E5AA,CUST-00918,2025-12-01T11:58:21.089Z,307.24,SHIPPED
ORD-1786976311017-AA3806B0,CUST-00816,2026-07-12T22:35:58.265Z,355.17,PENDING
ORD-1786976311017-0828EB85,CUST-00987,2026-07-21T09:56:26.931Z,124.51,PROCESSING
ORD-1786976311017-1E087761,CUST-00054,2026-01-19T02:45:10.702Z,465.43,CANCELLED
ORD-1786976311017-69121D4C,CUST-00479,2025-07-16T16:45:23.269Z,289.74,DELIVERED
ORD-1786976311017-4C9F1539,CUST-00156,2026-06-16T03:04:19.185Z,81.80,DELIVERED
ORD-1786976311017-9F7D9255,CUST-00050,2025-06-19T08:31:38.007Z,139.36,CANCELLED
ORD-1786976311017-396965B0,CUST-00619,2026-01-03T16:52:12.259Z,416.09,SHIPPED
ORD-1786976311017-63D220DE,CUST-00947,2025-06-14T10:53:30.600Z,336.19,CANCELLED
ORD-1786976311017-1AAED26A,CUST-00692,2025-10-02T22:15:22.970Z,420.72,COMPLETED
ORD-1786976311017-FFD28DCD,CUST-00498,2025-06-16T16:13:07.349Z,35.47,SHIPPED
ORD-1786976311017-4A943086,CUST-00045,2025-10-26T00:32:58.465Z,94.34,SHIPPED
ORD-1786976311017-3E60485A,CUST-00287,2025-05-29T13:19:41.565Z,52.14,COMPLETED
ORD-1786976311017-A8367F03,CUST-00094,2025-09-30T05:18:05.721Z,117.22,COMPLETED
ORD-1786976311017-CA140D0A,CUST-00753,2026-02-24T16:56:44.283Z,509.63,SHIPPED
ORD-1786976311017-20443F23,CUST-00923,2025-08-19T16:16:39.326Z,134.21,PROCESSING
ORD-1786976311017-6681C0BC,CUST-00262,2025-12-23T09:37:44.521Z,464.57,COMPLETED
ORD-1786976311017-B857274A,CUST-00421,2025-04-28T23:54:40.980Z,472.56,CANCELLED
ORD-1786976311017-7FD9A6FF,CUST-00258,2026-08-14T18:57:17.187Z,318.63,SHIPPED
ORD-1786976311017-13C47103,CUST-00915,2025-01-04T05:36:17.679Z,92.03,COMPLETED
ORD-1786976311018-A68399A1,CUST-00579,2026-01-04T01:19:55.738Z,398.09,COMPLETED
ORD-1786976311018-EE6C675C,CUST-00215,2025-04-07T00:39:02.535Z,503.93,PROCESSING
ORD-1786976311018-688A557C,CUST-00569,2026-03-06T01:46:02.423Z,445.64,COMPLETED
ORD-1786976311018-9264B535,CUST-00301,2025-12-18T21:04:04.717Z,82.86,PROCESSING
ORD-1786976311018-8463E7E5,CUST-00056,2025-08-19T14:31:18.957Z,199.48,SHIPPED
ORD-1786976311018-782F17EA,CUST-00096,2026-01-27T11:08:23.166Z,355.46,DELIVERED
ORD-1786976311018-7BBAF47F,CUST-00880,2025-05-09T22:59:46.919Z,423.88,PENDING
ORD-1786976311018-6133ED10,CUST-00719,2025-10-05T10:46:35.971Z,39.39,DELIVERED
ORD-INV-1600,CUST-002,2026-05-10T10:00:00Z,-50.00,COMPLETED
ORD-1786976311018-AA71DEA2,CUST-00043,2026-03-22T16:47:07.040Z,395.95,PENDING
ORD-1786976311018-BB0D2A28,CUST-00249,2026-03-10T22:17:40.442Z,367.19,PENDING
ORD-1786976311018-03A55A4C,CUST-00382,2025-12-12T11:19:53.860Z,27.63,PENDING
ORD-1786976311018-A6336EA8,CUST-00255,2025-03-31T09:20:03.135Z,142.05,COMPLETED
ORD-1786976311018-E8D95039,CUST-00836,2025-09-24T22:25:12.649Z,93.32,SHIPPED
ORD-1786976311018-EFCF9042,CUST-00886,2026-06-23T09:21:27.319Z,495.17,PROCESSING
ORD-1786976311018-E902AE2B,CUST-00110,2026-03-01T20:50:37.501Z,338.03,SHIPPED
ORD-1786976311018-3FDF5FAF,CUST-00555,2025-06-11T19:36:26.767Z,319.53,PROCESSING
ORD-1786976311018-D3BA2690,CUST-00367,2025-10-21T03:55:19.961Z,380.77,COMPLETED
ORD-1786976311018-263E8D31,CUST-00557,2026-05-15T16:04:35.952Z,234.16,SHIPPED
ORD-1786976311018-6AF2C467,CUST-00502,2025-08-05T18:08:38.002Z,354.82,PROCESSING
ORD-1786976311018-5697E4E0,CUST-00107,2025-02-24T15:13:23.000Z,282.96,SHIPPED
ORD-1786976311018-51624DDD,CUST-00506,2026-05-22T11:14:11.310Z,273.85,CANCELLED
ORD-1786976311018-8316FCC7,CUST-00395,2026-03-01T10:49:43.461Z,64.67,COMPLETED
ORD-1786976311018-C46CB3C4,CUST-00507,2026-06-29T03:54:00.382Z,374.24,PROCESSING
ORD-1786976311018-E29DCDA7,CUST-00451,2025-09-27T09:42:06.763Z,303.71,PROCESSING
ORD-1786976311018-B5FD971B,CUST-00435,2025-02-17T22:42:12.147Z,345.23,CANCELLED
ORD-1786976311018-56783920,CUST-00930,2026-08-14T08:23:02.568Z,455.61,COMPLETED
ORD-1786976311018-B9F792AA,CUST-00667,2025-02-26T01:32:00.458Z,364.35,CANCELLED
ORD-1786976311018-C61748F1,CUST-00047,2025-07-28T11:14:14.893Z,53.04,SHIPPED
ORD-1786976311018-D090639F,CUST-00979,2026-07-18T16:06:33.393Z,112.28,SHIPPED
ORD-1786976311018-E9ED0D18,CUST-00697,2025-06-07T12:43:55.303Z,97.73,SHIPPED
ORD-1786976311018-EB42E61D,CUST-00490,2025-06-26T09:01:14.536Z,313.49,CANCELLED
ORD-1786976311018-1124B4C9,CUST-00233,2025-08-17T22:43:52.280Z,103.74,DELIVERED
ORD-1786976311018-2281086B,CUST-00479,2026-06-03T18:44:51.539Z,201.18,PROCESSING
ORD-1786976311018-B9ADD8CE,CUST-00549,2025-04-28T14:32:37.817Z,426.84,SHIPPED
ORD-1786976311018-C8BFC2DC,CUST-00139,2026-06-04T12:21:06.210Z,403.19,COMPLETED
ORD-1786976311018-D47CBE85,CUST-00945,2026-02-02T06:53:12.675Z,364.63,PENDING
ORD-1786976311018-B85920D1,CUST-00051,2025-07-10T15:17:07.992Z,322.19,SHIPPED
ORD-1786976311018-41FB4E51,CUST-00116,2026-08-12T08:34:30.655Z,30.97,CANCELLED
ORD-1786976311018-C86E1FB3,CUST-00536,2025-09-28T10:25:42.181Z,54.21,PROCESSING
ORD-1786976311018-5338BDE2,CUST-00520,2025-11-09T09:22:28.163Z,50.89,CANCELLED
ORD-1786976311018-BE0872DE,CUST-00974,2025-07-18T01:03:11.218Z,131.27,PROCESSING
ORD-1786976311018-1C91BC2E,CUST-00271,2025-01-10T05:02:27.722Z,106.86,DELIVERED
ORD-1786976311018-E54064C6,CUST-00274,2025-08-26T16:29:03.388Z,421.22,DELIVERED
ORD-1786976311018-675F9F7A,CUST-00958,2025-06-15T23:37:28.388Z,384.43,PENDING
ORD-1786976311018-708B0650,CUST-00219,2026-08-13T07:20:16.239Z,448.38,DELIVERED
ORD-1786976311018-E211B5B5,CUST-00751,2025-12-09T03:03:16.532Z,24.85,CANCELLED
ORD-1786976311018-EF0B83E3,CUST-00936,2025-12-11T04:45:51.820Z,359.16,DELIVERED
ORD-1786976311018-A0CCC2C1,CUST-00040,2026-04-07T11:05:02.751Z,212.19,DELIVERED
ORD-1786976311018-5DF9450D,CUST-00850,2026-05-25T23:28:35.285Z,177.26,DELIVERED
ORD-1786976311018-8598D105,CUST-00188,2025-09-15T19:46:14.143Z,237.47,SHIPPED
ORD-1786976311018-64858598,CUST-00792,2026-07-19T22:03:34.243Z,219.02,CANCELLED
ORD-1786976311018-59CAA3B3,CUST-00673,2025-05-21T02:40:11.256Z,143.40,DELIVERED
ORD-1786976311018-E436175F,CUST-00578,2026-04-25T17:18:22.769Z,344.06,CANCELLED
ORD-1786976311018-6BA19324,CUST-00007,2026-01-11T11:04:56.884Z,234.18,PROCESSING
ORD-1786976311018-13DF77C3,CUST-01000,2026-01-01T23:57:35.120Z,338.16,PENDING
ORD-1786976311018-1153BB3B,CUST-00613,2026-07-12T00:50:36.483Z,98.12,PENDING
ORD-1786976311018-3A5BAAB2,CUST-00360,2025-02-07T08:31:49.505Z,46.97,PENDING
ORD-1786976311018-21AEC6E5,CUST-00168,2025-08-25T22:11:38.171Z,504.49,DELIVERED
ORD-1786976311018-B0C891B4,CUST-00549,2026-08-03T04:49:31.597Z,361.67,PENDING
ORD-1786976311018-CE68A9E6,CUST-00937,2026-06-17T09:07:04.522Z,325.59,DELIVERED
ORD-1786976311018-D095F922,CUST-00257,2025-12-05T01:43:02.790Z,129.80,PROCESSING
ORD-1786976311018-4E54E502,CUST-00393,2025-08-29T15:41:26.317Z,11.26,PROCESSING
ORD-1786976311018-7C82DCDE,CUST-00866,2025-10-28T21:59:35.499Z,184.48,SHIPPED
ORD-1786976311018-74FCD9E4,CUST-00810,2026-04-08T12:43:40.447Z,141.28,PENDING
ORD-1786976311018-0CA762D2,CUST-00197,2025-01-11T02:38:15.662Z,484.71,COMPLETED
ORD-1786976311018-35E613AB,CUST-00449,2026-03-31T14:34:20.083Z,79.60,PENDING
ORD-1786976311018-E276980F,CUST-00156,2025-03-04T05:27:28.621Z,241.71,DELIVERED
ORD-1786976311018-6F47748E,CUST-00430,2025-04-19T14:57:38.448Z,59.78,CANCELLED
ORD-1786976311018-310C6929,CUST-00229,2025-05-29T07:54:50.301Z,379.52,CANCELLED
ORD-1786976311018-CBE021E0,CUST-00507,2025-05-27T03:15:44.807Z,375.34,DELIVERED
ORD-1786976311018-E56EF13B,CUST-00709,2025-10-06T04:33:37.104Z,319.32,PROCESSING
ORD-1786976311018-1459794F,CUST-00877,2025-06-16T15:37:14.078Z,337.29,DELIVERED
ORD-1786976311018-AE1A4785,CUST-00743,2026-03-30T07:51:48.652Z,249.86,SHIPPED
ORD-1786976311018-63A98076,CUST-00419,2026-04-25T08:10:19.971Z,127.10,COMPLETED
ORD-1786976311018-88ACD6B2,CUST-00708,2026-08-03T22:34:32.431Z,54.49,PENDING
ORD-1786976311018-1ADCE66B,CUST-00296,2026-05-10T05:02:45.044Z,275.23,CANCELLED
ORD-1786976311018-7A477651,CUST-00661,2025-09-08T04:52:15.710Z,27.52,PENDING
ORD-1786976311018-8AE13B33,CUST-00219,2025-08-28T23:27:14.169Z,450.35,CANCELLED
ORD-1786976311018-A73C8BC8,CUST-00154,2025-11-03T00:47:41.123Z,137.66,CANCELLED
ORD-1786976311018-8ABA67E2,CUST-00146,2026-04-30T03:20:35.253Z,127.03,COMPLETED
ORD-1786976311018-450A1A9F,CUST-00464,2026-07-24T22:21:18.365Z,494.82,SHIPPED
ORD-1786976311018-39E5F12C,CUST-00651,2026-05-11T12:24:24.612Z,474.60,COMPLETED
ORD-1786976311018-16AF93FB,CUST-00588,2026-04-05T02:38:35.503Z,48.42,DELIVERED
ORD-1786976311018-461F9358,CUST-00217,2025-07-17T06:22:17.464Z,486.01,COMPLETED
ORD-1786976311018-5650113D,CUST-00981,2026-03-17T14:20:57.233Z,39.95,SHIPPED
ORD-1786976311018-2ED90D67,CUST-00084,2026-06-27T23:43:26.722Z,261.57,PROCESSING
ORD-1786976311018-E352AFB4,CUST-00484,2025-09-05T01:25:20.030Z,471.28,DELIVERED
ORD-1786976311018-2E063B89,CUST-00775,2025-12-27T21:17:46.803Z,313.59,COMPLETED
ORD-1786976311018-3BCBD29D,CUST-00016,2025-01-10T15:53:26.388Z,321.75,SHIPPED
ORD-1786976311018-E22EDCE5,CUST-00976,2025-03-29T23:53:39.604Z,59.65,PENDING
ORD-1786976311018-03407505,CUST-00078,2025-11-20T06:16:27.652Z,446.22,DELIVERED
ORD-1786976311018-476AF6A6,CUST-00203,2026-06-29T13:42:37.074Z,480.73,DELIVERED
ORD-1786976311018-D42E300D,CUST-00312,2026-07-18T23:10:31.657Z,342.84,DELIVERED
ORD-1786976311018-568D8BAE,CUST-00790,2025-05-26T13:58:14.326Z,59.43,CANCELLED
ORD-1786976311018-BFC669A7,CUST-00371,2025-10-22T17:02:53.649Z,269.51,PROCESSING
ORD-1786976311018-731FFC39,CUST-00867,2025-02-20T23:55:45.225Z,129.92,PENDING
ORD-1786976311018-46F9E7A9,CUST-00079,2025-11-15T21:06:21.471Z,119.62,PENDING
ORD-1786976311018-7C995F92,CUST-00679,2026-04-03T04:11:41.250Z,454.22,PENDING
ORD-1786976311018-CBAC3935,CUST-00310,2025-11-02T18:51:26.588Z,112.45,PENDING
ORD-1786976311018-41D7EB64,CUST-00737,2025-09-09T06:13:28.472Z,202.85,SHIPPED
ORD-1786976311018-BEDCF97C,CUST-00648,2025-10-02T13:31:19.014Z,393.32,COMPLETED
ORD-1786976311018-AF7524B2,CUST-00420,2026-01-27T04:19:06.237Z,273.42,PROCESSING
ORD-1786976311018-C3B9B95C,CUST-00366,2026-01-07T04:15:15.055Z,62.39,CANCELLED
ORD-1786976311018-B840CC2B,CUST-00234,2025-11-22T14:22:47.142Z,419.95,COMPLETED
ORD-1786976311018-431C9616,CUST-00349,2026-02-15T04:22:31.662Z,332.62,SHIPPED
ORD-1786976311018-3620331B,CUST-00190,2026-02-24T20:30:21.660Z,436.98,CANCELLED
ORD-1786976311018-1FC2FEA9,CUST-00980,2025-05-30T17:16:36.435Z,53.42,SHIPPED
ORD-INV-1700,,2026-05-10T10:00:00Z,120.00,PENDING
ORD-1786976311018-C5C3E504,CUST-00687,2026-06-28T14:12:08.294Z,399.90,PROCESSING
ORD-1786976311018-239C7547,CUST-00959,2026-06-20T05:50:52.870Z,473.19,COMPLETED
ORD-1786976311018-37E16DA0,CUST-00535,2025-09-23T15:16:33.582Z,124.50,DELIVERED
ORD-1786976311018-DED3BC03,CUST-00537,2025-09-29T08:37:38.331Z,253.73,COMPLETED
ORD-1786976311018-3AAF2FCF,CUST-00530,2026-04-03T13:31:12.619Z,222.16,PENDING
ORD-1786976311018-28B89573,CUST-00170,2025-06-28T23:11:08.140Z,328.45,PENDING
ORD-1786976311018-B48A7C17,CUST-00468,2025-04-18T01:29:58.082Z,258.65,COMPLETED
ORD-1786976311018-72254AD4,CUST-00697,2025-02-27T04:46:32.476Z,190.23,CANCELLED
ORD-1786976311018-C4F7A14A,CUST-00549,2025-12-28T13:36:58.427Z,299.14,PROCESSING
ORD-1786976311018-EB46DABC,CUST-00408,2026-07-30T12:16:39.793Z,430.83,CANCELLED
ORD-1786976311018-FEA66B2F,CUST-00646,2026-07-14T22:13:12.780Z,300.82,SHIPPED
ORD-1786976311018-49BC0425,CUST-00015,2025-09-13T06:36:03.591Z,455.67,PENDING
ORD-1786976311018-058D970A,CUST-00381,2026-03-04T09:05:24.306Z,385.29,COMPLETED
ORD-1786976311018-A22696E1,CUST-00269,2025-04-25T17:48:28.733Z,290.84,DELIVERED
ORD-1786976311018-1A0C68D5,CUST-00697,2026-02-27T04:34:48.064Z,137.17,PENDING
ORD-1786976311018-7CB31AAA,CUST-00731,2025-08-17T11:47:54.175Z,193.47,DELIVERED
ORD-1786976311018-119C4AB6,CUST-00047,2025-03-16T16:12:47.158Z,399.50,DELIVERED
ORD-1786976311018-417E2310,CUST-00178,2025-07-26T22:59:00.161Z,190.92,DELIVERED
ORD-1786976311018-D1024636,CUST-00563,2026-02-17T09:39:29.621Z,167.86,SHIPPED
ORD-1786976311018-C7735549,CUST-00578,2025-03-20T06:33:19.137Z,148.94,PENDING
ORD-1786976311018-8771A97B,CUST-00258,2025-11-22T10:22:43.941Z,487.23,COMPLETED
ORD-1786976311018-A9F0A9F0,CUST-00247,2026-06-01T11:05:13.202Z,180.84,PENDING
ORD-1786976311018-D35967E7,CUST-00391,2025-09-11T12:32:14.775Z,448.64,CANCELLED
ORD-1786976311018-98234A0B,CUST-00860,2025-04-29T21:21:17.583Z,114.89,SHIPPED
ORD-1786976311018-E960E6FE,CUST-00422,2025-06-10T07:36:49.053Z,160.27,DELIVERED
ORD-1786976311018-78BDC191,CUST-00233,2025-05-16T02:44:47.114Z,297.98,CANCELLED
ORD-1786976311018-81032B02,CUST-00988,2025-11-13T22:49:45.540Z,94.31,PROCESSING
ORD-1786976311018-7D7F46FE,CUST-00421,2025-10-08T07:45:01.560Z,163.38,PROCESSING
ORD-1786976311018-3BDFF0EF,CUST-00197,2026-04-29T20:35:57.355Z,483.66,PENDING
ORD-1786976311018-267F5416,CUST-00778,2026-07-12T23:44:45.770Z,505.85,CANCELLED
ORD-1786976311018-B4C5ABDC,CUST-00060,2025-08-14T01:33:10.914Z,413.28,PENDING
ORD-1786976311018-6C5E0AD1,CUST-00295,2025-01-17T14:38:55.996Z,217.43,PROCESSING
ORD-1786976311018-9D3D15DD,CUST-00198,2025-11-28T09:32:24.309Z,479.26,DELIVERED
ORD-1786976311018-F86C52BB,CUST-00936,2026-06-13T15:03:00.407Z,409.16,DELIVERED
ORD-1786976311018-8843F423,CUST-00147,2025-04-19T14:27:56.362Z,399.46,CANCELLED
ORD-1786976311018-E21D5A9F,CUST-00878,2025-05-26T00:08:41.951Z,179.51,PENDING
ORD-1786976311018-CA98B90E,CUST-00766,2025-08-20T20:09:40.721Z,373.39,DELIVERED
ORD-1786976311018-B0C54B5D,CUST-00448,2025-08-17T21:40:52.692Z,403.82,CANCELLED
ORD-1786976311018-0F630ACC,CUST-00781,2025-05-22T11:51:31.111Z,137.39,PENDING
ORD-1786976311018-A6C52C3C,CUST-00420,2026-07-30T18:55:10.573Z,414.00,CANCELLED
ORD-1786976311018-4A48CAF6,CUST-00983,2026-08-10T22:14:55.119Z,170.34,CANCELLED
ORD-1786976311018-CCF6897E,CUST-00257,2026-01-02T23:09:33.984Z,319.46,PROCESSING
ORD-1786976311018-E68378BA,CUST-00545,2025-04-16T16:39:58.567Z,391.96,SHIPPED
ORD-1786976311018-C7133156,CUST-00725,2025-05-27T05:53:17.309Z,257.31,DELIVERED
ORD-1786976311018-B5E25B78,CUST-00532,2026-06-24T02:06:58.916Z,317.25,SHIPPED
ORD-1786976311018-2605CCD8,CUST-00815,2025-06-22T19:05:34.911Z,140.80,CANCELLED
ORD-1786976311018-5AED8FC1,CUST-00075,2025-08-04T00:48:03.160Z,237.37,PROCESSING
ORD-1786976311018-0D61815F,CUST-00937,2025-06-13T16:57:51.954Z,214.94,DELIVERED
ORD-1786976311018-739C56E6,CUST-00697,2025-01-16T19:23:10.517Z,245.65,PROCESSING
ORD-1786976311018-C11323EA,CUST-00267,2026-07-18T18:52:00.663Z,219.52,SHIPPED
ORD-1786976311018-A34DE669,CUST-00338,2025-07-04T18:21:26.190Z,468.73,CANCELLED
ORD-1786976311018-49742E16,CUST-00881,2025-12-06T00:24:59.385Z,138.76,COMPLETED
ORD-1786976311018-591C3E00,CUST-00471,2025-07-06T17:47:46.103Z,323.04,PENDING
ORD-1786976311018-AA2B458B,CUST-00585,2025-04-23T12:58:59.350Z,115.30,DELIVERED
ORD-1786976311018-B566412E,CUST-00440,2025-10-17T01:54:46.028Z,121.50,PENDING
ORD-1786976311018-9FC6DE54,CUST-00095,2025-03-03T06:44:40.775Z,478.25,PENDING
ORD-1786976311018-15BBF15C,CUST-00540,2025-08-14T15:32:48.024Z,80.78,COMPLETED
ORD-1786976311018-6B43E6E4,CUST-00905,2026-04-21T02:43:47.422Z,207.23,SHIPPED
ORD-1786976311018-592D150F,CUST-00972,2026-04-14T15:17:24.878Z,54.42,PROCESSING
ORD-1786976311018-90E073D2,CUST-00156,2025-01-20T00:26:00.173Z,10.56,SHIPPED
ORD-1786976311018-02842906,CUST-00803,2025-12-01T11:37:23.999Z,357.93,SHIPPED
ORD-1786976311018-3DF84C81,CUST-00186,2026-06-02T17:17:57.343Z,412.40,DELIVERED
ORD-1786976311018-C9B98280,CUST-00224,2025-03-13T15:36:45.310Z,319.49,SHIPPED
ORD-1786976311018-5904B5E3,CUST-00055,2025-01-31T12:27:52.207Z,182.44,CANCELLED
ORD-1786976311018-DD0DCAA4,CUST-00943,2025-11-04T08:03:54.803Z,252.37,DELIVERED
ORD-1786976311018-73F34AFE,CUST-00502,2025-01-22T20:23:42.166Z,364.51,CANCELLED
ORD-1786976311018-7B1A0F9B,CUST-00544,2025-07-14T01:55:23.800Z,218.58,PENDING
ORD-1786976311018-B03996F9,CUST-00437,2026-02-23T13:45:57.658Z,100.06,SHIPPED
ORD-1786976311018-C811E250,CUST-00841,2026-05-17T00:31:48.026Z,84.90,CANCELLED
ORD-1786976311018-FDFA4ED8,CUST-00858,2026-08-08T20:56:29.503Z,175.96,PENDING
ORD-1786976311018-6194E159,CUST-00446,2025-05-13T07:27:15.736Z,360.96,SHIPPED
ORD-1786976311018-1147AE35,CUST-00501,2025-07-24T07:46:43.943Z,256.90,PENDING
ORD-1786976311018-19A447C0,CUST-00511,2026-08-07T05:01:47.622Z,197.55,DELIVERED
ORD-1786976311018-6D554BCF,CUST-00163,2025-12-04T05:50:14.393Z,371.19,PENDING
ORD-1786976311018-61E6DCAF,CUST-00804,2025-12-08T21:24:39.851Z,22.41,CANCELLED
ORD-1786976311018-594CCD8E,CUST-00128,2025-04-13T11:21:36.990Z,213.33,SHIPPED
ORD-1786976311018-81A7C287,CUST-00082,2025-10-25T12:07:42.334Z,372.69,PROCESSING
ORD-1786976311018-D8066DE2,CUST-00320,2025-12-20T18:24:11.579Z,413.10,PROCESSING
ORD-1786976311018-C388CDC3,CUST-00005,2025-12-14T03:36:57.219Z,153.41,SHIPPED
ORD-1786976311018-9C9FA60C,CUST-00773,2025-09-23T08:13:42.662Z,168.00,COMPLETED
ORD-1786976311018-44EF590F,CUST-00002,2026-04-05T21:20:51.448Z,284.26,SHIPPED
ORD-1786976311018-691DF265,CUST-00821,2025-12-09T23:39:53.849Z,211.93,DELIVERED
ORD-1786976311018-259439FC,CUST-00820,2025-05-07T21:14:20.862Z,127.67,COMPLETED
ORD-1786976311018-60AD3C0A,CUST-00516,2026-01-22T21:46:32.683Z,343.08,CANCELLED
ORD-1786976311018-6497DF03,CUST-00533,2026-01-10T04:04:52.911Z,300.51,SHIPPED
ORD-1786976311018-B5CA98D4,CUST-00222,2026-06-13T15:39:48.659Z,284.87,PENDING
ORD-1786976311018-A3F259D9,CUST-00400,2025-11-04T17:51:42.240Z,42.46,SHIPPED
ORD-1786976311019-8C44DC87,CUST-00663,2025-04-12T03:15:34.471Z,194.85,PROCESSING
ORD-1786976311019-CBBBD0FA,CUST-00969,2026-05-17T11:56:50.709Z,407.01,SHIPPED
ORD-1786976311019-62965AE8,CUST-00205,2025-11-09T11:01:59.679Z,156.37,PENDING
ORD-1786976311019-EF7ABA10,CUST-00852,2025-06-02T06:05:40.539Z,201.05,PENDING
ORD-1786976311019-D7C28FDA,CUST-00481,2025-08-26T08:26:43.264Z,11.15,DELIVERED
ORD-1786976311019-BC38B8A3,CUST-00575,2025-08-09T00:23:29.242Z,469.77,PENDING
ORD-1786976311019-CC7F11B0,CUST-00865,2025-03-17T01:17:22.689Z,214.65,DELIVERED
ORD-1786976311019-470F8694,CUST-00308,2026-05-07T04:01:54.051Z,507.52,COMPLETED
ORD-1786976311019-1A70C344,CUST-00132,2025-05-11T01:22:06.210Z,385.26,CANCELLED
ORD-1786976311019-53556FEA,CUST-00005,2025-12-17T15:46:11.374Z,28.24,SHIPPED
ORD-1786976311019-2FCA1B72,CUST-00548,2026-04-05T18:09:34.334Z,329.78,PENDING
ORD-1786976311019-CA5EC8A3,CUST-00205,2026-05-16T01:39:36.649Z,176.27,DELIVERED
ORD-INV-1800,CUST-001,INVALID_DATE_FORMAT,99.99,PENDING
ORD-1786976311019-E4622BB3,CUST-00501,2026-08-03T21:17:45.677Z,261.58,DELIVERED
ORD-1786976311019-727AA855,CUST-00049,2025-12-07T06:44:26.849Z,88.76,SHIPPED
ORD-1786976311019-E6903AB5,CUST-00998,2025-10-20T17:56:04.063Z,356.19,CANCELLED
ORD-1786976311019-E0327FEC,CUST-00352,2026-08-02T18:07:40.009Z,380.55,CANCELLED
ORD-1786976311019-F72B146C,CUST-00831,2025-04-17T04:34:04.907Z,250.07,COMPLETED
ORD-1786976311019-C1FF1BC6,CUST-00678,2025-04-07T09:26:13.713Z,329.72,PROCESSING
ORD-1786976311019-D4DA38C6,CUST-00575,2026-02-19T02:22:38.731Z,145.31,COMPLETED
ORD-1786976311019-E8AF605A,CUST-00014,2026-08-12T06:17:27.227Z,242.14,PENDING
ORD-1786976311019-ACAEFD21,CUST-00942,2026-05-27T07:06:36.106Z,155.96,DELIVERED
ORD-1786976311019-366A2C0A,CUST-00104,2026-03-09T18:27:45.648Z,422.17,CANCELLED
ORD-1786976311019-961771A5,CUST-00728,2025-10-03T10:29:20.606Z,43.92,PENDING
ORD-1786976311019-F5EC0ECF,CUST-00623,2026-04-24T07:20:27.338Z,496.42,CANCELLED
ORD-1786976311019-7ACB79FC,CUST-00549,2025-03-02T22:25:14.324Z,390.12,DELIVERED
ORD-1786976311019-E660E1CD,CUST-00694,2025-05-02T10:50:10.781Z,316.81,PENDING
ORD-1786976311019-D8100D9B,CUST-00217,2026-07-05T06:15:25.802Z,123.23,SHIPPED
ORD-1786976311019-7146B64B,CUST-00342,2025-10-03T10:37:48.000Z,43.92,CANCELLED
ORD-1786976311019-D1DA6747,CUST-00644,2025-05-20T11:07:51.115Z,149.43,DELIVERED
ORD-1786976311019-18E1EC80,CUST-00120,2025-06-17T02:04:46.593Z,99.00,PROCESSING
ORD-1786976311019-82F3E087,CUST-00327,2026-03-06T11:25:27.391Z,509.36,PENDING
ORD-1786976311019-3472896F,CUST-00358,2025-01-27T01:03:32.583Z,220.38,CANCELLED
ORD-1786976311019-CF99B6B8,CUST-00813,2026-03-21T16:33:07.801Z,199.90,DELIVERED
ORD-1786976311019-0EB569A2,CUST-00998,2026-03-17T18:31:41.532Z,469.94,DELIVERED
ORD-1786976311019-4E87D2AB,CUST-00794,2025-05-05T02:09:14.296Z,118.97,PROCESSING
ORD-1786976311019-25ACB4DA,CUST-00830,2026-01-11T13:39:43.054Z,297.01,PENDING
ORD-1786976311019-2433EE6B,CUST-00986,2026-08-14T10:00:11.152Z,255.52,SHIPPED
ORD-1786976311019-4AD50369,CUST-00681,2025-01-17T01:48:46.500Z,420.03,PENDING
ORD-1786976311019-CEC2C0F2,CUST-00906,2025-03-15T12:50:26.971Z,268.63,CANCELLED
ORD-1786976311019-FD0E000F,CUST-00456,2025-01-10T02:34:52.454Z,123.79,CANCELLED
ORD-1786976311019-F51D2F62,CUST-00389,2026-07-12T13:33:23.129Z,394.99,DELIVERED
ORD-1786976311019-BC0CF1AD,CUST-00139,2026-02-21T21:14:30.694Z,240.94,SHIPPED
ORD-1786976311019-E53B5160,CUST-00088,2026-05-06T17:25:38.613Z,238.13,PROCESSING
ORD-1786976311019-8300BF83,CUST-00143,2026-07-11T11:26:21.831Z,187.94,SHIPPED
ORD-1786976311019-7BE7A28B,CUST-00036,2025-09-06T14:25:01.321Z,386.06,PROCESSING
ORD-1786976311019-B063F615,CUST-00291,2025-09-05T13:33:26.689Z,315.34,COMPLETED
ORD-1786976311019-13994194,CUST-00529,2025-10-16T07:59:35.343Z,395.72,PENDING
ORD-1786976311019-47630BF2,CUST-00388,2026-01-11T12:38:15.377Z,350.57,SHIPPED
ORD-1786976311019-B5E0B69A,CUST-00357,2025-12-19T00:24:51.889Z,209.47,PROCESSING
ORD-1786976311019-9AEFC3B9,CUST-00069,2025-09-07T18:28:40.096Z,92.19,PENDING
ORD-1786976311019-B548070C,CUST-00981,2025-08-16T18:48:58.747Z,132.96,PENDING
ORD-1786976311019-F4C5241F,CUST-00910,2026-06-01T17:23:15.904Z,111.77,CANCELLED
ORD-1786976311019-F1FF05A6,CUST-00254,2025-09-16T23:53:10.727Z,361.95,SHIPPED
ORD-1786976311019-50363526,CUST-00162,2026-06-02T23:23:52.887Z,493.96,COMPLETED
ORD-1786976311019-42849794,CUST-00533,2026-03-27T21:08:37.840Z,108.70,PENDING
ORD-1786976311019-B85D2211,CUST-00142,2026-06-02T10:35:41.889Z,37.48,PROCESSING
ORD-1786976311019-B0EAF90A,CUST-00175,2026-01-26T04:22:56.029Z,438.90,SHIPPED
ORD-1786976311019-CC65018C,CUST-00089,2025-04-23T10:12:52.211Z,309.25,CANCELLED
ORD-1786976311019-4737B312,CUST-00276,2025-03-08T05:19:58.299Z,173.00,SHIPPED
ORD-1786976311019-59DF0F9A,CUST-00398,2025-03-25T14:16:12.853Z,48.64,COMPLETED
ORD-1786976311019-D1B50E32,CUST-00364,2026-04-18T11:03:56.322Z,223.48,PENDING
ORD-1786976311019-1EF965E3,CUST-00837,2026-01-22T18:20:05.676Z,508.98,PENDING
ORD-1786976311019-13F639F5,CUST-00425,2025-04-01T19:01:03.975Z,463.31,PENDING
ORD-1786976311019-A682E159,CUST-00573,2025-02-01T07:11:34.775Z,222.50,SHIPPED
ORD-1786976311019-3B0C6D45,CUST-00172,2026-04-18T05:54:12.768Z,415.28,SHIPPED
ORD-1786976311019-2F3149D4,CUST-00927,2026-04-14T04:54:22.926Z,133.17,CANCELLED
ORD-1786976311019-8E605DE0,CUST-00345,2026-05-14T10:27:03.987Z,188.98,SHIPPED
ORD-1786976311019-68DCCA4A,CUST-00167,2025-02-27T07:38:14.154Z,186.27,PENDING
ORD-1786976311019-3F66111C,CUST-00396,2025-01-09T04:05:55.622Z,68.61,PROCESSING
ORD-1786976311019-2DD31FCD,CUST-00959,2025-02-20T03:29:11.251Z,292.67,SHIPPED
ORD-1786976311019-1F11A92A,CUST-00763,2026-01-03T08:53:29.360Z,214.18,PROCESSING
ORD-1786976311019-BD366C05,CUST-00106,2026-07-04T13:04:00.654Z,173.73,PROCESSING
ORD-1786976311019-5BDD37F5,CUST-00597,2025-06-02T10:41:22.771Z,336.47,COMPLETED
ORD-1786976311019-9A41C5FD,CUST-00470,2025-02-22T09:03:18.273Z,103.06,SHIPPED
ORD-1786976311019-8EF55A43,CUST-00907,2025-03-12T04:31:16.683Z,295.18,CANCELLED
ORD-1786976311019-92282BF8,CUST-00646,2025-04-02T03:11:08.872Z,127.26,PENDING
ORD-1786976311019-A6834DEE,CUST-00437,2025-07-14T15:01:13.564Z,213.34,PROCESSING
ORD-1786976311019-92DE5BE1,CUST-00981,2025-11-20T11:46:04.360Z,443.11,PENDING
ORD-1786976311019-03D0AE9F,CUST-00340,2025-04-17T05:16:42.409Z,336.24,SHIPPED
ORD-1786976311019-3916066A,CUST-00031,2025-06-17T07:47:48.746Z,216.23,DELIVERED
ORD-1786976311019-4D9F2BA9,CUST-00077,2025-01-19T18:42:10.092Z,385.69,COMPLETED
ORD-1786976311019-38200939,CUST-00994,2025-11-27T06:48:49.959Z,468.79,CANCELLED
ORD-1786976311019-FBA1B7FC,CUST-00899,2026-04-18T05:51:04.163Z,142.90,DELIVERED
ORD-1786976311019-F1385C8C,CUST-00967,2025-08-05T08:07:05.403Z,149.12,COMPLETED
ORD-1786976311019-30D80EAA,CUST-00329,2026-03-16T01:01:16.011Z,456.64,DELIVERED
ORD-1786976311019-CDC00AAA,CUST-00166,2026-06-09T20:57:16.399Z,101.30,PROCESSING
ORD-1786976311019-E21C49D3,CUST-00740,2025-02-26T06:47:07.203Z,349.01,DELIVERED
ORD-1786976311019-3461FCD9,CUST-00833,2025-01-09T20:43:52.294Z,254.18,PROCESSING
ORD-1786976311019-D2A31850,CUST-00755,2025-12-27T11:41:24.700Z,320.17,CANCELLED
ORD-1786976311019-33AA7C21,CUST-00750,2026-05-13T02:26:57.789Z,315.58,COMPLETED
ORD-1786976311019-A0EDEB63,CUST-00911,2026-04-28T07:30:32.721Z,264.40,SHIPPED
ORD-1786976311019-4E42DB04,CUST-00394,2026-03-22T20:00:08.216Z,237.28,SHIPPED
ORD-1786976311019-B1C1AC87,CUST-00134,2025-08-16T16:20:24.448Z,314.10,CANCELLED
ORD-1786976311019-11CA99F9,CUST-00914,2025-11-11T10:18:46.578Z,67.86,COMPLETED
ORD-1786976311019-62723FE6,CUST-00904,2025-12-10T08:23:00.306Z,89.57,CANCELLED
ORD-1786976311019-022EE5C9,CUST-00797,2025-03-01T06:05:00.676Z,371.32,SHIPPED
ORD-1786976311019-362F149A,CUST-00678,2025-01-10T14:03:49.311Z,275.43,DELIVERED
ORD-1786976311019-139F5D7F,CUST-00192,2026-05-24T22:00:28.557Z,174.69,SHIPPED
ORD-1786976311019-9D0F3EB7,CUST-00296,2025-03-06T07:01:56.544Z,253.17,CANCELLED
ORD-1786976311019-D69A84C8,CUST-00555,2025-06-09T09:11:27.791Z,114.98,COMPLETED
ORD-1786976311019-A4914607,CUST-00799,2025-05-11T00:45:57.263Z,299.01,DELIVERED
ORD-1786976311019-3CC84858,CUST-00992,2026-07-24T19:13:07.013Z,133.49,CANCELLED
ORD-1786976311019-64519F6A,CUST-00107,2025-12-03T13:12:14.206Z,102.22,DELIVERED
ORD-1786976311019-97352E5C,CUST-00528,2025-03-09T05:49:02.101Z,437.29,CANCELLED
ORD-1786976311019-BB49A7E6,CUST-00525,2026-01-21T22:51:59.070Z,273.73,PROCESSING
ORD-1786976311019-38ED6F1F,CUST-00833,2025-08-11T08:57:08.914Z,200.12,CANCELLED
ORD-1786976311019-4806A55E,CUST-00485,2025-11-16T21:17:48.690Z,356.72,DELIVERED
ORD-1786976311019-FD77BBEC,CUST-00714,2025-05-30T17:59:44.183Z,353.87,DELIVERED
ORD-1786976311019-7885728E,CUST-00944,2025-11-15T21:11:32.297Z,243.35,PROCESSING
ORD-1786976311019-219AB3C4,CUST-00608,2025-10-02T01:52:51.579Z,29.89,PROCESSING
ORD-1786976311019-758CAD81,CUST-00915,2026-01-10T17:34:15.391Z,368.53,PROCESSING
ORD-INV-1900,CUST-002,2026-05-10T10:00:00Z,-50.00,COMPLETED
ORD-1786976311019-F9D2F481,CUST-00919,2025-03-03T23:24:11.101Z,86.76,PENDING
ORD-1786976311019-82FC717D,CUST-00422,2025-09-25T17:06:10.010Z,99.87,SHIPPED
ORD-1786976311019-1F17F535,CUST-00217,2026-05-16T13:01:19.856Z,190.36,PENDING
ORD-1786976311019-3063D5E1,CUST-00303,2025-12-20T17:37:58.468Z,454.08,COMPLETED
ORD-1786976311019-2269680A,CUST-00218,2025-12-10T20:08:49.523Z,329.69,PENDING
ORD-1786976311019-E4FBA95F,CUST-00363,2026-06-13T21:56:06.450Z,240.13,COMPLETED
ORD-1786976311019-62E1864C,CUST-00334,2026-07-28T01:08:54.355Z,310.38,COMPLETED
ORD-1786976311019-7495976D,CUST-00041,2025-07-06T02:05:13.996Z,503.18,DELIVERED
ORD-1786976311019-5420D8B7,CUST-00414,2026-03-25T23:21:28.897Z,425.30,DELIVERED
ORD-1786976311019-9FDBA00F,CUST-00463,2025-05-31T13:08:42.310Z,348.20,COMPLETED
ORD-1786976311019-A8C9943D,CUST-00495,2025-07-06T12:03:02.097Z,50.21,PROCESSING
ORD-1786976311019-FC9B12E1,CUST-00545,2025-01-24T05:44:09.141Z,395.21,CANCELLED
ORD-1786976311019-20938459,CUST-00540,2025-01-03T03:08:31.157Z,342.45,COMPLETED
ORD-1786976311019-F7861C62,CUST-00131,2026-02-08T15:09:37.556Z,433.93,PENDING
ORD-1786976311019-6974CBE0,CUST-00644,2025-07-07T17:54:07.446Z,468.59,DELIVERED
ORD-1786976311019-035936C0,CUST-00838,2026-07-08T01:30:45.311Z,403.07,SHIPPED
ORD-1786976311019-FC5E59DD,CUST-00457,2026-04-19T00:24:43.103Z,435.16,PROCESSING
ORD-1786976311019-DD4AB088,CUST-00327,2026-06-07T09:42:01.545Z,460.80,PROCESSING
ORD-1786976311019-8BA51AA8,CUST-00786,2025-07-29T18:35:37.299Z,393.53,COMPLETED
ORD-1786976311019-1BAD6384,CUST-00740,2025-10-20T12:40:24.718Z,283.47,CANCELLED
ORD-1786976311019-DA0980C2,CUST-00158,2025-05-26T19:44:57.391Z,120.74,PENDING
ORD-1786976311019-96483113,CUST-00802,2025-08-16T20:17:02.988Z,348.22,COMPLETED
ORD-1786976311019-26BA7A51,CUST-00812,2025-07-29T04:23:16.781Z,67.04,SHIPPED
ORD-1786976311019-83D801A2,CUST-00987,2025-05-23T14:54:58.465Z,153.38,DELIVERED
ORD-1786976311019-F8B7A910,CUST-00062,2026-07-07T04:45:49.372Z,103.65,COMPLETED
ORD-1786976311019-E2EA8888,CUST-00437,2026-08-13T04:16:07.465Z,231.05,PENDING
ORD-1786976311019-7CAE901C,CUST-00987,2025-03-15T12:41:51.910Z,314.69,PROCESSING
ORD-1786976311019-E2966A4F,CUST-00608,2025-10-26T20:30:54.973Z,117.37,PROCESSING
ORD-1786976311019-E0984409,CUST-00546,2025-05-16T16:46:34.922Z,340.83,DELIVERED
ORD-1786976311019-FDF00BD8,CUST-00146,2026-07-22T08:51:40.262Z,144.67,PENDING
ORD-1786976311019-579E5156,CUST-00566,2026-05-11T10:30:54.983Z,214.15,PROCESSING
ORD-1786976311019-3443681A,CUST-00501,2025-03-12T06:08:58.362Z,426.72,PROCESSING
ORD-1786976311019-DA2AE72D,CUST-00708,2025-02-26T08:28:32.582Z,189.28,COMPLETED
ORD-1786976311019-79BF6C68,CUST-00694,2026-07-14T02:52:00.884Z,78.78,SHIPPED
ORD-1786976311019-45328075,CUST-00077,2025-06-02T09:44:33.740Z,57.48,CANCELLED
ORD-1786976311019-F2854BAD,CUST-00008,2025-03-10T18:59:05.423Z,23.99,CANCELLED
ORD-1786976311019-93AE1EF7,CUST-00793,2025-11-14T19:01:28.703Z,305.06,PROCESSING
ORD-1786976311019-3A97FA9C,CUST-00535,2026-03-23T00:43:14.975Z,280.04,CANCELLED
ORD-1786976311019-0FD0DFC6,CUST-00737,2025-10-25T14:50:19.497Z,102.03,DELIVERED
ORD-1786976311019-7C709BC4,CUST-00825,2026-02-24T12:01:35.553Z,375.20,PROCESSING
ORD-1786976311019-F25BDAFA,CUST-00514,2025-09-11T08:05:25.389Z,306.65,PROCESSING
ORD-1786976311019-AB633407,CUST-00328,2025-09-07T22:26:17.669Z,455.00,DELIVERED
ORD-1786976311019-B189FA7E,CUST-00246,2025-12-10T08:54:21.894Z,230.33,DELIVERED
ORD-1786976311019-0DE3C135,CUST-00495,2025-02-09T05:18:44.539Z,399.89,DELIVERED
ORD-1786976311019-9A72C4CD,CUST-00517,2025-07-24T09:46:56.010Z,490.60,CANCELLED
ORD-1786976311019-111A845D,CUST-00739,2026-04-26T09:58:36.081Z,228.56,COMPLETED
ORD-1786976311019-E7CA437F,CUST-00867,2025-06-22T09:03:59.502Z,356.37,PENDING
ORD-1786976311019-BB23CE85,CUST-00818,2026-06-20T01:20:13.735Z,385.21,DELIVERED
ORD-1786976311019-BA3DA319,CUST-00332,2026-02-18T18:07:30.713Z,387.70,PENDING
ORD-1786976311019-E5C7AE2D,CUST-00342,2026-04-24T04:14:49.390Z,41.79,PENDING
ORD-1786976311019-FBACFA31,CUST-00921,2025-11-16T02:15:46.220Z,96.78,CANCELLED
ORD-1786976311019-123183AF,CUST-00764,2026-04-18T21:40:56.948Z,140.09,PENDING
ORD-1786976311019-4F475947,CUST-00050,2025-04-23T02:17:39.787Z,328.39,COMPLETED
ORD-1786976311019-6906BD44,CUST-00953,2025-07-03T11:40:30.327Z,196.70,DELIVERED
ORD-1786976311019-442FC6DA,CUST-00546,2026-03-20T08:32:16.562Z,353.05,SHIPPED
ORD-1786976311019-AA0895E8,CUST-00361,2025-05-01T00:31:44.451Z,294.62,COMPLETED
ORD-1786976311019-3EA14A46,CUST-00749,2025-07-23T12:20:26.614Z,444.97,SHIPPED
ORD-1786976311019-C22E0680,CUST-00883,2025-02-04T12:37:58.331Z,285.94,PROCESSING
ORD-1786976311019-FEDD6461,CUST-00632,2025-04-13T16:11:20.017Z,234.17,PROCESSING
ORD-1786976311019-F13D3921,CUST-00219,2025-05-13T14:19:43.528Z,240.84,SHIPPED
ORD-1786976311019-810AC062,CUST-00468,2025-10-09T07:01:52.190Z,387.78,PROCESSING
ORD-1786976311019-EF32E83B,CUST-00201,2025-11-14T23:29:46.679Z,50.10,DELIVERED
ORD-1786976311019-88953467,CUST-00049,2025-10-21T08:20:19.639Z,178.61,DELIVERED
ORD-1786976311019-50941F50,CUST-00285,2025-10-19T19:29:15.127Z,68.10,CANCELLED
ORD-1786976311019-642262FA,CUST-00888,2026-03-14T01:30:46.946Z,355.42,SHIPPED
ORD-1786976311019-B0B000B6,CUST-00913,2026-07-03T11:33:32.165Z,80.23,COMPLETED
ORD-1786976311019-A0C09923,CUST-00327,2025-07-02T09:23:24.975Z,460.53,DELIVERED
ORD-1786976311019-B6C46E1C,CUST-00304,2025-09-14T04:15:30.574Z,283.24,PROCESSING
ORD-1786976311019-826FB516,CUST-00249,2025-04-15T08:44:18.716Z,155.61,COMPLETED
ORD-1786976311019-44017CDC,CUST-00023,2026-05-29T01:13:13.844Z,203.23,PROCESSING
ORD-1786976311019-41695F50,CUST-00219,2025-05-08T03:22:04.001Z,270.35,SHIPPED
ORD-1786976311019-ED779336,CUST-00371,2026-03-24T03:26:05.195Z,80.82,DELIVERED
ORD-1786976311019-67ADAC8D,CUST-00789,2025-07-29T17:03:12.202Z,182.40,DELIVERED
ORD-1786976311019-C583205C,CUST-00452,2025-02-13T03:58:31.761Z,190.85,COMPLETED
ORD-1786976311019-E2A295D4,CUST-00795,2026-07-13T04:24:38.385Z,202.11,SHIPPED
ORD-1786976311019-70734E87,CUST-00426,2025-03-21T21:49:52.489Z,142.53,DELIVERED
ORD-1786976311019-B615CC5D,CUST-00392,2026-06-06T02:53:21.525Z,88.23,COMPLETED
ORD-1786976311020-E3605929,CUST-00863,2026-06-11T06:20:47.249Z,30.57,CANCELLED
ORD-1786976311020-9E3ACF87,CUST-00090,2026-02-12T17:53:44.885Z,407.20,PENDING
ORD-1786976311020-606CAE4A,CUST-00484,2025-09-18T02:34:57.543Z,196.56,CANCELLED
ORD-1786976311020-FF43B0EC,CUST-00855,2025-07-27T19:58:58.310Z,390.52,SHIPPED
ORD-1786976311020-1682E664,CUST-00347,2025-01-13T18:34:39.757Z,160.25,PENDING
ORD-1786976311020-045FDD27,CUST-00494,2026-03-14T19:09:56.807Z,213.65,PENDING
ORD-1786976311020-9362AC95,CUST-00857,2026-06-18T00:08:53.244Z,234.94,PENDING
ORD-1786976311020-8786FEAC,CUST-00324,2025-09-20T01:24:15.792Z,103.54,COMPLETED
ORD-1786976311020-40B176EB,CUST-00753,2026-01-03T15:19:49.885Z,393.68,PROCESSING
ORD-1786976311020-45580B42,CUST-00678,2025-12-11T08:22:15.503Z,284.46,PROCESSING
ORD-1786976311020-263AC97A,CUST-00465,2025-11-29T15:36:39.167Z,180.25,CANCELLED
ORD-1786976311020-7D082895,CUST-00597,2026-02-26T21:14:53.276Z,276.09,CANCELLED
ORD-1786976311020-71FF5398,CUST-00609,2025-08-25T19:09:13.660Z,289.63,PENDING
ORD-1786976311020-D7A9D841,CUST-00185,2026-05-28T03:15:46.360Z,78.01,CANCELLED
ORD-1786976311020-F2CE7086,CUST-00849,2026-04-01T05:01:18.252Z,320.62,PENDING
ORD-1786976311020-5237C5BD,CUST-00396,2025-01-20T17:10:43.757Z,219.98,PROCESSING
ORD-1786976311020-F604AD54,CUST-00632,2025-02-17T05:33:58.422Z,181.92,PROCESSING
ORD-1786976311020-A562F5C6,CUST-00170,2025-12-02T20:28:13.286Z,165.31,DELIVERED
ORD-1786976311020-BBCABCB3,CUST-00757,2025-05-26T03:44:46.450Z,354.69,CANCELLED
ORD-1786976311020-A7F96237,CUST-00833,2025-04-10T06:08:35.078Z,475.38,SHIPPED
ORD-1786976311020-1C71B2B3,CUST-00455,2026-04-07T05:54:50.944Z,379.59,PENDING
ORD-1786976311020-133C7314,CUST-00284,2025-04-21T12:40:28.806Z,329.22,PENDING
ORD-INV-2000,,2026-05-10T10:00:00Z,120.00,PENDING
ORD-1786976311020-DC53FD01,CUST-00443,2025-06-11T20:04:12.399Z,28.67,SHIPPED
ORD-1786976311020-A1F796DE,CUST-00407,2025-09-09T14:10:39.987Z,27.23,DELIVERED
ORD-1786976311020-F7980DC5,CUST-00222,2026-08-09T09:55:10.656Z,299.64,COMPLETED
ORD-1786976311020-0A73C795,CUST-00823,2026-06-08T03:43:58.576Z,163.44,PENDING
ORD-1786976311020-D7C55915,CUST-00893,2025-08-03T00:06:04.522Z,434.11,SHIPPED
ORD-1786976311020-D6C142F7,CUST-00740,2026-04-20T11:45:23.213Z,226.78,PENDING
ORD-1786976311020-0A37887D,CUST-00421,2025-03-23T18:33:42.061Z,221.33,CANCELLED
ORD-1786976311020-196A71F8,CUST-00049,2026-06-24T18:55:23.291Z,362.52,SHIPPED
ORD-1786976311020-E7C04FB9,CUST-00763,2026-04-27T11:19:17.648Z,43.37,SHIPPED
ORD-1786976311020-BAE44F66,CUST-00317,2026-08-08T22:39:11.585Z,157.34,PENDING
ORD-1786976311020-D38D972D,CUST-00265,2025-05-31T18:52:29.201Z,242.05,PENDING
ORD-1786976311020-D8F620C3,CUST-00466,2025-11-14T12:10:37.037Z,342.55,SHIPPED
ORD-1786976311020-727A661A,CUST-00214,2025-08-06T10:33:27.580Z,299.57,CANCELLED
ORD-1786976311020-05DEE589,CUST-00903,2026-08-12T11:02:36.997Z,439.81,PROCESSING
ORD-1786976311020-435447D0,CUST-00288,2025-11-23T02:40:21.221Z,171.40,COMPLETED
ORD-1786976311020-FBA673CA,CUST-00108,2025-03-20T06:35:28.358Z,171.13,PENDING
ORD-1786976311020-AAA44436,CUST-00361,2026-07-01T01:43:59.764Z,327.33,CANCELLED
ORD-1786976311020-9D8E8704,CUST-00365,2026-04-28T04:23:01.665Z,20.56,DELIVERED
ORD-1786976311020-0E63F468,CUST-00721,2025-01-26T10:11:03.049Z,507.49,PROCESSING
ORD-1786976311020-F87874B1,CUST-00196,2026-07-31T22:38:26.565Z,261.38,COMPLETED
ORD-1786976311020-84E700D5,CUST-00845,2025-11-12T05:04:04.898Z,367.60,DELIVERED
ORD-1786976311020-0F20924C,CUST-00286,2026-01-20T00:21:44.195Z,269.58,PENDING
ORD-1786976311020-6344FBAD,CUST-00612,2025-11-27T16:17:27.749Z,423.35,PENDING
ORD-1786976311020-DB6FFAE0,CUST-00251,2026-05-03T08:54:53.884Z,329.32,PENDING
ORD-1786976311020-121C7093,CUST-00378,2025-05-14T01:55:13.083Z,65.49,SHIPPED
ORD-1786976311020-6E60353D,CUST-00714,2025-11-27T18:16:41.759Z,484.88,CANCELLED
ORD-1786976311020-3AA519DA,CUST-00874,2026-03-21T20:12:27.655Z,262.99,PENDING
ORD-1786976311020-D2E3E492,CUST-00729,2025-09-09T04:39:50.490Z,434.47,COMPLETED
ORD-1786976311020-08901DD6,CUST-00998,2025-06-27T01:54:49.082Z,493.46,CANCELLED
ORD-1786976311020-A4C5CE62,CUST-00103,2025-10-02T06:11:43.950Z,404.86,PENDING
ORD-1786976311020-7BADC6C0,CUST-00227,2025-04-06T09:07:29.167Z,29.91,COMPLETED
ORD-1786976311020-6D64F253,CUST-00392,2026-05-07T04:40:25.781Z,472.86,DELIVERED
ORD-1786976311020-CFE1934F,CUST-00365,2025-06-13T15:27:18.342Z,443.21,PENDING
ORD-1786976311020-CD15C85F,CUST-00727,2025-04-08T19:47:11.821Z,74.52,SHIPPED
ORD-1786976311020-49E7E66E,CUST-00059,2025-02-09T13:30:20.453Z,446.53,SHIPPED
ORD-1786976311020-EE164F62,CUST-00647,2025-01-11T03:56:39.785Z,377.33,CANCELLED
ORD-1786976311020-D6FC30A4,CUST-00658,2025-03-06T09:39:45.599Z,477.25,DELIVERED
ORD-1786976311020-E1B823CD,CUST-00416,2026-06-09T12:23:50.997Z,340.57,PENDING
ORD-1786976311020-40D555CB,CUST-00972,2026-05-24T20:42:08.905Z,207.06,PENDING
ORD-1786976311020-30023317,CUST-00114,2026-02-19T13:00:32.915Z,45.20,PROCESSING
ORD-1786976311020-4CA435DC,CUST-00228,2025-08-22T04:37:08.904Z,435.05,PENDING
ORD-1786976311020-332FDA73,CUST-00453,2026-05-01T09:20:03.327Z,506.56,PENDING
ORD-1786976311020-51F5A72B,CUST-00161,2025-09-26T06:24:56.582Z,355.27,DELIVERED
ORD-1786976311020-66FE40F8,CUST-00597,2026-04-01T06:40:09.360Z,483.43,COMPLETED
ORD-1786976311020-875A04A3,CUST-00924,2025-11-24T07:08:23.656Z,180.72,DELIVERED
ORD-1786976311020-08EC47B0,CUST-00456,2025-10-12T04:23:08.786Z,264.86,PROCESSING
ORD-1786976311020-02B9C123,CUST-00907,2025-11-28T03:56:12.586Z,165.62,COMPLETED
ORD-1786976311020-A9137560,CUST-00686,2026-05-13T01:02:59.342Z,292.70,SHIPPED
ORD-1786976311020-06CFAB5A,CUST-00888,2026-03-17T02:08:11.014Z,114.24,PROCESSING
ORD-1786976311020-55B21F6E,CUST-00574,2025-09-26T11:13:26.801Z,159.75,PENDING
ORD-1786976311020-DE5B6406,CUST-00783,2025-04-01T12:34:11.229Z,174.76,DELIVERED
ORD-1786976311020-EC28D5AA,CUST-00974,2025-02-15T23:36:33.367Z,384.01,CANCELLED
ORD-1786976311020-525B0992,CUST-00917,2025-02-17T09:33:17.961Z,33.69,PENDING
ORD-1786976311020-88B1E7D4,CUST-00547,2025-06-14T09:09:24.965Z,336.67,COMPLETED
ORD-1786976311020-C70E8799,CUST-00009,2026-03-08T00:33:25.865Z,481.15,SHIPPED
ORD-1786976311020-D9D68393,CUST-00546,2026-03-02T13:59:14.616Z,491.47,PROCESSING
ORD-1786976311020-D087CB21,CUST-00690,2025-12-17T03:41:47.020Z,29.26,PROCESSING
ORD-1786976311020-7EF27663,CUST-00192,2025-11-15T17:27:54.631Z,115.93,COMPLETED
ORD-1786976311020-9239209D,CUST-00178,2025-01-28T02:27:25.781Z,22.27,CANCELLED
ORD-1786976311020-97D1DE24,CUST-00404,2026-01-12T19:17:43.928Z,192.71,COMPLETED
ORD-1786976311020-BDD0F126,CUST-00117,2025-04-19T00:59:20.104Z,111.86,DELIVERED
ORD-1786976311020-8BFDB5D2,CUST-00625,2026-04-22T18:10:39.848Z,304.42,PENDING
ORD-1786976311020-9203DD3C,CUST-00208,2025-02-16T22:17:31.283Z,501.63,CANCELLED
ORD-1786976311020-0059FC68,CUST-00693,2025-01-23T07:24:21.276Z,173.27,SHIPPED
ORD-1786976311020-2D1F2CF7,CUST-00424,2026-01-17T21:49:47.003Z,413.63,SHIPPED
ORD-1786976311020-89D07A21,CUST-00169,2026-02-12T11:14:25.017Z,201.82,DELIVERED
ORD-1786976311020-A6E9910F,CUST-00916,2026-01-12T08:14:42.136Z,81.17,SHIPPED
ORD-1786976311020-996A68B4,CUST-00854,2026-04-26T02:39:32.669Z,367.93,PENDING
ORD-1786976311020-558399C6,CUST-00509,2025-11-24T21:16:21.096Z,420.71,DELIVERED
ORD-1786976311020-CD0B4A48,CUST-00638,2025-11-18T23:26:46.913Z,345.03,DELIVERED
ORD-1786976311020-C8174F48,CUST-00793,2025-05-07T15:10:56.207Z,35.59,PROCESSING
ORD-1786976311020-061B6DBC,CUST-00674,2025-05-14T06:33:54.693Z,181.47,COMPLETED
ORD-1786976311020-92AC039F,CUST-00648,2025-06-27T14:38:00.969Z,118.47,SHIPPED
ORD-1786976311020-E4EE3F9D,CUST-00423,2026-03-29T21:26:42.612Z,295.51,COMPLETED
ORD-1786976311020-87321D4D,CUST-00455,2025-06-12T14:19:36.586Z,415.06,DELIVERED
ORD-1786976311020-02F79755,CUST-00288,2025-10-12T14:02:19.182Z,93.80,PROCESSING
ORD-1786976311020-78DF555E,CUST-00398,2025-09-19T23:14:41.205Z,363.58,PENDING
ORD-1786976311020-74C21818,CUST-00591,2025-05-18T02:07:39.562Z,128.28,PENDING
ORD-1786976311020-1C79A6E1,CUST-00695,2026-05-21T16:32:47.093Z,392.35,PROCESSING
ORD-1786976311020-CD907E80,CUST-00292,2026-05-24T22:03:49.813Z,276.93,DELIVERED
ORD-1786976311020-D8AF2964,CUST-00601,2025-09-26T14:16:21.251Z,482.35,SHIPPED
ORD-1786976311020-78C4E338,CUST-00539,2025-06-02T17:37:10.406Z,174.54,SHIPPED
ORD-1786976311020-65B869BE,CUST-00801,2025-05-20T00:00:57.822Z,213.11,CANCELLED
ORD-1786976311020-660FC717,CUST-00602,2025-05-15T03:31:46.466Z,121.62,DELIVERED
ORD-1786976311020-83B17CCA,CUST-00506,2025-05-17T06:24:11.016Z,294.46,PENDING
ORD-1786976311020-68BD7A37,CUST-00530,2026-07-12T13:19:31.007Z,444.49,PROCESSING
ORD-1786976311020-30E0D054,CUST-00800,2025-11-29T00:33:19.685Z,410.41,CANCELLED
ORD-1786976311020-C2AD15D9,CUST-00757,2025-04-26T06:59:37.976Z,135.70,PENDING
ORD-1786976311020-EBEB7897,CUST-00078,2025-03-01T15:08:46.431Z,450.81,DELIVERED
ORD-1786976311020-1546849E,CUST-00096,2026-04-14T05:55:38.541Z,175.24,SHIPPED
ORD-1786976311020-48A88F13,CUST-00123,2025-03-03T17:05:05.244Z,477.11,CANCELLED
ORD-1786976311020-76116F73,CUST-00076,2025-08-16T18:18:29.140Z,245.85,CANCELLED
ORD-1786976311020-492E66F2,CUST-00423,2025-12-16T00:21:16.234Z,125.20,COMPLETED
ORD-1786976311020-CA29B0FC,CUST-00279,2025-05-31T08:00:46.506Z,256.05,COMPLETED
ORD-1786976311020-2C224DC3,CUST-00421,2025-02-28T05:07:52.940Z,418.22,DELIVERED
ORD-1786976311020-44C8D0DE,CUST-00681,2025-05-08T00:50:57.308Z,75.70,SHIPPED
ORD-1786976311020-64F44AE0,CUST-00197,2025-10-11T04:30:47.828Z,78.10,PENDING
ORD-1786976311020-EBD2B508,CUST-00540,2025-03-15T09:07:40.572Z,295.61,PROCESSING
ORD-1786976311020-E7754331,CUST-00342,2025-02-28T00:31:03.224Z,157.28,DELIVERED
ORD-INV-2100,CUST-001,INVALID_DATE_FORMAT,99.99,PENDING
ORD-1786976311020-F2E637F4,CUST-00323,2025-04-23T23:50:07.107Z,158.92,SHIPPED
ORD-1786976311020-A206C35B,CUST-00184,2025-05-11T00:55:26.105Z,201.12,PROCESSING
ORD-1786976311020-12F3EAA1,CUST-00821,2026-02-18T15:01:23.239Z,259.08,PENDING
ORD-1786976311020-C4E4FFFD,CUST-00849,2025-07-31T02:28:25.520Z,160.71,PROCESSING
ORD-1786976311020-58CA2ABB,CUST-00289,2026-04-05T05:58:45.062Z,396.51,PENDING
ORD-1786976311020-267E24AE,CUST-00218,2026-03-06T05:44:19.410Z,286.81,SHIPPED
ORD-1786976311020-1727E890,CUST-00311,2026-04-06T19:10:56.479Z,394.41,COMPLETED
ORD-1786976311020-EE1902F4,CUST-00271,2026-06-11T07:05:58.935Z,88.86,COMPLETED
ORD-1786976311020-863CC5E1,CUST-00459,2025-06-27T19:41:56.347Z,421.42,PENDING
ORD-1786976311020-3903D16B,CUST-00458,2026-06-23T21:57:24.884Z,161.93,SHIPPED
ORD-1786976311020-C889BBFF,CUST-00339,2025-10-07T07:31:27.918Z,443.44,CANCELLED
ORD-1786976311020-295F089E,CUST-00321,2025-01-12T06:45:29.071Z,252.65,SHIPPED
ORD-1786976311020-9E03D085,CUST-00300,2025-03-28T08:04:25.355Z,506.79,DELIVERED
ORD-1786976311020-7ED04903,CUST-00664,2025-02-11T16:05:02.092Z,426.87,CANCELLED
ORD-1786976311020-EC848646,CUST-00903,2025-12-19T07:57:28.348Z,431.35,SHIPPED
ORD-1786976311020-25086E13,CUST-00750,2025-08-29T03:53:16.440Z,206.41,PENDING
ORD-1786976311020-48F90D6D,CUST-00457,2026-07-17T03:13:42.887Z,105.32,PROCESSING
ORD-1786976311020-5E31E573,CUST-00536,2025-10-08T17:27:34.806Z,66.04,PROCESSING
ORD-1786976311020-095A6372,CUST-00442,2025-09-22T16:59:44.326Z,503.24,DELIVERED
ORD-1786976311020-5793B80E,CUST-00857,2025-06-25T07:58:31.516Z,429.63,PROCESSING
ORD-1786976311020-FA29BB07,CUST-00692,2025-09-14T14:49:14.263Z,366.20,COMPLETED
ORD-1786976311020-EDCF9637,CUST-00880,2025-09-15T11:56:50.126Z,76.17,COMPLETED
ORD-1786976311020-BF9B7015,CUST-00468,2026-05-19T01:12:18.713Z,221.89,PROCESSING
ORD-1786976311020-3C43FF9F,CUST-00204,2025-01-19T19:05:55.286Z,489.80,PROCESSING
ORD-1786976311020-D567D2EC,CUST-00847,2026-04-12T02:22:02.853Z,29.58,DELIVERED
ORD-1786976311020-164DFD85,CUST-00180,2026-06-10T16:44:11.778Z,452.95,COMPLETED
ORD-1786976311020-A9B03C1A,CUST-00551,2025-02-10T08:28:58.013Z,21.13,CANCELLED
ORD-1786976311020-C5C41A2E,CUST-00555,2025-11-22T10:48:34.590Z,216.38,DELIVERED
ORD-1786976311020-026A39F7,CUST-00659,2026-06-16T17:25:08.641Z,334.75,DELIVERED
ORD-1786976311020-E14DB3A9,CUST-00325,2025-12-11T23:49:47.051Z,165.99,CANCELLED
ORD-1786976311020-22E26A18,CUST-00626,2025-03-18T02:58:45.971Z,61.67,SHIPPED
ORD-1786976311020-2F1907D7,CUST-00573,2026-08-04T09:16:22.786Z,304.69,PENDING
ORD-1786976311020-DD9AD702,CUST-00513,2025-04-08T16:50:47.335Z,219.60,SHIPPED
ORD-1786976311020-B29E4CE4,CUST-00845,2025-03-18T04:03:19.555Z,129.54,SHIPPED
ORD-1786976311020-140E3351,CUST-00025,2026-04-18T11:30:55.186Z,273.88,CANCELLED
ORD-1786976311020-2531E6C5,CUST-00691,2026-02-02T23:51:20.682Z,480.97,PROCESSING
ORD-1786976311020-6D9C0594,CUST-00097,2025-05-18T03:04:10.970Z,419.80,CANCELLED
ORD-1786976311020-FBCA3C56,CUST-00876,2025-10-08T17:36:30.361Z,469.12,SHIPPED
ORD-1786976311020-36B6311C,CUST-00507,2026-03-03T04:12:15.416Z,286.23,PROCESSING
ORD-1786976311020-41D75FCE,CUST-00045,2025-08-11T03:40:32.459Z,140.85,COMPLETED
ORD-1786976311020-988F1DBD,CUST-00996,2025-03-16T07:00:57.371Z,140.98,PENDING
ORD-1786976311020-44C4DD28,CUST-00859,2025-05-21T08:48:02.100Z,18.06,DELIVERED
ORD-1786976311020-92B3C156,CUST-00006,2025-03-18T20:17:09.892Z,35.03,PENDING
ORD-1786976311020-1DFCF0BB,CUST-00127,2026-01-11T22:53:07.243Z,395.58,PENDING
ORD-1786976311020-E00F49B7,CUST-00079,2025-10-05T09:48:37.553Z,354.81,COMPLETED
ORD-1786976311020-33A9D3C1,CUST-00693,2025-11-23T19:12:07.655Z,180.57,PROCESSING
ORD-1786976311020-3C90A4BB,CUST-00577,2026-06-29T20:51:05.837Z,101.46,SHIPPED
ORD-1786976311020-5B6FF3D8,CUST-00368,2025-04-12T10:46:15.169Z,360.60,COMPLETED
ORD-1786976311020-71BD7FED,CUST-00122,2025-05-29T02:24:55.961Z,106.20,PROCESSING
ORD-1786976311020-AE128C9D,CUST-00697,2026-05-25T15:43:22.805Z,250.97,SHIPPED
ORD-1786976311020-DF8024A4,CUST-00748,2025-02-06T07:49:59.624Z,326.34,PROCESSING
ORD-1786976311020-A2177593,CUST-00755,2026-07-30T12:27:39.952Z,505.36,PENDING
ORD-1786976311020-A885855F,CUST-00934,2025-04-27T12:13:59.247Z,226.82,PROCESSING
ORD-1786976311020-B30BC58C,CUST-00542,2025-08-04T00:59:56.720Z,270.49,PENDING
ORD-1786976311020-158AC046,CUST-00745,2025-04-20T13:13:45.639Z,17.78,SHIPPED
ORD-1786976311020-6356B0E1,CUST-00779,2026-05-28T17:54:04.883Z,456.12,PROCESSING
ORD-1786976311020-C46D5864,CUST-00278,2026-03-03T20:29:55.267Z,175.70,SHIPPED
ORD-1786976311020-D615078D,CUST-00135,2026-02-27T23:47:54.484Z,427.81,PROCESSING
ORD-1786976311020-1007CC9C,CUST-00491,2025-08-17T21:39:09.387Z,360.88,PROCESSING
ORD-1786976311020-CA116105,CUST-00001,2025-02-23T18:32:07.013Z,72.26,PROCESSING
ORD-1786976311020-8C34F6CE,CUST-00558,2025-03-18T04:07:10.391Z,339.55,DELIVERED
ORD-1786976311020-CACA2302,CUST-00591,2026-01-16T07:57:39.273Z,492.09,PROCESSING
ORD-1786976311020-FE094219,CUST-00310,2025-09-18T00:02:38.990Z,74.59,COMPLETED
ORD-1786976311020-FB0621FE,CUST-00920,2026-07-08T22:45:03.868Z,472.17,SHIPPED
ORD-1786976311020-741CDC23,CUST-00162,2025-02-20T14:01:09.213Z,328.72,SHIPPED
ORD-1786976311020-510BEA26,CUST-00325,2026-01-13T05:55:03.657Z,14.47,PROCESSING
ORD-1786976311020-74932198,CUST-00516,2025-05-21T15:45:20.612Z,388.03,PENDING
ORD-1786976311021-B6F7E75D,CUST-00131,2026-07-02T08:37:15.035Z,297.33,PENDING
ORD-1786976311021-E0B44533,CUST-00078,2026-07-15T06:38:39.584Z,260.32,SHIPPED
ORD-1786976311021-4C1ABC2E,CUST-00194,2026-02-19T05:11:21.931Z,346.49,PROCESSING
ORD-1786976311021-B23C7FBE,CUST-00194,2025-04-15T22:52:57.368Z,134.82,DELIVERED
ORD-1786976311021-9E0A0FA0,CUST-00451,2026-01-09T15:26:22.133Z,16.81,COMPLETED
ORD-1786976311021-1A5E9416,CUST-00133,2026-03-15T09:34:55.389Z,113.83,PROCESSING
ORD-1786976311021-897FE96B,CUST-00609,2025-04-25T09:36:34.408Z,213.25,CANCELLED
ORD-1786976311021-A36A8982,CUST-00921,2026-04-19T06:40:09.639Z,106.53,CANCELLED
ORD-1786976311021-3459926F,CUST-00955,2025-02-15T15:32:44.683Z,31.13,SHIPPED
ORD-1786976311021-829C6994,CUST-00031,2025-01-16T18:54:54.334Z,80.57,CANCELLED
ORD-1786976311021-F4517A25,CUST-00550,2025-02-26T02:48:08.533Z,150.14,CANCELLED
ORD-1786976311021-28187216,CUST-00821,2025-11-01T20:09:14.932Z,123.98,PENDING
ORD-1786976311021-9273A044,CUST-00328,2026-07-11T14:33:35.529Z,392.58,PENDING
ORD-1786976311021-8F223DB1,CUST-00003,2026-01-22T19:34:40.797Z,399.09,COMPLETED
ORD-1786976311021-47983C3F,CUST-00688,2025-04-15T09:20:56.351Z,431.11,CANCELLED
ORD-1786976311021-973D2D8D,CUST-00302,2025-07-31T03:02:12.651Z,306.24,SHIPPED
ORD-1786976311021-A6CD6A00,CUST-00471,2026-01-27T06:33:38.837Z,451.69,CANCELLED
ORD-1786976311021-1A4ECC13,CUST-00053,2026-01-02T00:39:06.870Z,315.20,SHIPPED
ORD-1786976311021-04A11EDC,CUST-00399,2026-05-28T03:16:16.590Z,177.23,PROCESSING
ORD-1786976311021-AC6DE841,CUST-00449,2026-05-13T00:51:50.358Z,388.75,SHIPPED
ORD-1786976311021-16F4E186,CUST-00069,2026-04-15T01:54:45.744Z,437.96,PROCESSING
ORD-1786976311021-E14D33B1,CUST-00164,2025-01-08T17:46:11.946Z,401.52,DELIVERED
ORD-1786976311021-283C8C19,CUST-00294,2025-02-20T16:22:12.228Z,460.14,COMPLETED
ORD-1786976311021-BB93332E,CUST-00923,2026-06-15T01:32:09.845Z,354.49,PROCESSING
ORD-1786976311021-03A08120,CUST-00640,2025-12-22T10:28:44.953Z,400.11,DELIVERED
ORD-1786976311021-CC2A6666,CUST-00248,2026-01-17T17:34:34.560Z,177.64,COMPLETED
ORD-1786976311021-C9E5E4F0,CUST-00086,2026-01-20T16:30:49.225Z,235.10,PENDING
ORD-1786976311021-D761B46B,CUST-00835,2026-01-26T10:24:19.166Z,467.28,PROCESSING
ORD-1786976311021-E6EAA025,CUST-00299,2025-08-06T00:54:03.199Z,313.01,PENDING
ORD-1786976311021-6600DEC5,CUST-00247,2026-03-27T18:42:33.661Z,221.93,CANCELLED
ORD-1786976311021-9FEA5041,CUST-00937,2025-03-13T04:55:09.064Z,465.84,SHIPPED
ORD-1786976311021-1A6C4C79,CUST-00647,2026-03-29T17:51:58.827Z,503.64,PROCESSING
ORD-INV-2200,CUST-002,2026-05-10T10:00:00Z,-50.00,COMPLETED
ORD-1786976311021-48BEC695,CUST-00181,2025-06-01T02:40:01.500Z,414.85,PROCESSING
ORD-1786976311021-88A23C0F,CUST-00284,2025-03-16T01:33:46.263Z,402.72,CANCELLED
ORD-1786976311021-0546D3C9,CUST-00525,2025-12-30T15:13:45.712Z,462.14,PROCESSING
ORD-1786976311021-B9A7451A,CUST-00460,2025-12-26T13:35:46.137Z,331.72,PENDING
ORD-1786976311021-D678A0A8,CUST-00833,2026-05-23T00:22:04.739Z,57.64,SHIPPED
ORD-1786976311021-BEC5C7D0,CUST-00465,2025-09-17T06:47:22.969Z,295.25,CANCELLED
ORD-1786976311021-913DE76E,CUST-00654,2026-06-13T16:13:49.791Z,476.12,CANCELLED
ORD-1786976311021-9988F553,CUST-00071,2025-01-22T21:56:09.663Z,436.25,DELIVERED
ORD-1786976311021-D0555B9F,CUST-00357,2026-04-20T17:33:42.353Z,162.56,SHIPPED
ORD-1786976311021-EC0F5CBC,CUST-00074,2025-04-29T01:21:49.167Z,18.51,PENDING
ORD-1786976311021-38088432,CUST-00999,2025-02-23T22:13:41.288Z,252.66,CANCELLED
ORD-1786976311021-8C083CBC,CUST-00568,2025-03-09T06:32:20.747Z,496.16,CANCELLED
ORD-1786976311021-517991CD,CUST-00290,2025-01-05T08:00:29.157Z,502.34,COMPLETED
ORD-1786976311021-A5564889,CUST-00298,2025-02-15T23:38:03.349Z,369.39,CANCELLED
ORD-1786976311021-95DB6722,CUST-00298,2026-05-30T12:09:36.516Z,169.61,PENDING
ORD-1786976311021-E543562B,CUST-00700,2026-01-22T11:57:29.601Z,181.58,DELIVERED
ORD-1786976311021-C4FC5FA1,CUST-00687,2025-11-28T21:58:50.459Z,117.91,PENDING
ORD-1786976311021-D5A83512,CUST-00685,2025-02-03T23:11:02.045Z,316.18,DELIVERED
ORD-1786976311021-16027922,CUST-00446,2025-09-18T22:36:12.318Z,481.49,CANCELLED
ORD-1786976311021-533759AD,CUST-00515,2025-10-07T20:19:21.998Z,426.45,CANCELLED
ORD-1786976311021-D04F6D01,CUST-00188,2026-07-15T10:45:49.960Z,493.21,CANCELLED
ORD-1786976311021-D4464753,CUST-00198,2025-05-27T20:34:21.797Z,135.43,PENDING
ORD-1786976311021-1E005E31,CUST-00907,2025-11-20T12:15:27.984Z,136.65,COMPLETED
ORD-1786976311021-228BBA38,CUST-00917,2025-12-23T04:45:59.479Z,318.71,CANCELLED
ORD-1786976311021-BAE7DC9E,CUST-00728,2025-12-26T05:53:55.654Z,413.20,COMPLETED
ORD-1786976311021-2AB95216,CUST-00801,2025-11-23T20:48:20.863Z,178.55,COMPLETED
ORD-1786976311021-EE5D6B20,CUST-00973,2026-08-08T03:29:40.402Z,419.61,CANCELLED
ORD-1786976311021-F423E6B5,CUST-00719,2025-05-13T19:08:28.705Z,198.74,SHIPPED
ORD-1786976311021-B21E712A,CUST-00676,2025-08-19T04:03:38.563Z,73.69,PENDING
ORD-1786976311021-FF9AE836,CUST-00319,2025-04-18T10:18:31.332Z,357.80,COMPLETED
ORD-1786976311021-78ABF7EF,CUST-00718,2025-12-26T03:07:43.081Z,398.16,CANCELLED
ORD-1786976311021-B54FC67B,CUST-00744,2026-02-17T07:37:31.216Z,357.07,PROCESSING
ORD-1786976311021-A9589BD8,CUST-00524,2025-11-09T18:18:14.579Z,119.82,COMPLETED
ORD-1786976311021-792A0782,CUST-00858,2026-06-08T06:39:41.616Z,359.12,COMPLETED
ORD-1786976311021-94E4C23B,CUST-00163,2025-08-22T04:38:05.806Z,338.02,PROCESSING
ORD-1786976311021-64FF4D5D,CUST-00437,2025-06-12T05:57:39.397Z,263.09,COMPLETED
ORD-1786976311021-CB5EF75D,CUST-00863,2025-09-02T17:02:07.243Z,450.22,PROCESSING
ORD-1786976311021-3B3E7D13,CUST-00672,2025-03-21T08:38:40.218Z,39.09,DELIVERED
ORD-1786976311021-F5D16335,CUST-00400,2025-09-06T04:11:48.629Z,329.20,DELIVERED
ORD-1786976311021-805B38E8,CUST-00637,2025-06-24T16:25:28.780Z,206.53,DELIVERED
ORD-1786976311021-22AA26FA,CUST-00022,2025-12-27T01:29:48.350Z,70.52,PROCESSING
ORD-1786976311021-9F37F990,CUST-00810,2026-03-14T04:14:54.700Z,482.97,COMPLETED
ORD-1786976311021-FB5FB40D,CUST-00866,2025-08-30T05:24:40.469Z,266.82,CANCELLED
ORD-1786976311021-206FDF63,CUST-00640,2026-06-11T02:23:07.352Z,189.82,SHIPPED
ORD-1786976311021-4EEC291E,CUST-00970,2026-07-18T08:24:02.599Z,206.71,DELIVERED
ORD-1786976311021-EB5C8B0A,CUST-00696,2025-02-03T03:28:57.041Z,288.62,COMPLETED
ORD-1786976311021-0B3192E2,CUST-00349,2026-03-16T12:53:01.852Z,447.34,CANCELLED
ORD-1786976311021-A803CD57,CUST-00830,2025-09-01T16:48:14.630Z,473.57,CANCELLED
ORD-1786976311021-9F754D2D,CUST-00038,2026-05-06T17:10:23.756Z,225.62,PENDING
ORD-1786976311021-EE135EA8,CUST-00804,2025-07-13T04:07:42.453Z,127.67,PENDING
ORD-1786976311021-5D394860,CUST-00499,2025-02-25T21:23:38.764Z,393.54,CANCELLED
ORD-1786976311021-65103664,CUST-00322,2025-04-28T13:04:25.843Z,97.76,SHIPPED
ORD-1786976311021-830EC99F,CUST-00803,2025-03-10T11:02:21.803Z,399.30,DELIVERED
ORD-1786976311021-3C9928C6,CUST-00974,2025-12-25T15:23:22.949Z,302.96,COMPLETED
ORD-1786976311021-DE6F4B79,CUST-00980,2025-12-23T18:54:13.406Z,226.26,PENDING
ORD-1786976311021-D08B1109,CUST-00599,2025-09-21T23:58:13.393Z,462.24,SHIPPED
ORD-1786976311021-35B9CB7B,CUST-00318,2026-07-04T13:29:32.509Z,322.21,DELIVERED
ORD-1786976311021-66B92430,CUST-00294,2026-03-20T21:38:08.910Z,170.15,CANCELLED
ORD-1786976311021-FC573CDC,CUST-00152,2026-04-16T06:54:56.763Z,29.49,PROCESSING
ORD-1786976311021-E495E8E4,CUST-00382,2026-03-12T18:13:45.362Z,162.56,CANCELLED
ORD-1786976311021-BEFCBBD2,CUST-00574,2025-02-22T00:23:32.836Z,48.55,COMPLETED
ORD-1786976311021-967C4824,CUST-00091,2025-07-07T11:35:06.473Z,458.94,SHIPPED
ORD-1786976311021-7C481CB7,CUST-00268,2025-02-01T10:07:02.380Z,366.05,CANCELLED
ORD-1786976311021-4C198C83,CUST-00616,2025-03-05T19:21:01.243Z,155.75,DELIVERED
ORD-1786976311021-00B833B3,CUST-00474,2026-06-27T06:31:08.533Z,184.97,DELIVERED
ORD-1786976311021-4D13F755,CUST-00616,2025-05-05T17:44:08.123Z,426.19,DELIVERED
ORD-1786976311021-F5AA0DF1,CUST-00074,2025-02-15T14:21:20.926Z,300.11,PENDING
ORD-1786976311021-23A9F74E,CUST-00244,2025-03-25T03:11:47.616Z,466.84,PENDING
ORD-1786976311021-238D58C4,CUST-00516,2025-07-29T22:20:47.886Z,68.27,COMPLETED
ORD-1786976311021-4BCB16B4,CUST-00089,2025-06-24T22:49:41.936Z,324.48,COMPLETED
ORD-1786976311021-6A35C34B,CUST-00321,2025-05-13T03:03:16.679Z,450.56,PROCESSING
ORD-1786976311021-F68CBC0C,CUST-00961,2026-05-03T01:54:19.518Z,305.23,PROCESSING
ORD-1786976311021-A9802749,CUST-00893,2025-06-23T21:52:21.302Z,434.53,PROCESSING
ORD-1786976311021-964452D2,CUST-00182,2025-10-08T22:09:22.484Z,509.10,PROCESSING
ORD-1786976311021-6CEBCA09,CUST-00903,2025-05-31T05:21:35.729Z,102.39,DELIVERED
ORD-1786976311021-BBAB49C8,CUST-00037,2025-11-07T04:05:51.520Z,109.39,COMPLETED
ORD-1786976311021-1E280EE6,CUST-00398,2025-05-08T03:07:16.626Z,279.97,SHIPPED
ORD-1786976311021-544F0AFD,CUST-00986,2025-12-07T01:30:02.702Z,329.38,SHIPPED
ORD-1786976311021-3F437A06,CUST-00657,2026-04-20T05:46:27.521Z,30.30,PENDING
ORD-1786976311021-545ECF88,CUST-00072,2026-01-25T12:00:00.048Z,395.76,PENDING
ORD-1786976311021-9FC2B2B8,CUST-00822,2026-07-09T05:03:15.921Z,254.52,COMPLETED
ORD-1786976311021-F6ED7279,CUST-00301,2025-09-13T15:07:34.809Z,128.58,DELIVERED
ORD-1786976311021-214B2FCE,CUST-00319,2026-01-18T13:02:05.696Z,498.97,SHIPPED
ORD-1786976311021-5FC3647B,CUST-00594,2025-02-26T16:50:41.860Z,242.09,PENDING
ORD-1786976311021-319491AA,CUST-00658,2026-07-29T12:55:29.604Z,354.96,SHIPPED
ORD-1786976311021-1364534D,CUST-00624,2025-11-20T16:30:19.754Z,359.05,CANCELLED
ORD-1786976311021-A26D813B,CUST-00873,2026-04-12T09:42:56.456Z,17.81,COMPLETED
ORD-1786976311021-BE648F3A,CUST-00618,2025-03-30T04:38:43.454Z,389.45,PENDING
ORD-1786976311021-CF5CECBF,CUST-00007,2025-04-06T18:27:53.686Z,153.21,PROCESSING
ORD-1786976311021-B272A85D,CUST-00622,2026-01-14T14:11:24.342Z,28.86,COMPLETED
ORD-1786976311021-8A6AA345,CUST-00308,2025-04-30T07:19:14.254Z,101.96,COMPLETED
ORD-1786976311021-8948239E,CUST-00277,2026-05-23T07:13:31.719Z,242.72,COMPLETED
ORD-1786976311021-ED7AAA49,CUST-00431,2026-07-24T17:35:36.873Z,130.13,PENDING
ORD-1786976311021-70D00153,CUST-00217,2025-05-15T13:27:48.749Z,382.07,SHIPPED
ORD-1786976311021-99235AF3,CUST-00621,2025-03-21T04:08:26.147Z,244.06,PROCESSING
ORD-1786976311021-4EAE2742,CUST-00847,2025-02-28T18:51:02.836Z,263.81,DELIVERED
ORD-1786976311021-511A5C69,CUST-00501,2026-07-22T01:36:52.769Z,77.40,COMPLETED
ORD-1786976311021-8801F27A,CUST-00423,2025-03-30T16:24:49.667Z,49.26,CANCELLED
ORD-1786976311021-63DBEC80,CUST-00392,2025-05-28T23:24:00.458Z,228.49,CANCELLED
ORD-INV-2300,,2026-05-10T10:00:00Z,120.00,PENDING
ORD-1786976311021-844322B3,CUST-00261,2025-11-15T19:31:40.721Z,216.90,COMPLETED
ORD-1786976311021-C0B99966,CUST-00555,2025-11-28T19:56:12.785Z,104.48,SHIPPED
ORD-1786976311021-EB4779DD,CUST-00558,2025-06-28T22:36:34.093Z,355.67,PROCESSING
ORD-1786976311021-743D9003,CUST-00007,2026-06-13T21:00:52.658Z,23.05,SHIPPED
ORD-1786976311021-7FB27413,CUST-00307,2025-03-16T03:04:07.071Z,72.32,PENDING
ORD-1786976311021-8F21AFFC,CUST-00264,2025-08-26T00:18:25.554Z,504.63,COMPLETED
ORD-1786976311021-C49A00F9,CUST-00700,2026-07-24T11:13:30.503Z,466.58,DELIVERED
ORD-1786976311021-D5980A98,CUST-00677,2025-07-04T16:48:05.475Z,238.83,COMPLETED
ORD-1786976311021-C23461AA,CUST-00339,2025-06-11T23:52:04.810Z,145.59,PROCESSING
ORD-1786976311021-611AD300,CUST-00457,2025-08-08T08:38:05.995Z,404.89,DELIVERED
ORD-1786976311021-EFA9BF6C,CUST-00200,2026-04-17T14:03:46.183Z,365.66,SHIPPED
ORD-1786976311021-B6FD1EEE,CUST-00098,2026-04-25T05:11:58.689Z,141.32,DELIVERED
ORD-1786976311021-BE5A6189,CUST-00932,2026-03-12T02:08:29.150Z,398.98,DELIVERED
ORD-1786976311021-4C8500AD,CUST-00166,2025-04-02T02:16:57.329Z,441.12,CANCELLED
ORD-1786976311021-E72AB08B,CUST-00893,2026-08-11T11:25:50.626Z,235.84,PROCESSING
ORD-1786976311021-F9DE40A4,CUST-00514,2026-03-28T03:25:06.864Z,29.52,SHIPPED
ORD-1786976311021-3F1B3E70,CUST-00122,2025-10-01T06:28:29.681Z,488.35,PENDING
ORD-1786976311021-9EC615F3,CUST-00708,2025-01-15T20:21:08.568Z,292.57,PROCESSING
ORD-1786976311021-DD6BA91F,CUST-00623,2025-12-19T11:30:36.873Z,195.55,SHIPPED
ORD-1786976311021-F772E3F0,CUST-00275,2026-03-10T16:16:36.402Z,125.43,SHIPPED
ORD-1786976311021-F4BFF6F3,CUST-00039,2025-08-04T01:20:13.612Z,332.76,SHIPPED
ORD-1786976311021-D80A458D,CUST-00643,2026-07-17T01:18:36.753Z,384.22,SHIPPED
ORD-1786976311021-CC3F5501,CUST-00644,2025-04-05T01:51:06.904Z,306.53,CANCELLED
ORD-1786976311021-07B4474E,CUST-00424,2025-08-29T09:44:48.273Z,287.48,COMPLETED
ORD-1786976311021-DDBC3F4B,CUST-00291,2025-01-11T11:36:32.987Z,245.43,DELIVERED
ORD-1786976311021-18BC34F1,CUST-00927,2025-06-22T20:50:57.182Z,494.01,CANCELLED
ORD-1786976311021-1C203D2D,CUST-00285,2025-06-08T04:58:27.771Z,439.03,PENDING
ORD-1786976311021-CD5C5928,CUST-00497,2026-04-23T21:07:23.511Z,206.88,SHIPPED
ORD-1786976311021-61FECAFE,CUST-00238,2025-01-26T12:33:54.850Z,141.48,PROCESSING
ORD-1786976311021-48686C50,CUST-00072,2026-05-16T08:22:36.456Z,308.65,CANCELLED
ORD-1786976311021-FE0A7177,CUST-00141,2025-06-26T18:23:33.644Z,507.30,PENDING
ORD-1786976311021-4155AD7F,CUST-00757,2025-06-27T06:04:14.783Z,181.72,SHIPPED
ORD-1786976311021-288FE529,CUST-00396,2026-02-10T21:29:04.308Z,419.92,DELIVERED
ORD-1786976311021-D45AB9BF,CUST-00180,2026-02-20T19:32:44.048Z,331.26,COMPLETED
ORD-1786976311021-FFAE1C74,CUST-00869,2025-12-03T11:11:43.821Z,239.57,CANCELLED
ORD-1786976311021-A16F57D2,CUST-00110,2025-02-08T06:36:01.289Z,315.66,COMPLETED
ORD-1786976311021-C067DC0A,CUST-00582,2025-03-03T06:37:26.046Z,386.90,PROCESSING
ORD-1786976311021-F0A72692,CUST-00030,2025-08-06T22:50:10.284Z,94.95,COMPLETED
ORD-1786976311021-8F88AD05,CUST-00269,2025-03-03T09:03:03.042Z,77.57,COMPLETED
ORD-1786976311021-93388B07,CUST-00648,2025-05-10T01:16:46.845Z,282.30,PROCESSING
ORD-1786976311021-8508EDCA,CUST-00012,2025-03-11T19:19:13.382Z,185.51,CANCELLED
ORD-1786976311021-4E4AC5C3,CUST-00463,2025-03-16T19:13:52.234Z,377.02,DELIVERED
ORD-1786976311021-8C57979B,CUST-00685,2025-05-13T10:54:55.918Z,341.50,PENDING
ORD-1786976311021-ECBC26FF,CUST-00070,2025-03-05T13:19:42.622Z,211.06,SHIPPED
ORD-1786976311022-84D0625C,CUST-00945,2025-01-10T05:54:23.914Z,270.70,PROCESSING
ORD-1786976311022-836096BF,CUST-00483,2026-04-18T05:06:36.192Z,11.07,DELIVERED
ORD-1786976311022-D538BDE3,CUST-00889,2026-03-04T12:20:10.372Z,420.66,CANCELLED
ORD-1786976311022-3EA10FBD,CUST-00298,2025-04-10T14:14:59.677Z,197.30,SHIPPED
ORD-1786976311022-82F4589A,CUST-00152,2025-01-03T22:43:03.073Z,200.57,DELIVERED
ORD-1786976311022-287AA993,CUST-00319,2025-11-03T12:46:39.302Z,467.23,CANCELLED
ORD-1786976311022-44700211,CUST-00489,2025-10-28T21:40:53.210Z,214.82,SHIPPED
ORD-1786976311022-37499442,CUST-00243,2025-03-22T15:39:35.897Z,427.15,DELIVERED
ORD-1786976311022-C475C934,CUST-00143,2025-12-30T01:03:46.773Z,231.65,DELIVERED
ORD-1786976311022-03642B3B,CUST-00717,2026-01-29T08:55:48.460Z,154.18,SHIPPED
ORD-1786976311022-5B193999,CUST-00672,2025-06-06T06:48:49.463Z,78.76,COMPLETED
ORD-1786976311022-AF8EE969,CUST-00935,2025-09-29T22:21:23.124Z,229.05,DELIVERED
ORD-1786976311022-A0197DF3,CUST-00864,2025-01-09T15:31:36.383Z,292.63,PROCESSING
ORD-1786976311022-9AFBB0FB,CUST-00140,2025-02-04T06:54:54.030Z,38.29,COMPLETED
ORD-1786976311022-3E80F410,CUST-00162,2026-02-03T23:51:09.026Z,122.48,PROCESSING
ORD-1786976311022-C31729F4,CUST-00647,2026-08-04T06:53:14.103Z,306.34,COMPLETED
ORD-1786976311022-D0FB3DCB,CUST-00478,2025-05-04T12:12:29.119Z,96.91,SHIPPED
ORD-1786976311022-90859E14,CUST-00705,2026-03-11T07:38:46.569Z,23.29,PROCESSING
ORD-1786976311022-181D87E1,CUST-00066,2025-05-18T20:10:16.227Z,441.02,SHIPPED
ORD-1786976311022-630AC208,CUST-00306,2026-06-11T01:05:06.686Z,137.75,COMPLETED
ORD-1786976311022-3E4B1EB4,CUST-00333,2025-09-06T10:19:36.341Z,224.72,DELIVERED
ORD-1786976311022-4966B9DF,CUST-00982,2026-07-12T20:16:06.770Z,503.80,CANCELLED
ORD-1786976311022-D3D2460E,CUST-00245,2025-05-06T14:43:58.429Z,503.88,PENDING
ORD-1786976311022-D702EFB3,CUST-00048,2026-07-03T16:35:05.030Z,265.04,COMPLETED
ORD-1786976311022-014B459D,CUST-00425,2026-05-29T10:15:41.992Z,311.55,SHIPPED
ORD-1786976311022-9FA6A71F,CUST-00563,2025-02-26T19:23:10.653Z,318.07,DELIVERED
ORD-1786976311022-76C61C82,CUST-00702,2026-07-30T03:47:50.010Z,86.31,DELIVERED
ORD-1786976311022-B9F3354F,CUST-00730,2025-02-03T16:12:22.621Z,275.24,COMPLETED
ORD-1786976311022-F6388373,CUST-00878,2025-09-23T18:04:22.106Z,253.13,PROCESSING
ORD-1786976311022-4575533B,CUST-00140,2025-08-07T10:41:19.599Z,104.69,SHIPPED
ORD-1786976311022-6BF9A473,CUST-00200,2026-01-13T13:30:13.429Z,230.52,DELIVERED
ORD-1786976311022-B8AEEB67,CUST-00498,2025-03-23T00:55:10.071Z,143.72,DELIVERED
ORD-1786976311022-425DBEB3,CUST-00153,2025-05-10T21:35:18.600Z,343.43,SHIPPED
ORD-1786976311022-6544F7FE,CUST-00591,2025-12-26T20:25:22.314Z,237.79,SHIPPED
ORD-1786976311022-74F245BC,CUST-00080,2025-02-24T00:40:32.263Z,20.10,SHIPPED
ORD-1786976311022-041554E0,CUST-00498,2025-02-21T04:10:24.000Z,112.88,PENDING
ORD-1786976311022-40D4E05D,CUST-00833,2025-11-14T00:26:10.030Z,187.35,PENDING
ORD-1786976311022-404EA381,CUST-00526,2025-12-27T22:02:08.098Z,330.95,CANCELLED
ORD-1786976311022-36D6CE16,CUST-00422,2026-03-07T13:19:25.302Z,170.66,COMPLETED
ORD-1786976311022-01A52B5E,CUST-00338,2025-04-17T17:14:33.604Z,224.83,SHIPPED
ORD-1786976311022-5C196725,CUST-00374,2026-05-21T03:58:13.345Z,302.71,DELIVERED
ORD-1786976311022-2F77F01F,CUST-00032,2025-07-08T19:22:59.718Z,12.21,PENDING
ORD-1786976311022-A68C61CE,CUST-00196,2026-01-18T01:01:37.528Z,74.61,PROCESSING
ORD-1786976311022-0D516A44,CUST-00747,2025-08-03T19:46:39.125Z,463.55,CANCELLED
ORD-1786976311022-5645ABC3,CUST-00796,2025-04-20T21:08:33.096Z,65.53,SHIPPED
ORD-1786976311022-8C274DDC,CUST-00390,2026-06-01T09:57:45.342Z,143.59,PROCESSING
ORD-1786976311022-14917E3A,CUST-00347,2025-02-21T21:27:53.134Z,118.86,COMPLETED
ORD-1786976311022-78D61B0D,CUST-00121,2025-12-14T05:51:48.576Z,246.42,COMPLETED
ORD-1786976311022-468F603E,CUST-00897,2025-12-08T19:08:18.864Z,394.80,PROCESSING
ORD-1786976311022-1A6DD568,CUST-00419,2025-10-14T22:09:44.647Z,53.37,PROCESSING
ORD-1786976311022-7BC0DB85,CUST-00421,2025-05-05T10:43:49.954Z,140.01,PENDING
ORD-1786976311022-F2699CD1,CUST-00672,2025-01-19T21:40:17.931Z,245.07,DELIVERED
ORD-1786976311022-46C69B77,CUST-00881,2025-04-28T12:45:54.644Z,370.93,PROCESSING
ORD-1786976311022-BCE6023F,CUST-00811,2025-11-29T12:07:57.154Z,287.36,COMPLETED
ORD-1786976311022-14C07AEB,CUST-00303,2025-07-04T10:35:45.447Z,304.23,PROCESSING
ORD-INV-2400,CUST-001,INVALID_DATE_FORMAT,99.99,PENDING
ORD-1786976311022-C6C5FDF4,CUST-00327,2025-04-06T01:59:30.610Z,90.31,PROCESSING
ORD-1786976311022-016AD4FB,CUST-00099,2025-04-26T23:53:41.714Z,399.00,DELIVERED
ORD-1786976311022-04EA0632,CUST-00723,2026-07-17T17:12:23.946Z,119.25,COMPLETED
ORD-1786976311022-5DFB0241,CUST-00440,2025-09-07T20:01:51.156Z,140.45,COMPLETED
ORD-1786976311022-33CA8E04,CUST-00714,2026-08-13T02:03:35.579Z,470.09,SHIPPED
ORD-1786976311022-E7FE4554,CUST-00998,2026-01-04T01:16:45.960Z,107.37,COMPLETED
ORD-1786976311022-A86D2897,CUST-00141,2025-12-03T07:18:53.552Z,20.61,DELIVERED
ORD-1786976311022-B1DACF07,CUST-00116,2026-05-07T18:12:51.894Z,215.59,PENDING
ORD-1786976311022-CF43A8D8,CUST-00014,2026-02-14T22:21:45.977Z,167.20,PROCESSING
ORD-1786976311022-42D176C7,CUST-00378,2025-12-26T02:22:44.719Z,254.00,COMPLETED
ORD-1786976311022-9C6FD465,CUST-00384,2026-02-21T20:32:33.926Z,213.40,COMPLETED
ORD-1786976311022-E5892F71,CUST-00281,2026-04-04T02:36:10.876Z,73.22,PROCESSING
ORD-1786976311022-8D63F8EB,CUST-00939,2025-10-09T04:12:50.877Z,479.42,SHIPPED
ORD-1786976311022-96177F97,CUST-00090,2025-10-17T08:49:43.957Z,162.97,DELIVERED
ORD-1786976311022-6A428E5B,CUST-00823,2025-02-06T22:02:00.686Z,113.69,COMPLETED
ORD-1786976311022-DF8207F6,CUST-00576,2025-12-01T11:05:33.086Z,189.10,CANCELLED
ORD-1786976311022-48E03E23,CUST-00703,2025-06-05T16:57:37.137Z,42.64,PROCESSING
ORD-1786976311022-AFE091DC,CUST-00846,2025-02-18T09:26:29.966Z,497.04,DELIVERED
ORD-1786976311022-B178CD38,CUST-00700,2026-06-11T03:33:17.907Z,89.29,DELIVERED
ORD-1786976311022-E88C18CD,CUST-00029,2025-08-24T02:10:46.226Z,61.86,CANCELLED
ORD-1786976311022-C47977A2,CUST-00913,2025-09-17T21:07:46.109Z,81.23,CANCELLED
ORD-1786976311022-C48614C5,CUST-00249,2026-02-28T00:49:12.482Z,230.51,PENDING
ORD-1786976311022-32F0FE14,CUST-00927,2026-05-17T10:43:43.748Z,13.08,SHIPPED
ORD-1786976311022-B64CEE7E,CUST-00202,2025-08-15T07:24:43.515Z,456.68,COMPLETED
ORD-1786976311022-06937F91,CUST-00719,2026-04-26T12:10:45.793Z,344.80,COMPLETED
ORD-1786976311022-B842F3E0,CUST-00027,2026-04-29T15:31:20.449Z,151.66,CANCELLED
ORD-1786976311022-99598757,CUST-00030,2025-05-10T13:30:52.372Z,394.32,SHIPPED
ORD-1786976311022-58A2C7CF,CUST-00083,2025-07-26T07:14:14.394Z,249.96,PENDING
ORD-1786976311022-8D3A8A3C,CUST-00138,2025-04-30T13:22:25.199Z,43.26,CANCELLED
ORD-1786976311022-70504F23,CUST-00257,2025-06-07T22:29:47.494Z,218.63,PENDING
ORD-1786976311022-68BC6B87,CUST-00580,2025-07-06T22:24:58.630Z,316.81,PROCESSING
ORD-1786976311022-2F74BB6D,CUST-00788,2025-09-30T00:25:00.079Z,31.21,CANCELLED
ORD-1786976311022-9A6764E3,CUST-00524,2026-04-23T17:16:56.640Z,189.66,COMPLETED
ORD-1786976311022-DDEAF446,CUST-00088,2025-05-05T13:50:41.723Z,336.67,DELIVERED
ORD-1786976311022-BAF1852B,CUST-00855,2025-03-28T07:54:59.276Z,170.71,COMPLETED
ORD-1786976311022-67291ACA,CUST-00925,2025-11-29T04:02:17.296Z,336.91,COMPLETED
ORD-1786976311022-E4886A99,CUST-00405,2026-02-05T12:28:18.782Z,309.33,COMPLETED
ORD-1786976311022-A26E76D9,CUST-00339,2025-01-01T16:28:59.598Z,509.80,DELIVERED
ORD-1786976311022-5B8B4E43,CUST-00018,2026-05-12T06:49:09.228Z,249.87,COMPLETED
ORD-1786976311022-BE00ED45,CUST-00057,2025-11-09T13:44:36.051Z,403.10,SHIPPED
ORD-1786976311022-05034DB1,CUST-00440,2025-12-26T01:07:38.888Z,13.92,CANCELLED
ORD-1786976311022-7515A1BE,CUST-00096,2026-04-18T06:42:34.793Z,186.36,PENDING
ORD-1786976311022-6A127D8B,CUST-00101,2025-08-27T05:56:48.301Z,34.97,PROCESSING
ORD-1786976311022-B0C8FFD1,CUST-00776,2026-02-15T07:59:48.734Z,251.70,COMPLETED
ORD-1786976311022-B10608CC,CUST-00066,2026-06-21T12:42:09.494Z,380.48,CANCELLED
ORD-1786976311022-55680522,CUST-00955,2025-03-21T15:36:09.384Z,185.58,SHIPPED
ORD-1786976311022-9F3E009E,CUST-00339,2025-11-06T12:02:37.180Z,405.45,COMPLETED
ORD-1786976311022-FB0DB5F4,CUST-00171,2025-12-16T19:29:02.343Z,43.17,SHIPPED
ORD-1786976311022-4CFAD847,CUST-00839,2026-01-12T01:03:14.553Z,341.85,COMPLETED
ORD-1786976311022-65262D6C,CUST-00113,2025-03-29T20:50:25.308Z,359.38,PROCESSING
ORD-1786976311022-F37D6153,CUST-00184,2025-09-11T10:06:06.557Z,475.55,PROCESSING
ORD-1786976311022-6805A526,CUST-00225,2025-06-29T10:25:12.259Z,505.54,CANCELLED
ORD-1786976311022-D73E3F96,CUST-00717,2026-03-23T23:42:55.001Z,405.86,PENDING
ORD-1786976311022-0F86E2FE,CUST-00749,2025-05-26T06:51:16.266Z,479.29,DELIVERED
ORD-1786976311022-3DA24CE8,CUST-00481,2025-12-13T06:00:21.913Z,423.28,COMPLETED
ORD-1786976311022-7EA54F6A,CUST-00452,2026-01-15T19:53:11.130Z,421.63,PROCESSING
ORD-1786976311022-847A1516,CUST-00278,2026-04-14T10:04:40.442Z,503.24,CANCELLED
ORD-1786976311022-468B8615,CUST-00064,2026-01-07T01:06:14.619Z,477.46,PROCESSING
ORD-1786976311022-BAFD140B,CUST-00272,2025-10-18T08:10:03.355Z,113.29,PENDING
ORD-1786976311022-B7155710,CUST-00496,2026-05-09T11:19:37.023Z,148.41,COMPLETED
ORD-1786976311022-7117267F,CUST-00274,2026-01-26T08:49:29.323Z,61.95,CANCELLED
ORD-1786976311022-3A66F7DE,CUST-00319,2026-03-10T17:41:05.679Z,144.10,PROCESSING
ORD-1786976311022-3DA5507C,CUST-00640,2026-02-13T23:14:55.839Z,61.56,SHIPPED
ORD-1786976311022-4D2DE55A,CUST-00669,2026-03-28T03:09:19.702Z,286.56,PROCESSING
ORD-1786976311022-A0E3794C,CUST-00559,2025-02-11T15:07:39.464Z,147.20,PENDING
ORD-1786976311022-61A890BA,CUST-00886,2025-10-09T22:18:36.069Z,115.86,PROCESSING
ORD-1786976311022-8F0A34EF,CUST-00575,2026-03-09T00:48:50.839Z,120.35,PROCESSING
ORD-1786976311022-EEA6CE33,CUST-00952,2025-09-13T11:16:41.899Z,356.79,PROCESSING
ORD-1786976311023-78C2C94E,CUST-00483,2025-04-26T19:52:13.151Z,119.80,CANCELLED
ORD-1786976311023-4E1AF0B9,CUST-00583,2026-07-24T09:18:43.440Z,464.45,CANCELLED
ORD-1786976311023-0A25FB17,CUST-00430,2025-11-19T12:43:04.237Z,480.07,SHIPPED
ORD-1786976311023-50CEF5DC,CUST-00736,2026-04-29T16:19:16.848Z,34.59,COMPLETED
ORD-1786976311023-3006CFEA,CUST-00217,2025-05-04T21:19:54.926Z,278.34,SHIPPED
ORD-1786976311023-C6E6C1CC,CUST-00242,2025-08-25T11:43:19.429Z,252.20,COMPLETED
ORD-1786976311023-CAD823EA,CUST-00702,2025-04-17T09:27:50.006Z,51.14,PENDING
ORD-1786976311023-C1ED137F,CUST-00410,2025-03-09T07:24:19.373Z,171.13,PROCESSING
ORD-1786976311023-E15CB86B,CUST-00434,2026-05-10T21:26:59.580Z,484.49,PENDING
ORD-1786976311023-1BF96026,CUST-00771,2025-11-14T22:38:50.381Z,380.68,PENDING
ORD-1786976311023-B4DA2DF2,CUST-00441,2025-09-05T10:35:55.831Z,25.58,PROCESSING
ORD-1786976311023-5A6CDCC5,CUST-00067,2025-03-18T00:57:53.947Z,17.62,CANCELLED
ORD-1786976311023-D563D062,CUST-00808,2025-12-10T06:32:03.905Z,494.15,PENDING
ORD-1786976311023-BF6190C2,CUST-00496,2025-04-22T19:57:19.858Z,261.65,DELIVERED
ORD-1786976311023-8DBE8393,CUST-00188,2025-01-29T04:41:56.880Z,269.17,DELIVERED
ORD-1786976311023-559C5BDD,CUST-00121,2025-12-18T04:28:48.454Z,12.67,COMPLETED
ORD-1786976311023-AF914536,CUST-00230,2025-05-17T22:47:39.781Z,299.81,DELIVERED
ORD-1786976311023-4F7C3DBF,CUST-00780,2025-03-31T21:44:59.035Z,179.11,COMPLETED
ORD-1786976311023-7E3C64EE,CUST-00353,2026-03-26T22:17:37.431Z,357.23,COMPLETED
ORD-1786976311023-61024A16,CUST-00363,2025-11-20T07:08:42.457Z,354.13,COMPLETED
ORD-1786976311023-EC2AB71F,CUST-00371,2025-05-14T04:22:08.415Z,157.19,COMPLETED
ORD-1786976311023-7EDFD53E,CUST-00653,2026-04-11T19:43:28.943Z,264.07,COMPLETED
ORD-1786976311023-601A250C,CUST-00784,2026-02-18T12:30:22.958Z,444.82,COMPLETED
ORD-1786976311023-F4217D1C,CUST-00183,2025-04-07T05:38:06.637Z,479.24,PENDING
ORD-1786976311023-8BF07D27,CUST-00243,2026-07-03T11:32:09.332Z,130.38,DELIVERED
ORD-1786976311023-627CA867,CUST-00757,2026-06-16T00:04:51.785Z,165.25,COMPLETED
ORD-1786976311023-FA5C20A4,CUST-00375,2026-06-04T23:33:33.924Z,339.38,DELIVERED
ORD-1786976311023-F27C6B98,CUST-00590,2025-01-04T22:00:08.899Z,138.22,DELIVERED
ORD-1786976311023-07BF2E11,CUST-00165,2025-02-16T20:29:18.348Z,258.65,DELIVERED
ORD-1786976311023-0FD8E5CF,CUST-00042,2025-04-01T03:30:05.894Z,75.25,COMPLETED
ORD-1786976311023-E8E26CCB,CUST-00456,2026-02-09T07:48:18.518Z,46.64,COMPLETED
ORD-INV-2500,CUST-002,2026-05-10T10:00:00Z,-50.00,COMPLETED
ORD-1786976311023-FB5C9416,CUST-00288,2025-07-27T17:13:06.682Z,152.37,DELIVERED
ORD-1786976311023-1F1A0788,CUST-00266,2025-06-25T14:41:02.843Z,92.79,CANCELLED
ORD-1786976311023-18411169,CUST-00997,2025-06-12T02:35:42.012Z,358.38,PROCESSING
ORD-1786976311023-D22A5A09,CUST-00902,2025-06-18T16:18:20.707Z,304.41,CANCELLED
ORD-1786976311023-C491C1DB,CUST-00295,2026-04-29T05:18:31.457Z,177.36,SHIPPED
ORD-1786976311023-8B85B2F4,CUST-00536,2026-05-06T19:52:43.167Z,424.82,DELIVERED
ORD-1786976311023-6A83C9C7,CUST-00182,2025-08-23T17:43:56.746Z,415.75,COMPLETED
ORD-1786976311023-978EB7BD,CUST-00742,2025-02-08T10:41:20.010Z,18.89,SHIPPED
ORD-1786976311023-AE273B01,CUST-00697,2026-02-17T03:27:49.642Z,262.37,PENDING
ORD-1786976311023-35F89071,CUST-00381,2025-06-08T13:50:25.601Z,290.60,CANCELLED
ORD-1786976311023-79BD85B3,CUST-00512,2025-02-22T19:06:49.345Z,23.48,PENDING
ORD-1786976311023-3C42C54F,CUST-00581,2026-05-31T13:08:13.215Z,48.70,PROCESSING
ORD-1786976311023-C4855264,CUST-00802,2025-01-27T11:56:52.097Z,237.57,CANCELLED
ORD-1786976311023-00BF4C61,CUST-00776,2025-05-15T08:20:08.001Z,269.87,COMPLETED
ORD-1786976311023-0EB0F441,CUST-00861,2025-11-27T09:51:41.075Z,397.28,SHIPPED
ORD-1786976311023-FC47CBED,CUST-00935,2025-09-03T20:09:23.815Z,363.32,DELIVERED
ORD-1786976311023-7D78D325,CUST-00838,2026-05-25T08:18:40.748Z,424.77,PROCESSING
ORD-1786976311023-1666E4B4,CUST-00769,2026-07-12T09:07:21.586Z,199.38,SHIPPED
ORD-1786976311023-84CB8123,CUST-00824,2026-03-19T02:28:47.393Z,227.55,CANCELLED
ORD-1786976311023-CF4A9918,CUST-00141,2026-01-30T04:35:25.064Z,444.50,CANCELLED
ORD-1786976311023-A4407DB2,CUST-00925,2025-07-05T05:09:23.468Z,355.35,PROCESSING
ORD-1786976311023-8E65278D,CUST-00464,2025-11-21T06:43:52.632Z,503.03,CANCELLED
ORD-1786976311023-87623FA5,CUST-00115,2025-06-28T07:29:17.834Z,49.27,DELIVERED
ORD-1786976311023-6A9230A3,CUST-00530,2026-04-22T20:19:42.824Z,111.83,CANCELLED
ORD-1786976311023-A5AA4885,CUST-00673,2026-06-07T10:29:02.599Z,457.54,COMPLETED
ORD-1786976311023-8B53F31C,CUST-00696,2026-01-19T01:04:38.046Z,152.01,PROCESSING
ORD-1786976311023-A9CC1E01,CUST-00441,2026-01-10T07:11:30.095Z,456.63,PROCESSING
ORD-1786976311023-01C695D2,CUST-00622,2025-01-08T09:13:36.406Z,44.44,PROCESSING
ORD-1786976311023-EA3057D3,CUST-00361,2026-02-09T13:30:33.068Z,153.12,PROCESSING
ORD-1786976311023-6F49A2DB,CUST-00338,2026-01-16T08:33:12.837Z,355.86,CANCELLED
ORD-1786976311023-8B4A25B4,CUST-00149,2025-04-07T20:25:51.029Z,304.50,SHIPPED
ORD-1786976311023-A3F6899D,CUST-00721,2026-05-04T16:16:53.891Z,141.00,CANCELLED
ORD-1786976311023-6CA22CAC,CUST-00412,2025-05-08T21:42:49.156Z,81.84,COMPLETED
ORD-1786976311023-F8775419,CUST-00460,2026-03-14T03:35:07.823Z,500.61,COMPLETED
ORD-1786976311023-85B24CAA,CUST-00203,2025-11-01T14:41:16.450Z,358.86,PENDING
ORD-1786976311023-E382609F,CUST-00881,2025-11-06T04:48:10.265Z,441.18,COMPLETED
ORD-1786976311023-E2CFDE46,CUST-00949,2026-07-15T11:34:49.693Z,372.75,PENDING
ORD-1786976311023-96E2F5F6,CUST-00687,2026-03-02T11:30:51.389Z,496.12,PENDING
ORD-1786976311023-7FB5815B,CUST-00665,2025-03-20T18:12:41.709Z,128.38,COMPLETED
ORD-1786976311023-83C1780C,CUST-00526,2026-08-10T03:36:05.009Z,122.01,CANCELLED
ORD-1786976311023-7A44F020,CUST-00667,2025-12-30T13:42:09.584Z,468.73,SHIPPED
ORD-1786976311023-5A4C9A3A,CUST-00738,2025-05-29T04:30:16.533Z,39.62,PROCESSING
ORD-1786976311023-FDBDF284,CUST-00717,2025-11-22T02:19:24.874Z,308.62,SHIPPED
ORD-1786976311023-9A172322,CUST-00994,2025-04-22T06:20:58.552Z,430.88,COMPLETED
ORD-1786976311023-AAB46002,CUST-00605,2026-03-02T09:31:23.768Z,52.67,PENDING
ORD-1786976311023-8F60947A,CUST-00168,2026-02-14T18:08:19.876Z,350.63,PROCESSING
ORD-1786976311023-5C4AD6D8,CUST-00410,2026-05-21T12:37:54.448Z,109.24,DELIVERED
ORD-1786976311023-65590708,CUST-00058,2026-08-13T11:46:55.596Z,102.80,COMPLETED
ORD-1786976311023-8E09D5DC,CUST-00898,2025-07-24T08:53:00.625Z,234.57,PROCESSING
ORD-1786976311023-75FE8917,CUST-00168,2025-05-02T02:43:51.803Z,138.16,CANCELLED
ORD-1786976311023-6BFE75D7,CUST-00046,2025-07-18T19:55:44.102Z,186.17,PENDING
ORD-1786976311023-F3F20A6A,CUST-00416,2025-03-14T19:01:13.997Z,401.41,SHIPPED
ORD-1786976311023-1E5B3D3F,CUST-00722,2025-06-27T02:38:36.108Z,189.93,COMPLETED
ORD-1786976311023-F8E33649,CUST-00489,2025-05-27T21:28:20.888Z,461.21,PROCESSING
ORD-1786976311023-799D518A,CUST-00952,2025-10-12T20:37:15.593Z,370.79,SHIPPED
ORD-1786976311023-2B4B8E60,CUST-00451,2025-01-22T12:03:13.418Z,128.70,SHIPPED
ORD-1786976311023-337C5657,CUST-00855,2025-04-03T03:57:46.380Z,338.83,DELIVERED
ORD-1786976311023-C47F4D2E,CUST-00310,2025-06-03T10:49:09.688Z,73.95,SHIPPED
ORD-1786976311023-8D490723,CUST-00661,2025-11-14T15:01:17.589Z,84.33,SHIPPED
ORD-1786976311023-A56712B2,CUST-00829,2025-07-19T13:06:54.312Z,117.88,PROCESSING
ORD-1786976311023-AE30DA7A,CUST-00146,2026-06-06T23:21:37.197Z,56.04,SHIPPED
ORD-1786976311023-CA04EF95,CUST-00056,2025-10-10T17:05:41.388Z,318.80,DELIVERED
ORD-1786976311023-F76724C1,CUST-00246,2025-10-17T11:06:16.979Z,160.19,CANCELLED
ORD-1786976311023-D31A680C,CUST-00991,2026-05-07T22:38:25.544Z,80.43,DELIVERED
ORD-1786976311023-F7F5437C,CUST-00382,2025-10-10T22:12:14.548Z,391.72,PROCESSING
ORD-1786976311023-12CEA07A,CUST-00996,2025-05-27T12:29:35.089Z,277.57,SHIPPED
ORD-1786976311023-9D494E09,CUST-00132,2025-10-30T12:57:33.348Z,268.55,SHIPPED
ORD-1786976311023-D0793B23,CUST-00788,2025-05-18T06:33:33.274Z,168.17,COMPLETED
ORD-1786976311023-BF464C86,CUST-00201,2025-08-07T13:23:42.866Z,488.51,CANCELLED
ORD-1786976311023-11FB68C1,CUST-00764,2025-11-21T20:39:39.698Z,352.23,DELIVERED
ORD-1786976311023-FFA7D014,CUST-00660,2025-01-24T20:12:02.041Z,269.50,PENDING
ORD-1786976311023-1D93B531,CUST-00681,2026-04-25T00:45:00.745Z,418.01,CANCELLED
ORD-1786976311024-DC11AE35,CUST-00267,2025-11-12T14:08:00.828Z,381.53,PROCESSING
ORD-1786976311024-D91AA7C3,CUST-00127,2025-06-16T01:12:23.138Z,123.54,CANCELLED
ORD-1786976311024-6B4E8C56,CUST-00501,2026-01-14T12:12:54.109Z,389.24,DELIVERED
ORD-1786976311024-4C028456,CUST-00135,2025-07-20T22:56:31.913Z,22.45,PENDING
ORD-1786976311024-C4A14311,CUST-00151,2025-11-30T08:18:17.637Z,47.24,SHIPPED
ORD-1786976311024-2EE44433,CUST-00368,2025-08-21T04:56:23.084Z,467.81,PROCESSING
ORD-1786976311024-B03B320B,CUST-00108,2025-08-05T10:15:39.904Z,428.06,DELIVERED
ORD-1786976311024-5AAC47CB,CUST-00622,2026-06-07T19:54:56.687Z,168.07,PROCESSING
ORD-1786976311024-1E1D703F,CUST-00846,2026-02-09T18:24:18.342Z,184.95,SHIPPED
ORD-1786976311024-C9B4AD31,CUST-00114,2026-01-17T04:05:39.742Z,115.75,SHIPPED
ORD-1786976311024-6BB03A59,CUST-00160,2025-11-26T02:39:00.973Z,251.15,SHIPPED
ORD-1786976311024-FD1A6B1A,CUST-00581,2025-07-14T03:15:46.798Z,387.55,SHIPPED
ORD-1786976311024-B6EE3E4D,CUST-00425,2025-05-16T09:01:36.369Z,235.69,PROCESSING
ORD-1786976311024-C283A962,CUST-00818,2026-06-14T03:40:16.543Z,81.02,PROCESSING
ORD-1786976311024-F14E6F9B,CUST-00089,2025-05-06T11:46:41.169Z,23.25,SHIPPED
ORD-1786976311024-3C90E6A9,CUST-00368,2025-07-15T07:34:21.560Z,310.74,DELIVERED
ORD-1786976311024-799E4AD5,CUST-00614,2025-10-26T22:17:38.616Z,398.81,COMPLETED
ORD-1786976311024-05B46EE0,CUST-00393,2025-06-20T11:01:37.971Z,130.56,DELIVERED
ORD-1786976311024-3042FFD7,CUST-00721,2025-01-30T02:49:29.486Z,86.37,SHIPPED
ORD-1786976311024-C30463AA,CUST-00603,2025-01-27T17:40:52.902Z,457.13,SHIPPED
ORD-1786976311024-9E692BF5,CUST-00887,2025-07-24T16:04:40.985Z,357.55,CANCELLED
ORD-1786976311024-42BB9C75,CUST-00623,2026-07-23T01:27:27.669Z,332.33,PENDING
ORD-1786976311024-C2D814DF,CUST-00758,2025-08-20T22:12:07.876Z,355.67,SHIPPED
ORD-1786976311024-3C6953F8,CUST-00011,2025-06-16T23:26:38.758Z,268.92,SHIPPED
ORD-1786976311024-822AF2BE,CUST-00597,2025-06-11T17:16:15.186Z,265.04,SHIPPED
ORD-1786976311024-71EF9446,CUST-00814,2026-07-22T05:13:01.538Z,48.79,SHIPPED
ORD-1786976311024-A529E521,CUST-00319,2026-01-15T18:47:20.090Z,42.53,PROCESSING
ORD-INV-2600,,2026-05-10T10:00:00Z,120.00,PENDING
ORD-1786976311024-44A98B2A,CUST-00512,2025-04-14T06:23:25.248Z,82.27,COMPLETED
ORD-1786976311024-F1DE7872,CUST-00690,2025-01-10T15:17:17.535Z,400.32,DELIVERED
ORD-1786976311024-B6EBA1C4,CUST-00148,2025-03-23T08:03:14.299Z,84.16,COMPLETED
ORD-1786976311024-D1E5E714,CUST-00988,2025-02-17T05:22:26.586Z,162.37,COMPLETED
ORD-1786976311024-A239328D,CUST-00698,2026-05-11T13:50:58.722Z,348.02,PROCESSING
ORD-1786976311024-313CB6CC,CUST-00216,2025-10-01T22:53:50.904Z,102.06,SHIPPED
ORD-1786976311024-69F802CE,CUST-00164,2026-01-16T00:14:21.507Z,399.33,PROCESSING
ORD-1786976311024-7E14FE67,CUST-00086,2026-06-17T20:27:36.922Z,479.49,PENDING
ORD-1786976311024-822819EC,CUST-00459,2025-10-29T16:19:02.584Z,176.82,SHIPPED
ORD-1786976311024-B2F6065B,CUST-00839,2026-02-27T10:05:46.666Z,249.35,PROCESSING
ORD-1786976311024-918A7704,CUST-00615,2026-06-14T07:31:50.327Z,270.15,CANCELLED
ORD-1786976311024-4B881AFF,CUST-00609,2026-05-06T02:50:19.621Z,408.28,DELIVERED
ORD-1786976311024-8C086981,CUST-00655,2026-07-08T10:52:48.129Z,460.77,SHIPPED
ORD-1786976311024-F4351CC7,CUST-00276,2026-05-22T06:59:55.383Z,366.50,DELIVERED
ORD-1786976311024-B2FCDE14,CUST-00506,2026-01-08T18:48:54.644Z,475.01,COMPLETED
ORD-1786976311024-51697A77,CUST-00044,2026-03-13T16:30:43.956Z,185.71,COMPLETED
ORD-1786976311024-E4EB2A8A,CUST-00985,2026-02-08T17:51:10.439Z,412.15,CANCELLED
ORD-1786976311024-0418B70A,CUST-00308,2025-05-08T08:01:52.879Z,165.96,COMPLETED
ORD-1786976311024-1B581A5E,CUST-00495,2025-01-23T21:40:01.994Z,110.32,PROCESSING
ORD-1786976311024-B5EF2896,CUST-00839,2026-05-02T12:32:20.197Z,239.08,PROCESSING
ORD-1786976311024-7409E391,CUST-00540,2025-01-19T21:44:51.721Z,190.33,CANCELLED
ORD-1786976311024-DEC73305,CUST-00643,2025-05-13T09:17:01.382Z,495.31,PROCESSING
ORD-1786976311024-F623D21E,CUST-00969,2025-07-19T02:35:12.017Z,300.49,DELIVERED
ORD-1786976311024-CE8A09F9,CUST-00764,2025-03-03T02:32:40.087Z,427.52,CANCELLED
ORD-1786976311024-1FB7F766,CUST-00563,2026-07-23T14:42:44.098Z,421.01,DELIVERED
ORD-1786976311024-E0D7E049,CUST-00725,2025-02-28T17:09:23.567Z,369.34,DELIVERED
ORD-1786976311024-901BB58E,CUST-00758,2025-05-31T11:34:43.779Z,92.05,DELIVERED
ORD-1786976311024-7970D3E8,CUST-00066,2026-04-11T13:54:52.608Z,310.41,PENDING
ORD-1786976311024-4A94B159,CUST-00935,2025-06-27T22:01:02.829Z,173.82,SHIPPED
ORD-1786976311024-08E0AE40,CUST-00632,2025-06-27T15:23:45.303Z,389.62,PENDING
ORD-1786976311024-BC6826A1,CUST-00521,2025-04-12T20:14:44.525Z,136.30,PROCESSING
ORD-1786976311024-8A60E188,CUST-00256,2025-04-02T16:45:39.640Z,240.02,DELIVERED
ORD-1786976311024-7FE9CDB4,CUST-00845,2025-08-29T17:17:01.176Z,147.87,SHIPPED
ORD-1786976311024-EE9896D7,CUST-00292,2025-12-11T03:58:51.530Z,23.12,PROCESSING
ORD-1786976311024-E2DF93A7,CUST-00345,2025-12-28T03:24:11.224Z,495.46,SHIPPED
ORD-1786976311024-71B571B5,CUST-00819,2026-05-26T03:24:44.399Z,478.01,DELIVERED
ORD-1786976311024-6F1C98A8,CUST-00660,2026-06-02T23:22:51.592Z,126.70,SHIPPED
ORD-1786976311024-D4AED389,CUST-00610,2025-12-27T17:11:18.057Z,462.47,PENDING
ORD-1786976311024-D0A3F2F0,CUST-00484,2025-06-15T02:00:07.585Z,349.14,PENDING
ORD-1786976311024-F015E2D9,CUST-00639,2025-04-18T23:29:03.113Z,13.51,CANCELLED
ORD-1786976311024-862872CA,CUST-00791,2025-02-13T23:26:36.048Z,251.11,COMPLETED
ORD-1786976311024-FFC8069F,CUST-00219,2025-09-07T07:30:54.054Z,366.02,SHIPPED
ORD-1786976311024-5447DB14,CUST-00868,2025-08-17T01:59:58.256Z,298.62,SHIPPED
ORD-1786976311024-2D6775BF,CUST-00804,2026-01-31T22:54:51.583Z,450.66,CANCELLED
ORD-1786976311024-9F08FBB7,CUST-00018,2026-07-01T17:20:28.151Z,410.57,SHIPPED
ORD-1786976311024-9DC1CE95,CUST-00807,2025-09-04T06:15:33.867Z,375.96,COMPLETED
ORD-1786976311024-4D1DD8D9,CUST-00625,2025-07-16T02:52:02.496Z,352.21,SHIPPED
ORD-1786976311024-FC0667D8,CUST-00104,2025-05-11T07:25:13.153Z,347.61,PROCESSING
ORD-1786976311024-22FF1054,CUST-00821,2026-05-20T23:51:53.783Z,99.29,DELIVERED
ORD-1786976311024-32436313,CUST-00230,2025-09-02T18:13:50.664Z,36.46,PROCESSING
ORD-1786976311024-4BD86536,CUST-00022,2025-06-27T13:46:24.696Z,266.66,DELIVERED
ORD-1786976311024-123A0325,CUST-00947,2025-04-14T23:32:51.696Z,367.88,SHIPPED
ORD-1786976311024-1D63E9DF,CUST-00673,2025-07-05T02:51:45.848Z,75.73,PROCESSING
ORD-1786976311024-ABE3DDE9,CUST-00090,2026-04-01T09:11:38.475Z,423.55,PROCESSING
ORD-1786976311024-DA7D96F1,CUST-00437,2025-01-20T18:55:15.202Z,88.43,DELIVERED
ORD-1786976311024-AE21CA0B,CUST-00017,2025-02-24T18:51:29.345Z,186.31,CANCELLED
ORD-1786976311024-800AAADD,CUST-00245,2026-06-14T14:48:34.074Z,403.39,PROCESSING
ORD-1786976311024-6DBA10FE,CUST-00647,2026-05-05T03:27:25.958Z,14.53,COMPLETED
ORD-1786976311024-41993719,CUST-00035,2026-05-18T16:01:15.281Z,482.90,COMPLETED
ORD-1786976311024-0ED9673F,CUST-00614,2025-02-01T16:17:23.619Z,468.69,PROCESSING
ORD-1786976311024-0EC70030,CUST-00643,2026-04-10T22:31:48.926Z,490.48,COMPLETED
ORD-1786976311024-D56DF9F8,CUST-00435,2026-01-13T17:10:58.646Z,416.45,DELIVERED
ORD-1786976311024-A8C73DD5,CUST-00845,2026-03-03T07:30:08.310Z,224.33,PENDING
ORD-1786976311024-1EC8B7F8,CUST-00819,2026-06-06T18:53:11.524Z,167.92,PENDING
ORD-1786976311024-21666065,CUST-00385,2025-03-30T04:04:31.000Z,125.80,PENDING
ORD-1786976311024-E649CC75,CUST-00712,2025-04-09T21:51:42.536Z,501.87,COMPLETED
ORD-1786976311024-1D5F4A78,CUST-00755,2025-01-05T11:23:44.674Z,229.69,PENDING
ORD-1786976311024-3A1C9148,CUST-00725,2025-07-01T07:59:52.304Z,158.10,PROCESSING
ORD-1786976311025-83262636,CUST-00406,2025-09-06T08:21:53.759Z,352.77,PROCESSING
ORD-1786976311025-65DE028C,CUST-00464,2026-02-08T02:09:24.164Z,116.79,COMPLETED
ORD-1786976311025-6BC612DB,CUST-00286,2026-07-19T15:03:24.987Z,282.36,DELIVERED
ORD-1786976311025-2B18CE5C,CUST-00721,2026-03-15T00:24:25.791Z,507.58,PENDING
ORD-1786976311025-E9C2C41A,CUST-00230,2025-07-10T13:56:11.392Z,268.61,CANCELLED
ORD-1786976311025-206517C5,CUST-00997,2025-08-12T13:21:55.245Z,285.85,PROCESSING
ORD-1786976311025-FB172717,CUST-00887,2025-09-12T18:21:52.884Z,281.33,PENDING
ORD-1786976311025-73E981D7,CUST-00118,2026-06-19T14:32:07.516Z,404.60,CANCELLED
ORD-1786976311025-737C28F3,CUST-00982,2026-02-14T17:33:44.536Z,125.81,DELIVERED
ORD-1786976311025-73563762,CUST-00594,2025-12-18T09:21:56.637Z,30.65,DELIVERED
ORD-1786976311025-6C846CDB,CUST-00920,2026-01-23T23:39:37.422Z,452.44,PENDING
ORD-1786976311025-7B47CA55,CUST-00062,2025-01-29T23:31:00.961Z,12.70,COMPLETED
ORD-1786976311025-10F6E7B0,CUST-00819,2025-10-28T13:18:28.423Z,156.38,PROCESSING
ORD-1786976311025-75D959D1,CUST-00561,2025-10-09T15:37:12.242Z,162.68,SHIPPED
ORD-1786976311025-87D8435D,CUST-00249,2026-02-01T07:08:03.799Z,257.96,DELIVERED
ORD-1786976311025-E61CB7DE,CUST-00506,2026-04-14T21:32:54.371Z,130.60,PENDING
ORD-1786976311025-9C16934E,CUST-00186,2025-07-27T13:09:20.904Z,28.06,PROCESSING
ORD-1786976311025-C2F3255C,CUST-00277,2025-10-17T18:54:46.579Z,151.36,CANCELLED
ORD-1786976311025-7EB67CDC,CUST-00031,2025-10-04T10:27:49.285Z,222.11,PROCESSING
ORD-1786976311025-D9116004,CUST-00687,2025-05-11T20:18:10.238Z,450.53,COMPLETED
ORD-1786976311025-1E4D3ED2,CUST-00323,2026-02-19T10:06:16.091Z,59.26,DELIVERED
ORD-1786976311025-78D0D039,CUST-00485,2025-05-25T19:06:12.998Z,444.71,CANCELLED
ORD-1786976311025-0C882A0E,CUST-00036,2025-02-06T01:34:48.110Z,182.66,DELIVERED
ORD-1786976311025-CE0D5BC4,CUST-00608,2025-08-10T10:04:34.878Z,127.43,COMPLETED
ORD-1786976311025-09C3F984,CUST-00550,2026-06-10T19:13:07.433Z,77.67,CANCELLED
ORD-1786976311025-A4CA29C8,CUST-00384,2026-01-30T04:08:09.604Z,149.79,DELIVERED
ORD-1786976311025-BE78FBE5,CUST-00860,2026-06-18T15:38:40.579Z,475.22,PENDING
ORD-1786976311025-AB2F2E2D,CUST-00361,2025-07-21T07:07:29.596Z,78.14,PENDING
ORD-1786976311025-758B3F98,CUST-00558,2025-10-15T15:16:38.536Z,69.36,SHIPPED
ORD-1786976311025-F94F1F9C,CUST-00103,2025-02-06T19:17:52.729Z,83.03,CANCELLED
ORD-1786976311025-EA817224,CUST-00431,2025-03-23T23:47:53.492Z,285.59,COMPLETED
ORD-INV-2700,CUST-001,INVALID_DATE_FORMAT,99.99,PENDING
ORD-1786976311025-CF715D35,CUST-00652,2025-05-20T00:02:41.015Z,336.55,SHIPPED
ORD-1786976311025-55E9305A,CUST-00184,2025-05-02T20:15:40.788Z,428.66,DELIVERED
ORD-1786976311025-FA296325,CUST-00813,2026-03-19T13:05:02.837Z,142.68,DELIVERED
ORD-1786976311025-9B228965,CUST-00081,2026-03-16T23:52:49.354Z,465.88,CANCELLED
ORD-1786976311025-B620C085,CUST-00687,2025-09-07T20:13:38.649Z,273.83,COMPLETED
ORD-1786976311025-5A56856B,CUST-00871,2026-03-15T02:22:58.061Z,293.28,COMPLETED
ORD-1786976311025-D89182B4,CUST-00631,2025-11-13T06:56:33.534Z,73.24,PROCESSING
ORD-1786976311025-0BCFBE16,CUST-00145,2026-06-15T08:54:35.439Z,422.20,PENDING
ORD-1786976311025-C3430A5A,CUST-00822,2025-09-08T21:17:11.727Z,147.17,COMPLETED
ORD-1786976311025-CF97E3E1,CUST-00042,2025-05-05T07:10:09.780Z,484.04,DELIVERED
ORD-1786976311025-5895D3D0,CUST-00521,2025-10-17T20:59:29.680Z,476.24,SHIPPED
ORD-1786976311025-1CCAB851,CUST-00023,2025-05-23T06:28:30.188Z,296.17,SHIPPED
ORD-1786976311025-898A19BF,CUST-00161,2026-02-14T07:44:00.977Z,386.71,DELIVERED
ORD-1786976311025-C4E20640,CUST-00784,2026-05-13T06:43:42.796Z,154.99,CANCELLED
ORD-1786976311025-F702EB76,CUST-00432,2025-06-28T02:22:17.595Z,475.11,PENDING
ORD-1786976311025-73ED9B73,CUST-00672,2025-08-14T13:48:37.513Z,397.18,PENDING
ORD-1786976311025-2633E15C,CUST-00072,2025-02-01T03:19:42.573Z,128.14,SHIPPED
ORD-1786976311025-D6B54183,CUST-00650,2025-12-14T04:33:21.186Z,282.49,CANCELLED
ORD-1786976311025-A06C6C63,CUST-00846,2025-12-27T00:41:10.848Z,478.91,PROCESSING
ORD-1786976311025-5E4494C9,CUST-00397,2025-09-06T23:52:37.416Z,475.80,CANCELLED
ORD-1786976311026-E612B8AE,CUST-00949,2025-01-13T18:09:07.235Z,411.80,DELIVERED
ORD-1786976311026-7E501D19,CUST-00654,2025-10-24T23:13:36.328Z,70.15,SHIPPED
ORD-1786976311026-FD5533A2,CUST-00114,2026-02-18T09:37:04.251Z,57.37,SHIPPED
ORD-1786976311026-16710587,CUST-00494,2026-03-15T20:25:48.681Z,78.93,PROCESSING
ORD-1786976311026-D197DE32,CUST-00814,2025-04-12T13:18:55.899Z,488.18,CANCELLED
ORD-1786976311026-AD7DA2B0,CUST-00445,2025-04-22T04:38:19.554Z,376.45,PROCESSING
ORD-1786976311026-EB02260C,CUST-00293,2026-02-24T06:26:36.417Z,319.47,SHIPPED
ORD-1786976311026-964E487F,CUST-00841,2025-02-12T13:14:03.583Z,315.98,DELIVERED
ORD-1786976311026-E401533E,CUST-00543,2025-08-13T02:58:13.036Z,292.69,PENDING
ORD-1786976311026-6818EC54,CUST-00291,2026-08-13T09:21:11.061Z,187.25,PENDING
ORD-1786976311026-30A42289,CUST-00711,2025-07-23T01:55:19.404Z,468.42,PENDING
ORD-1786976311026-0EBB8A46,CUST-00190,2026-01-07T16:59:27.826Z,230.93,CANCELLED
ORD-1786976311026-70A46179,CUST-00800,2025-10-11T16:34:45.590Z,322.68,COMPLETED
ORD-1786976311026-A7AF23DB,CUST-00289,2025-11-22T14:07:02.568Z,284.74,PROCESSING
ORD-1786976311026-17219D9F,CUST-00776,2025-01-14T12:42:56.594Z,285.33,COMPLETED
ORD-1786976311026-BDA310BF,CUST-00947,2025-01-07T04:13:14.845Z,402.61,PROCESSING
ORD-1786976311026-64F1E1A7,CUST-00004,2025-12-04T18:19:18.150Z,196.69,PROCESSING
ORD-1786976311026-6EF05D29,CUST-00313,2025-02-16T19:03:41.551Z,222.75,PROCESSING
ORD-1786976311026-C7934904,CUST-00975,2025-01-27T09:25:11.938Z,328.57,CANCELLED
ORD-1786976311026-B9DD5B73,CUST-00845,2025-05-19T07:16:27.952Z,282.44,SHIPPED
ORD-1786976311026-B11819B1,CUST-00205,2025-09-09T06:46:29.224Z,499.89,COMPLETED
ORD-1786976311026-FDECEF6A,CUST-00269,2025-07-08T09:40:35.241Z,246.26,PROCESSING
ORD-1786976311026-181B01F0,CUST-00104,2025-06-30T01:08:32.183Z,371.52,CANCELLED
ORD-1786976311026-7686A033,CUST-00869,2026-02-15T20:35:51.332Z,81.52,PENDING
ORD-1786976311026-968DF000,CUST-00118,2026-06-23T00:01:17.279Z,478.26,COMPLETED
ORD-1786976311026-DD4D839F,CUST-00770,2025-10-06T07:31:49.472Z,461.84,COMPLETED
ORD-1786976311026-D8D0DF27,CUST-00610,2026-03-18T01:53:17.665Z,252.85,PROCESSING
ORD-1786976311026-A4204881,CUST-00765,2026-01-19T02:42:37.830Z,304.70,PENDING
ORD-1786976311026-7B8FA746,CUST-00255,2026-06-06T03:56:48.758Z,197.93,DELIVERED
ORD-1786976311026-709CAD5D,CUST-00906,2025-07-22T06:18:42.227Z,470.31,COMPLETED
ORD-1786976311026-3E96600F,CUST-00686,2025-01-26T09:25:40.871Z,162.14,PENDING
ORD-1786976311026-4A85B748,CUST-00239,2026-07-23T12:12:17.282Z,375.10,DELIVERED
ORD-1786976311026-A94D2526,CUST-00689,2025-11-14T18:02:33.293Z,253.98,COMPLETED
ORD-1786976311026-D50E430F,CUST-00357,2026-02-20T01:40:45.392Z,363.08,PROCESSING
ORD-1786976311026-7C08B12B,CUST-00206,2025-12-30T18:02:15.596Z,214.59,SHIPPED
ORD-1786976311026-050DB25B,CUST-00673,2026-04-16T03:19:55.290Z,107.79,PROCESSING
ORD-1786976311026-F137CE26,CUST-00768,2026-05-19T21:56:02.461Z,74.20,COMPLETED
ORD-1786976311026-BA43A36D,CUST-00020,2025-09-07T18:08:19.875Z,319.70,CANCELLED
ORD-1786976311026-B8D38B89,CUST-00714,2026-04-15T13:47:47.389Z,302.55,DELIVERED
ORD-1786976311026-B865A40B,CUST-00646,2025-01-01T02:08:45.092Z,436.85,COMPLETED
ORD-1786976311026-2EEDA0CB,CUST-00531,2025-07-09T01:36:08.390Z,343.54,CANCELLED
ORD-1786976311026-A52F493A,CUST-00870,2025-11-29T12:32:02.249Z,306.40,PROCESSING
ORD-1786976311026-9C6881CE,CUST-00370,2025-08-17T22:39:24.403Z,489.03,COMPLETED
ORD-1786976311026-1AEC6886,CUST-00975,2025-08-30T15:41:33.998Z,358.73,CANCELLED
ORD-1786976311027-42E8D137,CUST-00126,2025-04-26T18:52:45.705Z,153.86,COMPLETED
ORD-1786976311027-69A3B563,CUST-00976,2025-08-21T12:54:09.209Z,354.91,DELIVERED
ORD-1786976311027-73764084,CUST-00705,2025-06-15T14:05:30.522Z,101.79,SHIPPED
ORD-1786976311027-C15CAFC0,CUST-00879,2025-09-03T00:57:37.227Z,344.59,DELIVERED
ORD-1786976311027-79C3A172,CUST-00414,2026-03-26T04:57:59.959Z,155.62,PENDING
ORD-1786976311027-7CE5A165,CUST-00049,2025-11-04T18:13:29.926Z,90.95,SHIPPED
ORD-1786976311027-AE214A7F,CUST-00956,2026-05-20T00:53:49.639Z,498.26,PENDING
ORD-1786976311027-0E13ED1F,CUST-00757,2025-05-27T21:19:01.870Z,139.91,COMPLETED
ORD-1786976311027-12C954EF,CUST-00337,2025-02-21T10:56:02.090Z,313.64,DELIVERED
ORD-1786976311027-C91AA6B5,CUST-00212,2025-11-16T18:13:58.928Z,287.62,SHIPPED
ORD-1786976311027-EE115DB5,CUST-00969,2025-11-12T19:43:36.228Z,77.84,DELIVERED
ORD-1786976311027-038C685D,CUST-00281,2026-01-30T07:32:33.534Z,286.67,COMPLETED
ORD-1786976311027-5BE04F41,CUST-00709,2025-11-02T01:35:10.906Z,302.95,COMPLETED
ORD-1786976311027-CFE918B4,CUST-00274,2026-04-13T01:32:37.832Z,243.21,PROCESSING
ORD-1786976311027-3D879AB2,CUST-00267,2025-09-06T18:32:37.937Z,147.52,SHIPPED
ORD-1786976311027-E646F0F1,CUST-00589,2026-01-23T10:13:22.891Z,306.74,PENDING
ORD-1786976311027-D4CA9BAF,CUST-00977,2025-08-20T23:17:45.099Z,436.72,PENDING
ORD-1786976311027-8F905DD0,CUST-00432,2025-06-16T15:46:14.881Z,354.07,PENDING
ORD-1786976311027-0E0D3F3E,CUST-00144,2025-11-06T12:52:44.105Z,415.84,PENDING
ORD-1786976311027-D4C79FCA,CUST-00693,2026-05-23T14:00:18.848Z,136.48,COMPLETED
ORD-1786976311027-D2BE2517,CUST-00132,2025-08-09T20:37:08.182Z,184.75,COMPLETED
ORD-1786976311027-19DC704D,CUST-00039,2025-06-03T11:07:53.817Z,379.13,DELIVERED
ORD-1786976311027-291E5054,CUST-00611,2026-01-13T19:43:43.954Z,476.37,PROCESSING
ORD-1786976311027-637175C5,CUST-00896,2025-06-13T02:52:52.571Z,498.00,PROCESSING
ORD-1786976311027-14AAE28E,CUST-00365,2025-11-11T05:43:59.501Z,324.76,PROCESSING
ORD-1786976311027-4411C791,CUST-00977,2025-03-20T08:24:50.823Z,275.60,DELIVERED
ORD-1786976311027-572D2EB7,CUST-00253,2025-04-12T13:26:42.836Z,179.61,DELIVERED
ORD-1786976311027-A80F922D,CUST-00300,2026-06-03T20:35:49.130Z,399.71,COMPLETED
ORD-1786976311027-6C9306B2,CUST-00198,2025-02-02T18:57:46.669Z,121.32,COMPLETED
ORD-1786976311027-32FBC4A6,CUST-00913,2026-03-16T16:03:51.243Z,64.99,DELIVERED
ORD-1786976311027-732E458B,CUST-00551,2025-11-07T03:24:12.384Z,509.09,DELIVERED
ORD-1786976311027-E0AF5C47,CUST-00681,2026-05-13T21:08:01.258Z,331.36,PENDING
ORD-1786976311027-E6945FFE,CUST-00105,2025-04-20T05:04:12.923Z,261.24,CANCELLED
ORD-1786976311027-60A77228,CUST-00240,2025-12-03T13:03:26.712Z,97.99,COMPLETED
ORD-1786976311027-EF88155F,CUST-00836,2025-09-20T09:32:35.412Z,14.80,DELIVERED
ORD-INV-2800,CUST-002,2026-05-10T10:00:00Z,-50.00,COMPLETED
ORD-1786976311027-4C32F538,CUST-00273,2026-07-09T02:16:18.479Z,87.61,COMPLETED
ORD-1786976311027-DA57AB7D,CUST-00488,2026-08-14T08:39:54.274Z,124.73,PENDING
ORD-1786976311027-063B3691,CUST-00597,2025-01-10T16:31:12.708Z,203.53,COMPLETED
ORD-1786976311027-90CD4CA5,CUST-00762,2026-07-17T22:33:27.278Z,488.85,PENDING
ORD-1786976311027-9E7A4840,CUST-00869,2025-01-22T05:25:55.324Z,181.92,PROCESSING
ORD-1786976311027-EC412D3B,CUST-00747,2025-01-26T22:44:09.252Z,114.58,SHIPPED
ORD-1786976311027-E4EA9E11,CUST-00888,2025-09-13T04:14:07.054Z,413.66,DELIVERED
ORD-1786976311027-592253C9,CUST-00934,2025-10-06T04:56:01.899Z,298.32,PENDING
ORD-1786976311027-E504AD52,CUST-00900,2026-07-18T01:32:12.487Z,246.72,PROCESSING
ORD-1786976311027-CEC0688A,CUST-00149,2025-06-30T11:01:31.370Z,393.11,COMPLETED
ORD-1786976311027-493A583A,CUST-00361,2026-03-28T21:14:07.403Z,188.64,PENDING
ORD-1786976311027-8AF7011D,CUST-00631,2025-06-22T21:13:50.888Z,443.58,PROCESSING
ORD-1786976311027-BF637845,CUST-00595,2025-02-21T07:15:40.302Z,370.04,CANCELLED
ORD-1786976311027-645C2F9C,CUST-00441,2026-06-11T09:01:15.021Z,57.13,DELIVERED
ORD-1786976311027-F5E005AE,CUST-00426,2025-08-12T01:41:08.821Z,351.39,CANCELLED
ORD-1786976311027-A1FF34D3,CUST-00458,2025-09-19T12:27:04.530Z,421.80,COMPLETED
ORD-1786976311027-DA183989,CUST-00231,2026-02-24T02:32:56.154Z,448.64,SHIPPED
ORD-1786976311027-7A6B57C2,CUST-00593,2026-05-13T03:43:28.556Z,396.72,SHIPPED
ORD-1786976311027-B28CAEB8,CUST-00162,2025-05-13T04:48:48.255Z,54.15,DELIVERED
ORD-1786976311027-C280EBB2,CUST-00999,2026-01-14T23:33:25.430Z,399.99,PROCESSING
ORD-1786976311027-307ED0B7,CUST-00501,2026-02-26T20:44:58.842Z,119.63,PROCESSING
ORD-1786976311027-A6919967,CUST-00204,2025-09-11T01:43:19.165Z,409.42,CANCELLED
ORD-1786976311027-8F7D1AC2,CUST-00940,2025-11-03T10:48:20.780Z,63.84,COMPLETED
ORD-1786976311027-C11D9C66,CUST-00119,2026-07-30T09:23:00.209Z,216.56,DELIVERED
ORD-1786976311027-8068FCF2,CUST-00055,2026-01-22T23:39:37.717Z,55.53,PROCESSING
ORD-1786976311027-D7542525,CUST-00340,2025-08-27T15:57:14.097Z,304.70,SHIPPED
ORD-1786976311027-3708242A,CUST-00077,2025-08-18T03:53:01.729Z,16.62,SHIPPED
ORD-1786976311027-55033D63,CUST-00333,2025-11-30T02:02:25.094Z,87.68,SHIPPED
ORD-1786976311027-7DE5FA87,CUST-00630,2025-08-30T15:21:10.003Z,225.28,SHIPPED
ORD-1786976311027-0ACFEB23,CUST-00541,2026-05-19T22:52:40.486Z,489.48,SHIPPED
ORD-1786976311027-F5EF8DD8,CUST-00332,2025-01-21T05:56:16.494Z,81.34,PENDING
ORD-1786976311027-145AAF30,CUST-00529,2025-07-09T05:54:43.991Z,366.19,PROCESSING
ORD-1786976311027-0CFFD358,CUST-00220,2025-06-16T08:30:20.778Z,279.58,CANCELLED
ORD-1786976311027-53F80E8B,CUST-00832,2025-09-23T11:41:55.786Z,213.19,DELIVERED
ORD-1786976311027-42C9408D,CUST-00144,2026-07-11T09:54:46.884Z,88.86,COMPLETED
ORD-1786976311027-07ABB97A,CUST-00992,2025-11-02T13:23:18.005Z,362.65,SHIPPED
ORD-1786976311027-593CA329,CUST-00575,2026-03-10T15:15:23.852Z,211.77,COMPLETED
ORD-1786976311027-0368CB1D,CUST-00658,2025-04-01T13:44:58.240Z,193.12,CANCELLED
ORD-1786976311027-89D87054,CUST-00924,2025-12-29T15:29:49.131Z,102.74,PROCESSING
ORD-1786976311027-A2035DF1,CUST-00931,2025-11-30T18:20:30.317Z,209.76,DELIVERED
ORD-1786976311027-BE2E8E72,CUST-00290,2026-05-27T01:03:18.425Z,394.68,SHIPPED
ORD-1786976311027-AA9D8DBE,CUST-00931,2025-05-26T02:58:33.194Z,200.95,DELIVERED
ORD-1786976311027-32BA4297,CUST-00982,2025-01-30T05:50:27.318Z,160.28,SHIPPED
ORD-1786976311027-DCC70476,CUST-00084,2025-09-16T10:51:56.879Z,371.54,PROCESSING
ORD-1786976311027-6722A2EE,CUST-00058,2025-07-20T13:32:46.332Z,480.93,SHIPPED
ORD-1786976311027-81CC8F1B,CUST-00793,2026-07-09T07:09:35.889Z,441.79,PENDING
ORD-1786976311027-46B90DE5,CUST-00951,2026-01-26T08:35:09.408Z,240.48,DELIVERED
ORD-1786976311027-95D69E90,CUST-00973,2026-07-16T22:14:31.656Z,47.33,DELIVERED
ORD-1786976311027-2DABB832,CUST-00023,2026-05-19T17:03:15.933Z,336.45,DELIVERED
ORD-1786976311027-01B5C9AE,CUST-00286,2025-06-20T04:28:07.871Z,349.99,CANCELLED
ORD-1786976311027-8935BCF6,CUST-00964,2025-04-10T11:00:34.315Z,73.96,SHIPPED
ORD-1786976311027-0B18092A,CUST-00793,2025-01-23T19:18:43.021Z,30.97,PENDING
ORD-1786976311027-EDC9EA6C,CUST-00464,2025-10-11T20:01:05.911Z,285.48,SHIPPED
ORD-1786976311027-ADDF2920,CUST-00082,2025-08-05T03:10:55.942Z,271.22,PENDING
ORD-1786976311027-5B5F1699,CUST-00252,2025-12-20T00:56:57.633Z,360.05,SHIPPED
ORD-1786976311027-676923C3,CUST-00791,2025-04-15T11:55:06.295Z,81.09,PENDING
ORD-1786976311027-D25F93A6,CUST-00154,2025-03-11T05:37:22.538Z,277.81,SHIPPED
ORD-1786976311027-32384212,CUST-00801,2025-07-13T23:51:46.808Z,153.28,COMPLETED
ORD-1786976311027-7B997FE6,CUST-00641,2025-07-31T12:31:10.068Z,363.71,DELIVERED
ORD-1786976311027-3E902318,CUST-00779,2025-09-08T02:29:35.353Z,252.09,PROCESSING
ORD-1786976311027-1DBEAC61,CUST-00256,2026-08-02T19:29:28.910Z,174.57,SHIPPED
ORD-1786976311027-D890663C,CUST-00572,2025-07-18T03:03:13.508Z,414.27,PENDING
ORD-1786976311027-30AE2ACF,CUST-00618,2026-08-03T10:55:49.813Z,478.74,CANCELLED
ORD-1786976311027-719641C7,CUST-00324,2026-07-16T14:29:31.383Z,464.23,PENDING
ORD-1786976311027-FE33CE21,CUST-00608,2025-01-11T00:55:13.264Z,371.66,SHIPPED
ORD-1786976311027-2FCDC3ED,CUST-00576,2026-04-11T06:33:58.528Z,173.57,SHIPPED
ORD-1786976311027-2FF11D6B,CUST-00429,2026-06-07T14:16:49.273Z,36.97,PROCESSING
ORD-1786976311027-3DB2054D,CUST-00451,2026-05-13T15:36:18.171Z,181.39,CANCELLED
ORD-1786976311027-4866D586,CUST-00049,2025-11-05T19:26:30.055Z,165.25,PENDING
ORD-1786976311027-1EA84226,CUST-00449,2026-02-21T15:49:24.416Z,475.09,PENDING
ORD-1786976311027-7C40D299,CUST-00620,2026-03-15T12:06:56.102Z,331.38,COMPLETED
ORD-1786976311027-D8E22856,CUST-00857,2025-10-28T09:35:40.985Z,270.02,DELIVERED
ORD-1786976311027-171BF28F,CUST-00270,2026-02-23T09:01:43.530Z,98.70,DELIVERED
ORD-1786976311027-66B7673B,CUST-00138,2025-08-08T05:46:44.807Z,378.77,CANCELLED
ORD-1786976311027-5F369157,CUST-00973,2025-09-02T18:38:55.024Z,156.92,PENDING
ORD-1786976311027-D9B89768,CUST-00086,2025-06-06T11:34:17.727Z,243.06,CANCELLED
ORD-1786976311027-A1681942,CUST-00740,2026-04-19T03:25:47.161Z,113.70,CANCELLED
ORD-1786976311027-3E32A669,CUST-00545,2025-10-10T08:11:22.507Z,294.77,CANCELLED
ORD-1786976311027-9C4153A7,CUST-00909,2026-01-08T05:38:55.983Z,195.72,PROCESSING
ORD-1786976311027-5821785C,CUST-00774,2025-08-29T22:16:26.365Z,276.96,PROCESSING
ORD-1786976311027-C58447A9,CUST-00065,2026-06-09T01:53:49.097Z,150.91,SHIPPED
ORD-1786976311027-5EFB1E02,CUST-00886,2026-04-12T02:29:29.931Z,77.62,CANCELLED
ORD-1786976311027-3B44C86C,CUST-00312,2025-04-08T01:17:03.068Z,15.01,PROCESSING
ORD-1786976311027-37ABBE1E,CUST-00493,2025-02-25T09:38:45.965Z,337.83,PROCESSING
ORD-1786976311027-B60FF24A,CUST-00363,2025-07-07T15:26:36.541Z,387.95,COMPLETED
ORD-1786976311027-0A067367,CUST-00692,2025-03-10T10:30:48.912Z,312.81,CANCELLED
ORD-1786976311027-0086A360,CUST-00828,2025-10-19T20:25:42.465Z,306.39,PENDING
ORD-1786976311027-2E6AD646,CUST-00984,2026-08-11T13:29:51.695Z,364.30,COMPLETED
ORD-1786976311027-5D4AE0EE,CUST-00833,2026-04-28T07:53:02.291Z,10.22,DELIVERED
ORD-1786976311027-1861DFB5,CUST-00680,2025-08-27T03:47:21.172Z,224.88,SHIPPED
ORD-1786976311027-05DDEA57,CUST-00582,2025-09-29T10:28:27.865Z,184.69,COMPLETED
ORD-1786976311027-B6A63D4E,CUST-00270,2025-05-28T20:57:15.539Z,75.26,DELIVERED
ORD-1786976311027-B6B41311,CUST-00251,2025-03-12T01:05:49.192Z,111.06,SHIPPED
ORD-1786976311027-4218E4D3,CUST-00988,2026-06-14T00:50:35.051Z,124.87,PENDING
ORD-1786976311027-A26FCB24,CUST-00348,2025-02-06T13:03:00.804Z,509.73,CANCELLED
ORD-1786976311028-F3246C0A,CUST-00287,2025-03-07T03:30:36.140Z,121.24,PENDING
ORD-1786976311028-8C3D39D5,CUST-00734,2026-01-10T08:26:09.853Z,250.17,SHIPPED
ORD-1786976311028-169F9BF3,CUST-00074,2025-10-02T17:13:32.593Z,249.46,COMPLETED
ORD-1786976311028-205965A5,CUST-00075,2026-03-07T16:16:22.618Z,78.19,CANCELLED
ORD-INV-2900,,2026-05-10T10:00:00Z,120.00,PENDING
ORD-1786976311028-870D0E39,CUST-00226,2026-06-19T23:05:25.899Z,233.38,CANCELLED
ORD-1786976311028-F680202C,CUST-00974,2026-06-09T05:03:58.796Z,485.92,COMPLETED
ORD-1786976311028-0790FE18,CUST-00903,2026-03-07T09:09:19.188Z,265.70,SHIPPED
ORD-1786976311028-E18C503F,CUST-00320,2025-10-09T07:24:23.536Z,383.05,DELIVERED
ORD-1786976311028-5E964EC8,CUST-00608,2025-02-16T00:52:25.333Z,226.99,PROCESSING
ORD-1786976311028-6CA1F5ED,CUST-00197,2025-07-16T11:44:15.728Z,284.18,PENDING
ORD-1786976311028-3D140C89,CUST-00438,2025-12-14T00:55:41.850Z,417.04,SHIPPED
ORD-1786976311028-1A6AEBBE,CUST-00630,2026-02-27T01:37:42.685Z,383.61,CANCELLED
ORD-1786976311028-CE0E88A2,CUST-00425,2026-04-30T11:19:24.590Z,47.13,PROCESSING
ORD-1786976311028-3987035E,CUST-00365,2026-06-16T20:26:27.107Z,73.29,CANCELLED
ORD-1786976311028-CF1DD4DA,CUST-00998,2025-02-21T00:09:45.971Z,420.58,PENDING
ORD-1786976311028-1F2B8123,CUST-00929,2025-02-05T18:36:38.712Z,43.10,PENDING
ORD-1786976311028-6920EEFD,CUST-00364,2026-07-12T23:30:41.308Z,342.06,PROCESSING
ORD-1786976311028-BFB750E6,CUST-00840,2025-04-26T09:05:54.785Z,390.56,COMPLETED
ORD-1786976311028-24E3104A,CUST-00079,2026-01-21T14:45:37.618Z,503.64,PROCESSING
ORD-1786976311028-791411D0,CUST-00300,2025-07-24T20:27:14.630Z,262.72,PENDING
ORD-1786976311028-01B8B97E,CUST-00655,2025-04-06T03:57:17.865Z,392.53,SHIPPED
ORD-1786976311028-93762183,CUST-00451,2025-09-04T08:00:19.803Z,225.09,SHIPPED
ORD-1786976311028-ECAE41B9,CUST-00131,2025-08-04T05:15:53.671Z,362.62,COMPLETED
ORD-1786976311028-6FF8E8CA,CUST-00978,2026-04-23T01:46:59.426Z,394.52,DELIVERED
ORD-1786976311028-F0589F43,CUST-00834,2025-05-12T08:55:49.320Z,168.96,DELIVERED
ORD-1786976311028-86728DF5,CUST-00696,2025-10-01T18:46:51.352Z,389.55,PROCESSING
ORD-1786976311028-202E863F,CUST-00714,2025-07-24T20:17:01.449Z,380.70,PROCESSING
ORD-1786976311028-96B088AE,CUST-00570,2026-02-26T00:06:02.440Z,72.28,PENDING
ORD-1786976311028-88E0C3A8,CUST-00406,2025-04-02T19:58:05.281Z,364.79,PENDING
ORD-1786976311028-1F439A09,CUST-00024,2026-03-25T06:44:50.401Z,107.92,CANCELLED
ORD-1786976311028-CB95F385,CUST-00948,2025-03-02T09:58:03.940Z,113.66,CANCELLED
ORD-1786976311028-B9444837,CUST-00898,2026-03-12T04:34:41.719Z,436.54,PROCESSING
ORD-1786976311028-3ECEE497,CUST-00867,2025-12-24T09:07:47.115Z,318.41,CANCELLED
ORD-1786976311028-CBE5FE82,CUST-00746,2026-01-04T00:29:39.329Z,382.17,PROCESSING
ORD-1786976311028-90C5B13F,CUST-00750,2025-04-11T07:51:21.906Z,215.96,PROCESSING
ORD-1786976311028-A20EF960,CUST-00807,2026-07-11T19:57:14.939Z,175.93,CANCELLED
ORD-1786976311028-3444305E,CUST-00144,2025-01-10T13:21:48.658Z,97.88,CANCELLED
ORD-1786976311028-E6258EDD,CUST-00510,2026-02-04T20:08:21.839Z,134.39,CANCELLED
ORD-1786976311028-E8D397E3,CUST-00706,2025-06-29T22:36:32.986Z,456.37,SHIPPED
ORD-1786976311028-91FB451E,CUST-00139,2025-06-11T16:19:40.951Z,331.51,PENDING
ORD-1786976311028-4ADBB01C,CUST-00410,2025-05-27T05:22:05.523Z,187.69,COMPLETED
ORD-1786976311028-2DE6D9C0,CUST-00548,2025-12-18T01:35:49.521Z,19.53,COMPLETED
ORD-1786976311028-53654914,CUST-00147,2025-09-08T04:35:38.165Z,39.56,PENDING
ORD-1786976311028-D966DBD6,CUST-00877,2026-06-15T20:52:15.249Z,344.54,COMPLETED
ORD-1786976311028-A64709FE,CUST-00941,2025-05-30T07:20:15.251Z,66.17,PENDING
ORD-1786976311028-AC22F2CE,CUST-00695,2025-11-12T13:04:40.774Z,473.39,CANCELLED
ORD-1786976311028-9C02ACD5,CUST-00005,2025-11-30T23:45:55.190Z,288.10,COMPLETED
ORD-1786976311028-86F57D3D,CUST-00396,2026-04-26T18:45:54.104Z,405.73,COMPLETED
ORD-1786976311028-055B4CF3,CUST-00577,2026-02-01T18:49:51.458Z,11.13,PENDING
ORD-1786976311028-3865985A,CUST-00886,2026-05-09T12:52:30.097Z,285.21,DELIVERED
ORD-1786976311028-65670E12,CUST-00166,2025-12-13T12:39:06.393Z,296.42,SHIPPED
ORD-1786976311028-80BD0993,CUST-00426,2026-05-20T11:00:08.809Z,32.39,COMPLETED
ORD-1786976311028-EBAB86AF,CUST-00005,2025-09-11T10:31:43.490Z,44.89,PROCESSING
ORD-1786976311028-52C6DFD8,CUST-00671,2025-11-03T09:59:01.817Z,362.06,COMPLETED
ORD-1786976311028-988FA3ED,CUST-00599,2026-02-02T06:30:25.615Z,278.30,COMPLETED
ORD-1786976311028-00D30313,CUST-00356,2026-01-10T05:10:26.073Z,266.73,DELIVERED
ORD-1786976311028-62F5A098,CUST-00888,2025-06-08T08:41:54.371Z,150.59,DELIVERED
ORD-1786976311028-3E675189,CUST-00314,2025-12-24T13:20:28.458Z,313.81,PENDING
ORD-1786976311028-74C1FAC6,CUST-00035,2026-07-25T21:52:18.751Z,55.70,SHIPPED
ORD-1786976311028-75FE9215,CUST-00075,2026-05-16T10:09:28.953Z,405.83,DELIVERED
ORD-1786976311028-039617B7,CUST-00455,2026-07-04T06:20:39.297Z,260.03,SHIPPED
ORD-1786976311028-0365CCAF,CUST-00967,2026-02-14T01:04:16.236Z,237.07,PROCESSING
ORD-1786976311028-31E462BE,CUST-00739,2025-10-31T08:34:30.293Z,261.88,COMPLETED
ORD-1786976311028-34861E06,CUST-00799,2026-07-06T17:02:07.517Z,324.69,PROCESSING
ORD-1786976311028-0B20DF05,CUST-00847,2026-08-13T19:22:17.780Z,334.65,SHIPPED
ORD-1786976311028-41B72B04,CUST-00704,2025-08-24T16:09:34.228Z,435.83,SHIPPED
ORD-1786976311028-26AEC4F2,CUST-00709,2025-01-12T23:34:36.711Z,144.57,PENDING
ORD-1786976311028-11BC2C11,CUST-00312,2026-04-01T20:24:49.369Z,315.62,COMPLETED
ORD-1786976311028-B404777F,CUST-00458,2025-07-27T15:04:41.768Z,14.31,CANCELLED
ORD-1786976311028-228A3F14,CUST-00589,2025-06-06T00:08:27.665Z,227.90,COMPLETED
ORD-1786976311028-ABC02342,CUST-00230,2025-11-27T00:42:10.282Z,301.94,DELIVERED
ORD-1786976311028-80583D5E,CUST-00656,2026-01-27T09:03:23.593Z,95.06,CANCELLED
ORD-1786976311028-B30CFBDE,CUST-00780,2025-08-31T18:28:34.017Z,377.63,COMPLETED
ORD-1786976311028-05D8A673,CUST-00885,2026-06-05T16:41:23.829Z,283.41,PROCESSING
ORD-1786976311028-02AA43AD,CUST-00227,2026-02-02T13:44:30.955Z,465.95,COMPLETED
ORD-1786976311028-2C7F50E1,CUST-00012,2025-03-19T14:47:38.445Z,86.85,PENDING
ORD-1786976311028-45B0B9D8,CUST-00048,2025-06-12T22:27:04.798Z,348.50,DELIVERED
ORD-1786976311028-EA25DEA8,CUST-00919,2025-02-23T16:58:56.584Z,85.56,COMPLETED
ORD-1786976311028-F03BBD70,CUST-00840,2025-04-01T19:14:48.180Z,89.92,SHIPPED
ORD-1786976311028-F2A3C492,CUST-00871,2026-05-08T05:26:26.253Z,379.08,CANCELLED
ORD-1786976311028-D253AD8F,CUST-00267,2025-11-25T18:15:10.070Z,45.85,CANCELLED
ORD-1786976311028-B0E56C7A,CUST-00166,2025-01-17T13:54:50.533Z,343.93,DELIVERED
ORD-1786976311028-9ECC821D,CUST-00241,2025-05-15T13:26:20.895Z,11.60,SHIPPED
ORD-1786976311028-6BA9AF40,CUST-00277,2026-07-31T19:10:25.657Z,319.83,PROCESSING
ORD-1786976311028-B19A5C61,CUST-00291,2026-08-05T10:02:10.944Z,237.32,SHIPPED
ORD-1786976311028-4D9C5357,CUST-00271,2025-06-01T18:34:22.082Z,410.23,PENDING
ORD-1786976311028-9B00C87D,CUST-00257,2025-06-25T01:13:00.561Z,43.69,SHIPPED
ORD-1786976311028-A5C2ABB5,CUST-00814,2025-11-13T18:49:43.986Z,304.35,CANCELLED
ORD-1786976311028-31B0431A,CUST-00901,2026-06-19T15:22:55.140Z,82.08,PROCESSING
ORD-1786976311028-F656F287,CUST-00104,2026-02-26T23:09:11.201Z,18.86,COMPLETED
ORD-1786976311028-35275514,CUST-00710,2025-07-19T10:03:22.029Z,209.30,COMPLETED
ORD-1786976311028-5E69EC62,CUST-00256,2025-11-19T13:08:34.843Z,243.93,CANCELLED
ORD-1786976311028-DC4BA921,CUST-00937,2026-01-26T00:10:03.903Z,404.50,PROCESSING
ORD-1786976311028-95DF2A11,CUST-00022,2025-08-23T02:47:30.481Z,194.74,CANCELLED
ORD-1786976311028-880927E2,CUST-00188,2025-04-06T12:41:06.088Z,271.96,SHIPPED
ORD-1786976311028-17A9452B,CUST-00616,2025-05-23T01:58:04.431Z,85.74,DELIVERED
ORD-1786976311028-9A33042E,CUST-00394,2025-06-05T02:42:35.740Z,114.83,SHIPPED
ORD-1786976311028-29206517,CUST-00357,2025-01-15T03:19:35.262Z,16.56,COMPLETED
ORD-1786976311028-288938C8,CUST-00982,2025-01-21T15:19:17.040Z,229.60,PENDING
ORD-1786976311028-93E04E8E,CUST-00862,2025-07-07T04:11:24.323Z,89.51,COMPLETED
ORD-1786976311028-DABD89D5,CUST-00521,2025-02-20T01:31:59.272Z,10.90,COMPLETED
ORD-1786976311028-E2545BE1,CUST-00197,2026-08-07T18:25:08.835Z,216.97,CANCELLED
ORD-1786976311028-3985034A,CUST-00364,2025-03-22T02:45:59.026Z,293.27,DELIVERED
ORD-INV-3000,CUST-001,INVALID_DATE_FORMAT,99.99,PENDING
ORD-1786976311028-6FC27DE4,CUST-00071,2025-10-25T09:00:04.425Z,99.98,PENDING
ORD-1786976311028-A2674359,CUST-00373,2025-02-09T04:58:30.400Z,193.58,PROCESSING
ORD-1786976311028-0B491D98,CUST-00120,2025-11-22T21:44:19.438Z,98.91,CANCELLED
ORD-1786976311028-1B26FF46,CUST-00114,2026-07-24T00:36:48.045Z,416.96,PROCESSING
ORD-1786976311028-5FF569E5,CUST-00063,2025-07-17T15:57:00.139Z,348.78,COMPLETED
ORD-1786976311028-9B18982B,CUST-00903,2026-03-06T01:09:40.685Z,187.89,CANCELLED
ORD-1786976311028-4C30A3E0,CUST-00277,2026-02-12T12:58:34.682Z,182.96,COMPLETED
ORD-1786976311028-601AA9AB,CUST-00164,2026-03-12T07:23:06.878Z,438.98,PROCESSING
ORD-1786976311028-A06C8A4F,CUST-00050,2025-10-25T22:22:03.586Z,492.43,PROCESSING
ORD-1786976311028-F732DDAA,CUST-00767,2025-09-09T13:48:14.560Z,354.79,CANCELLED
ORD-1786976311028-FEAB17E8,CUST-00522,2025-04-02T07:10:11.282Z,299.44,CANCELLED
ORD-1786976311028-C2F6A095,CUST-01000,2026-01-06T08:34:31.339Z,267.72,PROCESSING
ORD-1786976311028-19190BD6,CUST-00228,2025-11-09T04:50:19.198Z,312.28,COMPLETED
ORD-1786976311028-3456CAD5,CUST-00050,2026-07-03T15:25:48.111Z,259.31,PENDING
ORD-1786976311028-6714F057,CUST-00323,2025-04-04T12:59:06.807Z,382.88,COMPLETED
ORD-1786976311028-CB6F02DA,CUST-00211,2026-05-07T19:58:27.059Z,120.03,DELIVERED
ORD-1786976311028-1E0D46CB,CUST-00127,2026-04-05T08:51:55.125Z,248.01,SHIPPED
ORD-1786976311028-9B0641B7,CUST-00523,2026-07-28T03:53:48.840Z,445.95,DELIVERED
ORD-1786976311028-F4656755,CUST-00253,2025-05-10T07:41:35.315Z,375.51,CANCELLED
ORD-1786976311028-DE626DE4,CUST-00107,2026-01-07T13:06:51.568Z,339.39,COMPLETED
ORD-1786976311028-3BF71532,CUST-00122,2025-04-26T10:06:47.192Z,253.43,DELIVERED
ORD-1786976311028-CF0769EC,CUST-00061,2025-08-27T19:10:05.908Z,351.91,CANCELLED
ORD-1786976311028-4AA6691B,CUST-00554,2026-03-22T20:30:33.348Z,63.45,PROCESSING
ORD-1786976311028-B807D923,CUST-00157,2026-05-21T16:56:59.098Z,245.61,PROCESSING
ORD-1786976311028-FBCF4C08,CUST-00385,2025-08-16T15:23:28.493Z,217.53,SHIPPED
ORD-1786976311028-F79E490B,CUST-00050,2026-04-27T01:51:30.295Z,431.08,DELIVERED
ORD-1786976311028-39F013D1,CUST-00586,2025-07-26T15:35:54.532Z,151.96,PROCESSING
ORD-1786976311028-402553D4,CUST-00223,2025-08-26T15:33:52.986Z,380.75,PENDING
ORD-1786976311028-67B29888,CUST-00825,2025-11-01T18:22:52.732Z,49.53,DELIVERED
ORD-1786976311028-BEB532E2,CUST-00628,2025-08-15T12:16:20.785Z,110.76,DELIVERED
ORD-1786976311028-00187968,CUST-00008,2026-06-15T14:48:39.535Z,143.61,CANCELLED
ORD-1786976311028-B0333A31,CUST-00902,2026-03-14T14:44:26.383Z,312.33,PENDING
ORD-1786976311028-53D7D344,CUST-00038,2025-01-29T07:17:53.325Z,422.79,COMPLETED
ORD-1786976311028-25ED9198,CUST-00158,2025-04-07T21:02:07.853Z,35.84,SHIPPED
ORD-1786976311028-2493CCB3,CUST-00022,2025-08-02T02:27:22.311Z,498.93,PENDING
ORD-1786976311028-79CF4BE6,CUST-00645,2025-09-15T12:51:18.990Z,393.40,COMPLETED
ORD-1786976311028-E6A425F6,CUST-00877,2025-06-08T21:45:00.000Z,167.70,PROCESSING
ORD-1786976311028-175A0C2D,CUST-00780,2025-12-26T03:34:50.506Z,100.16,SHIPPED
ORD-1786976311028-9142E826,CUST-00238,2025-09-28T00:50:48.946Z,286.67,PENDING
ORD-1786976311028-B32A02AD,CUST-00450,2025-11-10T14:35:20.817Z,438.33,PENDING
ORD-1786976311028-F45BD5C4,CUST-00355,2025-03-29T15:08:43.491Z,292.36,CANCELLED
ORD-1786976311028-6EEED814,CUST-00621,2025-02-03T12:59:42.939Z,226.34,COMPLETED
ORD-1786976311028-9B051FD7,CUST-00357,2026-05-24T07:25:29.790Z,280.14,PROCESSING
ORD-1786976311028-FCF8B917,CUST-00050,2025-05-08T12:35:41.386Z,67.21,CANCELLED
ORD-1786976311028-778A1F38,CUST-00050,2026-08-12T17:57:13.936Z,436.25,SHIPPED
ORD-1786976311028-C6969D7B,CUST-00614,2026-07-22T08:11:15.879Z,59.91,DELIVERED
ORD-1786976311028-9D602C7F,CUST-00105,2025-09-22T14:47:25.146Z,64.84,PROCESSING
ORD-1786976311028-665C5AD5,CUST-00401,2026-05-04T15:45:21.466Z,24.08,SHIPPED
ORD-1786976311028-C297395E,CUST-00119,2026-05-26T21:35:35.123Z,265.64,PENDING
ORD-1786976311028-4120704D,CUST-00327,2025-11-28T14:49:10.779Z,266.03,PENDING
ORD-1786976311028-7596CE1C,CUST-00451,2025-10-25T03:36:18.378Z,345.45,CANCELLED
ORD-1786976311028-E40055F4,CUST-00823,2026-07-24T13:13:09.216Z,40.74,DELIVERED
ORD-1786976311028-2B29628C,CUST-00796,2025-10-17T04:44:22.089Z,26.23,PROCESSING
ORD-1786976311028-F4BDA831,CUST-00360,2025-09-05T12:34:55.168Z,258.77,CANCELLED
ORD-1786976311028-D5D55A97,CUST-00247,2026-07-06T06:56:41.423Z,378.67,CANCELLED
ORD-1786976311028-E1FD1465,CUST-00373,2026-06-26T16:03:00.442Z,454.77,CANCELLED
ORD-1786976311028-B20E92DC,CUST-00950,2026-05-02T12:11:54.510Z,146.74,PROCESSING
ORD-1786976311028-51F9F98C,CUST-00292,2025-02-13T09:27:43.854Z,399.52,COMPLETED
ORD-1786976311028-E7970A6D,CUST-00362,2025-03-10T00:42:32.679Z,488.36,PROCESSING
ORD-1786976311028-32DD2F30,CUST-00338,2026-01-08T10:19:59.058Z,286.70,DELIVERED
ORD-1786976311028-14F58F95,CUST-00639,2025-01-14T06:34:10.929Z,198.98,DELIVERED
ORD-1786976311028-8DBDC693,CUST-00784,2025-10-18T04:52:59.389Z,40.34,CANCELLED
ORD-1786976311028-CC569C72,CUST-00585,2025-10-31T12:35:25.350Z,378.78,CANCELLED
ORD-1786976311028-56C9A902,CUST-00154,2026-04-06T19:30:16.141Z,22.67,PENDING
ORD-1786976311028-0F7F04A5,CUST-00329,2025-02-26T23:38:15.947Z,460.36,CANCELLED
ORD-1786976311028-D0D22D28,CUST-00679,2026-03-10T17:02:21.822Z,208.15,CANCELLED
ORD-1786976311028-E502A467,CUST-00112,2025-07-14T17:09:55.921Z,265.39,CANCELLED
ORD-1786976311028-13C4B5D3,CUST-00895,2025-07-01T16:28:33.733Z,213.12,DELIVERED
ORD-1786976311028-5D2FE502,CUST-00493,2025-07-29T07:23:58.128Z,89.97,PROCESSING
ORD-1786976311028-1F3E6881,CUST-00782,2026-06-08T14:43:55.209Z,466.80,CANCELLED
ORD-1786976311028-8E74323D,CUST-00213,2026-04-15T00:31:46.731Z,419.39,DELIVERED
ORD-1786976311028-A246A763,CUST-00435,2026-06-08T11:31:18.067Z,205.36,CANCELLED
ORD-1786976311028-EB04B732,CUST-00176,2025-01-10T04:04:56.676Z,423.79,COMPLETED
ORD-1786976311028-3F4C8B0D,CUST-00802,2025-03-28T04:18:50.820Z,362.76,COMPLETED
ORD-1786976311028-E79EB4A1,CUST-00888,2025-09-06T16:42:27.416Z,210.60,SHIPPED
ORD-1786976311028-B0BA4057,CUST-00344,2026-01-11T12:48:53.447Z,463.87,DELIVERED
ORD-1786976311028-769481FA,CUST-00547,2025-12-15T11:21:50.934Z,19.08,PENDING
ORD-1786976311028-4F775EAE,CUST-00947,2026-05-21T16:10:44.388Z,118.83,CANCELLED
ORD-1786976311028-C6B46296,CUST-00425,2025-07-21T04:22:16.541Z,121.11,DELIVERED
ORD-1786976311028-FBDDD2CB,CUST-00260,2026-01-02T20:19:36.472Z,451.84,PENDING
ORD-1786976311028-3024D7D9,CUST-00094,2025-01-08T21:57:50.070Z,207.36,PENDING
ORD-1786976311028-1965CC1C,CUST-00306,2026-08-13T07:28:15.825Z,198.97,COMPLETED
ORD-1786976311028-AF2658B4,CUST-00625,2026-07-20T01:27:21.738Z,232.36,COMPLETED
ORD-1786976311028-A8FB104C,CUST-00772,2026-04-19T12:42:18.346Z,422.85,CANCELLED
ORD-1786976311028-DC0F20C7,CUST-00317,2026-07-25T06:24:32.560Z,16.45,DELIVERED
ORD-1786976311028-C419875A,CUST-00696,2026-04-06T01:12:05.138Z,281.18,DELIVERED
ORD-1786976311029-FE6AF021,CUST-00529,2026-01-24T19:19:04.594Z,98.01,PROCESSING
ORD-1786976311029-FB89FF35,CUST-00175,2026-05-31T20:58:43.667Z,459.27,PENDING
ORD-1786976311029-6B6329F0,CUST-00005,2025-07-08T17:00:24.781Z,22.02,PROCESSING
ORD-1786976311029-3E568F65,CUST-00678,2026-02-18T03:06:52.996Z,286.39,COMPLETED
ORD-1786976311029-3F9D19E2,CUST-00466,2026-04-25T18:03:41.718Z,306.18,SHIPPED
ORD-1786976311029-A8AF1CFC,CUST-00589,2025-03-31T04:28:48.968Z,170.51,PENDING
ORD-1786976311029-FEE949EE,CUST-00921,2025-05-16T15:06:48.188Z,64.00,PENDING
ORD-1786976311029-9BE3312C,CUST-00605,2026-04-24T02:50:29.270Z,136.24,PROCESSING
ORD-1786976311029-2ACBE536,CUST-00630,2026-06-06T22:18:46.328Z,53.23,CANCELLED
ORD-1786976311029-6492DC57,CUST-00193,2025-03-31T22:12:25.862Z,236.91,CANCELLED
ORD-1786976311029-A7E3D066,CUST-00698,2025-04-15T05:53:34.189Z,333.45,CANCELLED
ORD-1786976311029-9FFD5776,CUST-00534,2025-11-15T11:46:57.516Z,421.36,DELIVERED
ORD-1786976311029-C45C1F84,CUST-00266,2026-03-09T16:46:42.176Z,246.91,PENDING
ORD-INV-3100,CUST-002,2026-05-10T10:00:00Z,-50.00,COMPLETED
ORD-1786976311029-DC2C8091,CUST-00119,2026-07-12T23:03:49.026Z,111.28,PROCESSING
ORD-1786976311029-F01D935F,CUST-00563,2025-03-14T16:53:42.809Z,300.82,SHIPPED
ORD-1786976311029-86F6127F,CUST-00661,2025-08-15T03:43:38.048Z,173.82,COMPLETED
ORD-1786976311029-805C59D1,CUST-00846,2025-02-19T03:45:11.537Z,256.41,SHIPPED
ORD-1786976311029-10376705,CUST-00404,2025-01-04T08:03:08.661Z,86.47,SHIPPED
ORD-1786976311029-A0D451F4,CUST-00983,2026-01-17T15:54:31.585Z,216.98,COMPLETED
ORD-1786976311029-24D15941,CUST-00144,2026-03-28T05:09:37.676Z,499.00,DELIVERED
ORD-1786976311029-E6ACA73C,CUST-00819,2025-08-28T10:38:05.736Z,351.25,CANCELLED
ORD-1786976311029-B6BA87D8,CUST-00745,2026-03-09T16:24:24.286Z,469.35,PENDING
ORD-1786976311029-9191513E,CUST-00081,2025-05-01T15:07:07.844Z,261.06,PENDING
ORD-1786976311029-BB64BD95,CUST-00378,2025-06-09T12:53:01.468Z,271.46,SHIPPED
ORD-1786976311029-A0B1AE6C,CUST-00561,2026-06-09T19:26:47.014Z,399.89,PENDING
ORD-1786976311029-3322AD72,CUST-00431,2026-07-23T05:31:55.748Z,404.86,PENDING
ORD-1786976311029-45A749BD,CUST-00222,2025-12-14T07:25:38.637Z,26.78,PROCESSING
ORD-1786976311029-70ED7E7C,CUST-00129,2026-04-13T09:23:36.527Z,484.93,PENDING
ORD-1786976311029-369484FF,CUST-00450,2026-07-25T03:45:30.904Z,344.04,DELIVERED
ORD-1786976311029-E7F19394,CUST-00691,2026-04-17T07:23:23.339Z,358.62,SHIPPED
ORD-1786976311029-88C5E959,CUST-00809,2026-04-21T23:09:00.702Z,283.88,DELIVERED
ORD-1786976311029-B789363B,CUST-00902,2025-08-08T20:10:50.142Z,61.12,CANCELLED
ORD-1786976311029-97E55559,CUST-00750,2025-05-06T06:34:38.378Z,484.28,PENDING
ORD-1786976311029-5CABEE17,CUST-00744,2026-04-12T14:14:41.436Z,42.91,SHIPPED
ORD-1786976311029-E8139CFB,CUST-00186,2026-02-07T05:00:55.921Z,345.72,SHIPPED
ORD-1786976311029-8804E98C,CUST-00559,2025-08-23T09:56:24.661Z,405.19,COMPLETED
ORD-1786976311029-CC49FAEE,CUST-00947,2026-05-01T03:48:53.510Z,18.64,COMPLETED
ORD-1786976311029-BCB11747,CUST-00928,2026-04-27T03:20:46.000Z,453.87,COMPLETED
ORD-1786976311029-3A59424C,CUST-00995,2026-03-08T04:08:02.891Z,199.61,PROCESSING
ORD-1786976311029-610F5428,CUST-00980,2025-07-31T14:10:44.876Z,142.47,DELIVERED
ORD-1786976311029-9A41E7BC,CUST-00713,2025-09-02T05:13:41.650Z,374.34,SHIPPED
ORD-1786976311029-E676F6BA,CUST-00366,2026-07-27T16:39:38.386Z,481.40,DELIVERED
ORD-1786976311029-925E99A4,CUST-00873,2025-02-11T06:19:11.470Z,189.62,CANCELLED
ORD-1786976311029-B9AD7D07,CUST-00132,2025-02-18T08:08:13.672Z,70.38,DELIVERED
ORD-1786976311029-094F34CB,CUST-00435,2025-07-08T03:09:52.741Z,18.64,PENDING
ORD-1786976311029-201C136B,CUST-00702,2026-03-18T10:20:55.732Z,388.67,DELIVERED
ORD-1786976311029-F8AF152E,CUST-00261,2026-06-12T07:14:09.505Z,45.24,DELIVERED
ORD-1786976311029-F92EFCFC,CUST-00042,2025-10-29T22:24:55.037Z,263.62,COMPLETED
ORD-1786976311029-107741D2,CUST-00612,2025-05-29T09:53:54.536Z,31.61,PENDING
ORD-1786976311029-F1A84E39,CUST-00444,2025-05-20T06:23:54.490Z,240.18,PENDING
ORD-1786976311029-472014C4,CUST-00703,2025-07-21T21:27:41.272Z,57.88,CANCELLED
ORD-1786976311029-0409B1DE,CUST-00383,2025-05-23T23:35:44.465Z,272.56,DELIVERED
ORD-1786976311029-8600C359,CUST-00840,2025-09-09T18:12:38.065Z,282.41,CANCELLED
ORD-1786976311029-964DBB9D,CUST-00610,2025-09-11T14:24:04.175Z,316.74,CANCELLED
ORD-1786976311029-B57B94E4,CUST-00590,2026-06-07T12:36:22.983Z,103.16,DELIVERED
ORD-1786976311029-7CF781FF,CUST-00844,2025-05-19T16:51:33.985Z,475.12,COMPLETED
ORD-1786976311029-E12ECBD5,CUST-00568,2026-02-20T13:55:13.474Z,453.15,SHIPPED
ORD-1786976311029-04184EE7,CUST-00483,2025-10-13T00:38:24.455Z,334.57,PENDING
ORD-1786976311029-5281D589,CUST-00801,2025-06-20T07:51:31.841Z,236.31,PENDING
ORD-1786976311029-913913F8,CUST-00179,2025-12-07T09:55:38.243Z,68.19,SHIPPED
ORD-1786976311029-5797E609,CUST-00720,2025-08-21T19:36:42.875Z,237.95,SHIPPED
ORD-1786976311029-310D3255,CUST-00140,2025-01-31T10:27:26.533Z,298.71,COMPLETED
ORD-1786976311029-70A1C766,CUST-00805,2025-12-13T17:43:57.743Z,428.80,CANCELLED
ORD-1786976311029-48C811F2,CUST-00892,2025-10-10T13:20:09.441Z,341.60,DELIVERED
ORD-1786976311029-EBC987B0,CUST-00341,2025-11-22T08:22:13.554Z,109.19,PENDING
ORD-1786976311029-690AEFF0,CUST-00733,2026-04-13T09:36:49.357Z,375.43,PENDING
ORD-1786976311029-AEEAF4DB,CUST-00345,2026-06-18T08:04:44.860Z,461.18,SHIPPED
ORD-1786976311029-C1B2BB01,CUST-00999,2026-05-26T20:27:15.659Z,377.78,PROCESSING
ORD-1786976311029-990AD0D0,CUST-00672,2025-07-07T16:25:40.490Z,416.91,SHIPPED
ORD-1786976311029-D87DFEE4,CUST-00828,2026-02-11T08:34:01.542Z,21.55,DELIVERED
ORD-1786976311029-5F8B52D9,CUST-00826,2026-07-08T19:48:06.118Z,267.78,SHIPPED
ORD-1786976311029-8A52A083,CUST-00718,2025-08-08T01:09:15.303Z,356.32,COMPLETED
ORD-1786976311029-621B8754,CUST-00561,2025-10-03T05:41:53.979Z,505.23,SHIPPED
ORD-1786976311029-C5CEC3DE,CUST-00519,2026-06-26T23:42:53.780Z,77.62,COMPLETED
ORD-1786976311029-183E8CA7,CUST-00709,2026-01-10T07:16:28.248Z,483.63,PENDING
ORD-1786976311029-7F892CCE,CUST-00970,2026-07-26T12:26:50.027Z,13.44,COMPLETED
ORD-1786976311029-24425029,CUST-00837,2025-01-23T05:27:30.966Z,431.20,COMPLETED
ORD-1786976311029-A917978B,CUST-00398,2026-07-16T06:16:19.463Z,488.59,COMPLETED
ORD-1786976311029-B3B5C5F5,CUST-00386,2026-02-27T18:38:35.088Z,432.42,DELIVERED
ORD-1786976311029-DF53D7B4,CUST-00365,2025-10-17T20:58:49.549Z,119.62,COMPLETED
ORD-1786976311029-5A03CDC4,CUST-00306,2025-04-04T03:26:14.212Z,477.67,PENDING
ORD-1786976311029-1D1D2A0A,CUST-00757,2025-09-07T05:38:39.051Z,99.59,CANCELLED
ORD-1786976311029-E5634034,CUST-00981,2025-12-19T22:19:24.145Z,387.70,DELIVERED
ORD-1786976311029-9469472B,CUST-00286,2026-04-10T18:59:07.822Z,335.51,PROCESSING
ORD-1786976311029-24566FB9,CUST-00949,2025-01-21T14:39:57.551Z,84.59,PROCESSING
ORD-1786976311029-4655713E,CUST-00669,2026-07-29T20:55:42.196Z,197.91,SHIPPED
ORD-1786976311029-2974D0B7,CUST-00659,2025-11-25T06:02:22.177Z,187.41,PENDING
ORD-1786976311029-747E836D,CUST-00176,2025-07-03T12:25:01.851Z,74.95,PROCESSING
ORD-1786976311029-A86D4E51,CUST-00350,2025-02-04T08:17:08.939Z,240.99,CANCELLED
ORD-1786976311029-52032CE2,CUST-00078,2025-02-12T00:31:26.056Z,495.90,CANCELLED
ORD-1786976311029-F17ED9A1,CUST-00253,2026-04-05T17:35:46.948Z,54.52,DELIVERED
ORD-1786976311029-6139AF20,CUST-00393,2025-01-04T02:34:54.211Z,74.12,PENDING
ORD-1786976311029-BDC386E5,CUST-00748,2025-05-13T22:23:43.044Z,422.40,DELIVERED
ORD-1786976311029-8C31DC23,CUST-00597,2025-03-30T09:29:29.020Z,261.01,SHIPPED
ORD-1786976311029-B901FC56,CUST-00650,2025-07-16T03:02:47.672Z,24.09,PROCESSING
ORD-1786976311029-9643881F,CUST-00672,2025-03-22T16:31:14.527Z,335.06,DELIVERED
ORD-1786976311029-C7876D62,CUST-00432,2026-06-25T05:05:56.494Z,343.45,SHIPPED
ORD-1786976311029-6DDCAF40,CUST-00721,2026-04-03T00:48:58.308Z,146.95,COMPLETED
ORD-1786976311029-6C5A8B62,CUST-00696,2025-10-19T05:11:37.117Z,185.28,CANCELLED
ORD-1786976311029-1070C693,CUST-00116,2025-11-07T04:57:35.469Z,494.67,PENDING
ORD-1786976311029-9902109E,CUST-00342,2026-01-29T21:50:42.335Z,258.23,SHIPPED
ORD-1786976311029-01D45E9D,CUST-00851,2025-06-19T23:52:54.127Z,22.05,PROCESSING
ORD-1786976311029-592A05CB,CUST-00706,2025-05-24T18:50:44.289Z,495.00,DELIVERED
ORD-1786976311029-92D3B679,CUST-00691,2026-06-06T17:38:27.606Z,313.33,PROCESSING
ORD-1786976311029-3ADBC6B6,CUST-00349,2025-02-26T11:43:03.945Z,213.05,DELIVERED
ORD-1786976311029-8B73B115,CUST-00647,2026-04-01T21:41:44.118Z,210.17,DELIVERED
ORD-1786976311029-A0CFCB65,CUST-00633,2025-06-08T02:38:19.737Z,350.01,PENDING
ORD-1786976311029-FA9472CC,CUST-00713,2026-01-15T11:26:16.943Z,293.43,CANCELLED
ORD-1786976311029-3EB206CB,CUST-00309,2025-04-17T03:59:26.986Z,446.03,PENDING
ORD-1786976311029-B632A079,CUST-00555,2025-02-12T23:30:17.050Z,495.32,PENDING
ORD-1786976311029-832FB402,CUST-00900,2026-06-29T17:26:06.496Z,113.68,PENDING
ORD-1786976311029-88FE115C,CUST-00387,2025-11-10T13:17:25.447Z,57.35,PROCESSING
ORD-INV-3200,,2026-05-10T10:00:00Z,120.00,PENDING
ORD-1786976311029-2EBE1383,CUST-00038,2025-10-19T02:17:39.035Z,130.30,COMPLETED
ORD-1786976311029-879982DB,CUST-00121,2026-07-01T20:06:35.540Z,489.50,COMPLETED
ORD-1786976311029-A56FC336,CUST-00544,2025-12-14T03:38:32.579Z,343.51,SHIPPED
ORD-1786976311029-39174A7E,CUST-00012,2025-03-18T01:35:59.726Z,310.43,DELIVERED
ORD-1786976311029-82B3CBB4,CUST-00842,2025-11-12T11:21:40.149Z,363.90,PROCESSING
ORD-1786976311029-719085BF,CUST-00080,2025-10-17T10:20:29.259Z,404.69,PROCESSING
ORD-1786976311029-63A8F524,CUST-00057,2025-08-17T04:16:54.602Z,74.77,COMPLETED
ORD-1786976311029-7C03B871,CUST-00353,2025-03-07T03:16:49.624Z,491.48,DELIVERED
ORD-1786976311029-3FF1FCDD,CUST-00649,2026-08-04T01:10:55.360Z,208.30,DELIVERED
ORD-1786976311029-367C25D6,CUST-00597,2025-11-11T03:44:25.187Z,169.81,COMPLETED
ORD-1786976311029-83D40E1F,CUST-00303,2025-07-15T01:13:17.826Z,466.11,PROCESSING
ORD-1786976311029-2E6DD35A,CUST-00462,2025-05-16T06:01:41.032Z,180.88,SHIPPED
ORD-1786976311029-77F40300,CUST-00166,2025-09-06T01:03:26.902Z,175.21,CANCELLED
ORD-1786976311029-82E3BCA5,CUST-00769,2026-01-17T07:50:11.198Z,291.48,PROCESSING
ORD-1786976311029-02957307,CUST-00805,2025-10-12T21:29:53.792Z,365.52,DELIVERED
ORD-1786976311029-E4382614,CUST-00360,2025-07-18T02:17:16.865Z,184.25,PENDING
ORD-1786976311029-C251E918,CUST-00558,2026-03-27T17:49:49.244Z,211.08,SHIPPED
ORD-1786976311029-6FF28BBA,CUST-00284,2025-08-18T23:06:03.893Z,494.34,PENDING
ORD-1786976311029-806B6E9B,CUST-00954,2025-10-26T17:45:42.528Z,230.26,CANCELLED
ORD-1786976311029-E1EA0E63,CUST-00287,2025-06-23T03:33:21.865Z,18.05,PROCESSING
ORD-1786976311029-696A950A,CUST-00680,2025-07-28T03:36:31.848Z,282.45,PROCESSING
ORD-1786976311029-3F776471,CUST-00157,2026-08-11T11:56:26.741Z,66.60,SHIPPED
ORD-1786976311029-80888E25,CUST-00047,2026-02-08T13:09:37.451Z,239.21,DELIVERED
ORD-1786976311029-8533E915,CUST-00078,2026-05-11T00:24:02.624Z,385.54,CANCELLED
ORD-1786976311029-9535DB0C,CUST-00337,2026-04-14T16:12:09.428Z,322.45,PENDING
ORD-1786976311029-50499A78,CUST-00317,2026-04-23T02:31:26.286Z,397.55,PROCESSING
ORD-1786976311029-20C292CB,CUST-00358,2025-12-15T15:46:52.676Z,379.70,DELIVERED
ORD-1786976311029-9A38DB2E,CUST-00309,2025-07-23T17:45:35.617Z,107.38,CANCELLED
ORD-1786976311029-2131E041,CUST-00602,2026-04-18T00:03:24.418Z,422.67,DELIVERED
ORD-1786976311029-0F6EF92A,CUST-00151,2025-09-11T20:29:39.881Z,272.80,PROCESSING
ORD-1786976311029-A029D7A5,CUST-00097,2025-05-20T13:00:01.529Z,15.88,COMPLETED
ORD-1786976311029-411532D6,CUST-00583,2025-02-15T06:30:06.352Z,256.38,SHIPPED
ORD-1786976311029-1D374916,CUST-00162,2026-03-14T20:48:00.201Z,138.75,SHIPPED
ORD-1786976311029-FC8D1205,CUST-00865,2025-08-29T21:23:55.804Z,344.44,SHIPPED
ORD-1786976311029-E5245D8E,CUST-00949,2026-07-22T04:26:52.380Z,177.99,COMPLETED
ORD-1786976311029-098FF201,CUST-00439,2025-08-26T19:54:45.429Z,275.20,PENDING
ORD-1786976311029-B1994B8F,CUST-00764,2026-05-08T17:22:45.390Z,307.83,CANCELLED
ORD-1786976311029-ED214AF0,CUST-00303,2025-01-07T00:11:29.249Z,44.23,CANCELLED
ORD-1786976311029-6A5511A4,CUST-00825,2025-05-27T17:54:27.052Z,376.15,COMPLETED
ORD-1786976311029-F22D36A0,CUST-00926,2026-04-10T16:07:48.269Z,107.87,COMPLETED
ORD-1786976311029-CD6D02C2,CUST-00349,2026-05-25T21:11:13.642Z,191.66,COMPLETED
ORD-1786976311029-0309B1E3,CUST-00938,2026-06-12T08:31:44.296Z,346.26,DELIVERED
ORD-1786976311029-1E4F77BA,CUST-00887,2026-01-01T01:34:28.373Z,446.81,DELIVERED
ORD-1786976311029-AD182972,CUST-00429,2025-02-28T21:10:18.529Z,460.64,COMPLETED
ORD-1786976311029-BF39980E,CUST-00768,2026-03-12T08:52:49.857Z,344.48,SHIPPED
ORD-1786976311029-DDBEF3FE,CUST-00937,2025-09-16T17:43:49.912Z,218.87,DELIVERED
ORD-1786976311029-166B3B5E,CUST-00348,2026-05-24T07:43:18.251Z,82.19,DELIVERED
ORD-1786976311029-D1638D63,CUST-00514,2026-01-24T08:10:54.191Z,446.29,SHIPPED
ORD-1786976311029-460277AD,CUST-00777,2025-08-12T11:08:30.898Z,114.07,PENDING
ORD-1786976311029-459BA795,CUST-00356,2025-07-17T10:04:23.673Z,91.69,COMPLETED
ORD-1786976311029-84AFDC05,CUST-00306,2026-02-13T14:21:53.200Z,138.68,PROCESSING
ORD-1786976311029-17C83E28,CUST-00295,2026-07-28T13:38:48.660Z,355.36,COMPLETED
ORD-1786976311029-C043CCA1,CUST-00980,2025-08-08T08:12:00.011Z,362.68,CANCELLED
ORD-1786976311029-4E231853,CUST-00421,2026-08-07T13:53:22.308Z,396.39,DELIVERED
ORD-1786976311029-B792057A,CUST-00040,2025-03-30T14:47:38.966Z,69.57,SHIPPED
ORD-1786976311029-ED1EF4EF,CUST-00195,2025-01-29T13:39:17.081Z,266.11,PROCESSING
ORD-1786976311029-07F0B174,CUST-00967,2026-02-17T22:31:06.447Z,244.26,PENDING
ORD-1786976311029-CACE83EF,CUST-00289,2025-08-15T19:53:02.805Z,53.88,PENDING
ORD-1786976311029-8B0623CD,CUST-00416,2025-12-16T12:48:18.642Z,103.67,SHIPPED
ORD-1786976311029-F1769214,CUST-00396,2025-03-19T03:08:06.598Z,402.50,PROCESSING
ORD-1786976311029-2C3A2005,CUST-00984,2026-06-10T15:44:11.300Z,163.07,DELIVERED
ORD-1786976311029-6FDA7AFC,CUST-00861,2025-01-30T12:44:37.023Z,128.26,CANCELLED
ORD-1786976311029-700C908D,CUST-00535,2026-01-16T04:15:16.797Z,355.60,SHIPPED
ORD-1786976311029-68A6DD19,CUST-00529,2025-01-30T20:29:54.784Z,398.99,PROCESSING
ORD-1786976311029-DCCEDD65,CUST-00680,2025-04-08T18:12:30.513Z,225.10,CANCELLED
ORD-1786976311029-40721EFB,CUST-00869,2025-12-06T15:46:03.287Z,431.30,CANCELLED
ORD-1786976311029-5B127792,CUST-00050,2025-06-01T06:55:23.757Z,502.87,PENDING
ORD-1786976311029-33A20B7C,CUST-00007,2026-02-26T22:34:19.340Z,128.95,CANCELLED
ORD-1786976311029-D2FE5DD4,CUST-00994,2026-07-24T17:21:11.437Z,71.22,PROCESSING
ORD-1786976311029-62D6F677,CUST-00825,2026-03-23T13:33:54.601Z,250.07,CANCELLED
ORD-1786976311029-4A25DAC0,CUST-00910,2025-01-10T12:12:29.475Z,355.25,COMPLETED
ORD-1786976311029-A5B50037,CUST-00801,2025-12-23T20:44:25.620Z,100.44,PENDING
ORD-1786976311029-434EC264,CUST-00954,2025-11-08T03:48:20.134Z,499.05,SHIPPED
ORD-1786976311029-121A15D5,CUST-00070,2025-02-10T03:39:54.487Z,45.05,SHIPPED
ORD-1786976311029-EF2E646F,CUST-00263,2025-12-25T20:08:45.459Z,502.95,PENDING
ORD-1786976311029-3E73F002,CUST-00459,2025-02-03T01:04:00.587Z,65.92,PROCESSING
ORD-1786976311030-C2063275,CUST-00989,2025-05-09T13:05:51.690Z,360.52,CANCELLED
ORD-1786976311030-18718CFA,CUST-00184,2026-04-14T16:29:14.513Z,283.16,DELIVERED
ORD-1786976311030-E0F09E5F,CUST-00254,2025-10-26T16:17:02.922Z,452.57,SHIPPED
ORD-1786976311030-A7DBE443,CUST-00843,2025-01-11T04:19:09.334Z,241.01,DELIVERED
ORD-1786976311030-80AEEDBC,CUST-00920,2026-03-17T02:41:26.145Z,292.22,PENDING
ORD-1786976311030-72905593,CUST-00909,2025-06-05T07:54:58.344Z,496.16,PENDING
ORD-1786976311030-D09BB96D,CUST-00769,2025-01-20T10:34:36.692Z,167.83,CANCELLED
ORD-1786976311030-319820E2,CUST-00282,2026-01-09T16:46:56.563Z,303.15,PENDING
ORD-1786976311030-B9E12A5C,CUST-00741,2025-08-02T22:59:17.608Z,322.27,COMPLETED
ORD-1786976311030-9C0C1DCD,CUST-00361,2025-01-11T06:31:37.432Z,474.04,DELIVERED
ORD-1786976311030-FC7511A2,CUST-00844,2025-05-20T08:10:37.941Z,178.64,PROCESSING
ORD-1786976311030-DC68C0EA,CUST-00666,2026-02-02T03:32:00.317Z,357.45,SHIPPED
ORD-1786976311030-5D38CFE9,CUST-00551,2025-08-05T22:58:33.875Z,191.94,PENDING
ORD-1786976311030-3FE3D697,CUST-00941,2025-07-08T12:54:24.926Z,197.28,CANCELLED
ORD-1786976311030-D7BEB2F2,CUST-00805,2025-10-25T17:13:04.604Z,110.73,COMPLETED
ORD-1786976311030-2DCE11C8,CUST-00356,2025-07-18T23:58:51.188Z,304.70,SHIPPED
ORD-1786976311030-83C46F32,CUST-00479,2025-05-28T21:58:02.556Z,258.13,DELIVERED
ORD-1786976311030-D42C6D9B,CUST-00652,2026-05-22T02:46:05.427Z,244.76,DELIVERED
ORD-1786976311030-6F61664B,CUST-00665,2025-08-20T09:19:43.145Z,339.98,CANCELLED
ORD-1786976311030-B8B3BC32,CUST-00301,2026-04-03T02:34:53.408Z,141.68,CANCELLED
ORD-1786976311030-CD455DC5,CUST-00202,2025-04-05T02:00:05.305Z,366.24,SHIPPED
ORD-1786976311030-7D3ACE83,CUST-00511,2025-02-18T09:13:40.613Z,38.18,PENDING
ORD-1786976311030-13C4531C,CUST-00070,2025-01-05T09:45:31.091Z,438.77,PROCESSING
ORD-INV-3300,CUST-001,INVALID_DATE_FORMAT,99.99,PENDING
ORD-1786976311030-9F9E3C78,CUST-00373,2025-10-23T23:05:49.896Z,386.68,CANCELLED
ORD-1786976311030-ECC100E3,CUST-00365,2025-07-26T08:13:19.126Z,206.65,DELIVERED
ORD-1786976311030-96574067,CUST-00653,2026-05-23T15:30:38.637Z,153.94,PENDING
ORD-1786976311030-DB28D33E,CUST-00568,2026-01-18T12:53:21.581Z,325.29,COMPLETED
ORD-1786976311030-D736963E,CUST-00087,2026-02-11T21:13:46.627Z,206.67,PROCESSING
ORD-1786976311030-FD4BE8C5,CUST-00982,2025-05-29T09:54:04.766Z,211.29,COMPLETED
ORD-1786976311030-ACFCD5F7,CUST-00969,2025-09-17T09:20:19.038Z,427.88,DELIVERED
ORD-1786976311030-12F6C0A3,CUST-00392,2025-09-12T20:46:29.420Z,92.67,CANCELLED
ORD-1786976311030-11181D91,CUST-00669,2026-05-10T07:12:19.059Z,304.67,DELIVERED
ORD-1786976311030-8A056A79,CUST-00425,2025-02-26T12:00:13.662Z,330.32,DELIVERED
ORD-1786976311030-CA4B7F3F,CUST-00864,2026-06-15T00:57:36.192Z,480.16,SHIPPED
ORD-1786976311030-1573AF4D,CUST-00019,2026-05-10T10:06:05.399Z,232.20,PROCESSING
ORD-1786976311030-C01C24FC,CUST-00329,2026-04-01T16:08:26.331Z,288.06,COMPLETED
ORD-1786976311030-BDC53056,CUST-00033,2026-06-09T14:33:38.071Z,457.58,PROCESSING
ORD-1786976311030-E4FF63D2,CUST-00979,2025-11-15T00:37:03.546Z,77.68,SHIPPED
ORD-1786976311030-B78DA4BB,CUST-00432,2025-12-20T05:12:52.978Z,162.22,DELIVERED
ORD-1786976311030-1EBF2732,CUST-00493,2026-04-19T20:44:50.048Z,428.96,SHIPPED
ORD-1786976311030-61B7818A,CUST-00302,2025-03-27T08:02:58.993Z,329.87,DELIVERED
ORD-1786976311030-604B0F20,CUST-00232,2025-03-07T16:12:12.487Z,330.04,DELIVERED
ORD-1786976311030-ED1F74B8,CUST-00749,2026-06-19T17:34:18.276Z,331.53,PENDING
ORD-1786976311030-DBF2CBC0,CUST-00643,2026-01-06T08:42:10.249Z,144.25,PENDING
ORD-1786976311030-2B2EADA2,CUST-00229,2026-06-28T17:47:46.965Z,295.69,PROCESSING
ORD-1786976311030-2650333A,CUST-00138,2025-05-22T20:47:07.231Z,61.56,CANCELLED
ORD-1786976311030-379AEE6B,CUST-00344,2025-09-06T10:59:25.744Z,367.78,DELIVERED
ORD-1786976311030-7E0A7A75,CUST-00798,2025-09-06T15:45:18.068Z,47.88,CANCELLED
ORD-1786976311030-0CD2B9E4,CUST-00179,2025-06-03T01:06:26.430Z,334.10,SHIPPED
ORD-1786976311030-CF85CE11,CUST-00544,2025-12-11T13:39:51.574Z,12.62,CANCELLED
ORD-1786976311030-AB1340EA,CUST-00159,2025-12-16T05:12:48.501Z,256.81,PENDING
ORD-1786976311030-B65ED345,CUST-00779,2025-02-24T03:45:02.134Z,12.69,SHIPPED
ORD-1786976311030-C308CF5F,CUST-00429,2025-03-11T20:10:05.996Z,352.90,DELIVERED
ORD-1786976311030-B5C80958,CUST-00647,2025-10-04T22:04:24.853Z,281.28,CANCELLED
ORD-1786976311030-E8230073,CUST-00765,2025-12-26T17:49:54.199Z,502.58,COMPLETED
ORD-1786976311030-4D3DC753,CUST-00609,2026-04-25T21:20:41.869Z,469.35,PENDING
ORD-1786976311030-2211CBD3,CUST-00210,2025-09-24T18:39:49.703Z,374.78,PROCESSING
ORD-1786976311030-6663359A,CUST-00347,2026-05-10T20:56:34.572Z,155.10,PROCESSING
ORD-1786976311030-30934528,CUST-00197,2026-06-27T17:58:51.523Z,130.54,PROCESSING
ORD-1786976311030-47DA53A8,CUST-00132,2025-09-14T08:22:51.458Z,410.79,PROCESSING
ORD-1786976311030-922AB1F1,CUST-00737,2025-05-03T22:49:17.679Z,46.15,PENDING
ORD-1786976311030-1CD05F98,CUST-00548,2026-04-26T20:53:11.811Z,321.88,SHIPPED
ORD-1786976311030-DBEA1B7A,CUST-00548,2025-05-10T23:31:59.434Z,140.79,COMPLETED
ORD-1786976311030-CDF97D09,CUST-00657,2026-01-15T19:38:26.542Z,206.52,PENDING
ORD-1786976311030-8660AB09,CUST-00900,2025-04-06T00:24:40.995Z,262.58,PROCESSING
ORD-1786976311030-9B6B58C1,CUST-00798,2025-04-05T04:08:47.918Z,483.13,SHIPPED
ORD-1786976311030-64D213A5,CUST-00028,2025-07-06T21:24:20.553Z,328.55,PROCESSING
ORD-1786976311030-05B4D502,CUST-00884,2026-05-07T00:48:42.334Z,206.03,SHIPPED
ORD-1786976311030-2E516378,CUST-00932,2025-11-26T15:05:41.615Z,85.39,DELIVERED
ORD-1786976311030-93348A9E,CUST-00243,2025-12-06T10:20:45.928Z,262.22,PENDING
ORD-1786976311030-E31AB241,CUST-00393,2025-05-08T21:34:44.618Z,26.36,PROCESSING
ORD-1786976311030-3F6148C3,CUST-00191,2025-12-30T21:32:33.447Z,116.84,COMPLETED
ORD-1786976311030-D25C90B3,CUST-00483,2025-08-30T11:46:30.197Z,316.64,PENDING
ORD-1786976311030-6091168A,CUST-00343,2026-03-25T15:39:41.486Z,56.02,SHIPPED
ORD-1786976311030-E75930D9,CUST-00375,2025-09-16T07:48:51.574Z,389.95,CANCELLED
ORD-1786976311030-F23E2592,CUST-00262,2026-04-26T06:07:24.317Z,335.18,COMPLETED
ORD-1786976311030-D3899242,CUST-00913,2026-01-22T15:04:54.113Z,161.94,COMPLETED
ORD-1786976311030-2EBA92C2,CUST-00260,2025-05-18T02:23:45.124Z,214.35,DELIVERED
ORD-1786976311030-C837DC1F,CUST-00910,2026-07-28T01:31:20.583Z,212.84,CANCELLED
ORD-1786976311030-ACC4F624,CUST-00644,2026-08-10T12:54:55.729Z,158.40,COMPLETED
ORD-1786976311030-2581B399,CUST-00479,2025-08-02T12:29:07.394Z,86.12,PENDING
ORD-1786976311030-2BCA6389,CUST-00609,2025-08-25T13:39:39.469Z,395.74,DELIVERED
ORD-1786976311030-061AAAB9,CUST-00321,2026-05-01T02:54:17.946Z,393.49,PENDING
ORD-1786976311030-E09DDD94,CUST-00376,2026-08-05T14:59:02.885Z,208.18,PENDING
ORD-1786976311030-D740B1D7,CUST-00671,2025-05-11T01:48:11.126Z,10.05,PENDING
ORD-1786976311030-C6991335,CUST-00849,2025-08-09T20:31:41.940Z,164.10,DELIVERED
ORD-1786976311030-6744BBCA,CUST-00146,2025-11-11T04:38:10.496Z,185.48,PROCESSING
ORD-1786976311030-2930D1F6,CUST-00921,2026-08-11T02:45:13.802Z,166.37,PENDING
ORD-1786976311030-A3DFD378,CUST-00276,2026-05-01T10:28:37.956Z,319.10,DELIVERED
ORD-1786976311030-D484FEF8,CUST-00128,2025-06-01T04:11:38.476Z,310.66,PENDING
ORD-1786976311030-3C5422DB,CUST-00345,2025-04-30T07:38:19.752Z,402.16,SHIPPED
ORD-1786976311030-AF5E46C8,CUST-00194,2025-07-11T00:55:59.554Z,380.61,COMPLETED
ORD-1786976311030-B7D9D308,CUST-00185,2026-01-26T18:04:44.359Z,149.21,PENDING
ORD-1786976311030-689B044E,CUST-00779,2025-12-13T04:26:01.706Z,46.24,DELIVERED
ORD-1786976311030-A711A7DA,CUST-00149,2026-05-28T03:11:32.577Z,195.26,PENDING
ORD-1786976311030-A5FFC85D,CUST-00976,2025-02-15T17:09:35.013Z,475.84,PENDING
ORD-1786976311030-E443E0BD,CUST-00421,2025-06-30T06:29:41.834Z,62.26,DELIVERED
ORD-1786976311030-BF9B9AA2,CUST-00589,2026-04-02T15:11:17.371Z,228.71,SHIPPED
ORD-1786976311030-F3FA6FFD,CUST-00085,2026-04-14T21:12:48.730Z,330.04,DELIVERED
ORD-1786976311030-BE8499DF,CUST-00260,2025-05-19T11:49:42.586Z,243.11,PROCESSING
ORD-1786976311030-0C2183D3,CUST-00318,2025-04-29T21:31:06.373Z,175.63,DELIVERED
ORD-1786976311030-96F559D9,CUST-00545,2026-07-21T11:01:14.792Z,18.36,CANCELLED
ORD-1786976311030-CB644542,CUST-00828,2025-03-17T08:21:18.154Z,168.95,COMPLETED
ORD-1786976311030-0CE3B548,CUST-00811,2025-05-25T05:45:44.821Z,102.43,PROCESSING
ORD-1786976311030-78810E63,CUST-00802,2025-03-19T12:21:25.248Z,107.28,SHIPPED
ORD-1786976311030-65FF8FFA,CUST-00086,2025-10-11T17:23:45.705Z,150.55,SHIPPED
ORD-1786976311030-CAF04423,CUST-00930,2025-05-20T00:11:43.195Z,248.22,PROCESSING
ORD-1786976311030-D6886406,CUST-00990,2026-03-20T01:22:36.052Z,74.09,DELIVERED
ORD-1786976311030-CFAD1AF1,CUST-00691,2025-09-14T04:54:38.965Z,160.42,SHIPPED
ORD-1786976311030-9B8DF903,CUST-00572,2025-08-17T16:22:17.199Z,76.30,COMPLETED
ORD-1786976311030-368B9D04,CUST-00893,2026-03-27T15:15:42.844Z,296.97,SHIPPED
ORD-1786976311030-64BAD677,CUST-00506,2026-04-19T04:14:07.985Z,33.58,COMPLETED
ORD-1786976311030-6956CE83,CUST-00635,2026-04-12T02:14:35.264Z,97.15,PROCESSING
ORD-1786976311030-7D001276,CUST-00790,2026-03-12T07:20:32.537Z,315.19,PROCESSING
ORD-1786976311030-C54D8C94,CUST-00998,2025-07-06T22:47:14.746Z,13.02,COMPLETED
ORD-1786976311030-68401585,CUST-00434,2025-03-04T04:33:07.623Z,481.03,DELIVERED
ORD-1786976311030-203E7676,CUST-00487,2025-02-23T21:50:44.043Z,226.62,COMPLETED
ORD-1786976311030-BA29F68B,CUST-00076,2025-08-30T10:54:52.254Z,34.97,PENDING
ORD-1786976311030-E52CD1F2,CUST-00193,2026-01-20T07:55:46.032Z,61.95,PROCESSING
ORD-1786976311030-3B267B01,CUST-00912,2025-04-22T21:41:24.733Z,504.17,SHIPPED
ORD-1786976311030-C2E8443A,CUST-00551,2026-06-04T14:44:23.878Z,64.96,PROCESSING
ORD-1786976311030-E13000BF,CUST-00292,2025-06-21T22:12:41.479Z,187.95,PENDING
ORD-INV-3400,CUST-002,2026-05-10T10:00:00Z,-50.00,COMPLETED
ORD-1786976311030-503AB978,CUST-00955,2026-07-30T04:24:40.773Z,292.21,PENDING
ORD-1786976311030-C59163CF,CUST-00174,2025-10-01T03:56:44.480Z,254.56,PENDING
ORD-1786976311030-47733D8D,CUST-00106,2025-02-08T14:34:18.612Z,255.58,DELIVERED
ORD-1786976311030-F8BF142A,CUST-00786,2025-06-28T16:02:47.044Z,106.82,COMPLETED
ORD-1786976311030-BF62C95B,CUST-00315,2025-12-16T19:03:56.692Z,67.98,COMPLETED
ORD-1786976311030-34058B25,CUST-00472,2025-04-03T00:17:40.892Z,48.52,CANCELLED
ORD-1786976311030-4A282155,CUST-00535,2025-01-07T10:12:31.202Z,467.30,PROCESSING
ORD-1786976311030-76639574,CUST-00225,2026-06-09T16:18:05.309Z,421.14,PENDING
ORD-1786976311030-E660609F,CUST-00521,2026-07-28T21:43:58.222Z,140.09,CANCELLED
ORD-1786976311030-3958E4E1,CUST-00760,2026-06-01T08:40:31.183Z,166.19,SHIPPED
ORD-1786976311030-C0CD409B,CUST-00979,2026-05-24T06:38:58.339Z,316.88,PENDING
ORD-1786976311030-78D97751,CUST-00529,2025-02-09T14:41:53.075Z,143.09,CANCELLED
ORD-1786976311030-058DBF85,CUST-00790,2025-09-19T04:41:40.429Z,290.03,PROCESSING
ORD-1786976311030-A4402DBC,CUST-00414,2025-09-06T16:49:22.231Z,425.55,PROCESSING
ORD-1786976311030-A589623A,CUST-00570,2025-06-23T19:06:09.906Z,161.85,PENDING
ORD-1786976311030-1570B3EF,CUST-00838,2026-06-27T02:07:03.171Z,260.66,COMPLETED
ORD-1786976311030-8B5F4E70,CUST-00047,2025-07-16T01:27:55.609Z,241.49,CANCELLED
ORD-1786976311030-8F3B2B5C,CUST-00100,2025-03-24T15:56:04.628Z,453.60,PROCESSING
ORD-1786976311030-61FB3AB3,CUST-00319,2025-11-16T20:22:59.967Z,81.94,COMPLETED
ORD-1786976311030-D5651F40,CUST-00431,2026-07-07T19:10:01.308Z,204.25,PROCESSING
ORD-1786976311030-E834EED2,CUST-00988,2025-03-03T18:05:18.681Z,295.18,SHIPPED
ORD-1786976311030-CBED2A62,CUST-00081,2025-10-21T00:31:33.073Z,255.33,COMPLETED
ORD-1786976311030-9A4DF47A,CUST-00714,2025-10-18T18:32:31.800Z,119.87,COMPLETED
ORD-1786976311030-50554836,CUST-00375,2025-08-08T01:18:39.833Z,267.54,DELIVERED
ORD-1786976311030-CA9319DD,CUST-00662,2026-01-30T01:50:13.265Z,154.66,PENDING
ORD-1786976311030-220BE08A,CUST-00531,2025-02-23T03:11:00.370Z,112.28,DELIVERED
ORD-1786976311030-762CF9C8,CUST-00020,2026-08-10T10:50:03.066Z,161.93,PENDING
ORD-1786976311030-5B56DFD7,CUST-00136,2026-02-16T21:33:09.525Z,172.91,PENDING
ORD-1786976311030-5EF12E3F,CUST-00105,2025-02-06T02:23:21.196Z,69.43,SHIPPED
ORD-1786976311030-832A184F,CUST-00344,2025-07-05T21:02:15.091Z,397.98,COMPLETED
ORD-1786976311030-96F18978,CUST-00581,2025-06-08T15:03:00.159Z,389.13,CANCELLED
ORD-1786976311030-4D5492E2,CUST-00719,2025-04-19T19:48:09.096Z,356.44,COMPLETED
ORD-1786976311030-55B6962B,CUST-00067,2025-04-28T13:34:22.522Z,396.03,PENDING
ORD-1786976311030-4FC3B917,CUST-00198,2026-01-14T12:54:46.958Z,307.99,SHIPPED
ORD-1786976311030-40FEAFF8,CUST-00510,2025-07-12T19:16:43.058Z,45.79,COMPLETED
ORD-1786976311030-FA4EB321,CUST-00850,2025-11-06T08:20:00.075Z,336.34,DELIVERED
ORD-1786976311030-2FDCB538,CUST-00468,2025-04-12T01:43:01.343Z,392.01,DELIVERED
ORD-1786976311030-AA41A875,CUST-00251,2025-06-09T05:51:51.263Z,28.17,DELIVERED
ORD-1786976311030-33EA429A,CUST-00561,2025-06-06T16:17:08.789Z,197.62,COMPLETED
ORD-1786976311030-74CB5D03,CUST-00708,2026-05-14T15:00:17.636Z,72.82,SHIPPED
ORD-1786976311030-CDA1B083,CUST-00835,2026-02-26T10:25:38.440Z,245.56,CANCELLED
ORD-1786976311030-38D88413,CUST-00471,2026-04-19T14:53:53.120Z,237.10,COMPLETED
ORD-1786976311030-2C69E85E,CUST-00376,2026-07-08T17:36:26.507Z,291.47,SHIPPED
ORD-1786976311030-D0CA0D94,CUST-00436,2026-03-22T18:01:12.863Z,256.77,SHIPPED
ORD-1786976311030-6F8E2DF8,CUST-00989,2026-07-10T21:02:31.943Z,314.33,CANCELLED
ORD-1786976311030-1ABF7287,CUST-00382,2025-05-13T19:30:33.317Z,455.30,PROCESSING
ORD-1786976311030-02909942,CUST-00101,2025-06-28T22:25:36.964Z,382.51,DELIVERED
ORD-1786976311030-D2EBCCBE,CUST-00887,2025-09-17T10:26:41.832Z,27.00,DELIVERED
ORD-1786976311030-79CF6C63,CUST-00486,2026-03-27T21:21:14.637Z,173.46,COMPLETED
ORD-1786976311030-F3B9C907,CUST-00066,2025-01-01T08:36:11.990Z,154.41,PROCESSING
ORD-1786976311030-769F6FC6,CUST-00137,2026-06-19T09:17:15.208Z,353.79,SHIPPED
ORD-1786976311030-D8C8E583,CUST-00957,2026-04-02T21:06:06.246Z,205.59,CANCELLED
ORD-1786976311030-A50C1EC4,CUST-00842,2025-12-04T22:32:52.172Z,135.58,DELIVERED
ORD-1786976311031-D660AFCE,CUST-00686,2025-12-05T14:57:31.834Z,490.34,DELIVERED
ORD-1786976311031-2F57EB24,CUST-00422,2025-11-22T18:21:55.259Z,264.87,PROCESSING
ORD-1786976311031-3E03CAC7,CUST-00017,2025-09-07T17:00:42.253Z,150.45,PROCESSING
ORD-1786976311031-D9558A13,CUST-00564,2026-07-31T02:26:19.661Z,324.70,PENDING
ORD-1786976311031-6B34CEC6,CUST-00131,2026-04-15T22:45:52.578Z,39.74,PENDING
ORD-1786976311031-28B5FADF,CUST-00950,2025-11-26T15:41:28.111Z,330.96,COMPLETED
ORD-1786976311031-BC2A424F,CUST-00918,2025-03-01T10:31:22.000Z,256.00,DELIVERED
ORD-1786976311031-5D983485,CUST-00856,2025-08-07T12:45:29.088Z,140.04,COMPLETED
ORD-1786976311031-7100B4F9,CUST-00344,2025-10-26T08:40:43.747Z,123.47,COMPLETED
ORD-1786976311031-1ADB3542,CUST-00771,2025-06-14T05:54:37.560Z,495.55,COMPLETED
ORD-1786976311031-652F5A2A,CUST-00357,2025-05-30T22:42:47.625Z,271.69,COMPLETED
ORD-1786976311031-E79A4AF0,CUST-00555,2026-04-22T02:14:46.835Z,400.52,SHIPPED
ORD-1786976311031-AA1235D6,CUST-00221,2025-01-17T00:05:50.182Z,466.18,COMPLETED
ORD-1786976311031-ACA4C377,CUST-00126,2026-06-18T01:55:15.410Z,86.48,PENDING
ORD-1786976311031-F76D414A,CUST-00773,2026-07-26T00:09:18.053Z,156.81,PROCESSING
ORD-1786976311031-F281FF33,CUST-00478,2025-05-17T17:15:26.550Z,488.33,PENDING
ORD-1786976311031-53052D3B,CUST-00696,2026-07-15T09:54:11.981Z,392.62,DELIVERED
ORD-1786976311031-85473FD1,CUST-00409,2026-06-13T03:10:45.168Z,79.85,PENDING
ORD-1786976311031-4F99CC57,CUST-00365,2025-04-09T20:54:39.695Z,117.35,COMPLETED
ORD-1786976311031-DAACDAA4,CUST-00683,2025-08-11T15:01:00.657Z,281.83,COMPLETED
ORD-1786976311031-4A5A95F0,CUST-00859,2025-09-13T10:21:46.269Z,19.71,DELIVERED
ORD-1786976311031-1ACB6B5D,CUST-00485,2025-04-18T20:43:58.100Z,374.47,PENDING
ORD-1786976311031-6141B840,CUST-00800,2025-05-10T21:52:09.831Z,393.52,SHIPPED
ORD-1786976311031-858E620E,CUST-00727,2026-06-20T15:24:18.876Z,403.20,PENDING
ORD-1786976311031-6BB2448D,CUST-00237,2025-07-20T20:36:17.348Z,431.27,COMPLETED
ORD-1786976311031-55A34839,CUST-00495,2026-05-04T04:20:43.096Z,99.75,PENDING
ORD-1786976311031-3652D857,CUST-00683,2026-02-10T22:38:30.530Z,335.62,DELIVERED
ORD-1786976311031-231C5A46,CUST-00970,2025-12-06T08:26:52.660Z,359.65,COMPLETED
ORD-1786976311031-EA98CE6B,CUST-00324,2025-10-26T18:37:18.126Z,129.20,COMPLETED
ORD-1786976311031-23238AA4,CUST-00575,2025-09-04T01:03:54.555Z,179.87,COMPLETED
ORD-1786976311031-A50EAB9E,CUST-00581,2026-02-11T17:06:09.390Z,336.57,PROCESSING
ORD-1786976311031-7273B0FF,CUST-00521,2025-02-16T08:44:47.751Z,55.72,COMPLETED
ORD-1786976311031-162381C5,CUST-00916,2025-04-19T01:50:28.548Z,32.80,SHIPPED
ORD-1786976311031-C2BE3A2F,CUST-00317,2025-05-14T06:35:47.992Z,83.96,DELIVERED
ORD-1786976311031-22165F35,CUST-00219,2025-02-23T18:05:56.579Z,69.25,DELIVERED
ORD-1786976311031-F6F0F17D,CUST-00926,2025-11-10T12:46:52.602Z,39.61,PROCESSING
ORD-1786976311031-FA0E2783,CUST-00480,2026-06-19T19:14:43.177Z,402.95,PENDING
ORD-1786976311031-088D5007,CUST-00203,2025-04-28T03:41:55.746Z,488.16,SHIPPED
ORD-1786976311031-AED30604,CUST-00741,2025-07-25T03:03:10.622Z,146.73,COMPLETED
ORD-1786976311031-E9FB6149,CUST-00412,2025-04-09T03:25:57.291Z,335.30,COMPLETED
ORD-1786976311031-53EADD28,CUST-00399,2026-05-10T10:54:42.548Z,388.37,SHIPPED
ORD-1786976311031-9632A2AA,CUST-00911,2025-07-05T07:50:02.877Z,388.20,COMPLETED
ORD-1786976311031-1B3A64D4,CUST-00459,2025-10-06T05:52:38.166Z,49.14,DELIVERED
ORD-1786976311031-C8F92980,CUST-00206,2025-04-30T04:42:56.768Z,387.07,CANCELLED
ORD-1786976311031-3E5AF1C3,CUST-00417,2025-06-04T23:37:39.483Z,363.94,CANCELLED
ORD-1786976311031-C56324ED,CUST-00886,2025-10-05T11:05:28.932Z,75.94,PROCESSING
ORD-INV-3500,,2026-05-10T10:00:00Z,120.00,PENDING
ORD-1786976311031-FCA80719,CUST-00801,2025-03-06T00:48:12.722Z,249.77,PENDING
ORD-1786976311031-6E648058,CUST-00131,2026-06-17T16:48:27.029Z,269.63,SHIPPED
ORD-1786976311031-733925B6,CUST-00691,2026-05-17T08:30:37.892Z,445.37,DELIVERED
ORD-1786976311031-EF72B98D,CUST-00346,2026-03-07T13:11:53.537Z,220.67,SHIPPED
ORD-1786976311031-9F409C09,CUST-00441,2025-11-05T08:23:58.603Z,214.31,PENDING
ORD-1786976311031-0AD99BB8,CUST-00656,2026-03-13T17:02:13.456Z,356.36,SHIPPED
ORD-1786976311031-C728F9CE,CUST-00375,2026-06-17T20:38:33.209Z,300.17,PENDING
ORD-1786976311031-52F61F4C,CUST-00726,2025-05-14T05:31:12.892Z,35.72,PENDING
ORD-1786976311031-7A41F30A,CUST-00956,2025-10-19T04:55:20.507Z,62.31,DELIVERED
ORD-1786976311031-C47B8AB4,CUST-00476,2025-11-05T10:01:44.211Z,424.89,PROCESSING
ORD-1786976311031-EA99BAF6,CUST-00216,2025-05-15T09:46:26.065Z,438.50,CANCELLED
ORD-1786976311031-7CBEE711,CUST-00576,2025-03-07T09:32:30.492Z,170.35,SHIPPED
ORD-1786976311031-BC29898D,CUST-00097,2025-11-14T06:51:08.990Z,481.61,PENDING
ORD-1786976311031-308ACC81,CUST-00822,2026-07-31T05:04:52.212Z,475.80,DELIVERED
ORD-1786976311031-ECC2EE3F,CUST-00308,2025-12-16T11:36:37.904Z,279.72,DELIVERED
ORD-1786976311031-BD603F3B,CUST-00685,2026-03-07T12:18:10.484Z,418.11,PROCESSING
ORD-1786976311031-4EAEECC6,CUST-00802,2026-01-21T00:50:34.404Z,191.75,PROCESSING
ORD-1786976311031-8FF497F3,CUST-00493,2025-08-27T04:07:10.053Z,122.73,PENDING
ORD-1786976311031-8BD60010,CUST-00054,2026-07-18T10:52:54.901Z,301.06,PENDING
ORD-1786976311031-4DF6BC41,CUST-00715,2025-02-22T19:00:16.428Z,67.80,SHIPPED
ORD-1786976311031-CAE3BF6D,CUST-00891,2026-06-06T23:16:28.492Z,161.13,SHIPPED
ORD-1786976311031-C2DED55A,CUST-00918,2025-08-09T15:18:08.355Z,298.20,CANCELLED
ORD-1786976311031-D71029FA,CUST-00627,2025-07-31T14:05:59.602Z,322.00,SHIPPED
ORD-1786976311031-9E9376AE,CUST-00682,2025-10-25T04:10:17.403Z,114.36,COMPLETED
ORD-1786976311031-518393B6,CUST-00982,2025-06-19T09:06:23.273Z,277.93,SHIPPED
ORD-1786976311031-36E4CDC4,CUST-00856,2026-06-22T16:28:45.892Z,178.30,SHIPPED
ORD-1786976311031-4C66F8E1,CUST-00501,2025-11-24T09:42:01.285Z,402.66,SHIPPED
ORD-1786976311031-4741D484,CUST-00491,2026-08-13T12:32:08.294Z,92.10,DELIVERED
ORD-1786976311031-C1A067EC,CUST-00560,2026-01-03T06:31:50.249Z,247.61,DELIVERED
ORD-1786976311031-E28A02A0,CUST-00204,2026-07-21T21:00:29.633Z,492.71,DELIVERED
ORD-1786976311031-4957EF25,CUST-00170,2025-05-22T23:02:20.580Z,496.94,PROCESSING
ORD-1786976311031-2D8A2BC5,CUST-00272,2025-01-13T13:04:28.767Z,204.26,CANCELLED
ORD-1786976311031-E44B9FBB,CUST-00040,2025-08-24T19:27:31.548Z,320.69,COMPLETED
ORD-1786976311031-AB5D8C90,CUST-00681,2026-04-23T00:21:20.836Z,373.06,CANCELLED
ORD-1786976311031-CC9C4C20,CUST-00442,2026-08-01T07:49:00.965Z,254.45,DELIVERED
ORD-1786976311031-0CFBCD20,CUST-00675,2025-09-02T14:44:35.989Z,189.24,SHIPPED
ORD-1786976311031-9EBCDE29,CUST-00215,2025-06-16T15:29:05.896Z,20.76,COMPLETED
ORD-1786976311031-EDAF0720,CUST-00792,2026-08-10T07:42:16.937Z,122.46,CANCELLED
ORD-1786976311031-471DFAF1,CUST-00160,2026-06-13T06:29:55.911Z,195.24,PROCESSING
ORD-1786976311031-162222BA,CUST-00010,2026-03-29T17:40:09.796Z,466.36,SHIPPED
ORD-1786976311031-C4BF68CA,CUST-00368,2025-01-11T21:31:52.087Z,400.95,DELIVERED
ORD-1786976311031-DF9A50AC,CUST-00844,2025-03-24T10:50:59.013Z,211.30,DELIVERED
ORD-1786976311031-E260D09B,CUST-00398,2026-06-27T22:12:30.699Z,70.69,CANCELLED
ORD-1786976311031-407E4AD3,CUST-00916,2025-11-15T21:51:02.068Z,160.18,COMPLETED
ORD-1786976311031-3A0CD8E5,CUST-00731,2026-08-08T07:55:02.656Z,417.68,DELIVERED
ORD-1786976311031-279FC3DF,CUST-00044,2026-04-15T11:37:34.981Z,92.63,PROCESSING
ORD-1786976311031-DA9519B9,CUST-00198,2025-03-22T00:59:22.060Z,214.98,PROCESSING
ORD-1786976311031-EE1D046C,CUST-00392,2026-06-23T04:09:30.214Z,508.98,COMPLETED
ORD-1786976311031-5962C582,CUST-00905,2026-03-11T15:53:40.069Z,287.63,SHIPPED
ORD-1786976311031-EE865775,CUST-00445,2025-03-22T11:24:14.138Z,48.93,CANCELLED
ORD-1786976311031-4FFE4F01,CUST-00818,2026-06-27T17:24:49.916Z,499.06,COMPLETED
ORD-1786976311031-77646F9E,CUST-00233,2026-03-31T23:03:05.776Z,389.83,CANCELLED
ORD-1786976311031-F80C6C7D,CUST-00491,2026-03-25T18:23:41.718Z,506.35,PROCESSING
ORD-1786976311031-03E458AA,CUST-00810,2026-02-19T17:27:59.012Z,27.14,PENDING
ORD-1786976311031-EAE251F9,CUST-00857,2025-09-13T11:30:20.247Z,409.25,PROCESSING
ORD-1786976311031-82F38C24,CUST-00786,2025-10-23T02:00:16.245Z,274.36,CANCELLED
ORD-1786976311031-31520AD8,CUST-00131,2026-06-15T04:48:11.204Z,84.66,PENDING
ORD-1786976311031-5A0CA90C,CUST-00614,2025-12-05T21:43:48.408Z,386.08,DELIVERED
ORD-1786976311031-186E4B4A,CUST-00482,2026-01-12T05:22:53.253Z,195.90,PROCESSING
ORD-1786976311031-274EEF64,CUST-00012,2025-08-16T00:32:17.413Z,193.47,PROCESSING
ORD-1786976311031-7E57785C,CUST-00615,2025-12-04T10:48:23.097Z,268.09,SHIPPED
ORD-1786976311031-AF4A96AD,CUST-00117,2025-03-28T19:52:27.609Z,104.51,CANCELLED
ORD-1786976311031-726F9C1C,CUST-00506,2025-10-10T12:37:10.621Z,455.13,SHIPPED
ORD-1786976311031-6A7D8254,CUST-00464,2025-03-09T06:28:17.148Z,368.09,PENDING
ORD-1786976311031-E214191F,CUST-00426,2025-07-18T06:41:36.000Z,119.30,PENDING
ORD-1786976311031-B25A514F,CUST-00789,2026-05-19T17:59:22.903Z,462.90,COMPLETED
ORD-1786976311031-C225D4EA,CUST-00593,2026-01-23T19:42:01.935Z,420.84,PENDING
ORD-1786976311031-68C01169,CUST-00350,2025-08-10T00:34:25.310Z,169.36,PROCESSING
ORD-1786976311031-1F8BBD46,CUST-00354,2025-10-20T11:48:04.938Z,197.20,SHIPPED
ORD-1786976311031-5C0D4671,CUST-00581,2026-04-13T09:42:22.953Z,227.72,COMPLETED
ORD-1786976311031-5C11C0D7,CUST-00306,2025-07-14T05:36:20.666Z,125.48,SHIPPED
ORD-1786976311031-F0048AC8,CUST-00106,2025-04-06T20:15:31.055Z,195.67,SHIPPED
ORD-1786976311031-FD8D89B9,CUST-00487,2025-08-29T07:08:19.703Z,180.41,COMPLETED
ORD-1786976311031-BD2E2FE6,CUST-00847,2025-01-03T12:04:20.328Z,139.83,CANCELLED
ORD-1786976311031-4DB675E2,CUST-00555,2025-12-06T14:49:08.198Z,500.71,PENDING
ORD-1786976311031-423E86E5,CUST-00011,2026-08-01T21:35:25.503Z,490.30,COMPLETED
ORD-1786976311031-03FD3D04,CUST-00839,2025-11-24T00:25:06.861Z,34.22,SHIPPED
ORD-1786976311031-BF023A26,CUST-00437,2025-06-16T03:07:05.843Z,170.38,SHIPPED
ORD-1786976311031-AB310085,CUST-00705,2026-07-20T19:56:50.013Z,426.81,SHIPPED
ORD-1786976311031-49715FF1,CUST-00328,2025-01-25T22:37:14.093Z,474.73,PROCESSING
ORD-1786976311031-A37B5EC1,CUST-00095,2026-03-21T17:51:30.716Z,59.87,CANCELLED
ORD-1786976311031-1BEAA4C5,CUST-00947,2026-04-06T19:23:17.067Z,96.49,CANCELLED
ORD-1786976311031-3956E9BC,CUST-00723,2026-05-19T10:36:30.767Z,142.17,PROCESSING
ORD-1786976311031-AB86EFE7,CUST-00732,2026-06-24T16:48:53.136Z,82.03,SHIPPED
ORD-1786976311031-745E50E6,CUST-00771,2026-06-19T05:45:07.600Z,196.20,PENDING
ORD-1786976311031-27544118,CUST-00965,2026-01-30T20:47:57.709Z,436.80,PROCESSING
ORD-1786976311031-850C9822,CUST-00018,2025-12-04T13:39:48.204Z,165.08,COMPLETED
ORD-1786976311031-D62E58FA,CUST-00594,2026-04-11T17:32:19.195Z,170.67,SHIPPED
ORD-1786976311031-12057CB8,CUST-00767,2026-02-01T20:15:34.729Z,405.27,SHIPPED
ORD-1786976311031-319C2475,CUST-00991,2026-05-28T22:24:51.434Z,499.51,COMPLETED
ORD-1786976311031-22BDAA54,CUST-00112,2025-07-23T02:47:43.698Z,288.96,SHIPPED
ORD-1786976311031-93D18A4E,CUST-00571,2025-03-30T14:05:21.880Z,425.83,PROCESSING
ORD-1786976311031-CB57F1E0,CUST-00459,2026-04-19T20:33:52.629Z,240.09,DELIVERED
ORD-1786976311031-BD1A13F2,CUST-00807,2025-11-04T21:15:07.689Z,198.47,PENDING
ORD-1786976311031-235CFA09,CUST-00426,2025-12-05T06:40:27.225Z,212.29,COMPLETED
ORD-1786976311031-093EA94A,CUST-00530,2025-12-03T16:17:13.931Z,462.29,COMPLETED
ORD-1786976311031-5C5BB81A,CUST-00188,2026-01-22T14:24:21.129Z,378.07,PENDING
ORD-1786976311031-30524D1E,CUST-00519,2025-06-17T00:05:09.668Z,399.54,SHIPPED
ORD-1786976311031-D326D03C,CUST-00580,2025-08-26T07:02:33.235Z,207.29,PENDING
ORD-INV-3600,CUST-001,INVALID_DATE_FORMAT,99.99,PENDING
ORD-1786976311031-45B8269D,CUST-00216,2025-03-20T18:58:24.044Z,466.31,DELIVERED
ORD-1786976311031-61815976,CUST-00768,2025-03-13T17:13:34.998Z,257.49,CANCELLED
ORD-1786976311031-2F98ECAE,CUST-00242,2026-06-27T03:09:51.796Z,342.15,DELIVERED
ORD-1786976311031-E9B8B864,CUST-00643,2025-05-03T11:52:59.294Z,111.73,PROCESSING
ORD-1786976311031-2139E51D,CUST-00848,2025-01-15T15:49:20.765Z,180.50,SHIPPED
ORD-1786976311031-B615FF37,CUST-00626,2025-02-03T18:58:14.538Z,119.67,DELIVERED
ORD-1786976311031-D69924E7,CUST-00308,2026-01-23T05:32:48.658Z,272.26,PROCESSING
ORD-1786976311031-8274697C,CUST-00583,2026-04-20T11:41:35.711Z,407.87,DELIVERED
ORD-1786976311031-EDA92B08,CUST-00628,2026-02-02T16:05:28.955Z,341.67,PENDING
ORD-1786976311031-0E3E87C7,CUST-00425,2025-08-07T04:26:56.098Z,434.53,SHIPPED
ORD-1786976311031-14F4A482,CUST-00284,2026-02-19T02:35:06.585Z,318.48,PROCESSING
ORD-1786976311031-1A070819,CUST-00855,2025-07-26T05:01:33.733Z,88.85,SHIPPED
ORD-1786976311031-0E7CB23C,CUST-00895,2026-07-24T23:26:41.349Z,285.87,COMPLETED
ORD-1786976311031-2F127DC7,CUST-00218,2026-06-13T07:13:30.151Z,18.87,SHIPPED
ORD-1786976311031-A302229D,CUST-00004,2026-06-11T10:39:36.221Z,360.68,PROCESSING
ORD-1786976311031-B51C8359,CUST-00771,2025-02-10T22:31:15.279Z,501.88,PENDING
ORD-1786976311031-92BA79D1,CUST-00044,2025-07-14T07:02:47.691Z,326.71,DELIVERED
ORD-1786976311031-CDB30C7D,CUST-00271,2025-02-19T06:37:37.747Z,38.29,PENDING
ORD-1786976311031-B0BF109C,CUST-00983,2026-07-05T22:41:47.316Z,35.91,COMPLETED
ORD-1786976311031-7A70694F,CUST-00790,2025-08-26T13:26:29.118Z,95.43,COMPLETED
ORD-1786976311031-961D78E1,CUST-00246,2025-02-19T03:47:44.549Z,72.40,PENDING
ORD-1786976311031-C153132E,CUST-00968,2025-03-20T23:05:55.674Z,80.71,CANCELLED
ORD-1786976311031-3A68D281,CUST-00898,2026-04-27T03:32:08.829Z,501.47,SHIPPED
ORD-1786976311031-831F450E,CUST-00908,2025-08-07T04:59:03.362Z,226.37,CANCELLED
ORD-1786976311031-FE0049C9,CUST-00367,2025-12-31T08:32:23.837Z,318.71,PROCESSING
ORD-1786976311031-B25CADD4,CUST-00067,2026-06-01T06:24:43.714Z,359.33,DELIVERED
ORD-1786976311031-54D42458,CUST-00144,2026-03-15T09:27:09.508Z,250.29,PENDING
ORD-1786976311031-EDBA5E3D,CUST-00281,2025-02-02T09:25:46.260Z,47.35,PROCESSING
ORD-1786976311031-A84BD49C,CUST-00894,2026-05-15T05:53:43.538Z,500.37,SHIPPED
ORD-1786976311031-EB4CBF35,CUST-00621,2026-01-28T16:45:52.930Z,356.51,DELIVERED
ORD-1786976311031-EC991B14,CUST-00152,2025-06-29T15:49:40.041Z,437.78,COMPLETED
ORD-1786976311031-54F226CE,CUST-00011,2026-04-26T01:11:15.069Z,399.35,DELIVERED
ORD-1786976311031-B1C72026,CUST-00802,2025-06-30T11:25:19.718Z,360.09,SHIPPED
ORD-1786976311031-3A61AE5F,CUST-00803,2026-05-27T15:41:53.756Z,360.51,PROCESSING
ORD-1786976311031-9086B8E7,CUST-00015,2026-01-29T06:24:41.702Z,278.74,COMPLETED
ORD-1786976311032-1DE6C72E,CUST-00274,2025-10-12T14:57:05.549Z,46.50,SHIPPED
ORD-1786976311032-38D4A17D,CUST-00814,2025-07-01T13:34:01.187Z,403.17,CANCELLED
ORD-1786976311032-545E97EE,CUST-00682,2025-07-23T23:42:40.967Z,425.43,COMPLETED
ORD-1786976311032-3DF870F7,CUST-00720,2026-01-22T07:53:17.930Z,501.93,CANCELLED
ORD-1786976311032-0F56B552,CUST-00160,2025-01-05T18:07:39.909Z,412.57,SHIPPED
ORD-1786976311032-82D95A60,CUST-00060,2025-01-21T03:04:14.129Z,340.44,SHIPPED
ORD-1786976311032-C89B4CB7,CUST-00103,2025-08-07T16:33:25.614Z,375.54,SHIPPED
ORD-1786976311032-B35D0D53,CUST-00210,2025-11-22T07:19:42.757Z,172.83,DELIVERED
ORD-1786976311032-A1D41408,CUST-00646,2025-12-01T22:20:46.982Z,94.68,COMPLETED
ORD-1786976311032-20AE4D81,CUST-00784,2025-03-16T05:13:13.439Z,297.90,PROCESSING
ORD-1786976311032-AD995114,CUST-00109,2025-11-16T11:22:04.322Z,50.38,DELIVERED
ORD-1786976311032-73DE2BC4,CUST-00199,2025-02-27T08:13:09.113Z,420.52,SHIPPED
ORD-1786976311032-77CA74D9,CUST-00792,2026-02-26T04:01:56.508Z,503.12,COMPLETED
ORD-1786976311032-9280B4D0,CUST-00970,2026-01-01T10:35:32.988Z,214.27,CANCELLED
ORD-1786976311032-FC7F7B00,CUST-00560,2026-05-30T07:25:27.320Z,487.31,COMPLETED
ORD-1786976311032-6AC424E0,CUST-00917,2025-10-15T07:55:13.239Z,263.12,PROCESSING
ORD-1786976311032-C02F5EBF,CUST-00216,2026-07-04T09:00:43.558Z,473.99,COMPLETED
ORD-1786976311032-DA1C169A,CUST-00140,2025-05-13T22:02:00.777Z,294.16,SHIPPED
ORD-1786976311032-1364D268,CUST-00209,2025-04-14T04:48:15.124Z,388.75,PROCESSING
ORD-1786976311032-8AD1CAF8,CUST-00842,2025-07-19T10:53:20.067Z,405.83,SHIPPED
ORD-1786976311032-C0D112F1,CUST-00699,2025-02-26T18:39:39.300Z,97.78,SHIPPED
ORD-1786976311032-114D8538,CUST-00699,2026-03-26T21:35:20.978Z,425.23,COMPLETED
ORD-1786976311032-0421A9EB,CUST-00248,2025-07-13T09:19:56.243Z,19.06,COMPLETED
ORD-1786976311032-FBDAF314,CUST-00026,2025-10-07T08:49:53.267Z,27.98,DELIVERED
ORD-1786976311032-ED6E3A65,CUST-00911,2025-12-07T07:11:30.041Z,234.90,PROCESSING
ORD-1786976311032-B172A098,CUST-00108,2026-02-09T20:35:33.842Z,157.98,COMPLETED
ORD-1786976311032-4EEC6F20,CUST-00910,2025-08-20T11:04:16.968Z,493.77,COMPLETED
ORD-1786976311032-D2F247CF,CUST-00408,2026-03-07T08:31:50.039Z,135.06,DELIVERED
ORD-1786976311032-1CDBB489,CUST-00725,2026-03-03T22:00:41.451Z,21.52,DELIVERED
ORD-1786976311032-7EAE256D,CUST-00122,2025-03-25T16:47:33.744Z,493.91,DELIVERED
ORD-1786976311032-B29958C5,CUST-00673,2026-03-24T10:11:11.608Z,73.06,SHIPPED
ORD-1786976311032-95A61B80,CUST-00085,2025-04-30T18:00:31.623Z,425.50,COMPLETED
ORD-1786976311032-6CC2D1E9,CUST-00147,2025-08-26T07:18:58.482Z,269.62,PENDING
ORD-1786976311032-E62327A3,CUST-00878,2026-08-03T11:54:59.133Z,457.65,PENDING
ORD-1786976311032-6682361E,CUST-00326,2025-05-06T11:34:33.424Z,25.74,PROCESSING
ORD-1786976311032-79C7D629,CUST-00645,2026-05-13T16:28:16.731Z,378.59,PENDING
ORD-1786976311032-A368483A,CUST-00043,2025-03-21T23:58:48.668Z,107.23,DELIVERED
ORD-1786976311032-21F06602,CUST-00609,2025-01-20T12:45:13.250Z,365.05,SHIPPED
ORD-1786976311032-B1D0AB80,CUST-00928,2025-11-25T13:11:53.241Z,267.93,DELIVERED
ORD-1786976311032-685B9825,CUST-00164,2025-12-04T10:20:24.635Z,158.38,SHIPPED
ORD-1786976311032-18AC655C,CUST-00880,2026-02-12T14:11:46.884Z,362.52,CANCELLED
ORD-1786976311032-4EB67F2E,CUST-00611,2025-02-10T18:03:25.273Z,105.22,SHIPPED
ORD-1786976311032-0D7AB137,CUST-00743,2025-10-09T15:55:19.880Z,359.51,DELIVERED
ORD-1786976311032-3D753D81,CUST-00587,2025-10-30T00:19:54.611Z,358.92,SHIPPED
ORD-1786976311032-CEDFA848,CUST-00565,2026-01-05T01:36:35.277Z,89.30,CANCELLED
ORD-1786976311032-11261930,CUST-00280,2025-11-10T02:43:18.109Z,123.73,SHIPPED
ORD-1786976311032-66389A34,CUST-00586,2025-09-02T11:05:04.044Z,37.04,COMPLETED
ORD-1786976311032-A430F245,CUST-00203,2025-09-15T03:40:52.048Z,347.60,CANCELLED
ORD-1786976311032-0CDF7338,CUST-00976,2025-08-05T09:54:12.260Z,68.24,DELIVERED
ORD-1786976311032-3EA263EB,CUST-00801,2025-02-22T00:55:28.615Z,449.18,SHIPPED
ORD-1786976311032-235C1B57,CUST-00219,2025-10-19T15:44:42.239Z,181.68,PROCESSING
ORD-1786976311032-A7BC9C6E,CUST-00826,2025-05-22T09:00:14.236Z,346.01,COMPLETED
ORD-1786976311032-85A40CDD,CUST-00058,2026-06-25T01:44:59.363Z,302.28,PENDING
ORD-1786976311032-DCC8B9E6,CUST-00230,2025-12-25T19:47:20.828Z,330.66,CANCELLED
ORD-1786976311032-FA3C8D9D,CUST-00835,2025-09-24T11:59:22.054Z,273.71,COMPLETED
ORD-1786976311032-0DB9692F,CUST-00406,2025-05-01T07:08:52.811Z,260.51,PENDING
ORD-1786976311032-1C18A9C9,CUST-00051,2026-03-02T22:26:20.792Z,194.19,DELIVERED
ORD-1786976311032-4C71ED56,CUST-00457,2025-12-31T10:56:14.231Z,430.12,DELIVERED
ORD-1786976311032-A9F0D7B9,CUST-00157,2026-05-24T16:39:53.258Z,362.13,SHIPPED
ORD-1786976311032-D80025D6,CUST-00088,2026-06-15T23:50:33.884Z,174.81,DELIVERED
ORD-1786976311032-EE711A7A,CUST-00458,2026-07-23T00:35:32.915Z,74.62,PENDING
ORD-1786976311032-364A3448,CUST-00909,2026-08-10T18:57:45.331Z,421.02,COMPLETED
ORD-1786976311032-62DB049E,CUST-00839,2026-04-22T07:23:27.890Z,221.26,DELIVERED
ORD-1786976311032-C5B4BDF1,CUST-00966,2025-08-19T12:07:20.087Z,352.19,DELIVERED
ORD-INV-3700,CUST-002,2026-05-10T10:00:00Z,-50.00,COMPLETED
ORD-1786976311032-AA471E18,CUST-00517,2026-05-02T05:02:40.419Z,98.65,SHIPPED
ORD-1786976311032-E54EA690,CUST-00851,2025-03-28T22:05:18.808Z,204.78,DELIVERED
ORD-1786976311032-A4E0E0AE,CUST-00543,2025-12-06T11:43:16.925Z,297.30,DELIVERED
ORD-1786976311032-D789A5E3,CUST-00308,2026-05-21T05:36:47.123Z,69.08,DELIVERED
ORD-1786976311032-81F2AE4F,CUST-00972,2025-08-28T02:52:20.541Z,492.19,DELIVERED
ORD-1786976311032-F3D49426,CUST-00055,2026-04-20T08:38:27.254Z,393.55,CANCELLED
ORD-1786976311032-71A6D613,CUST-00913,2025-05-22T04:43:47.026Z,106.48,PROCESSING
ORD-1786976311032-820A0398,CUST-00621,2025-05-25T06:46:16.203Z,313.44,PENDING
ORD-1786976311032-7D1AB8E8,CUST-00881,2026-04-23T09:10:12.002Z,184.60,PROCESSING
ORD-1786976311032-E403B090,CUST-00703,2025-03-30T05:42:12.441Z,391.12,CANCELLED
ORD-1786976311032-1F6ABE39,CUST-00407,2025-07-22T14:27:03.250Z,220.80,COMPLETED
ORD-1786976311032-C88D3608,CUST-00222,2025-06-13T20:46:25.723Z,154.96,SHIPPED
ORD-1786976311032-6EDE2F71,CUST-00156,2025-01-13T02:04:36.388Z,268.64,SHIPPED
ORD-1786976311032-21CA010E,CUST-00996,2025-05-27T07:59:15.746Z,268.56,SHIPPED
ORD-1786976311032-DD3531B7,CUST-00853,2026-02-02T21:55:25.489Z,439.78,DELIVERED
ORD-1786976311032-20352971,CUST-00764,2026-08-14T09:25:07.872Z,83.85,CANCELLED
ORD-1786976311032-2FAD80F1,CUST-00961,2025-05-07T23:21:16.034Z,256.91,PENDING
ORD-1786976311032-9822AC9B,CUST-00039,2026-04-16T21:36:54.703Z,414.65,PENDING
ORD-1786976311032-35455B5D,CUST-00857,2026-01-10T08:05:30.525Z,46.36,SHIPPED
ORD-1786976311032-CD7BD5E7,CUST-00779,2026-04-29T08:41:52.245Z,55.70,DELIVERED
ORD-1786976311032-346FB430,CUST-00387,2025-10-03T10:36:31.871Z,137.75,DELIVERED
ORD-1786976311032-2D2D5D28,CUST-00804,2025-07-14T00:24:17.433Z,139.58,PROCESSING
ORD-1786976311032-A0E2CFCB,CUST-00078,2026-03-29T11:42:52.950Z,31.96,CANCELLED
ORD-1786976311032-E55E08E1,CUST-00834,2025-05-09T21:04:38.176Z,374.40,PROCESSING
ORD-1786976311032-7A358879,CUST-00055,2025-10-20T16:58:48.823Z,13.89,SHIPPED
ORD-1786976311032-30FFECE8,CUST-00639,2026-06-27T03:31:51.550Z,421.21,DELIVERED
ORD-1786976311032-AB4B2309,CUST-00830,2025-02-18T04:39:24.857Z,419.11,PENDING
ORD-1786976311032-8B56279D,CUST-00720,2026-03-18T10:17:10.633Z,431.31,DELIVERED
ORD-1786976311032-3A959F2B,CUST-00224,2026-04-29T02:51:39.017Z,359.66,PENDING
ORD-1786976311032-7A0A91A5,CUST-00573,2026-05-04T12:38:17.408Z,169.90,PROCESSING
ORD-1786976311032-E9890ACE,CUST-00574,2025-11-18T04:53:17.403Z,328.83,SHIPPED
ORD-1786976311032-339033C5,CUST-00059,2026-07-20T20:33:06.483Z,466.51,PROCESSING
ORD-1786976311032-BE5CB842,CUST-00074,2025-07-26T22:35:40.354Z,250.81,COMPLETED
ORD-1786976311032-3ABA7AA9,CUST-00632,2025-10-28T21:33:55.276Z,328.43,COMPLETED
ORD-1786976311032-795289F9,CUST-00265,2025-06-14T00:03:20.396Z,256.74,PROCESSING
ORD-1786976311032-88D2FABF,CUST-00995,2025-07-02T20:43:33.005Z,505.63,PENDING
ORD-1786976311032-91CF1903,CUST-00564,2026-02-13T10:55:51.870Z,228.19,PENDING
ORD-1786976311032-F956DA48,CUST-00188,2025-06-19T16:30:20.262Z,344.62,COMPLETED
ORD-1786976311032-D4D8EDBE,CUST-00236,2025-02-27T08:13:24.538Z,140.11,COMPLETED
ORD-1786976311032-84DEA5C3,CUST-00130,2025-07-06T06:03:40.837Z,406.00,COMPLETED
ORD-1786976311032-BA03F0F2,CUST-00631,2025-02-16T04:46:55.585Z,117.24,PROCESSING
ORD-1786976311032-38DCCA9A,CUST-00009,2025-10-27T13:21:26.348Z,336.42,DELIVERED
ORD-1786976311032-06D6E565,CUST-00738,2026-05-17T04:47:28.758Z,440.54,COMPLETED
ORD-1786976311032-92D01189,CUST-00907,2025-07-24T05:28:53.642Z,263.11,PENDING
ORD-1786976311032-A48F4A43,CUST-00795,2025-04-17T03:36:05.602Z,81.25,CANCELLED
ORD-1786976311032-F8A6BC13,CUST-00953,2025-12-09T07:03:49.251Z,503.55,PROCESSING
ORD-1786976311032-56A2E44D,CUST-00249,2026-06-02T16:39:44.999Z,366.94,PENDING
ORD-1786976311032-3E6C02C5,CUST-00510,2025-03-21T17:09:54.287Z,262.73,SHIPPED
ORD-1786976311032-9FF20713,CUST-00940,2025-07-24T18:00:13.592Z,332.14,COMPLETED
ORD-1786976311032-AB2B4400,CUST-00311,2025-06-06T22:05:42.453Z,263.23,PROCESSING
ORD-1786976311032-F1FF9109,CUST-00645,2026-01-12T19:49:38.812Z,253.89,CANCELLED
ORD-1786976311032-B8542569,CUST-00270,2026-04-30T15:33:44.458Z,86.68,DELIVERED
ORD-1786976311032-918A13D7,CUST-00082,2026-06-21T01:07:51.766Z,476.85,PROCESSING
ORD-1786976311032-BF7F0E4D,CUST-00752,2026-01-25T23:21:39.700Z,489.21,SHIPPED
ORD-1786976311032-5F816981,CUST-00131,2026-01-24T18:06:21.038Z,149.67,CANCELLED
ORD-1786976311032-CC232A1F,CUST-00009,2025-04-28T17:52:12.828Z,197.99,PROCESSING
ORD-1786976311032-5E86D497,CUST-00704,2025-01-02T15:36:45.037Z,288.26,SHIPPED
ORD-1786976311032-9C8B7F67,CUST-00889,2025-06-28T01:06:00.355Z,16.80,PENDING
ORD-1786976311032-AD9682DA,CUST-00932,2025-05-09T01:34:01.011Z,217.30,CANCELLED
ORD-1786976311032-4C80EDAF,CUST-00593,2026-02-26T16:04:26.525Z,333.01,PROCESSING
ORD-1786976311032-BBFE0768,CUST-00946,2026-05-10T03:15:43.983Z,140.80,PENDING
ORD-1786976311032-F921FAF6,CUST-00194,2025-03-19T18:47:32.364Z,386.73,PROCESSING
ORD-1786976311032-C530D2DC,CUST-00853,2025-06-28T17:22:45.301Z,74.09,PROCESSING
ORD-1786976311032-DDD09B67,CUST-00934,2026-04-13T15:04:40.803Z,86.85,DELIVERED
ORD-1786976311032-C95183B9,CUST-00969,2025-06-07T16:28:43.074Z,336.18,CANCELLED
ORD-1786976311032-5A0ED7F6,CUST-00398,2025-11-18T14:00:36.619Z,247.74,COMPLETED
ORD-1786976311032-112AA982,CUST-00781,2025-01-28T05:23:26.325Z,235.12,PROCESSING
ORD-1786976311032-EB1B13F2,CUST-00736,2025-05-15T15:30:18.266Z,381.37,CANCELLED
ORD-1786976311032-B287B93D,CUST-00411,2025-03-04T17:45:37.679Z,207.09,CANCELLED
ORD-1786976311032-71E1E3FC,CUST-00450,2025-08-04T09:14:10.619Z,138.48,PENDING
ORD-1786976311032-207C8BCC,CUST-00094,2025-10-29T00:48:05.321Z,328.75,CANCELLED
ORD-1786976311032-CEB868EC,CUST-00273,2025-05-24T11:04:06.853Z,476.26,PROCESSING
ORD-1786976311032-D83DD0D8,CUST-00438,2025-07-27T00:07:05.780Z,158.28,PENDING
ORD-1786976311032-011C0195,CUST-00327,2026-06-29T23:35:45.905Z,135.55,SHIPPED
ORD-1786976311032-DABE9111,CUST-00812,2025-08-25T06:55:16.760Z,252.33,SHIPPED
ORD-1786976311032-771B33BF,CUST-00212,2025-07-24T14:57:44.721Z,427.69,DELIVERED
ORD-1786976311032-F57AE91D,CUST-00995,2026-02-21T12:52:02.209Z,20.42,SHIPPED
ORD-1786976311032-22AE7115,CUST-00742,2026-08-06T21:46:08.561Z,34.41,SHIPPED
ORD-1786976311032-717B65F1,CUST-00770,2026-01-31T14:43:37.680Z,10.04,SHIPPED
ORD-1786976311032-CB6B7D35,CUST-00103,2025-12-30T00:41:06.181Z,462.92,COMPLETED
ORD-1786976311032-CF49DDA1,CUST-00738,2025-05-30T06:28:30.039Z,161.83,COMPLETED
ORD-1786976311032-ECEE0FEF,CUST-00318,2025-07-14T04:06:23.593Z,406.44,DELIVERED
ORD-1786976311032-CA8CE5BF,CUST-00364,2025-10-10T22:27:40.291Z,184.30,PROCESSING
ORD-1786976311032-A2B9662D,CUST-00184,2025-05-14T13:40:22.525Z,79.59,PROCESSING
ORD-1786976311032-20A87C04,CUST-00429,2025-04-17T17:37:55.372Z,183.82,SHIPPED
ORD-1786976311032-A744C221,CUST-00879,2025-03-29T20:01:26.697Z,323.68,COMPLETED
ORD-1786976311032-B34D30CE,CUST-00836,2026-07-05T16:52:47.001Z,220.17,COMPLETED
ORD-1786976311032-9364B359,CUST-00425,2025-12-29T15:14:04.139Z,78.02,CANCELLED
ORD-1786976311032-0C7955CC,CUST-00177,2025-01-11T14:19:01.485Z,100.17,DELIVERED
ORD-1786976311032-13D88D65,CUST-00239,2025-01-01T10:55:32.156Z,257.11,PROCESSING
ORD-1786976311032-2E304612,CUST-00654,2025-07-31T00:51:11.223Z,217.48,PROCESSING
ORD-1786976311032-7AA4218D,CUST-00164,2025-01-26T10:08:05.815Z,131.20,CANCELLED
ORD-1786976311032-E328F8D5,CUST-00543,2026-07-28T12:15:28.042Z,38.49,DELIVERED
ORD-1786976311032-57448057,CUST-00989,2025-03-31T23:04:55.388Z,497.73,PROCESSING
ORD-1786976311032-87F7497A,CUST-00291,2026-06-24T04:06:03.760Z,450.22,PROCESSING
ORD-1786976311032-D2DDF3F4,CUST-00670,2026-01-03T09:23:12.619Z,30.51,CANCELLED
ORD-1786976311032-5CC4BE46,CUST-00874,2025-10-07T19:03:39.622Z,216.10,COMPLETED
ORD-1786976311032-2A2CD665,CUST-00620,2025-08-02T14:12:58.347Z,165.29,COMPLETED
ORD-1786976311032-12DF8ADE,CUST-00271,2025-09-28T15:45:53.151Z,496.93,PENDING
ORD-INV-3800,,2026-05-10T10:00:00Z,120.00,PENDING
ORD-1786976311032-61F57A2E,CUST-00212,2025-07-26T23:32:52.229Z,374.37,CANCELLED
ORD-1786976311032-C64EE726,CUST-00456,2025-01-15T12:12:47.001Z,404.95,SHIPPED
ORD-1786976311032-E3D9174E,CUST-00156,2026-02-05T08:02:12.369Z,133.19,CANCELLED
ORD-1786976311032-0B870B94,CUST-00264,2025-02-02T08:04:03.217Z,361.78,PENDING
ORD-1786976311032-1A50EFB6,CUST-00744,2026-01-27T02:55:33.590Z,262.53,COMPLETED
ORD-1786976311032-BD796ECB,CUST-00479,2026-05-09T10:23:33.249Z,499.36,PENDING
ORD-1786976311032-DFA2B40B,CUST-00993,2025-10-16T06:04:31.198Z,456.95,PROCESSING
ORD-1786976311032-818D3B18,CUST-00767,2026-05-16T09:00:07.241Z,117.72,COMPLETED
ORD-1786976311032-4D1D07F9,CUST-00374,2026-08-03T16:18:23.753Z,399.19,SHIPPED
ORD-1786976311032-A34B48F0,CUST-00533,2026-01-30T18:18:31.201Z,216.94,PENDING
ORD-1786976311032-29FCB82E,CUST-00970,2026-06-06T21:55:30.334Z,291.19,SHIPPED
ORD-1786976311032-28254102,CUST-00712,2026-03-28T12:56:38.439Z,179.56,DELIVERED
ORD-1786976311032-BE06D30F,CUST-00117,2026-06-15T16:28:47.744Z,166.72,DELIVERED
ORD-1786976311032-157D3417,CUST-00811,2025-10-14T18:48:29.245Z,356.33,CANCELLED
ORD-1786976311032-70938245,CUST-00648,2026-01-14T22:44:28.013Z,390.95,COMPLETED
ORD-1786976311032-A2D27DFA,CUST-00546,2025-11-12T07:54:46.690Z,375.89,PROCESSING
ORD-1786976311032-DB96D289,CUST-00454,2025-06-05T04:07:50.638Z,108.97,SHIPPED
ORD-1786976311033-63D014C7,CUST-00423,2025-02-26T15:02:27.422Z,151.00,DELIVERED
ORD-1786976311033-604BE3D6,CUST-00750,2026-02-28T10:29:40.884Z,403.36,DELIVERED
ORD-1786976311033-6CC41C03,CUST-00633,2025-07-02T09:52:49.483Z,320.51,SHIPPED
ORD-1786976311033-AD551E52,CUST-00937,2025-05-06T14:07:21.072Z,408.21,CANCELLED
ORD-1786976311033-F5BB7F00,CUST-00508,2026-01-07T02:04:25.908Z,383.78,SHIPPED
ORD-1786976311033-8047ACD1,CUST-00691,2025-03-13T18:11:21.238Z,494.38,DELIVERED
ORD-1786976311033-01F464D4,CUST-00757,2025-06-12T12:19:51.989Z,438.83,PROCESSING
ORD-1786976311033-C4E3C4AB,CUST-00681,2026-06-07T04:08:05.163Z,343.61,CANCELLED
ORD-1786976311033-D4641D55,CUST-00327,2026-04-24T19:33:00.574Z,221.24,SHIPPED
ORD-1786976311033-13BF30CB,CUST-00149,2026-05-09T09:00:55.815Z,308.33,SHIPPED
ORD-1786976311033-63CAD2A0,CUST-00830,2025-07-23T00:05:20.408Z,188.47,COMPLETED
ORD-1786976311033-2BCF9BFF,CUST-00187,2025-12-17T12:55:06.649Z,41.77,CANCELLED
ORD-1786976311033-D566B990,CUST-00551,2025-01-11T01:54:43.665Z,413.87,DELIVERED
ORD-1786976311033-F3534E30,CUST-00297,2025-07-15T02:47:01.237Z,35.44,CANCELLED
ORD-1786976311033-4E657134,CUST-00440,2025-08-05T05:10:59.075Z,298.63,SHIPPED
ORD-1786976311033-2C8A2E1A,CUST-00610,2025-06-23T00:55:42.641Z,319.10,DELIVERED
ORD-1786976311033-E0D7D94B,CUST-00871,2025-04-28T17:48:26.248Z,164.37,PENDING
ORD-1786976311033-D351E2FB,CUST-00527,2026-03-03T05:42:13.421Z,147.74,DELIVERED
ORD-1786976311033-817B003C,CUST-00924,2025-09-20T04:38:45.646Z,340.80,DELIVERED
ORD-1786976311033-D976E253,CUST-00725,2025-06-14T23:09:28.770Z,134.13,PROCESSING
ORD-1786976311033-D37732B8,CUST-00519,2026-02-14T19:11:38.499Z,222.22,CANCELLED
ORD-1786976311033-46FC4D76,CUST-00446,2025-10-19T08:55:47.247Z,158.50,PROCESSING
ORD-1786976311033-2CA0CAEB,CUST-00550,2025-05-13T00:39:49.654Z,259.80,CANCELLED
ORD-1786976311033-DB2BE30B,CUST-00850,2026-07-21T20:33:55.652Z,358.00,COMPLETED
ORD-1786976311033-ABFAB761,CUST-00466,2026-04-02T10:44:34.101Z,495.66,PENDING
ORD-1786976311033-7B1B6303,CUST-00832,2025-12-06T21:42:48.940Z,127.70,PROCESSING
ORD-1786976311033-FAC7783E,CUST-00841,2026-04-01T12:04:00.022Z,136.48,SHIPPED
ORD-1786976311033-F91A9BB7,CUST-00804,2025-08-15T17:12:36.762Z,384.33,COMPLETED
ORD-1786976311033-963C03DB,CUST-00434,2026-03-22T00:39:06.993Z,433.05,PROCESSING
ORD-1786976311033-DB44C45C,CUST-00406,2026-06-08T22:53:41.076Z,271.71,COMPLETED
ORD-1786976311033-5D0678CE,CUST-00743,2025-01-16T07:53:14.514Z,134.08,PROCESSING
ORD-1786976311033-B8DE9795,CUST-00830,2026-02-25T01:01:11.924Z,428.00,COMPLETED
ORD-1786976311033-C127AC14,CUST-00921,2026-06-19T22:40:20.635Z,389.40,CANCELLED
ORD-1786976311033-ADEDFC24,CUST-00584,2025-12-25T00:54:25.441Z,276.63,DELIVERED
ORD-1786976311033-CB12B94E,CUST-00133,2026-07-12T22:22:26.904Z,323.51,CANCELLED
ORD-1786976311033-4AC1B810,CUST-00792,2026-04-25T00:19:15.580Z,352.79,PENDING
ORD-1786976311033-6CBBDF23,CUST-00040,2025-11-01T11:47:51.544Z,206.07,DELIVERED
ORD-1786976311033-04221C50,CUST-00584,2026-01-06T08:29:34.054Z,197.40,PENDING
ORD-1786976311033-F7A69D62,CUST-00765,2025-12-05T21:51:02.313Z,443.45,COMPLETED
ORD-1786976311033-D8E3C49B,CUST-00613,2025-10-15T22:45:21.612Z,355.10,SHIPPED
ORD-1786976311033-84AA2021,CUST-00772,2025-02-17T22:09:39.984Z,374.88,SHIPPED
ORD-1786976311033-CDA598C8,CUST-00168,2026-04-01T03:52:13.326Z,34.50,CANCELLED
ORD-1786976311033-D087D7A3,CUST-00712,2025-06-17T21:36:05.509Z,375.93,DELIVERED
ORD-1786976311033-336A1D80,CUST-00059,2026-02-08T14:47:26.611Z,73.68,COMPLETED
ORD-1786976311033-00520E33,CUST-00578,2026-03-30T22:16:45.879Z,435.35,COMPLETED
ORD-1786976311033-D82ABDB8,CUST-00424,2026-07-16T00:29:32.576Z,262.12,PENDING
ORD-1786976311033-96E60D3F,CUST-00426,2025-04-03T01:52:51.431Z,126.05,COMPLETED
ORD-1786976311033-00EA7396,CUST-00222,2025-08-13T13:46:00.306Z,420.06,COMPLETED
ORD-1786976311033-C85221C1,CUST-00664,2025-11-26T21:37:16.044Z,283.75,DELIVERED
ORD-1786976311033-92DB15F1,CUST-00998,2025-04-12T00:04:51.956Z,441.81,SHIPPED
ORD-1786976311033-F38416B6,CUST-00356,2025-11-19T16:17:09.563Z,203.56,PROCESSING
ORD-1786976311033-97A26B60,CUST-00050,2026-08-08T12:09:05.358Z,154.17,CANCELLED
ORD-1786976311033-09A6EB2D,CUST-00768,2026-07-12T12:35:48.995Z,179.64,CANCELLED
ORD-1786976311033-EE611739,CUST-00596,2025-11-27T03:48:42.037Z,129.88,CANCELLED
ORD-1786976311033-C5C149CC,CUST-00772,2026-05-28T10:47:36.557Z,458.37,PENDING
ORD-1786976311033-37FF437E,CUST-00517,2025-12-03T20:22:13.558Z,207.76,COMPLETED
ORD-1786976311033-770EBDA0,CUST-00752,2025-01-30T03:17:42.445Z,422.60,PENDING
ORD-1786976311033-CD349DD6,CUST-00790,2025-11-25T19:18:58.166Z,118.19,PROCESSING
ORD-1786976311033-0FA44556,CUST-00302,2025-04-17T12:24:25.766Z,330.08,DELIVERED
ORD-1786976311033-B15F72A7,CUST-00361,2025-12-19T20:55:57.741Z,371.66,PENDING
ORD-1786976311033-D10A4E31,CUST-00377,2025-09-24T04:18:40.581Z,191.26,PENDING
ORD-1786976311033-E5109170,CUST-00351,2026-05-27T01:00:01.396Z,286.40,DELIVERED
ORD-1786976311033-541BA58B,CUST-00427,2025-01-01T02:44:20.022Z,235.63,PROCESSING
ORD-1786976311033-166670CB,CUST-00004,2026-03-04T13:18:46.808Z,268.83,COMPLETED
ORD-1786976311033-D9FE268B,CUST-00115,2026-08-03T08:00:40.063Z,251.42,SHIPPED
ORD-1786976311033-BA931733,CUST-00606,2025-01-27T01:45:12.368Z,247.49,COMPLETED
ORD-1786976311033-548886DF,CUST-00241,2025-03-28T01:18:18.284Z,331.02,COMPLETED
ORD-1786976311033-3DB03A01,CUST-00927,2025-10-15T12:42:13.404Z,258.86,PROCESSING
ORD-1786976311033-4A02E51D,CUST-00037,2026-04-09T05:53:46.885Z,338.51,PROCESSING
ORD-1786976311033-F8619042,CUST-00472,2025-01-10T15:27:35.909Z,415.68,DELIVERED
ORD-1786976311033-562D5FB1,CUST-00890,2026-03-19T13:34:15.297Z,402.08,CANCELLED
ORD-1786976311033-15F761B1,CUST-00737,2026-05-13T15:07:51.126Z,42.71,CANCELLED
ORD-1786976311033-35F83EFF,CUST-00816,2026-04-04T10:43:07.575Z,103.04,PENDING
ORD-1786976311033-0D464919,CUST-00485,2026-04-06T08:56:31.973Z,492.31,DELIVERED
ORD-1786976311033-6CE8E3DD,CUST-00839,2026-07-15T00:06:42.649Z,194.22,DELIVERED
ORD-1786976311033-5BCE39DE,CUST-00977,2026-04-24T02:15:33.559Z,46.71,DELIVERED
ORD-1786976311033-4FA23371,CUST-00907,2026-07-19T00:48:09.552Z,16.20,PENDING
ORD-1786976311033-D58E5BC0,CUST-00704,2025-01-17T23:10:04.421Z,316.52,PROCESSING
ORD-1786976311033-F2D1B20E,CUST-00945,2025-03-19T17:35:54.926Z,445.87,PENDING
ORD-1786976311033-74B6A224,CUST-00121,2025-06-16T12:52:29.038Z,193.89,DELIVERED
ORD-1786976311033-DD6C2A8D,CUST-00102,2025-06-15T16:10:56.186Z,310.04,DELIVERED
ORD-1786976311033-3CD2FC30,CUST-00324,2025-01-16T01:11:01.885Z,194.73,SHIPPED
ORD-INV-3900,CUST-001,INVALID_DATE_FORMAT,99.99,PENDING
ORD-1786976311033-BCAD60F6,CUST-00470,2025-11-09T17:25:08.579Z,441.16,SHIPPED
ORD-1786976311033-2BAA0FEA,CUST-00468,2025-01-03T19:01:28.057Z,93.22,PROCESSING
ORD-1786976311033-930894F3,CUST-00996,2026-04-08T11:15:57.304Z,68.93,CANCELLED
ORD-1786976311033-C016DE29,CUST-00259,2025-11-27T02:17:16.463Z,229.40,CANCELLED
ORD-1786976311033-87E7C8E0,CUST-00791,2025-08-09T08:07:36.913Z,349.16,COMPLETED
ORD-1786976311033-CE8BAAC4,CUST-00628,2026-08-01T02:43:14.154Z,78.76,CANCELLED
ORD-1786976311033-EF526D82,CUST-00822,2026-04-30T20:31:45.549Z,70.18,SHIPPED
ORD-1786976311033-4231FB20,CUST-00621,2025-01-08T03:00:50.319Z,433.91,COMPLETED
ORD-1786976311033-A0500564,CUST-00174,2026-02-15T10:52:06.348Z,408.19,PROCESSING
ORD-1786976311033-BE71F52C,CUST-00230,2025-01-19T23:10:07.232Z,228.98,COMPLETED
ORD-1786976311033-3DBE38C0,CUST-00318,2025-09-10T12:52:49.296Z,382.47,SHIPPED
ORD-1786976311033-D79E7156,CUST-00725,2025-02-12T10:26:02.060Z,202.57,SHIPPED
ORD-1786976311033-DCF69EE1,CUST-00537,2025-05-21T18:05:36.249Z,474.87,COMPLETED
ORD-1786976311033-15899476,CUST-00716,2026-04-09T04:25:56.095Z,482.18,PROCESSING
ORD-1786976311033-14EF2816,CUST-00177,2026-06-30T10:12:49.771Z,76.18,SHIPPED
ORD-1786976311033-D3CD77D2,CUST-00511,2026-01-16T22:18:07.970Z,378.43,COMPLETED
ORD-1786976311033-94DBE482,CUST-00228,2025-10-06T06:59:46.573Z,349.74,PROCESSING
ORD-1786976311033-54A2F269,CUST-00729,2026-07-14T20:02:19.264Z,183.42,PENDING
ORD-1786976311033-6E1331C6,CUST-00950,2025-12-15T10:44:46.829Z,92.51,CANCELLED
ORD-1786976311033-1A7B861C,CUST-00184,2025-04-13T08:07:56.181Z,183.99,PROCESSING
ORD-1786976311033-CA7143FF,CUST-00976,2026-07-11T03:10:14.294Z,324.41,COMPLETED
ORD-1786976311034-8AAE1B7B,CUST-00961,2026-03-04T13:43:21.344Z,412.78,PENDING
ORD-1786976311034-C56991CF,CUST-00527,2026-02-19T03:25:46.801Z,491.13,PROCESSING
ORD-1786976311034-B2488F5C,CUST-00353,2026-06-28T16:34:41.577Z,173.93,DELIVERED
ORD-1786976311034-4C01048B,CUST-00988,2025-09-20T23:21:13.067Z,69.95,PROCESSING
ORD-1786976311034-D62AAFC8,CUST-00251,2025-01-14T00:47:20.588Z,333.72,PROCESSING
ORD-1786976311034-DFE594B2,CUST-00742,2025-08-04T21:39:23.568Z,447.54,COMPLETED
ORD-1786976311034-D03FC26B,CUST-00317,2026-03-20T16:34:05.283Z,335.15,PENDING
ORD-1786976311034-1A7A9584,CUST-00867,2026-02-08T23:06:31.584Z,500.61,COMPLETED
ORD-1786976311034-2573053D,CUST-00793,2025-10-18T18:37:38.869Z,376.87,PROCESSING
ORD-1786976311034-A8C852A4,CUST-00169,2025-05-21T15:49:09.876Z,36.37,PROCESSING
ORD-1786976311034-F42686EB,CUST-00775,2026-01-06T04:19:15.071Z,164.07,DELIVERED
ORD-1786976311034-F4B0E4EE,CUST-00241,2026-02-15T17:37:26.611Z,154.90,SHIPPED
ORD-1786976311034-C900E3F7,CUST-00444,2025-01-13T03:40:57.447Z,323.99,PENDING
ORD-1786976311034-4208DB90,CUST-00480,2025-09-16T20:34:47.768Z,225.00,PENDING
ORD-1786976311034-B04DB981,CUST-00921,2025-01-10T11:15:00.570Z,85.35,PROCESSING
ORD-1786976311034-47DD30F7,CUST-00120,2025-08-26T19:08:50.858Z,355.59,PENDING
ORD-1786976311034-B46F0DDF,CUST-00978,2025-09-02T21:58:56.659Z,306.03,COMPLETED
ORD-1786976311034-71D4DB24,CUST-00581,2025-06-19T19:17:58.641Z,382.70,PROCESSING
ORD-1786976311034-221DD958,CUST-00553,2025-04-11T10:34:41.332Z,508.27,DELIVERED
ORD-1786976311034-A92D1FB8,CUST-00175,2025-07-05T22:43:37.843Z,56.63,CANCELLED
ORD-1786976311034-0BBA4461,CUST-00234,2025-12-12T01:17:18.851Z,475.44,DELIVERED
ORD-1786976311034-2291791D,CUST-00666,2025-03-24T10:37:10.944Z,98.32,DELIVERED
ORD-1786976311034-DB34395F,CUST-00064,2025-11-06T01:04:29.973Z,57.89,PENDING
ORD-1786976311034-74041364,CUST-00351,2025-07-12T14:57:08.039Z,177.64,COMPLETED
ORD-1786976311034-18E1CF3B,CUST-00594,2025-05-26T22:05:53.764Z,417.45,SHIPPED
ORD-1786976311034-8030A8E0,CUST-00927,2025-01-29T08:56:51.177Z,307.83,PROCESSING
ORD-1786976311034-11C6E335,CUST-00072,2025-01-28T08:14:40.902Z,247.44,DELIVERED
ORD-1786976311034-C045816F,CUST-00235,2026-02-25T17:30:43.169Z,395.64,PROCESSING
ORD-1786976311034-1158AD23,CUST-00889,2026-02-02T12:31:12.641Z,202.41,CANCELLED
ORD-1786976311034-0F3E8380,CUST-00986,2025-06-24T16:04:47.004Z,161.50,COMPLETED
ORD-1786976311034-BE347906,CUST-00060,2025-07-03T16:40:08.263Z,371.60,SHIPPED
ORD-1786976311034-CD7900A9,CUST-00417,2025-03-06T02:38:53.247Z,341.25,DELIVERED
ORD-1786976311034-EB4957D3,CUST-00127,2025-07-16T02:34:00.351Z,292.83,PROCESSING
ORD-1786976311034-B17EB901,CUST-00124,2025-10-14T10:44:36.588Z,441.64,SHIPPED
ORD-1786976311034-476DCF42,CUST-00247,2026-03-30T01:42:56.955Z,324.33,PENDING
ORD-1786976311034-CFD4E879,CUST-00510,2026-07-18T16:12:57.273Z,505.15,COMPLETED
ORD-1786976311034-0675439D,CUST-00634,2025-08-07T13:16:16.161Z,290.94,PROCESSING
ORD-1786976311034-A9EE787C,CUST-00563,2026-04-19T12:32:24.602Z,357.66,DELIVERED
ORD-1786976311034-82B0DF68,CUST-00746,2026-03-12T19:57:48.303Z,117.34,PENDING
ORD-1786976311034-A81BF183,CUST-00117,2026-07-11T08:52:26.710Z,402.56,DELIVERED
ORD-1786976311034-4584BC2F,CUST-00524,2025-06-21T12:46:14.590Z,225.34,SHIPPED
ORD-1786976311034-B3850644,CUST-00545,2025-12-01T22:55:30.622Z,344.64,PENDING
ORD-1786976311034-69553B50,CUST-00470,2025-12-02T12:32:40.030Z,422.85,DELIVERED
ORD-1786976311034-E8FD80D6,CUST-00794,2026-05-09T16:39:25.506Z,140.03,COMPLETED
ORD-1786976311034-4EE181D2,CUST-00845,2025-12-14T09:13:39.756Z,502.68,COMPLETED
ORD-1786976311034-960567EF,CUST-00523,2025-12-04T06:43:19.926Z,26.83,DELIVERED
ORD-1786976311034-6A01C9BF,CUST-00224,2026-06-10T09:02:47.742Z,405.56,PROCESSING
ORD-1786976311034-859EEAE6,CUST-00910,2026-02-22T08:02:36.307Z,279.24,PROCESSING
ORD-1786976311034-56B26B19,CUST-00937,2025-04-11T19:49:48.923Z,304.72,PENDING
ORD-1786976311034-6F80FABE,CUST-00911,2025-02-02T05:51:03.977Z,22.76,COMPLETED
ORD-1786976311034-85AD01E3,CUST-00132,2025-01-31T17:37:40.653Z,476.55,PROCESSING
ORD-1786976311034-E1C1A649,CUST-00193,2025-05-11T20:58:36.859Z,328.78,PROCESSING
ORD-1786976311034-0654C45E,CUST-00707,2025-08-31T18:00:52.385Z,441.92,SHIPPED
ORD-1786976311034-DCFFB9F4,CUST-00624,2025-08-16T20:53:34.015Z,43.81,PENDING
ORD-1786976311034-1848D6AE,CUST-00317,2025-12-26T00:59:23.896Z,34.36,SHIPPED
ORD-1786976311034-C2F96177,CUST-00513,2026-02-16T03:06:18.005Z,309.25,DELIVERED
ORD-1786976311034-3E7A74F5,CUST-00220,2025-02-24T15:35:54.186Z,195.16,DELIVERED
ORD-1786976311034-941C1976,CUST-00556,2025-02-12T03:37:58.799Z,312.15,PROCESSING
ORD-1786976311034-500304F7,CUST-00780,2025-04-30T08:25:09.495Z,87.39,DELIVERED
ORD-1786976311034-F2B817BC,CUST-00742,2025-01-05T19:52:02.284Z,268.50,DELIVERED
ORD-1786976311034-7B130150,CUST-00274,2025-05-05T02:44:05.508Z,469.65,COMPLETED
ORD-1786976311034-44653096,CUST-00438,2026-05-19T03:24:44.205Z,118.70,SHIPPED
ORD-1786976311034-65ED62E0,CUST-00249,2025-03-16T04:17:24.366Z,224.46,PENDING
ORD-1786976311034-8C97F1B8,CUST-00190,2025-12-19T12:55:24.439Z,349.20,PROCESSING
ORD-1786976311034-CD9965F9,CUST-00329,2025-09-26T04:21:43.055Z,148.18,PROCESSING
ORD-1786976311034-A976D459,CUST-00002,2025-02-15T02:37:17.903Z,187.70,SHIPPED
ORD-1786976311034-A43E4B85,CUST-00597,2026-04-05T12:14:54.827Z,255.31,PENDING
ORD-1786976311035-DBBE8C88,CUST-00829,2025-12-10T21:24:34.992Z,58.29,CANCELLED
ORD-1786976311035-73E9DB12,CUST-00791,2026-05-15T14:57:54.399Z,58.31,DELIVERED
ORD-1786976311035-2B56C3A8,CUST-00476,2025-04-16T17:21:34.495Z,324.60,DELIVERED
ORD-1786976311035-62772269,CUST-00729,2025-01-30T21:31:53.336Z,38.45,COMPLETED
ORD-1786976311035-02522E47,CUST-00178,2026-05-12T03:28:13.201Z,145.70,DELIVERED
ORD-1786976311035-98C77554,CUST-00514,2025-01-24T10:27:29.638Z,284.69,SHIPPED
ORD-1786976311035-F0968079,CUST-00734,2026-01-12T16:01:55.179Z,81.69,PROCESSING
ORD-1786976311035-0D82C398,CUST-00808,2026-03-14T15:43:57.853Z,107.06,SHIPPED
ORD-1786976311035-A7F560A3,CUST-00557,2026-02-07T06:29:02.714Z,433.42,DELIVERED
ORD-1786976311035-A5AA1CED,CUST-00913,2025-12-19T15:20:35.619Z,164.77,SHIPPED
ORD-1786976311035-52E66474,CUST-00872,2025-09-22T13:21:05.804Z,276.38,CANCELLED
ORD-INV-4000,CUST-002,2026-05-10T10:00:00Z,-50.00,COMPLETED
ORD-1786976311035-E791CA08,CUST-00826,2025-03-07T02:55:51.955Z,476.63,DELIVERED
ORD-1786976311035-D4814457,CUST-00204,2026-04-10T07:47:13.101Z,80.11,PENDING
ORD-1786976311035-C973E9B0,CUST-00499,2025-03-12T16:23:09.844Z,349.17,SHIPPED
ORD-1786976311035-07FA46D6,CUST-00600,2026-02-12T20:15:29.280Z,473.26,PROCESSING
ORD-1786976311035-132EA45C,CUST-00205,2026-01-09T15:24:15.520Z,436.44,PENDING
ORD-1786976311035-AFDE2437,CUST-00909,2026-03-22T20:56:46.353Z,271.31,PENDING
ORD-1786976311035-2A39E0E7,CUST-00796,2026-08-04T07:26:55.594Z,112.36,COMPLETED
ORD-1786976311035-DCA9647D,CUST-00671,2025-06-28T15:25:17.926Z,123.41,COMPLETED
ORD-1786976311035-6FB68951,CUST-00831,2025-12-15T09:13:34.679Z,388.18,PROCESSING
ORD-1786976311035-F240DEAF,CUST-00831,2026-04-01T03:00:43.251Z,330.25,DELIVERED
ORD-1786976311035-09023318,CUST-00302,2026-05-15T23:23:53.359Z,81.95,CANCELLED
ORD-1786976311035-E60D396E,CUST-00911,2025-02-11T07:13:16.033Z,495.61,PENDING
ORD-1786976311035-43C68AE6,CUST-00282,2025-06-17T20:14:29.206Z,193.17,PENDING
ORD-1786976311035-CB8DC0C7,CUST-00187,2026-06-18T04:24:00.683Z,279.13,PROCESSING
ORD-1786976311035-B4334562,CUST-00176,2026-07-21T20:05:58.666Z,23.92,COMPLETED
ORD-1786976311035-AD73C9EB,CUST-00915,2025-04-17T13:27:22.609Z,78.28,PROCESSING
ORD-1786976311035-8D2CA572,CUST-00970,2025-01-15T09:32:12.135Z,385.57,CANCELLED
ORD-1786976311035-0C9A436E,CUST-00272,2025-06-02T14:25:19.371Z,491.01,PENDING
ORD-1786976311035-ED15482C,CUST-00599,2025-09-23T03:15:27.192Z,318.85,DELIVERED
ORD-1786976311035-793C8312,CUST-00529,2025-01-17T10:08:27.272Z,331.91,CANCELLED
ORD-1786976311035-387F290D,CUST-00858,2026-01-23T03:47:45.479Z,230.64,CANCELLED
ORD-1786976311035-E0AA6220,CUST-00350,2025-09-13T07:51:24.088Z,365.97,CANCELLED
ORD-1786976311035-93F9B379,CUST-00927,2025-10-26T21:20:07.092Z,243.95,SHIPPED
ORD-1786976311035-7223A21A,CUST-00097,2026-01-06T00:53:19.784Z,379.14,SHIPPED
ORD-1786976311035-1902C815,CUST-00109,2026-01-09T04:30:38.518Z,364.59,CANCELLED
ORD-1786976311035-9A2FAC93,CUST-00619,2025-12-02T22:06:32.978Z,459.54,CANCELLED
ORD-1786976311035-B932626F,CUST-00780,2026-03-08T10:49:44.370Z,189.20,COMPLETED
ORD-1786976311035-30B58CFD,CUST-00471,2025-10-11T03:24:03.093Z,99.79,SHIPPED
ORD-1786976311035-3FBB78F1,CUST-00211,2025-09-30T09:08:41.209Z,313.90,PENDING
ORD-1786976311035-16C0AE65,CUST-00571,2025-06-09T16:52:06.351Z,184.88,PENDING
ORD-1786976311035-A01CA093,CUST-00461,2025-08-23T21:17:00.387Z,176.59,SHIPPED
ORD-1786976311035-70497118,CUST-00047,2026-08-07T14:37:14.652Z,286.51,SHIPPED
ORD-1786976311035-644EE8BB,CUST-00222,2026-04-26T02:24:09.937Z,347.73,DELIVERED
ORD-1786976311035-CAC3D95A,CUST-00134,2026-07-09T01:04:32.458Z,407.06,DELIVERED
ORD-1786976311035-067AC984,CUST-00107,2025-06-10T05:38:38.963Z,394.69,PROCESSING
ORD-1786976311035-B24C4269,CUST-00357,2026-05-17T08:59:03.812Z,346.68,CANCELLED
ORD-1786976311035-55451C87,CUST-00732,2025-08-15T15:08:04.980Z,157.32,COMPLETED
ORD-1786976311035-08D37A8B,CUST-00366,2025-08-14T16:18:27.321Z,111.28,PROCESSING
ORD-1786976311035-6D89678A,CUST-00879,2025-11-23T10:39:02.522Z,414.44,SHIPPED
ORD-1786976311035-014484CD,CUST-00573,2025-08-05T05:09:41.031Z,120.30,COMPLETED
ORD-1786976311035-EC7CF7FE,CUST-00731,2026-03-24T20:26:02.562Z,426.56,DELIVERED
ORD-1786976311035-33C1CD50,CUST-00066,2025-02-07T02:10:13.299Z,240.23,SHIPPED
ORD-1786976311035-74ECF9D4,CUST-00275,2026-08-06T12:43:08.474Z,426.41,COMPLETED
ORD-1786976311035-62EBFAD5,CUST-00606,2025-10-14T04:32:23.251Z,317.81,CANCELLED
ORD-1786976311035-36498C8C,CUST-00584,2026-07-14T05:50:39.811Z,77.45,PROCESSING
ORD-1786976311035-F58E3060,CUST-00283,2026-06-20T20:20:16.521Z,197.32,COMPLETED
ORD-1786976311035-FEDC9D57,CUST-00766,2025-05-28T00:53:41.531Z,334.90,SHIPPED
ORD-1786976311035-B59FC4A0,CUST-00262,2025-07-27T19:19:20.629Z,295.35,SHIPPED
ORD-1786976311035-3389B2A1,CUST-00542,2025-08-11T21:14:44.378Z,481.91,PROCESSING
ORD-1786976311035-56628F8D,CUST-00653,2025-02-07T17:43:20.344Z,311.01,DELIVERED
ORD-1786976311035-23A98265,CUST-00080,2025-04-15T18:23:45.819Z,334.75,CANCELLED
ORD-1786976311035-DDF79794,CUST-00700,2025-04-04T02:56:02.956Z,19.80,CANCELLED
ORD-1786976311035-C84E732E,CUST-00672,2025-04-10T03:47:38.152Z,274.85,PENDING
ORD-1786976311035-AB5C926D,CUST-00268,2026-04-16T10:45:39.998Z,424.51,SHIPPED
ORD-1786976311035-90927A0F,CUST-00197,2025-04-26T19:41:44.522Z,30.81,PENDING
ORD-1786976311035-D8C3B94A,CUST-00653,2025-03-19T21:02:31.423Z,241.98,PENDING
ORD-1786976311035-13B3FCAE,CUST-00268,2025-05-25T11:55:34.242Z,131.95,DELIVERED
ORD-1786976311035-B5A917A6,CUST-00150,2026-03-17T01:37:51.622Z,284.48,SHIPPED
ORD-1786976311035-FF05A116,CUST-00167,2025-11-29T10:08:34.342Z,244.30,DELIVERED
ORD-1786976311035-06F2033B,CUST-00499,2026-02-26T05:17:07.071Z,27.52,PROCESSING
ORD-1786976311035-BF03F4FD,CUST-00930,2025-04-29T13:36:12.775Z,371.45,COMPLETED
ORD-1786976311035-96F4E176,CUST-00517,2025-09-28T00:55:58.938Z,141.49,PENDING
ORD-1786976311035-8122D78C,CUST-00933,2025-10-05T11:29:53.055Z,26.56,DELIVERED
ORD-1786976311035-B168AD55,CUST-00332,2025-04-30T15:35:53.079Z,33.71,SHIPPED
ORD-1786976311035-B17672F1,CUST-00815,2026-01-09T18:27:28.064Z,33.33,SHIPPED
ORD-1786976311035-0C0EFFBD,CUST-00371,2025-08-11T19:06:52.381Z,275.70,DELIVERED
ORD-1786976311035-D51057BE,CUST-00601,2025-01-20T13:48:31.874Z,13.55,CANCELLED
ORD-1786976311035-4F8427BB,CUST-00722,2026-02-25T23:07:53.994Z,33.47,COMPLETED
ORD-1786976311035-2D37B1D9,CUST-00627,2025-10-03T06:12:52.488Z,505.25,PROCESSING
ORD-1786976311035-368AF9FE,CUST-00723,2025-09-06T10:04:42.193Z,318.57,COMPLETED
ORD-1786976311035-69A0F822,CUST-00412,2026-07-20T03:37:04.545Z,376.33,PENDING
ORD-1786976311035-5BDDA24E,CUST-00891,2026-01-06T10:44:32.598Z,468.12,SHIPPED
ORD-1786976311035-50F146B6,CUST-00850,2025-09-08T13:50:04.935Z,153.50,CANCELLED
ORD-1786976311035-DBA7E8EC,CUST-00523,2025-05-31T02:00:13.284Z,161.89,PROCESSING
ORD-1786976311035-71D75C6A,CUST-00867,2025-10-05T22:14:41.182Z,492.28,COMPLETED
ORD-1786976311035-76C7C5F5,CUST-00042,2026-03-10T18:39:51.062Z,268.29,SHIPPED
ORD-1786976311035-78DEA135,CUST-00262,2025-03-08T21:29:35.024Z,399.00,SHIPPED
ORD-1786976311035-C173E0AF,CUST-00738,2025-01-24T04:51:50.517Z,224.82,DELIVERED
ORD-1786976311035-F9510BEB,CUST-00755,2025-06-17T16:43:58.961Z,266.50,PROCESSING
ORD-1786976311035-462BE1E3,CUST-00179,2025-10-10T04:45:33.184Z,437.66,PENDING
ORD-1786976311035-5E027E2A,CUST-00855,2026-03-18T14:28:23.886Z,448.88,PENDING
ORD-1786976311035-E9D54E0C,CUST-00992,2025-11-15T05:15:37.500Z,150.05,SHIPPED
ORD-1786976311035-7279370D,CUST-00655,2026-02-16T05:00:26.920Z,479.28,PROCESSING
ORD-1786976311035-DBB29C97,CUST-00700,2026-03-18T05:02:02.792Z,88.71,COMPLETED
ORD-1786976311035-90128DFD,CUST-00600,2026-03-29T08:22:24.899Z,426.86,PROCESSING
ORD-1786976311035-B9CBF755,CUST-00202,2026-01-21T09:57:29.199Z,443.21,CANCELLED
ORD-1786976311035-441548F9,CUST-00314,2025-10-01T14:17:20.692Z,106.79,PENDING
ORD-1786976311035-12BB6075,CUST-00710,2025-11-19T00:23:09.355Z,419.17,SHIPPED
ORD-1786976311035-DBC97D41,CUST-00978,2026-02-12T02:24:44.962Z,259.44,CANCELLED
ORD-1786976311035-612B8F92,CUST-00422,2025-05-15T05:40:54.502Z,91.15,PROCESSING
ORD-1786976311035-980CDDE3,CUST-00182,2025-05-16T11:27:47.423Z,85.53,SHIPPED
ORD-1786976311035-E9118635,CUST-00331,2025-02-02T13:32:11.528Z,316.54,CANCELLED
ORD-1786976311035-48AC47D3,CUST-00796,2025-02-27T09:59:15.813Z,367.41,DELIVERED
ORD-1786976311035-1150025E,CUST-00050,2025-05-10T02:09:06.442Z,293.07,PENDING
ORD-1786976311035-DBE89E29,CUST-00754,2026-03-31T17:01:45.615Z,221.17,CANCELLED
ORD-1786976311035-F6CBBD6C,CUST-00294,2025-07-19T16:35:33.109Z,452.90,COMPLETED
ORD-1786976311035-36036F3B,CUST-00563,2026-07-21T03:27:12.222Z,169.32,COMPLETED
ORD-1786976311035-5FC2781A,CUST-00526,2025-10-18T09:22:17.096Z,168.39,PENDING
ORD-1786976311035-5B56F2A6,CUST-00698,2026-06-06T11:16:22.960Z,352.03,PENDING
ORD-INV-4100,,2026-05-10T10:00:00Z,120.00,PENDING
ORD-1786976311035-F5C51AC8,CUST-00408,2025-07-27T01:52:32.123Z,407.00,SHIPPED
ORD-1786976311035-EE556E94,CUST-00110,2026-04-30T20:14:30.871Z,165.00,PROCESSING
ORD-1786976311035-DD89596C,CUST-00945,2025-07-03T20:50:27.578Z,75.18,CANCELLED
ORD-1786976311035-2EC83AA5,CUST-00050,2025-12-09T16:02:38.799Z,45.41,PENDING
ORD-1786976311035-5608433E,CUST-00909,2025-08-31T15:47:36.280Z,345.96,PENDING
ORD-1786976311035-F7662D08,CUST-00699,2026-01-19T06:25:39.208Z,236.49,PENDING
ORD-1786976311035-B82DF131,CUST-00462,2025-03-03T13:25:14.408Z,232.26,PROCESSING
ORD-1786976311035-83F3A51A,CUST-00904,2025-05-01T11:06:40.846Z,66.34,SHIPPED
ORD-1786976311035-E89BE94D,CUST-00463,2026-06-27T18:05:26.589Z,429.13,DELIVERED
ORD-1786976311035-19A18CA3,CUST-00156,2025-04-06T19:32:42.128Z,406.75,PROCESSING
ORD-1786976311035-C1AB579D,CUST-00693,2025-04-19T14:57:56.124Z,473.43,DELIVERED
ORD-1786976311035-C90FC558,CUST-00860,2025-06-04T11:22:59.391Z,365.84,DELIVERED
ORD-1786976311035-7D317DDC,CUST-00750,2026-05-19T02:08:25.237Z,327.20,PROCESSING
ORD-1786976311035-D0522972,CUST-00637,2025-09-29T14:28:51.754Z,43.76,SHIPPED
ORD-1786976311035-9FFFD9AB,CUST-00989,2025-10-26T19:42:02.600Z,136.70,COMPLETED
ORD-1786976311035-C78B5DE3,CUST-00660,2026-02-03T21:00:58.521Z,388.71,COMPLETED
ORD-1786976311035-460817B1,CUST-00677,2025-11-09T14:11:19.414Z,209.30,COMPLETED
ORD-1786976311035-2F7A2CB6,CUST-00707,2026-06-27T13:17:14.005Z,71.42,DELIVERED
ORD-1786976311035-8A70B6F3,CUST-00251,2025-11-01T08:58:55.333Z,211.09,PENDING
ORD-1786976311035-ADB3FA54,CUST-00634,2025-12-03T22:22:44.491Z,274.80,SHIPPED
ORD-1786976311035-357F82CF,CUST-00233,2025-03-17T03:11:40.434Z,385.31,COMPLETED
ORD-1786976311035-55EF85E1,CUST-00702,2026-08-11T22:59:04.668Z,85.84,COMPLETED
ORD-1786976311035-F4E16C1A,CUST-00574,2026-06-09T04:30:10.544Z,183.09,PENDING
ORD-1786976311035-A53AA9FB,CUST-00586,2026-04-08T16:52:00.691Z,62.07,DELIVERED
ORD-1786976311035-AD3B50C8,CUST-00992,2025-11-24T16:45:18.757Z,20.26,PROCESSING
ORD-1786976311035-E1E50309,CUST-00139,2026-04-17T05:25:32.061Z,35.26,COMPLETED
ORD-1786976311035-00B6C0A8,CUST-00367,2026-02-23T18:33:03.545Z,126.83,CANCELLED
ORD-1786976311035-6FB5B2AA,CUST-00566,2025-03-30T22:32:27.887Z,333.16,CANCELLED
ORD-1786976311035-A69FEEAF,CUST-00775,2026-03-10T04:16:14.059Z,440.41,SHIPPED
ORD-1786976311035-93D61C53,CUST-00035,2025-01-23T21:23:46.861Z,358.96,DELIVERED
ORD-1786976311035-326D9515,CUST-00699,2026-06-07T09:26:21.605Z,20.74,PENDING
ORD-1786976311035-7BC8387A,CUST-00074,2025-12-24T07:18:43.020Z,297.27,PENDING
ORD-1786976311035-5FF892F3,CUST-00248,2026-01-27T23:12:13.778Z,46.37,DELIVERED
ORD-1786976311035-9422C053,CUST-00770,2025-07-05T20:16:33.980Z,242.04,COMPLETED
ORD-1786976311035-C09A8206,CUST-00728,2025-03-07T03:07:08.757Z,482.25,DELIVERED
ORD-1786976311035-9E00032F,CUST-00214,2026-07-17T10:37:42.296Z,148.34,PROCESSING
ORD-1786976311035-5A43A8D1,CUST-00504,2025-08-15T04:39:34.907Z,407.93,CANCELLED
ORD-1786976311035-2C0DD957,CUST-00086,2025-09-01T20:30:01.604Z,352.38,COMPLETED
ORD-1786976311035-1D58D376,CUST-00682,2026-07-11T22:16:09.225Z,251.98,SHIPPED
ORD-1786976311035-DD34D494,CUST-00432,2025-03-14T05:46:01.590Z,439.01,PROCESSING
ORD-1786976311035-88F88821,CUST-00741,2026-07-24T06:38:54.197Z,126.39,SHIPPED
ORD-1786976311035-ABD01A6E,CUST-00692,2025-05-15T16:29:54.555Z,358.52,CANCELLED
ORD-1786976311035-645F6675,CUST-00135,2026-03-08T15:20:25.902Z,243.71,PENDING
ORD-1786976311036-85F1E8F9,CUST-00532,2025-03-30T20:03:34.692Z,268.55,COMPLETED
ORD-1786976311036-2408943D,CUST-00669,2026-01-10T14:33:26.848Z,419.07,COMPLETED
ORD-1786976311036-89AACB73,CUST-00253,2026-03-27T04:23:38.606Z,405.14,CANCELLED
ORD-1786976311036-CE3BA66C,CUST-00828,2025-06-19T00:55:30.613Z,385.92,PENDING
ORD-1786976311036-3D2FD78C,CUST-00561,2026-03-09T08:41:50.611Z,405.22,CANCELLED
ORD-1786976311036-9993A1E4,CUST-00399,2025-12-25T23:15:42.060Z,92.17,COMPLETED
ORD-1786976311036-E57C852A,CUST-00511,2026-06-08T14:15:32.849Z,26.45,COMPLETED
ORD-1786976311036-C6C492D8,CUST-00624,2025-05-19T20:41:11.720Z,55.43,COMPLETED
ORD-1786976311036-2E9B1158,CUST-00063,2026-04-26T23:03:19.964Z,134.16,DELIVERED
ORD-1786976311036-034E7AFD,CUST-00454,2025-07-03T11:31:34.497Z,435.67,PROCESSING
ORD-1786976311036-FF276E9A,CUST-00016,2025-08-04T17:26:51.998Z,331.34,PROCESSING
ORD-1786976311036-466DD451,CUST-00410,2026-02-15T00:12:04.702Z,277.63,PROCESSING
ORD-1786976311036-BDF782A7,CUST-00854,2025-09-06T13:00:14.215Z,420.82,PENDING
ORD-1786976311036-FB67E82C,CUST-00826,2025-11-11T15:58:59.643Z,99.84,DELIVERED
ORD-1786976311036-BB9B7132,CUST-00722,2026-02-28T17:23:48.434Z,159.15,PENDING
ORD-1786976311036-B217292A,CUST-00014,2026-06-24T21:20:12.445Z,230.65,PROCESSING
ORD-1786976311036-D684B63D,CUST-00090,2025-08-28T16:12:26.662Z,292.90,COMPLETED
ORD-1786976311036-48D00C26,CUST-00204,2025-01-29T18:03:40.254Z,378.94,PENDING
ORD-1786976311036-4C92AC45,CUST-00605,2026-01-23T16:45:30.878Z,113.95,PROCESSING
ORD-1786976311036-4D75F608,CUST-00793,2025-11-01T05:03:46.534Z,378.35,CANCELLED
ORD-1786976311036-8788FADC,CUST-00417,2025-05-29T19:22:39.563Z,134.46,DELIVERED
ORD-1786976311036-859C60F5,CUST-00005,2026-05-31T21:36:42.368Z,323.44,COMPLETED
ORD-1786976311036-0353F7DB,CUST-00012,2025-08-24T22:09:16.906Z,283.21,PENDING
ORD-1786976311036-FFC86480,CUST-00266,2025-02-06T06:15:41.041Z,221.07,CANCELLED
ORD-1786976311036-E6D52BAF,CUST-00031,2026-02-23T04:43:00.603Z,487.27,PROCESSING
ORD-1786976311036-DA71DFC7,CUST-00845,2025-11-26T10:20:29.792Z,382.63,COMPLETED
ORD-1786976311036-11763BAB,CUST-00943,2026-07-06T00:58:48.548Z,391.57,PROCESSING
ORD-1786976311036-79950708,CUST-00750,2025-08-31T04:06:06.586Z,51.03,SHIPPED
ORD-1786976311036-5B1A2CE8,CUST-00800,2026-04-27T21:43:08.121Z,281.32,CANCELLED
ORD-1786976311036-CA535570,CUST-00090,2025-07-31T03:53:03.433Z,422.57,COMPLETED
ORD-1786976311036-A8E92048,CUST-00641,2025-04-03T10:03:31.893Z,14.34,COMPLETED
ORD-1786976311036-97446070,CUST-00189,2026-04-14T02:25:41.660Z,45.73,SHIPPED
ORD-1786976311036-48E766E4,CUST-00473,2025-09-04T01:18:41.348Z,357.33,COMPLETED
ORD-1786976311036-2E2F6476,CUST-00281,2025-06-29T18:01:11.699Z,339.62,CANCELLED
ORD-1786976311036-96663D2C,CUST-00306,2025-04-28T06:01:09.931Z,433.26,PENDING
ORD-1786976311036-4E43BB5C,CUST-00290,2026-07-16T07:52:23.629Z,162.10,DELIVERED
ORD-1786976311036-0A137AFF,CUST-00812,2025-01-06T05:50:11.429Z,270.30,DELIVERED
ORD-1786976311036-EF88A4CB,CUST-00599,2025-09-03T00:30:46.406Z,140.77,PROCESSING
ORD-1786976311036-E87404A9,CUST-00184,2026-01-06T00:27:13.013Z,447.67,SHIPPED
ORD-1786976311036-88996833,CUST-00805,2026-05-19T13:58:38.853Z,441.21,COMPLETED
ORD-1786976311036-F1764040,CUST-00186,2025-01-16T09:36:40.803Z,172.81,SHIPPED
ORD-1786976311036-667B5636,CUST-00624,2025-12-09T02:26:35.585Z,187.26,COMPLETED
ORD-1786976311036-C6A4B3D3,CUST-00622,2026-02-20T08:13:03.409Z,106.91,COMPLETED
ORD-1786976311036-294F4B8E,CUST-00592,2025-01-19T19:00:56.851Z,93.59,CANCELLED
ORD-1786976311036-1CAAB57D,CUST-00382,2025-01-08T17:28:02.890Z,25.90,PENDING
ORD-1786976311036-DAA09911,CUST-00540,2025-03-03T15:52:28.501Z,105.37,COMPLETED
ORD-1786976311036-BAAA5203,CUST-00974,2025-04-30T02:56:32.589Z,131.00,PENDING
ORD-1786976311036-6C8AE056,CUST-00176,2025-08-04T10:12:41.207Z,451.80,PENDING
ORD-1786976311036-7FEAC753,CUST-00789,2025-01-14T16:14:31.575Z,328.20,DELIVERED
ORD-1786976311036-D30D17AA,CUST-00450,2025-12-18T14:32:07.767Z,149.93,COMPLETED
ORD-1786976311036-A6B8E026,CUST-00610,2025-05-20T23:37:31.620Z,438.36,PENDING
ORD-1786976311036-2B8994A1,CUST-00484,2025-02-23T05:09:10.792Z,53.28,PROCESSING
ORD-1786976311036-1232FCED,CUST-00135,2026-07-23T22:01:21.102Z,211.20,PENDING
ORD-1786976311036-803B66AA,CUST-00332,2025-02-07T12:15:51.091Z,415.99,COMPLETED
ORD-1786976311036-6EAC27A9,CUST-00335,2026-02-21T18:17:36.728Z,157.28,DELIVERED
ORD-1786976311036-BEABF9AC,CUST-00999,2025-03-11T09:29:19.248Z,500.53,PROCESSING
ORD-INV-4200,CUST-001,INVALID_DATE_FORMAT,99.99,PENDING
ORD-1786976311036-90397426,CUST-00788,2026-05-04T08:51:10.595Z,284.72,DELIVERED
ORD-1786976311036-3A42FB47,CUST-00238,2025-02-27T05:09:09.860Z,288.64,PROCESSING
ORD-1786976311036-C543F38B,CUST-00935,2025-08-26T05:11:16.890Z,169.28,PENDING
ORD-1786976311036-573389D9,CUST-00461,2025-10-06T01:22:32.874Z,196.85,COMPLETED
ORD-1786976311036-02901722,CUST-00425,2025-05-19T21:27:26.213Z,349.52,DELIVERED
ORD-1786976311036-310D50B3,CUST-00870,2025-11-11T05:33:18.328Z,255.90,DELIVERED
ORD-1786976311036-C05668B6,CUST-00778,2025-06-30T08:22:24.326Z,295.98,DELIVERED
ORD-1786976311036-698312EE,CUST-00207,2025-07-17T20:25:44.276Z,270.25,DELIVERED
ORD-1786976311036-E32FDD7A,CUST-00992,2025-05-28T09:39:14.037Z,369.35,SHIPPED
ORD-1786976311036-A8F92132,CUST-00803,2025-06-27T06:55:30.755Z,348.46,COMPLETED
ORD-1786976311036-36F62070,CUST-00276,2025-10-20T22:49:46.582Z,506.42,PROCESSING
ORD-1786976311036-2270BAA6,CUST-00893,2025-08-31T03:05:53.579Z,279.24,SHIPPED
ORD-1786976311036-6184C6E6,CUST-00376,2026-01-15T08:25:45.683Z,493.91,SHIPPED
ORD-1786976311036-0C35E1DA,CUST-00460,2025-04-07T10:07:33.898Z,147.55,PROCESSING
ORD-1786976311036-1358E671,CUST-00913,2026-01-23T18:41:00.758Z,277.70,PROCESSING
ORD-1786976311036-5FC42D3E,CUST-00984,2026-04-06T19:54:15.530Z,475.37,SHIPPED
ORD-1786976311036-89DEB4B0,CUST-00602,2026-04-26T03:22:09.152Z,128.92,PENDING
ORD-1786976311036-C63E33F9,CUST-00503,2025-10-11T16:56:08.224Z,326.83,CANCELLED
ORD-1786976311036-256A2A0A,CUST-00621,2025-04-16T12:22:52.186Z,455.93,PENDING
ORD-1786976311036-CFD8DDFD,CUST-00028,2026-04-23T18:40:08.167Z,121.65,CANCELLED
ORD-1786976311036-CF56B59C,CUST-00130,2025-06-30T09:27:43.517Z,47.70,CANCELLED
ORD-1786976311036-B689E911,CUST-00022,2025-09-02T15:17:37.783Z,320.82,PROCESSING
ORD-1786976311036-27DEB42C,CUST-00217,2025-09-16T10:37:28.967Z,373.98,PROCESSING
ORD-1786976311036-BF768F75,CUST-00828,2026-06-18T10:51:21.549Z,205.21,PENDING
ORD-1786976311036-9C0A722D,CUST-00701,2025-03-04T21:42:17.293Z,14.75,COMPLETED
ORD-1786976311036-CB6C757D,CUST-00151,2025-06-29T05:02:33.266Z,77.78,CANCELLED
ORD-1786976311036-4CD47F30,CUST-00937,2025-01-28T02:39:43.276Z,83.05,SHIPPED
ORD-1786976311036-378E3C1D,CUST-00077,2026-04-18T01:00:30.836Z,349.07,CANCELLED
ORD-1786976311036-627ED92D,CUST-00307,2025-09-10T12:07:32.264Z,233.37,PENDING
ORD-1786976311036-C50A047D,CUST-00758,2026-04-27T22:23:46.804Z,462.15,PENDING
ORD-1786976311036-2FD69EEE,CUST-00637,2025-10-28T21:48:53.111Z,274.62,COMPLETED
ORD-1786976311036-8442F8F2,CUST-00642,2025-12-20T12:14:46.055Z,342.22,COMPLETED
ORD-1786976311036-B67CC1E7,CUST-00599,2026-04-16T05:49:30.156Z,193.74,PENDING
ORD-1786976311036-7A225C89,CUST-00744,2025-05-21T04:58:37.074Z,298.04,SHIPPED
ORD-1786976311036-16EEB62C,CUST-00837,2025-02-23T07:24:16.492Z,195.06,PROCESSING
ORD-1786976311036-CAF43237,CUST-00122,2026-04-02T16:31:26.287Z,261.23,CANCELLED
ORD-1786976311036-C55BE9BE,CUST-00909,2026-08-03T22:44:47.851Z,296.72,CANCELLED
ORD-1786976311036-64F3D054,CUST-00726,2025-03-22T12:37:46.081Z,340.71,SHIPPED
ORD-1786976311036-5C28D4A8,CUST-00707,2025-02-20T12:51:31.647Z,425.14,PROCESSING
ORD-1786976311036-6BCC27E8,CUST-00941,2025-08-01T13:58:34.738Z,33.56,SHIPPED
ORD-1786976311036-D55129EC,CUST-00638,2026-08-01T11:48:57.310Z,304.35,CANCELLED
ORD-1786976311036-4EAF3DA9,CUST-00574,2026-01-24T17:49:48.285Z,28.29,PENDING
ORD-1786976311036-F1364DE8,CUST-00046,2026-01-18T02:30:48.099Z,201.68,PENDING
ORD-1786976311036-5E7D4E4B,CUST-00714,2025-05-06T11:39:14.418Z,191.80,PROCESSING
ORD-1786976311036-7740D983,CUST-00537,2025-12-15T23:32:13.028Z,43.03,SHIPPED
ORD-1786976311036-1195D58E,CUST-00227,2025-04-22T16:14:39.476Z,442.98,COMPLETED
ORD-1786976311036-E0D5B75C,CUST-00299,2025-09-26T16:34:07.107Z,166.01,PROCESSING
ORD-1786976311036-03F408BE,CUST-00389,2025-06-24T06:07:59.900Z,314.15,PROCESSING
ORD-1786976311036-3E1FD50A,CUST-00099,2026-08-12T03:25:20.084Z,470.27,CANCELLED
ORD-1786976311036-49B5354E,CUST-00516,2026-02-28T19:01:23.115Z,299.66,CANCELLED
ORD-1786976311036-4B76B5B0,CUST-00807,2025-09-19T03:02:21.101Z,382.04,COMPLETED
ORD-1786976311036-BC4ABF88,CUST-00088,2026-07-19T16:43:00.410Z,278.71,DELIVERED
ORD-1786976311036-ACDEB895,CUST-00880,2025-10-18T14:45:08.618Z,440.53,SHIPPED
ORD-1786976311036-2925C303,CUST-00005,2026-05-24T08:44:25.818Z,146.99,PROCESSING
ORD-1786976311036-596E2B58,CUST-00139,2025-08-14T10:14:36.893Z,57.03,PENDING
ORD-1786976311036-75335006,CUST-00059,2026-04-10T15:05:39.488Z,28.71,CANCELLED
ORD-1786976311036-DFB59FB9,CUST-00326,2025-11-01T00:50:06.957Z,299.41,COMPLETED
ORD-1786976311036-968A7DEC,CUST-00399,2025-09-14T23:33:44.729Z,271.23,PROCESSING
ORD-1786976311036-2A1ABADC,CUST-00603,2025-03-08T04:07:42.237Z,287.84,COMPLETED
ORD-1786976311036-3579B737,CUST-00893,2026-04-10T22:25:34.825Z,249.65,CANCELLED
ORD-1786976311036-7D68909D,CUST-00633,2025-04-30T17:30:03.717Z,12.76,CANCELLED
ORD-1786976311036-6452124D,CUST-01000,2025-09-12T03:44:30.547Z,46.80,DELIVERED
ORD-1786976311036-7E76E2D5,CUST-00317,2026-02-25T07:14:49.246Z,79.06,DELIVERED
ORD-1786976311036-972DEF25,CUST-00525,2026-04-20T12:13:53.281Z,205.46,SHIPPED
ORD-1786976311036-4E15284E,CUST-00465,2025-05-24T20:49:42.930Z,13.03,SHIPPED
ORD-1786976311036-152F6CA9,CUST-00462,2025-03-20T13:40:34.259Z,477.71,DELIVERED
ORD-1786976311036-8A2ABCCF,CUST-00778,2025-08-14T15:47:36.325Z,258.27,CANCELLED
ORD-1786976311036-5181BDFC,CUST-00747,2025-07-05T22:47:14.200Z,366.10,CANCELLED
ORD-1786976311036-C57E1DDB,CUST-00036,2026-04-05T05:28:05.955Z,50.76,DELIVERED
ORD-1786976311036-F7D34D09,CUST-00909,2026-08-10T14:16:05.637Z,356.97,DELIVERED
ORD-1786976311036-FAE2A478,CUST-00512,2026-07-22T18:41:56.630Z,439.37,CANCELLED
ORD-1786976311036-B1FA5688,CUST-00908,2026-04-17T17:22:21.173Z,394.13,PENDING
ORD-1786976311036-891091D1,CUST-00852,2026-03-10T02:35:49.554Z,181.31,PROCESSING
ORD-1786976311036-B7ED81AA,CUST-00571,2025-06-07T07:12:55.893Z,76.84,COMPLETED
ORD-1786976311036-462BA81C,CUST-00645,2025-03-10T22:57:07.714Z,382.87,CANCELLED
ORD-1786976311036-C0390EEA,CUST-00548,2025-09-07T11:04:29.170Z,20.52,DELIVERED
ORD-1786976311036-EC1FAD9E,CUST-00759,2025-02-11T04:46:51.906Z,462.74,COMPLETED
ORD-1786976311036-EDC1E105,CUST-00330,2026-06-07T21:48:26.988Z,102.51,PROCESSING
ORD-1786976311036-ECEC8727,CUST-00186,2026-01-03T16:02:03.293Z,42.76,DELIVERED
ORD-1786976311036-3867FF8A,CUST-00868,2026-02-14T08:32:53.816Z,156.24,CANCELLED
ORD-1786976311036-A9E72670,CUST-00355,2026-04-17T20:54:25.122Z,216.73,SHIPPED
ORD-1786976311036-2CF27768,CUST-01000,2025-04-20T16:20:38.306Z,369.23,CANCELLED
ORD-1786976311036-CDA11BE6,CUST-00814,2025-10-25T20:24:41.181Z,74.06,CANCELLED
ORD-1786976311036-4951F396,CUST-00697,2025-01-02T20:33:16.880Z,240.43,PROCESSING
ORD-1786976311036-86B7396D,CUST-00424,2026-03-01T05:21:42.391Z,155.73,DELIVERED
ORD-1786976311036-299B20E1,CUST-00580,2025-03-04T09:53:11.826Z,438.77,CANCELLED
ORD-1786976311036-12E4DB53,CUST-00221,2025-01-27T17:54:38.964Z,507.63,SHIPPED
ORD-1786976311036-14FA4D7C,CUST-00945,2026-07-28T19:51:09.025Z,94.18,CANCELLED
ORD-1786976311036-21D305FB,CUST-00160,2025-11-28T08:53:49.282Z,186.09,SHIPPED
ORD-1786976311036-2D64DC19,CUST-00182,2025-09-08T14:51:13.100Z,113.68,CANCELLED
ORD-1786976311036-4B4B1563,CUST-00248,2025-05-19T01:14:48.039Z,213.05,CANCELLED
ORD-1786976311036-66444C8D,CUST-00687,2026-04-19T23:55:06.616Z,374.61,SHIPPED
ORD-1786976311036-6A2114DB,CUST-00898,2025-10-04T05:14:02.484Z,157.35,CANCELLED
ORD-1786976311036-DDCB9C0A,CUST-00224,2025-11-24T12:32:37.421Z,134.27,SHIPPED
ORD-1786976311036-E316A5D3,CUST-00271,2025-08-27T02:07:12.183Z,87.01,COMPLETED
ORD-1786976311036-DDC0D274,CUST-00810,2025-02-02T15:19:24.080Z,312.12,DELIVERED
ORD-1786976311036-043741FB,CUST-00121,2026-03-21T16:11:28.257Z,478.08,COMPLETED
ORD-1786976311036-EAF49C2C,CUST-00470,2026-06-26T20:42:46.661Z,211.98,COMPLETED
ORD-1786976311036-BAA38A25,CUST-00731,2026-01-04T15:44:19.378Z,71.94,PENDING
ORD-INV-4300,CUST-002,2026-05-10T10:00:00Z,-50.00,COMPLETED
ORD-1786976311036-0D320153,CUST-00288,2026-06-27T01:05:55.909Z,311.97,CANCELLED
ORD-1786976311036-19656D4F,CUST-00963,2025-06-16T21:04:18.517Z,316.99,DELIVERED
ORD-1786976311036-89773C5A,CUST-00719,2026-06-04T16:06:25.646Z,53.33,COMPLETED
ORD-1786976311036-41BB57E8,CUST-00563,2025-07-08T09:21:05.298Z,173.86,PENDING
ORD-1786976311036-B9391867,CUST-00017,2025-04-27T13:46:38.978Z,267.16,SHIPPED
ORD-1786976311036-7108532E,CUST-00758,2026-04-15T22:16:18.622Z,109.69,SHIPPED
ORD-1786976311036-CF5EA7B8,CUST-00054,2026-02-28T22:07:40.233Z,455.59,COMPLETED
ORD-1786976311036-72B92A14,CUST-01000,2026-05-19T04:03:51.051Z,112.58,SHIPPED
ORD-1786976311036-2358CAD0,CUST-00316,2025-11-04T05:43:15.163Z,119.03,PROCESSING
ORD-1786976311036-9945668E,CUST-00667,2025-06-21T14:12:07.722Z,411.77,DELIVERED
ORD-1786976311036-E066CC98,CUST-00160,2026-05-06T17:26:55.045Z,157.01,SHIPPED
ORD-1786976311036-F7CCD3F3,CUST-00806,2025-08-14T09:04:31.540Z,328.40,CANCELLED
ORD-1786976311036-32D42DCC,CUST-00196,2026-03-27T03:35:07.327Z,31.58,PROCESSING
ORD-1786976311036-5EBDB83B,CUST-00543,2025-09-08T11:08:00.823Z,418.73,PROCESSING
ORD-1786976311036-D6328526,CUST-00815,2025-12-02T05:53:25.467Z,389.58,PENDING
ORD-1786976311036-3051CB47,CUST-00045,2025-07-27T05:28:10.534Z,86.87,COMPLETED
ORD-1786976311036-72D46A53,CUST-00728,2026-01-02T20:33:14.653Z,116.08,PROCESSING
ORD-1786976311036-A586353E,CUST-00417,2025-06-12T07:28:39.513Z,123.10,SHIPPED
ORD-1786976311036-5C070507,CUST-00284,2026-04-19T06:49:14.015Z,324.70,COMPLETED
ORD-1786976311036-937CBC88,CUST-00190,2025-01-17T20:48:07.538Z,297.38,COMPLETED
ORD-1786976311036-DB7A36A7,CUST-00631,2025-08-08T08:03:11.573Z,248.25,PENDING
ORD-1786976311036-D846AE67,CUST-00506,2025-10-23T18:02:48.241Z,249.85,COMPLETED
ORD-1786976311036-A57CFE1D,CUST-00770,2025-05-29T12:57:39.605Z,490.45,DELIVERED
ORD-1786976311036-4C26D27A,CUST-00013,2025-08-11T18:22:15.917Z,382.72,PENDING
ORD-1786976311036-A394922D,CUST-00162,2026-03-28T17:23:31.489Z,376.67,COMPLETED
ORD-1786976311036-6970F23F,CUST-00523,2025-06-26T15:55:36.006Z,170.86,SHIPPED
ORD-1786976311036-98E16101,CUST-00342,2026-06-11T03:06:27.084Z,46.73,CANCELLED
ORD-1786976311036-B693A692,CUST-00523,2026-01-02T04:44:46.558Z,459.79,SHIPPED
ORD-1786976311036-CA2C72E0,CUST-00808,2025-09-15T17:37:24.689Z,155.83,PENDING
ORD-1786976311036-58F8D741,CUST-00654,2026-02-27T19:00:12.815Z,41.55,PROCESSING
ORD-1786976311036-6ED85BB6,CUST-00590,2026-04-09T03:56:51.722Z,361.80,SHIPPED
ORD-1786976311036-F8040266,CUST-00218,2026-01-22T12:52:47.210Z,240.28,CANCELLED
ORD-1786976311036-0B3FE033,CUST-00402,2025-09-19T17:13:28.553Z,262.01,DELIVERED
ORD-1786976311036-5ED322B1,CUST-00550,2025-04-26T03:16:24.581Z,188.90,COMPLETED
ORD-1786976311037-55F8A928,CUST-00467,2026-01-20T07:40:52.975Z,235.34,PENDING
ORD-1786976311037-96A92323,CUST-00836,2025-06-25T21:22:58.941Z,18.15,SHIPPED
ORD-1786976311037-70B72407,CUST-00397,2025-04-24T15:39:08.066Z,116.33,COMPLETED
ORD-1786976311037-4147A59E,CUST-00827,2025-04-10T08:10:46.484Z,216.38,SHIPPED
ORD-1786976311037-52406341,CUST-00687,2026-06-05T12:37:48.425Z,72.74,PENDING
ORD-1786976311037-B0D6E932,CUST-00979,2026-05-10T02:43:11.589Z,251.44,DELIVERED
ORD-1786976311037-F3BE297C,CUST-00438,2025-06-12T09:10:48.139Z,74.40,SHIPPED
ORD-1786976311037-19B8EC2D,CUST-00972,2025-07-16T20:07:35.265Z,170.85,CANCELLED
ORD-1786976311037-58163F81,CUST-00336,2026-02-22T20:04:13.107Z,273.48,PROCESSING
ORD-1786976311037-F851052D,CUST-00630,2026-03-18T11:57:54.071Z,283.76,SHIPPED
ORD-1786976311037-FE2EF02F,CUST-00820,2025-07-25T00:47:21.979Z,81.51,CANCELLED
ORD-1786976311037-33E3BACB,CUST-00777,2026-04-15T17:15:19.521Z,29.39,CANCELLED
ORD-1786976311037-E1ABCCB5,CUST-00108,2026-03-09T19:02:00.522Z,72.41,PROCESSING
ORD-1786976311037-B8F4D3E7,CUST-00624,2025-07-03T12:55:05.365Z,110.21,COMPLETED
ORD-1786976311037-4BF6BCF3,CUST-00838,2025-03-28T20:47:05.348Z,21.32,PENDING
ORD-1786976311037-08261450,CUST-00567,2025-04-01T07:38:32.132Z,292.28,DELIVERED
ORD-1786976311037-38215BB8,CUST-00224,2026-06-12T23:30:37.632Z,227.65,PENDING
ORD-1786976311037-D22C57CE,CUST-00862,2025-06-03T19:31:30.664Z,40.15,PROCESSING
ORD-1786976311037-7E98CA86,CUST-00279,2026-05-01T20:11:27.280Z,384.38,SHIPPED
ORD-1786976311037-D3A2ED71,CUST-00306,2026-07-29T14:13:45.684Z,141.18,DELIVERED
ORD-1786976311037-FFC1620F,CUST-00414,2025-10-23T09:27:16.777Z,97.76,PROCESSING
ORD-1786976311037-8D732436,CUST-00844,2025-05-01T00:05:00.433Z,297.71,CANCELLED
ORD-1786976311037-DF6FD436,CUST-00729,2025-08-10T21:09:44.437Z,69.84,CANCELLED
ORD-1786976311037-BA6861D1,CUST-00095,2025-01-13T07:51:36.888Z,369.06,PROCESSING
ORD-1786976311037-B252D57B,CUST-00331,2026-02-17T09:53:42.580Z,69.19,PENDING
ORD-1786976311037-92180611,CUST-00103,2026-02-14T04:29:00.450Z,216.49,SHIPPED
ORD-1786976311037-468ADE79,CUST-00233,2026-08-14T11:18:10.277Z,23.17,CANCELLED
ORD-1786976311037-C3E48E54,CUST-00782,2025-08-06T07:09:32.924Z,374.47,SHIPPED
ORD-1786976311037-254808FF,CUST-00192,2025-05-02T22:35:34.920Z,134.17,DELIVERED
ORD-1786976311037-D1646E94,CUST-00218,2025-01-15T06:55:42.673Z,94.49,PROCESSING
ORD-1786976311037-7FF7B30A,CUST-00793,2026-07-12T00:19:05.361Z,118.58,COMPLETED
ORD-1786976311037-82232FC9,CUST-00559,2025-04-03T08:55:40.318Z,210.33,SHIPPED
ORD-1786976311037-17C2F756,CUST-00115,2026-04-20T18:03:58.120Z,212.08,SHIPPED
ORD-1786976311037-DDEA02FD,CUST-00215,2026-07-17T13:57:37.654Z,301.61,PROCESSING
ORD-1786976311037-4BD3A83C,CUST-00018,2026-02-23T21:19:29.934Z,192.17,CANCELLED
ORD-1786976311037-6FAD31EC,CUST-00147,2025-01-28T14:28:29.623Z,332.55,COMPLETED
ORD-1786976311037-DCED7901,CUST-00455,2025-05-04T07:09:30.680Z,435.21,COMPLETED
ORD-1786976311037-84E87072,CUST-00214,2025-08-22T08:10:47.052Z,21.32,PENDING
ORD-1786976311037-E4F9C641,CUST-00033,2025-05-23T12:02:21.629Z,391.25,DELIVERED
ORD-1786976311037-C77C2255,CUST-00536,2026-04-12T18:00:08.379Z,267.43,PROCESSING
ORD-1786976311037-1C484CF5,CUST-00124,2025-08-03T14:49:27.164Z,352.03,CANCELLED
ORD-1786976311037-E6F110CE,CUST-00342,2025-11-22T10:43:22.213Z,287.19,CANCELLED
ORD-1786976311037-0507991D,CUST-00541,2025-11-13T02:44:40.456Z,208.69,COMPLETED
ORD-1786976311037-E0A76FB0,CUST-00496,2025-06-13T12:59:19.318Z,110.22,CANCELLED
ORD-1786976311037-70329D12,CUST-00337,2025-07-28T02:25:08.798Z,258.00,SHIPPED
ORD-1786976311037-084505AD,CUST-00976,2025-03-09T05:51:04.592Z,26.45,PENDING
ORD-1786976311037-A032F478,CUST-00361,2026-02-05T14:55:30.683Z,309.97,SHIPPED
ORD-1786976311037-47AFEC18,CUST-00317,2025-04-04T21:08:04.791Z,266.36,PENDING
ORD-1786976311037-AD448562,CUST-00317,2026-04-06T18:09:38.915Z,406.93,COMPLETED
ORD-1786976311037-7B83A353,CUST-00695,2026-02-10T05:51:37.024Z,191.62,CANCELLED
ORD-1786976311037-74368323,CUST-00655,2026-03-18T02:34:18.073Z,500.10,CANCELLED
ORD-1786976311037-DE366BBB,CUST-00884,2025-12-18T20:12:22.558Z,225.55,PROCESSING
ORD-1786976311037-713470EA,CUST-00509,2025-09-13T22:10:56.105Z,329.43,COMPLETED
ORD-1786976311037-F4715F82,CUST-00600,2026-08-03T22:16:39.405Z,481.36,DELIVERED
ORD-1786976311037-D52CB1DD,CUST-00302,2025-04-18T01:04:26.552Z,258.47,CANCELLED
ORD-1786976311037-5C75EE9D,CUST-00396,2026-06-10T12:32:57.871Z,224.00,PROCESSING
ORD-1786976311037-0DD7D5ED,CUST-00051,2025-06-27T03:49:13.280Z,44.68,COMPLETED
ORD-1786976311037-AC839D2C,CUST-00681,2026-05-11T08:18:55.242Z,377.65,PENDING
ORD-1786976311037-71258089,CUST-00184,2025-12-26T05:20:26.280Z,228.58,PROCESSING
ORD-1786976311037-0B486AC6,CUST-00480,2026-01-09T04:32:25.087Z,117.31,PROCESSING
ORD-1786976311037-6F7FDD22,CUST-00188,2025-06-23T15:00:10.807Z,393.78,DELIVERED
ORD-1786976311037-91B17C80,CUST-00746,2025-10-20T06:07:02.825Z,289.42,CANCELLED
ORD-1786976311037-DB26D9D0,CUST-00139,2025-03-19T08:05:12.037Z,179.88,PENDING
ORD-1786976311037-5EB4599A,CUST-00831,2025-10-17T00:45:39.427Z,149.08,DELIVERED
ORD-1786976311037-3A83AE83,CUST-00114,2025-08-05T17:36:33.286Z,302.41,SHIPPED
ORD-INV-4400,,2026-05-10T10:00:00Z,120.00,PENDING
ORD-1786976311037-B2BDED5F,CUST-00922,2026-07-20T13:40:59.332Z,312.13,PENDING
ORD-1786976311037-D7342272,CUST-00093,2025-03-18T02:11:05.351Z,456.40,DELIVERED
ORD-1786976311037-ADF33054,CUST-00581,2025-06-21T04:55:40.484Z,96.34,PENDING
ORD-1786976311037-A29F1C8F,CUST-00024,2026-03-26T13:00:39.351Z,399.83,CANCELLED
ORD-1786976311037-F27B01A6,CUST-00376,2025-08-04T20:44:02.298Z,303.67,PROCESSING
ORD-1786976311037-4A71788A,CUST-00930,2026-07-10T13:36:42.410Z,332.67,PROCESSING
ORD-1786976311037-023E7D86,CUST-00118,2026-07-05T05:32:50.834Z,33.85,CANCELLED
ORD-1786976311037-49BE06CB,CUST-00487,2026-05-27T02:48:36.473Z,393.60,SHIPPED
ORD-1786976311037-5341684B,CUST-00060,2025-06-11T04:14:43.297Z,33.69,SHIPPED
ORD-1786976311037-F0B55D76,CUST-00945,2025-11-08T19:24:24.052Z,46.67,PENDING
ORD-1786976311037-263E06C8,CUST-00714,2026-03-26T18:58:31.872Z,372.64,SHIPPED
ORD-1786976311037-32751D30,CUST-00773,2026-07-26T07:19:46.045Z,353.42,CANCELLED
ORD-1786976311037-EFF93D3B,CUST-00389,2026-05-14T12:12:44.086Z,372.17,DELIVERED
ORD-1786976311037-346BE49B,CUST-00992,2025-01-28T12:11:48.658Z,20.99,COMPLETED
ORD-1786976311037-D4A64564,CUST-00914,2025-04-10T18:35:44.248Z,145.72,COMPLETED
ORD-1786976311037-692C2CB1,CUST-00255,2026-01-01T00:27:35.774Z,45.35,PROCESSING
ORD-1786976311037-421A7281,CUST-00242,2026-06-09T06:48:01.878Z,202.02,COMPLETED
ORD-1786976311037-83AE9579,CUST-00434,2025-09-23T14:48:05.069Z,303.63,DELIVERED
ORD-1786976311037-723C8F73,CUST-00290,2025-12-31T11:01:48.984Z,29.88,PENDING
ORD-1786976311037-4DB71CC0,CUST-00021,2026-06-14T05:35:41.885Z,297.07,DELIVERED
ORD-1786976311037-4E27722E,CUST-00220,2025-02-08T06:40:10.767Z,244.88,CANCELLED
ORD-1786976311037-AEAE9A3C,CUST-00125,2026-02-21T16:26:22.691Z,491.26,SHIPPED
ORD-1786976311037-95C7973C,CUST-00724,2025-01-07T06:33:39.622Z,356.52,SHIPPED
ORD-1786976311037-8AFEC46E,CUST-00042,2026-06-25T07:11:44.348Z,34.61,DELIVERED
ORD-1786976311037-FF7232BB,CUST-00057,2025-10-26T03:40:30.646Z,316.99,CANCELLED
ORD-1786976311037-DA4347B6,CUST-00764,2026-08-03T02:59:07.597Z,360.82,PROCESSING
ORD-1786976311037-A58747C1,CUST-00523,2026-04-01T21:06:01.341Z,197.54,SHIPPED
ORD-1786976311037-7B9A8F63,CUST-00190,2025-11-03T19:41:41.161Z,261.06,PROCESSING
ORD-1786976311037-065673C8,CUST-00226,2026-05-24T04:33:30.814Z,299.98,COMPLETED
ORD-1786976311037-A718A8EA,CUST-00455,2025-07-20T17:59:08.491Z,491.92,COMPLETED
ORD-1786976311037-A696CDC0,CUST-00656,2025-01-26T13:17:46.266Z,458.49,COMPLETED
ORD-1786976311037-22FB5122,CUST-00268,2025-12-26T07:09:07.657Z,263.58,SHIPPED
ORD-1786976311037-F8EB8F31,CUST-00468,2025-01-21T16:45:45.880Z,509.28,SHIPPED
ORD-1786976311037-B7782B7F,CUST-00982,2026-02-22T20:58:40.539Z,61.25,DELIVERED
ORD-1786976311037-F2A14A01,CUST-00295,2025-04-23T15:33:36.732Z,485.86,COMPLETED
ORD-1786976311037-695F439D,CUST-00754,2025-06-17T22:12:02.438Z,313.62,SHIPPED
ORD-1786976311037-706E323B,CUST-00326,2025-06-10T22:48:28.721Z,138.93,COMPLETED
ORD-1786976311037-6D596A51,CUST-00347,2025-05-19T00:30:08.384Z,34.95,CANCELLED
ORD-1786976311037-F5E77C37,CUST-00569,2026-08-10T20:39:53.602Z,321.58,COMPLETED
ORD-1786976311037-201D094E,CUST-00915,2026-06-26T15:51:21.256Z,91.40,CANCELLED
ORD-1786976311037-7A50958F,CUST-00274,2025-12-31T15:41:08.138Z,216.17,CANCELLED
ORD-1786976311037-C5983507,CUST-00926,2025-03-14T13:09:17.886Z,400.72,PROCESSING
ORD-1786976311037-9A1BBAF2,CUST-00984,2026-07-28T21:04:51.667Z,284.31,SHIPPED
ORD-1786976311037-EFD8B77B,CUST-00287,2025-03-10T05:24:41.991Z,75.80,PENDING
ORD-1786976311037-D8E127F1,CUST-00645,2026-02-07T17:38:04.488Z,317.01,CANCELLED
ORD-1786976311037-1AC7EF7F,CUST-00076,2025-02-03T11:49:34.257Z,41.56,SHIPPED
ORD-1786976311037-E120BBFA,CUST-00718,2025-10-10T07:44:12.543Z,397.57,DELIVERED
ORD-1786976311037-0AB5D353,CUST-00560,2025-12-17T13:03:37.545Z,456.92,COMPLETED
ORD-1786976311037-C3D7F707,CUST-00228,2025-03-03T18:05:49.073Z,478.26,PENDING
ORD-1786976311037-E0819DDD,CUST-00124,2026-04-27T05:28:01.428Z,353.94,SHIPPED
ORD-1786976311037-CB5AEB3B,CUST-00912,2025-08-11T06:44:00.267Z,422.77,PENDING
ORD-1786976311037-7C5B94BC,CUST-00771,2025-08-12T13:32:50.442Z,466.72,CANCELLED
ORD-1786976311037-CC6005D4,CUST-00155,2026-04-27T08:30:17.380Z,79.19,PROCESSING
ORD-1786976311037-E5BA11F5,CUST-00638,2026-04-04T10:54:59.426Z,451.17,CANCELLED
ORD-1786976311037-52E4980E,CUST-00903,2026-03-05T15:55:11.003Z,283.52,CANCELLED
ORD-1786976311037-FF2A7BE5,CUST-00571,2025-12-30T05:11:14.721Z,423.66,SHIPPED
ORD-1786976311037-D12CED4A,CUST-00172,2025-11-18T19:07:36.281Z,168.22,DELIVERED
ORD-1786976311037-B4C1827F,CUST-00049,2025-02-05T18:13:11.698Z,480.18,DELIVERED
ORD-1786976311037-F99A92D1,CUST-00846,2026-06-29T11:02:36.954Z,13.52,CANCELLED
ORD-1786976311037-9B614EA1,CUST-00941,2025-06-27T13:34:57.779Z,83.50,CANCELLED
ORD-1786976311037-507CBF2E,CUST-00056,2025-10-06T13:50:13.116Z,464.83,PENDING
ORD-1786976311037-BB20617A,CUST-00206,2025-09-18T16:08:13.342Z,222.65,COMPLETED
ORD-1786976311037-CC70A45B,CUST-00045,2026-02-01T02:39:51.449Z,383.82,PENDING
ORD-1786976311037-D258FFB9,CUST-00084,2025-08-22T02:46:25.670Z,294.89,PENDING
ORD-1786976311037-6772C95C,CUST-00096,2026-06-11T17:26:15.004Z,296.67,SHIPPED
ORD-1786976311037-F5F0CF53,CUST-00060,2026-03-02T16:55:49.666Z,369.21,PENDING
ORD-1786976311037-C354D47F,CUST-00017,2026-07-02T03:10:34.996Z,211.21,PENDING
ORD-1786976311037-C4406C43,CUST-00242,2026-03-25T01:16:46.575Z,294.37,DELIVERED
ORD-1786976311037-2C591843,CUST-00927,2026-05-11T05:31:45.425Z,431.89,DELIVERED
ORD-1786976311037-808096C5,CUST-00732,2025-03-24T16:30:19.930Z,10.90,SHIPPED
ORD-1786976311037-391875E4,CUST-00920,2026-02-23T01:37:40.461Z,377.64,CANCELLED
ORD-1786976311037-EF156EE6,CUST-00537,2026-03-05T09:10:59.053Z,52.65,PROCESSING
ORD-1786976311037-1B6E8135,CUST-00924,2026-05-08T20:55:23.305Z,289.79,SHIPPED
ORD-1786976311037-8A879FFF,CUST-00101,2026-04-20T02:11:49.926Z,12.68,PENDING
ORD-1786976311037-29B5B58E,CUST-00980,2025-12-28T11:04:09.577Z,158.92,PENDING
ORD-1786976311037-D307DA8D,CUST-00562,2025-09-01T13:23:34.312Z,100.15,PENDING
ORD-1786976311037-09BCCDCD,CUST-00505,2025-03-30T23:19:21.608Z,238.34,PROCESSING
ORD-1786976311037-B8D56126,CUST-00165,2026-07-22T16:29:17.061Z,481.44,DELIVERED
ORD-1786976311037-524DEF2B,CUST-00700,2025-01-11T12:43:24.848Z,131.39,PENDING
ORD-1786976311037-3B3DE32C,CUST-00578,2025-02-23T16:07:06.980Z,266.21,PROCESSING
ORD-1786976311037-D3DC84E4,CUST-00152,2025-04-17T00:53:41.466Z,486.08,COMPLETED
ORD-1786976311037-AEC2D640,CUST-00967,2025-07-10T08:24:02.774Z,276.55,DELIVERED
ORD-1786976311037-84B2B497,CUST-00843,2026-07-26T02:20:26.995Z,199.15,PROCESSING
ORD-1786976311037-CDD62B0E,CUST-00950,2025-12-22T00:44:09.092Z,183.93,CANCELLED
ORD-1786976311037-1D2D6610,CUST-00019,2026-04-05T08:30:55.028Z,166.89,COMPLETED
ORD-1786976311037-D72220A0,CUST-00506,2025-01-02T08:04:07.127Z,469.59,DELIVERED
ORD-1786976311037-64EE80BD,CUST-00884,2025-09-20T10:09:10.342Z,355.80,SHIPPED
ORD-1786976311037-929088DD,CUST-00790,2025-10-27T23:44:44.064Z,61.27,CANCELLED
ORD-1786976311037-360929E0,CUST-00126,2025-06-12T10:07:02.670Z,381.92,SHIPPED
ORD-1786976311037-D1427B72,CUST-00442,2025-05-28T21:52:45.365Z,419.11,PENDING
ORD-1786976311037-7FB67D8F,CUST-00838,2025-07-21T07:21:26.249Z,417.98,PROCESSING
ORD-1786976311037-665D4A73,CUST-00846,2026-06-02T08:45:19.140Z,140.58,DELIVERED
ORD-1786976311037-BCBA798F,CUST-00900,2025-12-29T10:06:24.974Z,257.26,PENDING
ORD-1786976311037-25768B80,CUST-00881,2026-01-26T22:22:04.061Z,471.56,COMPLETED
ORD-1786976311037-B1605B3C,CUST-00219,2025-11-28T07:57:42.449Z,231.64,PENDING
ORD-1786976311037-CB059C95,CUST-00454,2026-04-30T19:51:29.162Z,331.60,SHIPPED
ORD-1786976311037-3A6C6EDB,CUST-00999,2026-07-02T18:09:17.446Z,481.74,CANCELLED
ORD-1786976311037-44DC664A,CUST-00276,2026-02-28T14:07:51.565Z,124.98,CANCELLED
ORD-1786976311037-8F245EFC,CUST-00137,2026-06-11T04:05:50.404Z,474.16,PROCESSING
ORD-INV-4500,CUST-001,INVALID_DATE_FORMAT,99.99,PENDING
ORD-1786976311037-39FAF746,CUST-00771,2025-02-15T23:33:35.779Z,490.04,CANCELLED
ORD-1786976311037-3292DCB2,CUST-00994,2025-12-26T12:01:55.514Z,319.55,COMPLETED
ORD-1786976311037-7DFCDD92,CUST-00385,2026-08-09T23:21:28.520Z,452.66,PROCESSING
ORD-1786976311037-6EFB6C33,CUST-00063,2026-01-27T14:27:05.274Z,46.13,SHIPPED
ORD-1786976311037-FC4C42CC,CUST-00012,2025-09-05T13:43:01.300Z,431.37,PROCESSING
ORD-1786976311037-CE0A913E,CUST-00683,2025-09-29T23:41:27.876Z,107.06,PROCESSING
ORD-1786976311037-26F57911,CUST-00040,2026-07-19T02:17:45.718Z,190.82,SHIPPED
ORD-1786976311037-34EF63B6,CUST-00254,2025-07-18T07:52:38.817Z,58.69,COMPLETED
ORD-1786976311037-45DE0C03,CUST-00453,2025-09-28T03:33:41.521Z,239.58,PROCESSING
ORD-1786976311037-0DE0C69B,CUST-00267,2025-05-30T21:19:04.785Z,99.31,DELIVERED
ORD-1786976311037-4182D4F3,CUST-00771,2025-03-27T23:07:38.057Z,358.61,COMPLETED
ORD-1786976311037-EEC5FF56,CUST-00365,2025-02-14T11:53:23.824Z,69.13,DELIVERED
ORD-1786976311037-B8CE8F33,CUST-00480,2026-02-09T20:30:11.602Z,474.23,PENDING
ORD-1786976311037-F727061C,CUST-00479,2025-12-09T09:48:16.371Z,262.96,PENDING
ORD-1786976311037-871CE887,CUST-00886,2025-10-08T17:52:23.236Z,506.43,CANCELLED
ORD-1786976311037-0700675E,CUST-00417,2026-07-13T08:44:52.603Z,213.71,SHIPPED
ORD-1786976311037-86895660,CUST-00100,2026-05-23T03:32:09.290Z,288.51,CANCELLED
ORD-1786976311037-4505B7F5,CUST-00109,2026-05-30T02:36:34.172Z,43.90,DELIVERED
ORD-1786976311037-B2FF7B05,CUST-00606,2025-07-18T07:21:52.613Z,363.12,PENDING
ORD-1786976311037-C61BECB4,CUST-00144,2025-02-08T00:59:15.682Z,378.89,PROCESSING
ORD-1786976311037-1AB8F404,CUST-00330,2025-05-07T23:04:14.536Z,507.93,COMPLETED
ORD-1786976311037-6334422F,CUST-00601,2026-02-01T00:46:33.031Z,10.30,CANCELLED
ORD-1786976311037-C489C90C,CUST-00682,2025-05-13T18:29:31.813Z,133.88,PENDING
ORD-1786976311037-0AA4E7B3,CUST-00638,2025-04-23T11:38:49.451Z,166.40,COMPLETED
ORD-1786976311037-BA104CD3,CUST-00789,2025-11-26T21:50:21.445Z,97.26,COMPLETED
ORD-1786976311037-59739133,CUST-00440,2026-02-18T10:36:08.194Z,368.27,PROCESSING
ORD-1786976311037-BB9CA9F2,CUST-00093,2025-03-08T12:38:33.710Z,124.49,COMPLETED
ORD-1786976311037-C07832D6,CUST-00141,2025-07-30T16:47:23.118Z,47.93,SHIPPED
ORD-1786976311037-44180231,CUST-00908,2025-09-15T07:45:45.797Z,132.93,PENDING
ORD-1786976311037-9C86CF1F,CUST-00505,2025-07-25T16:56:01.836Z,446.96,DELIVERED
ORD-1786976311037-05082A44,CUST-00869,2026-06-23T10:43:10.900Z,209.94,PENDING
ORD-1786976311037-FD0AC88E,CUST-00863,2026-06-16T02:09:54.233Z,478.51,CANCELLED
ORD-1786976311037-C556CF13,CUST-00707,2025-03-29T08:40:02.295Z,232.55,SHIPPED
ORD-1786976311037-C46F4B4C,CUST-00138,2026-03-14T11:45:29.518Z,247.06,PROCESSING
ORD-1786976311037-959FF7C3,CUST-00300,2026-08-06T09:52:07.914Z,340.10,PENDING
ORD-1786976311037-924FAF17,CUST-00013,2026-01-27T10:51:37.881Z,282.98,COMPLETED
ORD-1786976311038-5E78EC6F,CUST-00650,2026-03-20T19:22:00.539Z,413.67,PENDING
ORD-1786976311038-A04F2B0F,CUST-00294,2025-05-30T20:30:22.364Z,500.90,COMPLETED
ORD-1786976311038-C326E826,CUST-00231,2025-01-11T16:55:39.448Z,470.16,SHIPPED
ORD-1786976311038-7114F248,CUST-00628,2026-01-10T04:28:54.445Z,92.74,COMPLETED
ORD-1786976311038-34A18A42,CUST-00658,2025-01-03T05:54:51.082Z,186.08,PENDING
ORD-1786976311038-4B91B344,CUST-00509,2025-03-01T21:42:24.619Z,171.57,PENDING
ORD-1786976311038-90313277,CUST-00644,2025-10-03T17:14:00.903Z,210.69,COMPLETED
ORD-1786976311038-5348C1EA,CUST-00554,2025-10-03T00:50:38.171Z,501.34,DELIVERED
ORD-1786976311038-4B1E4DB1,CUST-00165,2025-05-07T12:02:59.580Z,367.57,CANCELLED
ORD-1786976311038-7173FE57,CUST-00312,2025-02-24T12:05:35.217Z,297.26,CANCELLED
ORD-1786976311038-F2BE3C64,CUST-00815,2025-03-07T20:09:57.648Z,270.47,SHIPPED
ORD-1786976311038-B91119A3,CUST-00513,2026-05-17T16:16:53.975Z,427.34,COMPLETED
ORD-1786976311038-A78DDE74,CUST-00515,2025-05-31T22:40:41.839Z,256.75,DELIVERED
ORD-1786976311038-E98E81D7,CUST-00567,2025-07-25T10:23:39.656Z,297.04,SHIPPED
ORD-1786976311038-5053F41C,CUST-00006,2025-06-03T06:24:55.445Z,494.36,SHIPPED
ORD-1786976311038-68C3DFD2,CUST-00098,2025-01-20T08:41:39.365Z,431.88,PENDING
ORD-1786976311038-9A80D7EF,CUST-00487,2025-02-24T04:46:39.678Z,181.04,PROCESSING
ORD-1786976311038-54302AFA,CUST-00484,2026-04-16T12:38:26.635Z,475.68,COMPLETED
ORD-1786976311038-A2893E59,CUST-00094,2025-09-16T14:04:31.237Z,430.45,PROCESSING
ORD-1786976311038-0157573C,CUST-00814,2026-06-21T01:44:57.330Z,189.17,CANCELLED
ORD-1786976311038-C6DC4659,CUST-00641,2026-04-18T05:38:54.053Z,474.70,PROCESSING
ORD-1786976311038-A8C75DFB,CUST-00111,2026-05-11T05:27:41.863Z,157.80,DELIVERED
ORD-1786976311038-4BA3982A,CUST-00331,2026-06-29T09:57:59.697Z,461.49,COMPLETED
ORD-1786976311038-4D323F39,CUST-00114,2025-07-27T09:53:24.249Z,240.26,PROCESSING
ORD-1786976311038-FE0B86D8,CUST-00132,2025-09-03T02:06:47.700Z,98.58,CANCELLED
ORD-1786976311038-AB87B9AE,CUST-00227,2026-06-28T02:03:25.202Z,203.66,PENDING
ORD-1786976311038-767AF8E2,CUST-00602,2026-01-06T15:33:57.569Z,299.70,COMPLETED
ORD-1786976311038-E0B01048,CUST-00897,2025-05-24T08:54:43.652Z,417.15,CANCELLED
ORD-1786976311038-A24FD221,CUST-00912,2026-03-11T21:09:26.393Z,61.90,PENDING
ORD-1786976311038-95734CDF,CUST-00737,2025-07-04T03:05:47.266Z,71.06,SHIPPED
ORD-1786976311038-7593DD18,CUST-00500,2025-05-14T14:36:48.042Z,143.99,DELIVERED
ORD-1786976311038-A88CAE3D,CUST-00902,2025-12-26T21:37:56.273Z,492.37,PENDING
ORD-1786976311038-A00C2138,CUST-00069,2026-01-30T09:45:06.795Z,379.29,COMPLETED
ORD-1786976311038-A0A80055,CUST-00873,2025-03-07T20:11:07.952Z,492.98,DELIVERED
ORD-1786976311038-96CFE20F,CUST-00114,2025-07-10T08:14:45.287Z,105.46,DELIVERED
ORD-1786976311038-BFCC82A8,CUST-00862,2026-05-10T14:30:04.362Z,144.18,COMPLETED
ORD-1786976311038-F493E542,CUST-00579,2025-06-20T06:20:51.743Z,91.43,CANCELLED
ORD-1786976311038-C0A960ED,CUST-00753,2025-01-17T01:20:29.689Z,288.79,COMPLETED
ORD-1786976311038-1C832A7C,CUST-00748,2025-12-12T04:06:21.509Z,113.06,COMPLETED
ORD-1786976311038-CADEB3E7,CUST-00047,2025-05-04T11:11:55.084Z,45.50,SHIPPED
ORD-1786976311038-863202E7,CUST-00514,2025-06-01T04:12:33.091Z,157.03,COMPLETED
ORD-1786976311038-F0534B25,CUST-00880,2025-02-28T05:22:32.730Z,144.37,DELIVERED
ORD-1786976311038-A8189BB1,CUST-00291,2026-02-03T02:05:43.046Z,33.14,PENDING
ORD-1786976311038-1AFC30A9,CUST-00533,2025-02-09T10:40:43.622Z,116.06,PENDING
ORD-1786976311038-0D4D14A3,CUST-00618,2025-07-06T05:47:35.990Z,348.95,SHIPPED
ORD-1786976311038-B893FA73,CUST-00918,2026-08-02T06:55:29.300Z,450.30,SHIPPED
ORD-1786976311038-57DECE1A,CUST-00665,2025-03-27T07:42:22.426Z,145.62,COMPLETED
ORD-1786976311038-113B7E39,CUST-00869,2026-01-10T19:23:23.356Z,339.68,COMPLETED
ORD-1786976311038-DFC75EA6,CUST-00410,2025-09-11T03:52:30.772Z,406.73,SHIPPED
ORD-1786976311038-60C99484,CUST-00062,2026-08-13T06:07:24.024Z,33.57,COMPLETED
ORD-1786976311038-57988838,CUST-00779,2025-12-05T03:05:19.400Z,231.65,PROCESSING
ORD-1786976311038-79247FF5,CUST-00369,2025-04-07T21:18:48.221Z,296.56,PENDING
ORD-1786976311038-B70D4D76,CUST-00101,2026-03-10T10:20:11.925Z,352.30,COMPLETED
ORD-1786976311038-7A64D12E,CUST-00833,2025-03-09T09:04:38.312Z,212.71,PROCESSING
ORD-1786976311038-86B167E3,CUST-00481,2026-06-16T21:54:46.488Z,70.20,COMPLETED
ORD-1786976311038-A6681DA9,CUST-00986,2025-08-28T06:42:11.237Z,344.14,PENDING
ORD-1786976311038-1DE79FB8,CUST-00719,2026-07-09T14:14:46.220Z,252.16,SHIPPED
ORD-1786976311038-462A7B40,CUST-00082,2025-03-02T09:24:41.699Z,30.55,PENDING
ORD-1786976311038-68982107,CUST-00966,2025-11-22T14:03:08.185Z,469.54,PENDING
ORD-1786976311038-E0A00AD9,CUST-00788,2026-08-10T00:26:33.724Z,396.56,COMPLETED
ORD-1786976311038-8FAF36D3,CUST-00970,2026-04-18T02:36:33.221Z,152.01,PENDING
ORD-1786976311038-BAE9B398,CUST-00274,2025-02-17T07:09:27.492Z,58.01,DELIVERED
ORD-1786976311038-7BB968BC,CUST-00254,2025-02-02T20:36:50.875Z,229.77,PENDING
ORD-INV-4600,CUST-002,2026-05-10T10:00:00Z,-50.00,COMPLETED
ORD-1786976311038-4F823634,CUST-00330,2025-03-04T21:48:14.293Z,451.22,PROCESSING
ORD-1786976311038-3A9A1AB4,CUST-00550,2026-06-20T17:27:06.169Z,25.59,DELIVERED
ORD-1786976311038-D77C8770,CUST-00765,2025-11-03T04:54:29.497Z,85.08,PENDING
ORD-1786976311038-55592509,CUST-00792,2025-04-06T20:32:15.212Z,344.41,PENDING
ORD-1786976311038-C64F4821,CUST-00320,2026-08-08T10:48:23.269Z,72.29,DELIVERED
ORD-1786976311038-4E0E1724,CUST-00416,2026-06-02T00:00:34.732Z,394.25,PROCESSING
ORD-1786976311038-AECAAACA,CUST-00894,2026-05-28T07:08:35.915Z,198.94,DELIVERED
ORD-1786976311038-3CC60FD3,CUST-00123,2025-01-15T06:37:39.831Z,503.25,COMPLETED
ORD-1786976311038-7EA29346,CUST-00124,2026-07-31T15:56:33.409Z,185.99,CANCELLED
ORD-1786976311038-5D34C06F,CUST-00632,2026-05-01T07:42:53.740Z,289.69,CANCELLED
ORD-1786976311038-854E67E0,CUST-00008,2025-10-27T15:39:10.827Z,232.66,PROCESSING
ORD-1786976311038-BA076CE6,CUST-00388,2026-08-01T06:14:35.376Z,447.24,PROCESSING
ORD-1786976311038-4CDAE2B1,CUST-00031,2025-02-05T09:50:18.399Z,27.08,PROCESSING
ORD-1786976311038-D4D5177A,CUST-00126,2025-03-29T23:35:55.957Z,332.03,PROCESSING
ORD-1786976311038-21F0BE72,CUST-00518,2025-06-09T17:20:20.619Z,293.51,PROCESSING
ORD-1786976311038-E8149750,CUST-00690,2025-02-10T19:08:17.654Z,244.09,SHIPPED
ORD-1786976311038-F6D62378,CUST-00732,2026-01-17T04:33:25.016Z,335.77,PENDING
ORD-1786976311038-75307512,CUST-00620,2025-09-04T09:57:39.624Z,459.99,DELIVERED
ORD-1786976311038-4516F228,CUST-00882,2026-01-20T01:16:53.266Z,453.97,PENDING
ORD-1786976311038-1F3E3BE2,CUST-00807,2025-04-28T02:33:53.862Z,168.29,DELIVERED
ORD-1786976311038-A39C447E,CUST-00163,2025-02-26T04:20:24.866Z,230.72,PROCESSING
ORD-1786976311038-8060B3F8,CUST-00435,2025-08-06T15:52:23.742Z,115.38,PROCESSING
ORD-1786976311038-4DECC1B3,CUST-00621,2026-03-09T11:01:43.993Z,272.39,SHIPPED
ORD-1786976311038-F1A6D075,CUST-00552,2026-07-06T20:46:01.291Z,335.12,COMPLETED
ORD-1786976311038-F93120B0,CUST-00030,2025-04-05T16:13:30.257Z,225.37,DELIVERED
ORD-1786976311038-AC87AA7B,CUST-00654,2025-09-28T19:32:55.809Z,278.28,DELIVERED
ORD-1786976311038-1A2943E2,CUST-00108,2026-05-09T22:14:35.186Z,379.35,PROCESSING
ORD-1786976311038-FEC430C4,CUST-00672,2025-10-16T10:51:16.559Z,43.79,SHIPPED
ORD-1786976311038-917C5B8D,CUST-00930,2025-03-16T17:40:19.337Z,440.44,CANCELLED
ORD-1786976311038-9F20DA10,CUST-00201,2025-07-31T07:04:48.910Z,255.73,DELIVERED
ORD-1786976311038-0D9F6B57,CUST-00705,2025-06-23T20:09:58.849Z,448.03,PROCESSING
ORD-1786976311038-544CD78B,CUST-00837,2025-11-19T08:21:20.888Z,390.36,PENDING
ORD-1786976311038-1F946356,CUST-00622,2025-03-24T16:43:15.868Z,295.71,SHIPPED
ORD-1786976311038-806F0A68,CUST-00839,2025-03-18T00:02:28.619Z,225.09,SHIPPED
ORD-1786976311038-F40CDCCC,CUST-00589,2026-05-15T16:58:28.524Z,63.89,CANCELLED
ORD-1786976311038-040040B0,CUST-00708,2025-05-23T10:16:50.975Z,224.78,SHIPPED
ORD-1786976311038-E596C064,CUST-00641,2025-09-29T17:30:05.227Z,152.99,CANCELLED
ORD-1786976311038-28F7DBDF,CUST-00421,2026-06-17T19:07:27.821Z,150.14,PROCESSING
ORD-1786976311038-B0909C94,CUST-00498,2025-03-27T14:25:41.355Z,398.77,PENDING
ORD-1786976311038-C5DD809C,CUST-00504,2025-08-05T18:38:46.352Z,300.63,SHIPPED
ORD-1786976311038-A6DC7680,CUST-00310,2025-07-22T21:45:48.202Z,28.12,PROCESSING
ORD-1786976311038-2C2CED5E,CUST-00395,2025-03-06T22:25:49.286Z,66.47,SHIPPED
ORD-1786976311038-CD4ABD98,CUST-00252,2026-03-30T15:52:14.966Z,290.04,PROCESSING
ORD-1786976311038-3F76668E,CUST-00225,2026-01-18T00:57:08.312Z,388.47,PROCESSING
ORD-1786976311038-B1BA324F,CUST-00759,2025-05-16T02:46:32.880Z,446.17,SHIPPED
ORD-1786976311038-21E7E47D,CUST-00304,2025-12-26T14:06:21.396Z,153.85,SHIPPED
ORD-1786976311038-FCB3699A,CUST-00735,2026-07-12T02:51:48.765Z,455.27,COMPLETED
ORD-1786976311038-AA643326,CUST-00032,2025-09-30T05:02:22.198Z,368.95,COMPLETED
ORD-1786976311038-85C5FF0D,CUST-00916,2026-05-10T00:21:17.636Z,269.45,PROCESSING
ORD-1786976311038-BD18B391,CUST-00968,2025-01-21T17:17:06.727Z,408.94,CANCELLED
ORD-1786976311038-4202D1B1,CUST-00480,2026-06-25T01:53:20.897Z,59.48,PENDING
ORD-1786976311038-B402F6D4,CUST-00226,2025-03-19T08:32:44.845Z,433.89,SHIPPED
ORD-1786976311038-548797DE,CUST-00774,2026-01-09T07:29:14.585Z,115.95,PROCESSING
ORD-1786976311038-65281CF3,CUST-00891,2025-09-08T09:06:54.267Z,84.41,PENDING
ORD-1786976311038-4877A05C,CUST-00638,2026-07-28T17:50:22.907Z,154.45,PENDING
ORD-1786976311038-3BD9909C,CUST-00608,2025-07-26T14:28:36.599Z,128.68,PROCESSING
ORD-1786976311038-FFAB98AA,CUST-00739,2025-08-01T14:26:33.522Z,363.96,PROCESSING
ORD-1786976311038-016246CE,CUST-00293,2025-06-04T01:19:38.087Z,291.03,PENDING
ORD-1786976311038-14DB2AF5,CUST-00807,2025-03-01T18:25:03.599Z,224.00,CANCELLED
ORD-1786976311038-7CE1447F,CUST-00154,2026-02-05T19:41:14.145Z,245.23,CANCELLED
ORD-1786976311038-3B719E87,CUST-00867,2025-08-09T03:15:43.808Z,395.47,DELIVERED
ORD-1786976311038-9DDF464C,CUST-00528,2025-11-24T09:53:55.065Z,116.29,CANCELLED
ORD-1786976311038-50E5F9D9,CUST-00897,2025-07-17T21:38:26.271Z,109.79,PENDING
ORD-1786976311038-765815B5,CUST-00756,2025-12-12T12:36:56.794Z,11.56,CANCELLED
ORD-1786976311038-2CCD0D36,CUST-00252,2026-08-04T15:45:09.481Z,248.34,CANCELLED
ORD-1786976311038-174A19CA,CUST-00137,2026-07-22T10:04:05.709Z,136.55,COMPLETED
ORD-1786976311038-5288049F,CUST-00860,2026-01-29T12:36:48.690Z,324.43,CANCELLED
ORD-1786976311038-F3DFA731,CUST-00251,2026-03-07T21:11:35.008Z,264.41,DELIVERED
ORD-1786976311038-E1BE5906,CUST-00695,2025-11-02T23:45:52.116Z,365.49,PENDING
ORD-1786976311038-853FA2E5,CUST-00087,2026-05-03T00:12:14.974Z,92.77,COMPLETED
ORD-1786976311038-C9344678,CUST-00620,2025-04-04T21:18:56.274Z,278.50,SHIPPED
ORD-1786976311038-4EC970A7,CUST-00486,2025-03-01T02:26:16.534Z,328.27,DELIVERED
ORD-1786976311038-3D85556A,CUST-00336,2026-06-19T12:44:54.245Z,295.86,DELIVERED
ORD-1786976311038-EB2781D0,CUST-00236,2026-05-10T23:17:04.544Z,335.68,PENDING
ORD-1786976311038-16D6D233,CUST-00205,2025-05-31T02:28:01.189Z,155.12,PENDING
ORD-1786976311038-672953A9,CUST-00123,2025-10-05T08:07:28.351Z,86.75,PROCESSING
ORD-1786976311038-44884564,CUST-00073,2025-03-29T21:14:11.969Z,277.18,SHIPPED
ORD-1786976311038-CC1C5D93,CUST-00407,2025-06-17T05:33:11.852Z,386.10,SHIPPED
ORD-1786976311038-24A13B63,CUST-00564,2026-06-13T03:10:02.770Z,219.89,SHIPPED
ORD-1786976311038-52D6B732,CUST-00163,2025-12-04T10:37:01.427Z,238.96,DELIVERED
ORD-1786976311038-874081D0,CUST-00647,2026-04-10T20:45:42.205Z,391.42,PROCESSING
ORD-1786976311038-6401E83D,CUST-00660,2025-07-14T05:28:19.181Z,379.11,COMPLETED
ORD-1786976311038-ECC3896D,CUST-00040,2026-01-17T07:39:29.874Z,197.51,DELIVERED
ORD-1786976311038-5F4246B8,CUST-00870,2025-02-19T06:37:28.788Z,204.73,SHIPPED
ORD-1786976311038-184DE32F,CUST-00301,2025-09-23T06:50:15.740Z,261.52,COMPLETED
ORD-1786976311038-BE1221CA,CUST-00447,2026-06-10T16:43:00.326Z,467.50,COMPLETED
ORD-1786976311038-1B92280B,CUST-00355,2026-06-15T11:12:45.169Z,302.21,DELIVERED
ORD-1786976311038-4F3B55D1,CUST-00247,2025-02-23T01:29:08.896Z,227.60,PENDING
ORD-1786976311038-107C98CF,CUST-00755,2026-06-11T14:29:33.496Z,432.22,DELIVERED
ORD-1786976311038-E82E11E4,CUST-00177,2026-01-31T20:21:28.298Z,24.57,CANCELLED
ORD-1786976311038-F05F88E6,CUST-00816,2026-07-17T23:02:43.582Z,131.23,DELIVERED
ORD-1786976311038-FF87AA6B,CUST-00243,2026-06-08T16:37:09.180Z,45.10,COMPLETED
ORD-1786976311038-B4230B46,CUST-00570,2026-07-27T07:48:17.362Z,355.94,COMPLETED
ORD-1786976311038-1DC685C9,CUST-00796,2026-02-01T13:53:14.352Z,95.49,DELIVERED
ORD-1786976311038-D8D11C01,CUST-00124,2025-07-17T16:42:40.385Z,243.19,COMPLETED
ORD-1786976311038-1C665F34,CUST-00394,2026-02-08T16:47:51.453Z,190.87,CANCELLED
ORD-1786976311038-CF669A48,CUST-00219,2026-05-06T21:32:27.037Z,442.96,DELIVERED
ORD-1786976311038-8B862068,CUST-00270,2026-03-18T19:19:45.054Z,13.53,PROCESSING
ORD-1786976311038-0EBBB49C,CUST-00897,2025-11-16T22:48:20.057Z,324.92,SHIPPED
ORD-INV-4700,,2026-05-10T10:00:00Z,120.00,PENDING
ORD-1786976311038-FCDA9984,CUST-00856,2025-09-17T23:41:51.573Z,192.26,SHIPPED
ORD-1786976311038-D54B8AE9,CUST-00340,2026-03-31T08:00:48.402Z,105.62,PROCESSING
ORD-1786976311038-986F42A6,CUST-00697,2025-07-19T10:43:27.684Z,263.38,CANCELLED
ORD-1786976311038-757D8206,CUST-00300,2025-06-24T19:29:00.750Z,389.53,PENDING
ORD-1786976311038-D007CD7D,CUST-00204,2025-08-13T08:46:55.117Z,266.65,PROCESSING
ORD-1786976311038-73D1DA9B,CUST-00273,2025-02-13T09:49:07.168Z,289.67,PROCESSING
ORD-1786976311038-C1AD4819,CUST-00081,2025-03-06T16:23:52.261Z,14.62,COMPLETED
ORD-1786976311038-5A95D116,CUST-00762,2025-11-11T02:20:23.472Z,384.43,PENDING
ORD-1786976311038-5427610A,CUST-00986,2025-02-04T12:41:51.393Z,79.37,PENDING
ORD-1786976311038-289430CB,CUST-00338,2025-12-11T17:40:32.692Z,464.85,CANCELLED
ORD-1786976311038-F9D64557,CUST-00635,2026-01-28T00:37:32.335Z,309.14,COMPLETED
ORD-1786976311038-EEF0B950,CUST-00907,2026-05-18T09:51:28.312Z,486.97,COMPLETED
ORD-1786976311038-F804BF0D,CUST-00635,2025-07-10T03:21:50.913Z,27.28,CANCELLED
ORD-1786976311038-5C44302E,CUST-00455,2025-09-21T15:47:16.022Z,376.82,COMPLETED
ORD-1786976311038-44F2643F,CUST-00236,2025-06-24T02:25:58.039Z,478.04,CANCELLED
ORD-1786976311038-877EA09E,CUST-00353,2025-08-07T20:14:13.872Z,21.80,PENDING
ORD-1786976311038-89E0ACDD,CUST-00524,2025-07-26T15:58:12.190Z,379.02,SHIPPED
ORD-1786976311038-8ED9924E,CUST-00772,2025-03-03T12:46:12.359Z,147.16,SHIPPED
ORD-1786976311038-0F39A50D,CUST-00759,2026-05-26T05:45:21.042Z,104.04,COMPLETED
ORD-1786976311038-59DDA291,CUST-00067,2025-03-19T07:29:44.205Z,473.62,CANCELLED
ORD-1786976311038-5E565DCC,CUST-00989,2026-02-18T05:50:06.025Z,19.70,CANCELLED
ORD-1786976311038-BAB71BCA,CUST-00707,2025-06-29T14:44:17.418Z,471.65,DELIVERED
ORD-1786976311038-4556421C,CUST-00439,2025-08-08T15:47:09.515Z,288.98,COMPLETED
ORD-1786976311038-2AAB0CED,CUST-00033,2026-07-10T08:20:51.859Z,333.05,SHIPPED
ORD-1786976311038-07DCD0D4,CUST-00760,2025-04-28T16:58:50.523Z,497.37,SHIPPED
ORD-1786976311038-B39B8744,CUST-00214,2025-07-16T22:04:16.755Z,252.44,PROCESSING
ORD-1786976311038-9A707DC8,CUST-00822,2025-10-02T00:05:57.219Z,208.70,DELIVERED
ORD-1786976311038-E46F041D,CUST-00635,2026-03-16T15:40:15.285Z,495.29,PENDING
ORD-1786976311038-13AE36CD,CUST-00355,2025-03-20T08:37:39.713Z,266.35,PENDING
ORD-1786976311038-92C76342,CUST-00568,2025-01-03T15:17:36.429Z,198.48,CANCELLED
ORD-1786976311039-1A09BB52,CUST-00538,2025-04-07T16:23:44.754Z,364.65,PROCESSING
ORD-1786976311039-8BFE3222,CUST-00457,2026-03-10T13:46:49.589Z,486.51,PENDING
ORD-1786976311039-D2A999DC,CUST-00294,2026-04-06T15:48:43.491Z,487.87,PENDING
ORD-1786976311039-2DED90A5,CUST-00993,2025-08-31T05:08:09.333Z,250.32,PROCESSING
ORD-1786976311039-506C4A0B,CUST-00415,2026-03-23T11:00:16.205Z,95.46,COMPLETED
ORD-1786976311039-25DBBB03,CUST-00930,2026-07-20T05:43:39.300Z,457.06,COMPLETED
ORD-1786976311039-30CC6338,CUST-00459,2026-03-01T09:55:06.953Z,27.95,SHIPPED
ORD-1786976311039-CCAE979F,CUST-00161,2025-11-07T04:11:47.721Z,370.14,COMPLETED
ORD-1786976311039-C9E28DA5,CUST-00446,2025-06-16T10:41:04.079Z,77.76,CANCELLED
ORD-1786976311039-E3106397,CUST-00497,2025-12-28T23:34:41.788Z,373.56,SHIPPED
ORD-1786976311039-D4A0B9DE,CUST-00414,2025-06-24T04:26:17.752Z,339.55,DELIVERED
ORD-1786976311039-A94C4619,CUST-00038,2025-12-31T12:37:24.220Z,140.15,PENDING
ORD-1786976311039-C35AABAD,CUST-00578,2025-01-08T18:20:15.719Z,436.04,PROCESSING
ORD-1786976311039-B2AA050E,CUST-00999,2025-12-26T06:24:03.587Z,124.23,PROCESSING
ORD-1786976311039-900E0B9B,CUST-00424,2026-01-12T09:31:36.966Z,179.11,PROCESSING
ORD-1786976311039-8E935EB5,CUST-00801,2026-04-22T04:08:32.802Z,49.57,CANCELLED
ORD-1786976311039-5043DF97,CUST-00136,2026-04-18T00:41:23.819Z,455.09,CANCELLED
ORD-1786976311039-629E6B59,CUST-00333,2026-07-08T21:36:40.403Z,439.80,PENDING
ORD-1786976311039-D526A4D9,CUST-00049,2026-06-26T00:31:21.162Z,250.59,DELIVERED
ORD-1786976311039-3D11A1F6,CUST-00158,2025-12-05T21:17:49.555Z,486.28,PROCESSING
ORD-1786976311039-D57BF145,CUST-00514,2025-06-06T03:01:01.497Z,98.13,COMPLETED
ORD-1786976311039-5EEE23CC,CUST-00121,2025-08-28T03:22:21.622Z,174.31,PENDING
ORD-1786976311039-33B9FDC0,CUST-00077,2026-07-24T14:21:02.948Z,168.32,COMPLETED
ORD-1786976311039-8DEA896F,CUST-00911,2026-02-02T11:03:41.301Z,104.86,CANCELLED
ORD-1786976311039-C8A72A7F,CUST-00492,2025-05-16T17:42:50.260Z,399.88,PENDING
ORD-1786976311039-A6304450,CUST-00565,2026-01-31T22:44:07.049Z,261.72,SHIPPED
ORD-1786976311039-221CC494,CUST-00190,2025-11-19T09:27:43.112Z,435.40,COMPLETED
ORD-1786976311039-3B433DB7,CUST-00341,2026-08-03T03:33:26.976Z,230.68,PROCESSING
ORD-1786976311039-F1BDE10E,CUST-00229,2025-02-02T12:43:39.312Z,363.56,CANCELLED
ORD-1786976311039-7E8CD47F,CUST-00833,2026-06-08T15:34:12.557Z,285.42,PENDING
ORD-1786976311039-C4B4656A,CUST-00701,2025-08-20T11:37:52.037Z,79.08,COMPLETED
ORD-1786976311039-77CA6D9D,CUST-00904,2025-04-06T00:02:14.010Z,382.25,PENDING
ORD-1786976311039-C93AF97F,CUST-00522,2025-12-01T08:55:27.850Z,435.16,PROCESSING
ORD-1786976311039-FF88FFCF,CUST-00467,2025-08-30T19:38:20.057Z,56.50,SHIPPED
ORD-1786976311039-80421EEE,CUST-00956,2025-06-24T01:33:22.163Z,421.97,PENDING
ORD-1786976311039-99E1AE19,CUST-00700,2025-06-25T04:31:08.235Z,360.73,PENDING
ORD-1786976311039-037C1486,CUST-00443,2025-02-16T22:21:41.809Z,467.05,SHIPPED
ORD-1786976311039-49B2EC38,CUST-00402,2025-10-20T04:34:41.700Z,71.40,PENDING
ORD-1786976311039-C79886E6,CUST-00520,2025-01-27T02:21:53.353Z,506.17,PROCESSING
ORD-1786976311039-2444FB97,CUST-00578,2026-06-16T06:41:56.222Z,329.67,SHIPPED
ORD-1786976311039-CC5FEA63,CUST-00834,2026-03-18T05:31:47.162Z,179.64,CANCELLED
ORD-1786976311039-19A9F3E6,CUST-00401,2025-08-12T02:58:08.885Z,289.50,COMPLETED
ORD-1786976311039-B2B89A99,CUST-00031,2025-08-28T05:33:39.335Z,233.91,COMPLETED
ORD-1786976311039-6443E362,CUST-00326,2025-08-17T01:15:30.201Z,38.22,DELIVERED
ORD-1786976311039-E3044FD0,CUST-00709,2025-12-30T20:33:52.448Z,412.41,CANCELLED
ORD-1786976311039-3AB83966,CUST-00019,2025-09-17T09:58:22.477Z,216.39,CANCELLED
ORD-1786976311039-B37F246C,CUST-00668,2026-06-16T10:30:32.445Z,405.76,CANCELLED
ORD-1786976311039-D55DD2B9,CUST-00770,2026-01-02T22:18:11.142Z,297.46,CANCELLED
ORD-1786976311039-35D4982C,CUST-00265,2026-07-25T18:35:30.458Z,107.64,SHIPPED
ORD-1786976311039-B3693807,CUST-00580,2026-03-16T07:50:59.157Z,77.62,DELIVERED
ORD-1786976311039-3D9E4DBD,CUST-00302,2026-04-14T05:44:05.537Z,32.72,COMPLETED
ORD-1786976311039-7A811085,CUST-00027,2025-12-30T11:42:51.285Z,467.17,PENDING
ORD-1786976311039-F47FFFAA,CUST-00519,2025-04-20T08:24:44.676Z,303.85,SHIPPED
ORD-1786976311039-9B1979A8,CUST-00739,2026-06-06T00:40:26.674Z,128.97,COMPLETED
ORD-1786976311039-AB261331,CUST-00934,2025-08-12T00:41:11.318Z,369.79,SHIPPED
ORD-1786976311039-8CDC1D25,CUST-00403,2026-08-14T05:44:49.100Z,278.07,PENDING
ORD-1786976311039-32AB52C5,CUST-00130,2025-06-19T21:34:53.289Z,87.22,PROCESSING
ORD-1786976311039-8BA9A943,CUST-00762,2025-11-17T18:45:40.291Z,373.01,DELIVERED
ORD-1786976311039-8798F624,CUST-00212,2025-06-16T15:17:42.418Z,302.90,SHIPPED
ORD-1786976311039-5E0FDFEB,CUST-00421,2025-08-20T20:17:27.703Z,86.64,PENDING
ORD-1786976311039-D20A1407,CUST-00592,2025-06-25T04:40:21.475Z,388.08,PROCESSING
ORD-1786976311039-92E1C7DB,CUST-00850,2026-03-22T06:43:44.030Z,286.17,COMPLETED
ORD-1786976311039-3E7CF0D1,CUST-00586,2025-01-29T13:05:55.784Z,325.99,CANCELLED
ORD-1786976311039-BFCD1347,CUST-00586,2026-07-30T09:26:22.683Z,284.20,CANCELLED
ORD-1786976311039-9A9F73CF,CUST-00464,2026-02-18T06:37:56.943Z,396.93,DELIVERED
ORD-1786976311039-CE364B9A,CUST-00798,2025-07-05T00:02:05.212Z,66.39,PENDING
ORD-1786976311039-92E261C5,CUST-00141,2026-06-21T07:25:20.190Z,239.78,PROCESSING
ORD-1786976311039-014670DA,CUST-00479,2025-05-27T00:41:47.510Z,446.35,COMPLETED
ORD-1786976311039-C14FEA6B,CUST-00301,2026-07-08T20:02:11.831Z,450.55,PROCESSING
ORD-INV-4800,CUST-001,INVALID_DATE_FORMAT,99.99,PENDING
ORD-1786976311039-FB0DD469,CUST-00677,2025-05-26T22:14:03.169Z,48.79,CANCELLED
ORD-1786976311039-21525AED,CUST-00438,2025-12-09T16:07:08.974Z,410.32,DELIVERED
ORD-1786976311039-743C4177,CUST-00259,2026-02-28T03:24:44.786Z,334.08,PROCESSING
ORD-1786976311039-4CF9DEBE,CUST-00703,2025-04-26T05:56:56.616Z,384.33,DELIVERED
ORD-1786976311039-3BDAA6BA,CUST-00267,2025-09-04T01:50:21.036Z,334.30,PROCESSING
ORD-1786976311039-4F8CA28A,CUST-00657,2026-06-23T11:37:26.075Z,316.37,COMPLETED
ORD-1786976311039-81F3492B,CUST-00464,2026-03-19T01:25:31.552Z,470.16,COMPLETED
ORD-1786976311039-633F2865,CUST-00152,2025-07-31T10:24:11.797Z,123.74,DELIVERED
ORD-1786976311039-11A6BAB5,CUST-00637,2025-01-23T16:01:52.701Z,500.13,COMPLETED
ORD-1786976311039-DD50DEAA,CUST-00518,2025-05-22T23:05:22.674Z,378.55,SHIPPED
ORD-1786976311039-322C7AA8,CUST-00874,2025-05-18T17:05:30.742Z,343.16,PROCESSING
ORD-1786976311039-47A34EDD,CUST-00386,2025-11-04T07:25:41.386Z,434.94,PENDING
ORD-1786976311039-BBAE59A4,CUST-00884,2025-11-10T11:00:26.075Z,86.55,PENDING
ORD-1786976311039-46FA0799,CUST-00091,2025-04-06T09:36:42.885Z,273.60,CANCELLED
ORD-1786976311039-D53071B4,CUST-00924,2026-05-07T19:42:06.001Z,390.64,DELIVERED
ORD-1786976311039-46578281,CUST-00510,2025-01-23T00:32:09.669Z,33.01,COMPLETED
ORD-1786976311039-7F49F939,CUST-00114,2025-08-16T13:20:26.518Z,107.74,COMPLETED
ORD-1786976311039-F778CC7F,CUST-00243,2025-08-17T12:37:57.606Z,140.60,PROCESSING
ORD-1786976311039-E02D03E4,CUST-00956,2026-02-10T08:21:54.388Z,358.04,DELIVERED
ORD-1786976311039-D696303B,CUST-00489,2025-10-28T16:32:52.043Z,267.01,PROCESSING
ORD-1786976311039-AD9202EE,CUST-00065,2026-07-01T12:30:12.028Z,234.90,PENDING
ORD-1786976311039-AA605641,CUST-00161,2025-08-20T04:12:26.498Z,314.98,PENDING
ORD-1786976311039-C0B8E569,CUST-00325,2025-08-30T15:12:33.557Z,303.08,PENDING
ORD-1786976311039-86C7AC10,CUST-00837,2025-09-02T17:05:51.163Z,140.63,CANCELLED
ORD-1786976311039-3ED6EE8B,CUST-00247,2026-07-26T08:35:45.303Z,300.77,CANCELLED
ORD-1786976311039-D20F34E6,CUST-00662,2025-07-25T23:54:04.053Z,85.93,CANCELLED
ORD-1786976311039-B21F55A5,CUST-00331,2025-03-24T14:16:35.425Z,338.60,DELIVERED
ORD-1786976311039-177603DB,CUST-00402,2025-07-10T19:27:53.198Z,128.12,PENDING
ORD-1786976311039-F6BD3233,CUST-00396,2025-04-12T07:10:04.168Z,213.66,PENDING
ORD-1786976311039-4ABDCF14,CUST-00385,2025-10-25T00:13:48.299Z,276.55,COMPLETED
ORD-1786976311039-884C12B8,CUST-00357,2026-06-11T07:40:01.906Z,264.79,CANCELLED
ORD-1786976311039-DC1C3F22,CUST-00338,2025-11-06T16:00:35.820Z,216.43,DELIVERED
ORD-1786976311039-76E5A081,CUST-00842,2025-09-07T10:16:31.659Z,488.26,DELIVERED
ORD-1786976311039-7A07DC21,CUST-00764,2026-03-04T03:47:52.129Z,280.34,SHIPPED
ORD-1786976311039-D2EA7374,CUST-00401,2025-11-03T16:53:09.309Z,169.81,COMPLETED
ORD-1786976311039-301C8AE4,CUST-00209,2026-03-29T03:18:56.121Z,489.12,DELIVERED
ORD-1786976311039-934308B8,CUST-00371,2025-10-04T18:43:25.464Z,58.30,SHIPPED
ORD-1786976311039-2AFC300D,CUST-00641,2026-04-03T12:25:25.542Z,40.57,SHIPPED
ORD-1786976311039-D4FCE4A0,CUST-00443,2026-05-02T01:41:06.619Z,491.03,SHIPPED
ORD-1786976311039-166D95FD,CUST-00641,2025-02-22T01:22:53.009Z,252.96,DELIVERED
ORD-1786976311039-3066AF64,CUST-00547,2025-09-22T16:53:47.226Z,16.96,PROCESSING
ORD-1786976311039-2E9B7FF0,CUST-00581,2025-08-14T09:04:08.388Z,184.25,SHIPPED
ORD-1786976311039-E2273CEB,CUST-00360,2026-06-02T09:44:16.386Z,460.62,SHIPPED
ORD-1786976311039-9FE705B2,CUST-00064,2025-07-30T12:54:37.650Z,58.59,DELIVERED
ORD-1786976311039-92F49F87,CUST-00271,2025-07-16T05:25:58.506Z,286.91,PROCESSING
ORD-1786976311039-4F2BC1F6,CUST-00048,2026-05-08T00:19:13.230Z,290.22,COMPLETED
ORD-1786976311039-C4ACE44C,CUST-00043,2025-06-29T16:05:33.651Z,211.99,CANCELLED
ORD-1786976311039-0C059CD4,CUST-00650,2025-11-25T13:06:03.913Z,319.94,COMPLETED
ORD-1786976311039-4F5DD282,CUST-00094,2025-05-13T15:32:33.094Z,444.24,SHIPPED
ORD-1786976311039-1193827C,CUST-00024,2025-06-20T08:18:10.349Z,325.52,PENDING
ORD-1786976311039-5BC85143,CUST-00143,2025-08-09T08:30:40.151Z,501.43,SHIPPED
ORD-1786976311039-B08E3990,CUST-00834,2026-07-06T06:30:05.862Z,396.51,DELIVERED
ORD-1786976311039-AE6760AC,CUST-00879,2025-06-10T18:34:56.500Z,255.79,COMPLETED
ORD-1786976311039-C2F46E6C,CUST-00634,2025-05-20T16:11:21.077Z,25.47,CANCELLED
ORD-1786976311039-FFEA4E4F,CUST-00227,2025-03-12T02:28:14.265Z,326.86,PROCESSING
ORD-1786976311039-79D94149,CUST-00251,2025-01-31T20:53:38.007Z,64.61,CANCELLED
ORD-1786976311039-4F8656D6,CUST-00008,2026-05-17T19:28:45.477Z,118.21,COMPLETED
ORD-1786976311039-86BDD14E,CUST-00744,2026-04-29T06:43:09.736Z,427.72,DELIVERED
ORD-1786976311039-A52995E5,CUST-00885,2025-08-09T07:19:54.811Z,495.31,DELIVERED
ORD-1786976311039-70029DCE,CUST-00684,2026-06-22T17:39:07.774Z,246.47,PROCESSING
ORD-1786976311039-876A1C47,CUST-00645,2025-02-25T08:46:41.894Z,469.35,SHIPPED
ORD-1786976311039-26A36D88,CUST-00674,2025-05-15T14:02:11.236Z,274.83,COMPLETED
ORD-1786976311039-0FC3543D,CUST-00640,2026-04-27T23:09:02.781Z,487.87,CANCELLED
ORD-1786976311039-6A970454,CUST-00795,2026-01-21T03:56:53.177Z,281.17,PENDING
ORD-1786976311039-6A3B0C87,CUST-00546,2025-05-05T19:07:00.477Z,359.10,DELIVERED
ORD-1786976311039-C6E07BB2,CUST-00676,2025-07-20T19:02:07.521Z,454.14,COMPLETED
ORD-1786976311039-6651C015,CUST-00553,2025-02-23T22:58:01.050Z,433.30,COMPLETED
ORD-1786976311039-1E38D80B,CUST-00545,2025-06-14T12:37:18.772Z,130.27,DELIVERED
ORD-1786976311039-2E964B2C,CUST-00026,2025-09-20T03:12:59.182Z,470.25,PENDING
ORD-1786976311039-733DD3AF,CUST-00774,2025-04-07T23:16:19.133Z,324.50,PROCESSING
ORD-1786976311039-B2B541AC,CUST-00783,2025-11-23T04:23:28.896Z,401.35,SHIPPED
ORD-1786976311039-6ED1AEC3,CUST-00883,2025-03-28T17:03:41.632Z,121.08,DELIVERED
ORD-1786976311039-C76DEE8B,CUST-00556,2026-07-21T21:59:27.994Z,501.52,PENDING
ORD-1786976311039-5E97B804,CUST-00336,2026-08-06T09:02:03.071Z,347.79,CANCELLED
ORD-1786976311039-0CA7A330,CUST-00941,2025-07-24T15:50:24.250Z,411.33,SHIPPED
ORD-1786976311039-9E329809,CUST-00635,2025-06-12T15:04:53.096Z,377.84,SHIPPED
ORD-1786976311039-CF7A9C69,CUST-00819,2026-05-04T03:25:34.717Z,360.79,COMPLETED
ORD-1786976311039-466D3B89,CUST-00503,2026-01-10T20:52:28.650Z,357.80,CANCELLED
ORD-1786976311039-4B4662F7,CUST-00106,2025-09-22T17:12:25.354Z,72.25,PROCESSING
ORD-1786976311039-9D21EE72,CUST-00130,2025-03-17T01:12:36.472Z,483.53,PROCESSING
ORD-1786976311039-75CEF3BB,CUST-00525,2026-02-08T09:48:31.934Z,308.24,COMPLETED
ORD-1786976311039-7F0BEE57,CUST-00228,2025-12-31T06:39:30.674Z,61.30,PROCESSING
ORD-1786976311039-58346E0A,CUST-00487,2026-06-15T07:35:05.142Z,422.92,PROCESSING
ORD-1786976311039-92CAF67B,CUST-00691,2025-09-24T15:37:48.071Z,95.98,PROCESSING
ORD-1786976311039-3022EDA2,CUST-00173,2025-05-19T10:55:07.522Z,404.21,CANCELLED
ORD-1786976311039-C9584B52,CUST-00411,2026-02-24T08:02:41.815Z,326.89,DELIVERED
ORD-1786976311039-007AF847,CUST-00865,2026-01-04T02:47:21.258Z,285.60,PENDING
ORD-1786976311039-55038521,CUST-00551,2026-07-20T05:07:26.230Z,195.61,COMPLETED
ORD-1786976311039-CF7793CC,CUST-00835,2026-03-22T20:36:23.041Z,209.34,PENDING
ORD-1786976311039-9061D880,CUST-00461,2025-06-16T21:14:02.830Z,479.60,PROCESSING
ORD-1786976311039-5E8A23A0,CUST-00607,2025-01-10T18:47:01.666Z,379.83,DELIVERED
ORD-1786976311039-826038A8,CUST-00847,2025-04-07T08:00:51.008Z,99.00,PENDING
ORD-1786976311039-648CD3EE,CUST-00480,2025-11-13T18:59:21.161Z,400.50,PROCESSING
ORD-1786976311039-5B45F519,CUST-00228,2025-05-08T01:46:36.234Z,296.40,PROCESSING
ORD-1786976311039-AA0D3F3C,CUST-00238,2026-06-20T16:34:48.308Z,187.54,COMPLETED
ORD-1786976311039-B97E219A,CUST-00116,2025-11-15T23:33:28.290Z,327.17,PROCESSING
ORD-1786976311039-E46C6CBD,CUST-00452,2025-11-08T12:09:23.933Z,37.87,SHIPPED
ORD-1786976311039-850FA702,CUST-00726,2025-02-20T09:03:38.922Z,32.03,COMPLETED
ORD-1786976311039-33B1706D,CUST-00755,2025-06-08T14:52:28.610Z,230.34,DELIVERED
ORD-INV-4900,CUST-002,2026-05-10T10:00:00Z,-50.00,COMPLETED
ORD-1786976311039-B45B2286,CUST-00786,2025-02-11T00:55:31.329Z,90.24,DELIVERED
ORD-1786976311039-F81FD382,CUST-00778,2025-11-20T11:04:18.689Z,492.83,PENDING
ORD-1786976311039-05F78457,CUST-00477,2026-06-13T07:57:00.613Z,454.60,COMPLETED
ORD-1786976311039-E33EA8DD,CUST-00250,2026-07-10T08:07:05.099Z,62.98,PROCESSING
ORD-1786976311039-E0371B91,CUST-00309,2026-07-17T23:55:45.522Z,398.08,PROCESSING
ORD-1786976311039-543FA980,CUST-00609,2026-03-13T20:38:42.963Z,495.85,SHIPPED
ORD-1786976311039-9B4C0C43,CUST-00721,2025-04-20T11:28:10.340Z,10.53,PENDING
ORD-1786976311039-FF04DC25,CUST-00707,2026-03-08T23:49:31.806Z,65.93,DELIVERED
ORD-1786976311039-1598845A,CUST-00774,2026-03-21T21:49:53.141Z,162.29,DELIVERED
ORD-1786976311039-FAB99634,CUST-00462,2026-04-19T19:57:25.439Z,401.17,CANCELLED
ORD-1786976311039-C3398A1F,CUST-00327,2025-07-06T21:41:56.224Z,59.95,PENDING
ORD-1786976311039-A66EEBF6,CUST-00970,2025-10-18T10:47:41.029Z,248.98,SHIPPED
ORD-1786976311039-F58D2899,CUST-00762,2025-04-11T17:43:33.662Z,211.56,CANCELLED
ORD-1786976311039-78C29137,CUST-00443,2025-02-24T16:22:30.778Z,191.12,SHIPPED
ORD-1786976311039-3F288D22,CUST-00550,2025-09-07T05:30:56.823Z,506.65,CANCELLED
ORD-1786976311039-B17C53F6,CUST-00493,2025-06-17T14:34:40.784Z,359.31,COMPLETED
ORD-1786976311040-DBE6B2F4,CUST-00441,2025-02-23T04:23:11.967Z,327.54,COMPLETED
ORD-1786976311040-5E9FD9CD,CUST-00295,2026-04-18T21:13:16.519Z,176.48,DELIVERED
ORD-1786976311040-78DD3E48,CUST-00360,2026-07-09T16:06:09.055Z,352.49,CANCELLED
ORD-1786976311040-89F6AED0,CUST-00394,2026-07-11T04:32:37.828Z,99.03,PENDING
ORD-1786976311040-4D2DA36F,CUST-00614,2025-09-16T16:28:57.316Z,470.34,DELIVERED
ORD-1786976311040-E2EA4A3F,CUST-00562,2025-03-28T03:59:07.756Z,352.51,DELIVERED
ORD-1786976311040-DCB8D345,CUST-00756,2025-02-20T05:32:47.441Z,198.81,SHIPPED
ORD-1786976311040-E03DB7B9,CUST-00868,2025-07-03T17:33:05.051Z,216.34,PROCESSING
ORD-1786976311040-64589930,CUST-00619,2025-09-10T20:28:51.321Z,44.10,PROCESSING
ORD-1786976311040-F648A99F,CUST-00518,2025-07-12T06:49:34.280Z,441.99,PROCESSING
ORD-1786976311040-3386927B,CUST-00672,2025-06-29T14:08:44.654Z,132.82,CANCELLED
ORD-1786976311040-F96F7B33,CUST-00638,2025-11-30T14:56:05.121Z,84.28,CANCELLED
ORD-1786976311040-A3361B6F,CUST-00417,2026-05-18T11:04:26.405Z,117.91,CANCELLED
ORD-1786976311040-D214A23E,CUST-00632,2026-08-01T08:44:42.798Z,332.42,PROCESSING
ORD-1786976311040-4E9207FB,CUST-00066,2025-10-17T16:54:32.396Z,133.68,SHIPPED
ORD-1786976311040-A0F7719E,CUST-00159,2026-03-03T01:46:14.152Z,265.15,PENDING
ORD-1786976311040-F8489AFE,CUST-00016,2026-03-04T11:56:44.838Z,334.40,CANCELLED
ORD-1786976311040-6440EBAE,CUST-00524,2025-02-22T11:07:15.748Z,163.19,DELIVERED
ORD-1786976311040-77E9D3DE,CUST-00588,2025-12-19T02:49:44.858Z,434.56,SHIPPED
ORD-1786976311040-73CB295D,CUST-00334,2026-07-09T16:09:45.981Z,332.40,CANCELLED
ORD-1786976311040-0FC81923,CUST-00119,2025-12-03T01:38:50.050Z,475.67,DELIVERED
ORD-1786976311040-262F2839,CUST-00724,2025-03-20T14:30:28.682Z,247.16,PENDING
ORD-1786976311040-5123A60A,CUST-00568,2026-04-06T00:29:13.826Z,362.15,DELIVERED
ORD-1786976311040-C395CE08,CUST-00323,2025-09-17T13:12:02.746Z,134.61,DELIVERED
ORD-1786976311040-BFADA1F5,CUST-00230,2025-04-12T01:28:31.289Z,509.24,COMPLETED
ORD-1786976311040-133E7075,CUST-00375,2025-10-10T11:26:46.035Z,234.50,PENDING
ORD-1786976311040-C30974EF,CUST-00044,2026-01-29T23:42:35.319Z,283.22,PROCESSING
ORD-1786976311040-57597DE4,CUST-00998,2025-11-20T19:55:47.651Z,271.21,SHIPPED
ORD-1786976311040-C0B60EC5,CUST-00171,2026-04-20T08:56:49.773Z,60.01,COMPLETED
ORD-1786976311040-5D89EBE2,CUST-00768,2025-12-20T18:43:04.593Z,62.08,PENDING
ORD-1786976311040-144D9309,CUST-00561,2025-06-09T01:02:24.490Z,94.33,COMPLETED
ORD-1786976311040-09A38B34,CUST-00229,2026-04-20T02:32:14.520Z,367.50,CANCELLED
ORD-1786976311040-479E0923,CUST-00495,2026-03-31T17:32:55.496Z,122.48,COMPLETED
ORD-1786976311040-58A35ABE,CUST-00077,2025-12-07T00:09:08.774Z,350.07,PROCESSING
ORD-1786976311040-981EC7E2,CUST-00689,2025-02-15T15:49:41.393Z,194.87,DELIVERED
ORD-1786976311040-FCA942C6,CUST-00725,2026-01-19T20:18:05.886Z,88.01,PROCESSING
ORD-1786976311040-CFB33A1C,CUST-00936,2026-04-29T19:18:43.433Z,106.69,SHIPPED
ORD-1786976311040-C9DA7D73,CUST-00498,2025-09-28T14:09:48.433Z,244.24,CANCELLED
ORD-1786976311040-B1CF9403,CUST-00389,2026-06-26T04:54:49.845Z,278.05,CANCELLED
ORD-1786976311040-3B5D003F,CUST-00373,2025-11-12T15:21:58.649Z,35.34,SHIPPED
ORD-1786976311040-F01A5D9F,CUST-00926,2025-05-19T15:35:25.627Z,439.93,PENDING
ORD-1786976311040-16B35ECF,CUST-00643,2026-04-30T18:59:54.839Z,340.88,PROCESSING
ORD-1786976311040-A75F0506,CUST-00618,2025-09-18T12:47:49.052Z,145.55,DELIVERED
ORD-1786976311040-D5DA8B9C,CUST-00138,2025-08-30T14:02:37.959Z,129.28,PENDING
ORD-1786976311040-AAD34F91,CUST-00044,2026-08-03T10:39:26.534Z,35.27,SHIPPED
ORD-1786976311040-0B63C596,CUST-00575,2026-07-14T21:14:25.556Z,102.77,SHIPPED
ORD-1786976311040-0282BB07,CUST-00581,2025-09-03T20:40:31.113Z,158.17,PROCESSING
ORD-1786976311040-1047077F,CUST-00561,2025-10-21T10:32:31.961Z,334.72,PENDING
ORD-1786976311040-DA247DAC,CUST-00977,2025-08-10T01:11:06.248Z,191.56,PENDING
ORD-1786976311040-14702A41,CUST-00986,2026-08-11T11:42:31.505Z,183.30,PROCESSING
ORD-1786976311040-29C784A0,CUST-00855,2025-02-08T22:27:54.222Z,213.07,CANCELLED
ORD-1786976311040-C4F8CBAA,CUST-00598,2025-06-28T13:21:05.113Z,497.66,SHIPPED
ORD-1786976311040-C04AB7B8,CUST-00237,2026-07-08T15:14:57.074Z,291.56,COMPLETED
ORD-1786976311040-861E6BA5,CUST-00138,2025-11-25T02:55:00.866Z,196.45,DELIVERED
ORD-1786976311040-EF660D42,CUST-00926,2025-10-07T21:34:38.123Z,85.11,DELIVERED
ORD-1786976311040-CF163AF4,CUST-00659,2025-01-01T06:13:08.945Z,479.61,CANCELLED
ORD-1786976311040-4F0219A0,CUST-00065,2025-10-20T12:36:29.616Z,117.54,DELIVERED
ORD-1786976311040-5F145C45,CUST-00551,2026-08-09T22:53:41.222Z,495.99,PROCESSING
ORD-1786976311040-6E2AC1CA,CUST-00185,2025-05-09T11:40:00.201Z,421.93,CANCELLED
ORD-1786976311040-BAFED719,CUST-00652,2026-06-04T05:10:09.702Z,379.84,CANCELLED
ORD-1786976311040-5B69492A,CUST-00999,2026-02-05T12:49:43.612Z,228.60,DELIVERED
ORD-1786976311040-27549C04,CUST-00072,2025-09-27T02:33:06.451Z,153.73,CANCELLED
ORD-1786976311040-A90C1B35,CUST-00192,2025-12-24T19:42:37.595Z,162.50,SHIPPED
ORD-1786976311040-F9910B36,CUST-00980,2025-08-30T18:11:53.735Z,49.69,PROCESSING
ORD-1786976311040-021552D7,CUST-00769,2026-04-06T01:09:34.448Z,327.91,DELIVERED
ORD-1786976311040-5B22D563,CUST-00126,2025-03-31T15:01:58.471Z,20.60,DELIVERED
ORD-1786976311040-9A62C348,CUST-00744,2025-06-09T11:31:33.862Z,192.42,CANCELLED
ORD-1786976311040-8386BB2A,CUST-00092,2026-04-21T14:15:46.713Z,229.63,PENDING
ORD-1786976311040-39C2B5DD,CUST-00279,2025-10-18T13:31:47.162Z,59.88,SHIPPED
ORD-1786976311040-1588822F,CUST-00079,2026-06-20T00:19:53.974Z,159.63,SHIPPED
ORD-1786976311040-A10FA024,CUST-00469,2025-03-25T14:31:19.966Z,247.03,CANCELLED
ORD-1786976311040-5BAD4DC9,CUST-00290,2025-07-09T16:39:01.755Z,141.54,COMPLETED
ORD-1786976311040-A30B2ABD,CUST-00825,2025-11-06T20:49:23.195Z,264.21,DELIVERED
ORD-1786976311040-EAB9B336,CUST-00538,2025-03-27T04:11:46.340Z,112.40,CANCELLED
ORD-1786976311040-F8BB013F,CUST-00504,2025-12-15T04:37:07.576Z,122.40,COMPLETED
ORD-1786976311040-237D87EA,CUST-00111,2025-09-22T19:37:14.014Z,63.96,PENDING
ORD-1786976311040-82E7D0ED,CUST-00147,2026-03-12T06:52:09.213Z,10.32,COMPLETED
ORD-1786976311040-3AD89B9B,CUST-00544,2025-04-28T05:16:07.113Z,101.35,PENDING
ORD-1786976311040-3058C626,CUST-00832,2025-06-15T03:18:23.064Z,88.91,PROCESSING
ORD-1786976311040-B0EDE0AF,CUST-00435,2026-01-15T00:01:41.485Z,232.99,COMPLETED
ORD-1786976311040-0BF3ACFF,CUST-00858,2025-07-13T00:29:41.514Z,93.02,PROCESSING
ORD-1786976311040-9795AFE2,CUST-00232,2025-04-18T09:37:23.411Z,251.37,CANCELLED
ORD-1786976311040-7A601C23,CUST-00835,2026-03-13T00:58:56.124Z,103.03,DELIVERED
ORD-INV-5000,,2026-05-10T10:00:00Z,120.00,PENDING
ORD-1786976311040-FB9FE6BA,CUST-00668,2025-11-29T03:47:11.847Z,224.87,CANCELLED
ORD-1786976311040-4D6586F8,CUST-00459,2025-08-11T01:46:24.316Z,170.45,COMPLETED
ORD-1786976311040-2CE17EBC,CUST-00519,2025-07-27T09:34:01.262Z,271.46,DELIVERED
ORD-1786976311040-225D9247,CUST-00671,2026-03-04T03:41:03.168Z,326.51,COMPLETED
ORD-1786976311040-9EBCDFD7,CUST-00545,2026-05-28T09:45:18.588Z,225.72,DELIVERED
ORD-1786976311040-75748E37,CUST-00597,2026-04-09T21:20:06.766Z,174.78,COMPLETED
ORD-1786976311040-ED4A2F8A,CUST-00073,2025-02-19T09:50:20.747Z,171.44,PENDING
ORD-1786976311040-323707C2,CUST-00175,2025-05-18T09:05:53.909Z,422.26,PENDING
ORD-1786976311040-769913DF,CUST-00418,2026-06-27T22:49:34.177Z,168.95,DELIVERED
ORD-1786976311040-26A6E8F8,CUST-00033,2026-01-20T16:33:12.621Z,140.75,SHIPPED
ORD-1786976311040-A588E9EA,CUST-00328,2026-04-25T20:09:15.470Z,194.12,SHIPPED
ORD-1786976311040-C1965505,CUST-00873,2025-08-30T23:32:58.924Z,134.17,PROCESSING
ORD-1786976311040-AD16C057,CUST-00906,2025-04-08T06:25:59.344Z,316.31,COMPLETED
ORD-1786976311040-539EC109,CUST-00054,2026-06-07T12:42:01.910Z,264.13,CANCELLED
ORD-1786976311040-108C4F98,CUST-00614,2025-03-15T15:03:36.161Z,306.63,CANCELLED
ORD-1786976311040-B5050C98,CUST-00405,2026-05-16T12:15:19.638Z,90.77,PROCESSING
ORD-1786976311040-EEC3C839,CUST-00237,2025-07-15T14:45:39.255Z,108.35,COMPLETED
ORD-1786976311040-ACFA8160,CUST-00828,2025-09-06T06:54:12.658Z,200.10,DELIVERED
ORD-1786976311040-7B746A2D,CUST-00012,2025-07-02T17:05:17.066Z,41.01,SHIPPED
ORD-1786976311040-3E139DF9,CUST-00748,2026-06-23T13:46:13.781Z,230.21,DELIVERED
ORD-1786976311040-FD70355D,CUST-00659,2025-10-25T09:31:20.812Z,189.03,PROCESSING
ORD-1786976311040-1E14A237,CUST-00050,2026-05-10T12:14:04.080Z,204.89,SHIPPED
ORD-1786976311040-27F2B229,CUST-00509,2025-04-16T00:58:19.897Z,42.81,CANCELLED
ORD-1786976311040-8A6EF646,CUST-00218,2025-08-25T14:06:49.881Z,451.21,SHIPPED
ORD-1786976311040-AAC6BB78,CUST-00399,2026-02-17T23:26:17.761Z,145.98,CANCELLED
ORD-1786976311040-269680F8,CUST-00946,2025-10-20T04:44:45.738Z,240.18,SHIPPED
ORD-1786976311040-DE1A78E3,CUST-00559,2025-11-09T01:00:54.321Z,445.96,COMPLETED
ORD-1786976311040-C16FF5C6,CUST-00164,2025-10-06T01:06:37.108Z,417.18,PENDING
ORD-1786976311040-A7BE361D,CUST-00891,2025-12-23T04:58:53.377Z,137.20,DELIVERED
ORD-1786976311040-3906075C,CUST-00813,2026-05-03T06:53:22.857Z,108.47,CANCELLED
ORD-1786976311040-EAD49470,CUST-00209,2026-04-18T04:53:18.156Z,33.68,PENDING
ORD-1786976311040-24A8EE42,CUST-00234,2026-05-09T07:04:42.245Z,345.03,DELIVERED
ORD-1786976311040-CD595942,CUST-00786,2026-07-07T23:53:09.916Z,452.65,CANCELLED
ORD-1786976311040-A73A0598,CUST-00776,2026-05-21T07:19:58.633Z,122.95,CANCELLED
ORD-1786976311040-1EFF8243,CUST-00038,2026-07-08T14:32:19.694Z,416.45,CANCELLED
ORD-1786976311040-67714627,CUST-00388,2025-01-24T00:32:56.934Z,256.19,PROCESSING
ORD-1786976311040-181CE555,CUST-00256,2026-04-19T14:59:54.163Z,208.74,PENDING
ORD-1786976311040-77D2D8B2,CUST-00357,2025-01-15T18:34:41.829Z,126.77,PROCESSING
ORD-1786976311040-D8CA1C6E,CUST-00249,2026-06-14T18:48:35.619Z,467.91,DELIVERED
ORD-1786976311040-74C412F9,CUST-00898,2025-07-08T21:48:17.206Z,36.75,PENDING
ORD-1786976311040-5B7B0512,CUST-00050,2025-02-02T22:05:38.135Z,434.60,PENDING
ORD-1786976311040-C90BA198,CUST-00734,2025-12-21T01:46:17.881Z,408.78,CANCELLED
ORD-1786976311040-A54E04B7,CUST-00603,2026-01-12T12:31:56.648Z,58.22,PROCESSING
ORD-1786976311040-6B5D2767,CUST-00627,2026-04-20T11:49:35.910Z,246.44,PROCESSING
ORD-1786976311040-E4D7DEF5,CUST-00672,2025-11-13T23:51:19.341Z,95.22,PROCESSING
ORD-1786976311040-123E873D,CUST-00502,2025-10-26T03:48:40.812Z,348.76,COMPLETED
ORD-1786976311040-4A8A8D5B,CUST-00637,2025-11-24T01:32:06.085Z,98.02,PROCESSING
ORD-1786976311040-FC756A19,CUST-00425,2026-05-21T03:44:59.549Z,148.08,DELIVERED
ORD-1786976311040-48135712,CUST-00636,2025-09-23T14:04:11.246Z,104.04,PROCESSING
ORD-1786976311040-B1032B5F,CUST-00790,2026-01-05T07:02:40.503Z,229.85,SHIPPED
ORD-1786976311040-B7179DBF,CUST-00803,2025-04-25T00:20:32.709Z,328.99,SHIPPED
ORD-1786976311040-B0187198,CUST-00467,2026-03-30T14:31:04.211Z,335.52,PROCESSING
ORD-1786976311040-097004E7,CUST-00218,2026-07-29T03:03:37.007Z,154.78,SHIPPED
ORD-1786976311040-0B37BC0C,CUST-00428,2025-11-26T10:11:21.858Z,508.03,PROCESSING
ORD-1786976311040-3925B51F,CUST-00310,2026-05-23T17:00:17.271Z,469.78,PROCESSING
ORD-1786976311040-48B60DC9,CUST-00244,2025-02-08T17:22:11.738Z,188.89,PENDING
ORD-1786976311040-B6F70B85,CUST-00116,2025-11-13T07:58:34.643Z,186.98,DELIVERED
ORD-1786976311040-C5DDC521,CUST-00131,2026-06-16T05:05:39.122Z,312.94,PENDING
ORD-1786976311040-1E2EBE82,CUST-00750,2025-09-21T09:44:30.980Z,455.86,DELIVERED
ORD-1786976311040-A23303A6,CUST-00909,2025-05-03T16:28:20.099Z,313.95,COMPLETED
ORD-1786976311040-19D2EE94,CUST-00486,2025-11-19T08:35:39.646Z,436.62,PENDING
ORD-1786976311040-CC82DA5B,CUST-00664,2026-03-25T17:50:57.335Z,339.28,PROCESSING
ORD-1786976311040-F1139117,CUST-00724,2025-12-09T22:51:29.047Z,100.63,CANCELLED
ORD-1786976311040-E3EA861E,CUST-00467,2025-02-23T08:58:48.838Z,142.07,PENDING
ORD-1786976311040-EE432EE5,CUST-00451,2025-06-14T01:40:01.854Z,305.38,CANCELLED
ORD-1786976311040-2AB873EB,CUST-00473,2026-04-29T07:37:07.358Z,182.75,DELIVERED
ORD-1786976311040-C12F7AAE,CUST-00187,2026-03-17T12:05:06.957Z,473.97,SHIPPED
ORD-1786976311040-A0605BAA,CUST-00760,2025-11-25T16:14:06.634Z,236.01,PENDING
ORD-1786976311040-B0506B69,CUST-00122,2025-04-15T11:17:56.024Z,459.69,PROCESSING
ORD-1786976311040-3F92F2CD,CUST-00028,2025-03-18T10:16:05.739Z,129.32,PENDING
ORD-1786976311040-80BA200F,CUST-00241,2025-10-21T13:29:05.750Z,117.48,PENDING
ORD-1786976311040-57864AF2,CUST-00575,2025-01-22T16:45:30.873Z,487.80,CANCELLED
ORD-1786976311040-96975266,CUST-00760,2026-06-13T02:19:21.390Z,428.01,SHIPPED
ORD-1786976311040-041A2977,CUST-00493,2025-05-07T16:46:17.827Z,375.34,CANCELLED
ORD-1786976311040-17A5116C,CUST-00874,2025-05-28T08:47:02.543Z,391.54,SHIPPED
ORD-1786976311040-9B94EED2,CUST-00710,2025-09-01T04:16:25.799Z,357.90,DELIVERED
ORD-1786976311040-79ACFD2C,CUST-00966,2025-08-19T08:12:04.169Z,21.70,SHIPPED
ORD-1786976311040-2CE8893E,CUST-00013,2025-01-06T01:13:26.017Z,280.99,DELIVERED
ORD-1786976311040-6AED1D54,CUST-00935,2025-01-29T21:01:41.444Z,344.53,SHIPPED
ORD-1786976311040-9DB08FAE,CUST-00784,2025-08-02T07:58:42.388Z,228.68,DELIVERED
ORD-1786976311040-E03A2544,CUST-00844,2026-01-01T23:09:13.105Z,165.57,CANCELLED
ORD-1786976311040-D50F938F,CUST-00955,2026-02-06T13:59:56.390Z,164.43,PENDING
ORD-1786976311040-EFA6E119,CUST-00146,2026-04-09T15:00:05.073Z,56.05,CANCELLED
ORD-1786976311041-F08416F7,CUST-00511,2025-03-05T21:51:28.228Z,132.69,DELIVERED
ORD-1786976311041-D5A6CC2F,CUST-00747,2025-06-27T00:08:31.826Z,208.58,CANCELLED
ORD-1786976311041-7F9B61B4,CUST-00243,2025-11-29T22:41:59.323Z,466.19,CANCELLED
ORD-1786976311041-9C7D9C14,CUST-00884,2025-02-19T22:45:58.040Z,150.10,SHIPPED
ORD-1786976311041-E134286B,CUST-00578,2025-07-16T18:54:31.095Z,389.29,DELIVERED
ORD-1786976311041-BBBC83DD,CUST-00889,2026-06-13T17:24:32.408Z,223.63,PROCESSING
ORD-1786976311041-5C803B9C,CUST-00958,2025-11-05T09:04:45.035Z,290.57,DELIVERED
ORD-1786976311041-977B4607,CUST-00304,2025-06-28T09:38:20.338Z,108.08,COMPLETED
ORD-1786976311041-56B4F1FF,CUST-00294,2025-09-27T21:29:20.912Z,249.01,CANCELLED
ORD-1786976311041-32E25E83,CUST-00465,2026-03-13T16:48:46.414Z,253.86,PROCESSING
ORD-1786976311041-135E6CD3,CUST-00319,2025-05-21T16:42:23.266Z,106.94,COMPLETED
ORD-1786976311041-B83EC9DA,CUST-00901,2026-05-29T14:14:43.608Z,462.41,CANCELLED
ORD-1786976311041-2CA7D35B,CUST-00519,2026-08-08T14:58:17.355Z,82.43,PROCESSING
ORD-1786976311041-04A27128,CUST-00387,2025-12-20T05:31:36.131Z,485.93,DELIVERED
ORD-1786976311041-BD8468B2,CUST-00747,2025-02-22T14:31:41.311Z,165.65,PENDING
ORD-1786976311041-5073DE3E,CUST-00410,2026-07-26T13:58:18.958Z,232.41,CANCELLED
ORD-INV-5100,CUST-001,INVALID_DATE_FORMAT,99.99,PENDING
ORD-1786976311041-B4FA4903,CUST-00448,2025-11-10T16:49:25.189Z,467.03,PENDING
ORD-1786976311041-1B9DC75E,CUST-00447,2025-12-06T07:20:32.156Z,50.47,PROCESSING
ORD-1786976311041-8EF3B9DE,CUST-00411,2025-03-07T23:13:06.330Z,262.63,COMPLETED
ORD-1786976311041-5E81DC85,CUST-00653,2025-02-12T09:13:42.227Z,468.34,PENDING
ORD-1786976311041-31EA212F,CUST-00427,2025-08-22T17:56:44.299Z,403.87,CANCELLED
ORD-1786976311041-FD991CB2,CUST-00575,2025-08-05T13:59:20.167Z,33.88,CANCELLED
ORD-1786976311041-C6C894B8,CUST-00433,2026-04-21T00:47:05.108Z,509.14,SHIPPED
ORD-1786976311041-CAB36D0D,CUST-00522,2025-04-08T00:46:40.157Z,463.69,PENDING
ORD-1786976311041-390C11D6,CUST-00626,2026-04-26T05:05:45.382Z,293.02,COMPLETED
ORD-1786976311041-E7F78009,CUST-00789,2025-02-15T02:55:13.210Z,85.24,SHIPPED
ORD-1786976311041-E85640DA,CUST-00132,2025-01-22T02:32:04.188Z,194.53,SHIPPED
ORD-1786976311041-31EE06D5,CUST-00065,2026-07-30T06:19:21.367Z,450.21,CANCELLED
ORD-1786976311041-2BDB1F09,CUST-00678,2025-11-05T01:39:04.756Z,351.34,COMPLETED
ORD-1786976311041-66EC2FB7,CUST-00861,2026-02-15T12:22:01.369Z,361.29,PENDING
ORD-1786976311041-22641F22,CUST-00636,2025-10-06T10:25:29.412Z,203.15,CANCELLED
ORD-1786976311041-7FF4310F,CUST-00888,2025-02-05T21:07:44.728Z,129.40,COMPLETED
ORD-1786976311041-C0FE9A68,CUST-00597,2025-12-05T16:45:56.857Z,277.03,CANCELLED
ORD-1786976311041-B5A69F5F,CUST-00355,2025-01-03T03:40:40.282Z,158.58,CANCELLED
ORD-1786976311041-5C7DCDC8,CUST-00807,2025-08-21T01:53:21.033Z,151.36,PROCESSING
ORD-1786976311041-124B40B6,CUST-00243,2025-01-16T20:42:58.847Z,209.81,COMPLETED
ORD-1786976311041-16228CAD,CUST-00601,2026-04-08T02:14:19.496Z,414.45,CANCELLED
ORD-1786976311041-2A1E31D4,CUST-00173,2025-02-13T02:35:31.860Z,112.24,DELIVERED
ORD-1786976311042-95570A86,CUST-00693,2025-06-13T07:19:29.080Z,327.34,DELIVERED
ORD-1786976311042-438AA601,CUST-00255,2025-01-11T03:04:41.712Z,172.43,DELIVERED
ORD-1786976311042-4F9BE8CF,CUST-00090,2026-07-17T19:44:01.939Z,104.89,DELIVERED
ORD-1786976311042-551BB781,CUST-00429,2025-12-29T11:41:41.145Z,156.56,PROCESSING
ORD-1786976311042-E2E7B700,CUST-00012,2026-08-12T22:12:44.976Z,270.34,COMPLETED
ORD-1786976311042-2568AACC,CUST-00435,2025-04-18T04:48:58.355Z,272.15,PROCESSING
ORD-1786976311042-A1E55E22,CUST-00090,2026-04-10T20:20:35.689Z,186.61,COMPLETED
ORD-1786976311042-B2D8BD39,CUST-00276,2025-04-12T18:32:13.826Z,498.23,SHIPPED
ORD-1786976311042-F016CA8F,CUST-00704,2026-02-17T19:50:29.161Z,484.12,CANCELLED
ORD-1786976311042-10F3162D,CUST-00160,2025-08-19T04:45:58.498Z,12.26,COMPLETED
ORD-1786976311042-343C8B58,CUST-00315,2026-04-02T11:37:35.702Z,106.61,SHIPPED
ORD-1786976311042-1FD344F8,CUST-00611,2025-12-25T15:35:55.719Z,287.97,SHIPPED
ORD-1786976311042-D49F1AF2,CUST-00872,2025-02-02T11:07:58.789Z,153.18,PROCESSING
ORD-1786976311042-A038F4CE,CUST-00311,2026-04-26T22:35:40.583Z,419.17,COMPLETED
ORD-1786976311042-8ABBC843,CUST-00268,2025-10-21T19:02:28.619Z,224.91,PENDING
ORD-1786976311042-554E22AC,CUST-00302,2025-08-15T17:21:59.211Z,195.09,SHIPPED
ORD-1786976311042-D649F455,CUST-00318,2025-07-11T12:02:10.254Z,209.41,PROCESSING
ORD-1786976311042-09E58563,CUST-00739,2026-04-04T05:09:32.842Z,473.02,COMPLETED
ORD-1786976311042-7DBF0A53,CUST-00772,2025-10-31T23:25:37.095Z,410.03,CANCELLED
ORD-1786976311042-11AC2FAD,CUST-00334,2026-06-08T22:41:28.138Z,157.96,SHIPPED
ORD-1786976311042-670F9DB3,CUST-00007,2026-08-06T10:04:01.671Z,125.08,COMPLETED
ORD-1786976311042-2F37E55B,CUST-00436,2025-06-18T09:48:50.290Z,366.24,COMPLETED
ORD-1786976311042-D58ACDBC,CUST-00404,2025-07-23T07:52:51.297Z,489.06,PROCESSING
ORD-1786976311042-1E5DD2F0,CUST-00820,2025-03-27T06:16:15.323Z,265.95,SHIPPED
ORD-1786976311042-DEE5943F,CUST-00410,2026-01-24T08:08:40.362Z,57.50,DELIVERED
ORD-1786976311042-9C2235D0,CUST-00604,2025-04-06T12:06:50.783Z,376.77,PROCESSING
ORD-1786976311042-4C86583D,CUST-00768,2025-05-04T15:46:31.179Z,476.87,COMPLETED
ORD-1786976311042-2BF42068,CUST-00311,2025-03-21T01:03:07.856Z,38.69,COMPLETED
ORD-1786976311042-D5FACE49,CUST-00757,2026-02-20T22:40:06.954Z,216.59,PROCESSING
ORD-1786976311042-89A61B0A,CUST-00140,2025-03-01T06:18:51.888Z,475.01,SHIPPED
ORD-1786976311042-8292D905,CUST-00101,2026-06-20T17:51:15.036Z,120.38,CANCELLED
ORD-1786976311042-661F4687,CUST-00649,2025-04-22T23:55:06.584Z,193.30,COMPLETED
ORD-1786976311042-C0C6EEC9,CUST-00981,2025-03-12T05:00:48.818Z,433.93,PROCESSING
ORD-1786976311042-F609174D,CUST-00978,2026-07-04T16:19:32.652Z,275.43,PROCESSING
ORD-1786976311042-1C54C25D,CUST-00905,2025-06-10T01:27:50.317Z,351.91,SHIPPED
ORD-1786976311042-8530F3AA,CUST-00829,2026-06-16T17:30:00.029Z,471.06,PROCESSING
ORD-1786976311042-C7B8E06F,CUST-00866,2026-03-01T20:14:33.353Z,75.48,COMPLETED
ORD-1786976311042-F9765011,CUST-00399,2025-10-04T19:05:39.446Z,406.23,COMPLETED
ORD-1786976311042-E9B9AFF5,CUST-00204,2025-02-06T18:19:25.077Z,192.17,PENDING
ORD-1786976311042-E8C6A786,CUST-00606,2025-03-29T15:30:33.579Z,486.14,COMPLETED
ORD-1786976311042-4BAB7CCE,CUST-00867,2026-05-26T03:21:40.708Z,449.15,DELIVERED
ORD-1786976311042-5FFFB1E2,CUST-00157,2025-04-15T16:24:28.188Z,391.20,CANCELLED
ORD-1786976311042-8FE88643,CUST-00167,2026-01-30T02:38:02.686Z,459.79,COMPLETED
ORD-1786976311042-FC008C4B,CUST-00737,2025-12-24T10:11:20.347Z,13.96,SHIPPED
ORD-1786976311042-69021C59,CUST-00262,2025-05-06T22:29:11.311Z,36.39,PROCESSING
ORD-1786976311042-6F878F4F,CUST-00175,2026-07-08T12:59:28.467Z,356.10,CANCELLED
ORD-1786976311042-D656271D,CUST-00843,2025-03-20T20:58:33.263Z,256.97,COMPLETED
ORD-1786976311042-672F1F21,CUST-00213,2026-01-18T18:17:15.089Z,239.93,PENDING
ORD-1786976311042-8EBB4BC8,CUST-00460,2026-03-25T22:54:55.945Z,293.65,PROCESSING
ORD-1786976311042-E1CB97AE,CUST-00798,2025-06-16T22:51:18.179Z,274.59,SHIPPED
ORD-1786976311042-5ACB2CB2,CUST-00196,2025-10-05T02:43:37.106Z,28.31,SHIPPED
ORD-1786976311042-5812D8C9,CUST-00848,2026-04-17T11:27:51.558Z,508.69,CANCELLED
ORD-1786976311042-1E7E70AB,CUST-00685,2025-01-27T18:07:59.596Z,210.67,DELIVERED
ORD-1786976311042-05E5DD94,CUST-00549,2025-12-23T14:27:28.110Z,290.88,DELIVERED
ORD-1786976311042-ECAD37B1,CUST-00027,2026-08-07T15:57:58.551Z,417.33,SHIPPED
ORD-1786976311042-FFE5C0A4,CUST-00209,2025-06-03T00:46:27.371Z,242.91,PROCESSING
ORD-1786976311042-2ADC1799,CUST-00217,2026-03-25T22:30:55.845Z,110.29,PROCESSING
ORD-1786976311042-65647C7F,CUST-00811,2026-03-18T21:25:53.296Z,275.37,COMPLETED
ORD-1786976311042-01185EFB,CUST-00291,2026-01-02T21:53:32.257Z,66.64,CANCELLED
ORD-1786976311042-BFC411DE,CUST-00727,2025-10-11T02:14:39.659Z,210.95,CANCELLED
ORD-1786976311042-4E84DE59,CUST-00476,2026-03-22T12:33:03.059Z,385.37,COMPLETED
ORD-1786976311042-23BECCB8,CUST-00976,2026-06-03T05:33:38.504Z,313.72,CANCELLED
ORD-1786976311042-F99FDE55,CUST-00661,2026-04-05T00:10:36.093Z,132.34,SHIPPED
ORD-1786976311042-FB0C4B15,CUST-00978,2026-06-23T17:51:34.144Z,101.59,COMPLETED
ORD-1786976311042-7CEC612D,CUST-01000,2025-01-15T10:38:43.992Z,206.51,CANCELLED
ORD-1786976311042-560F19CD,CUST-00873,2025-12-02T22:39:41.708Z,232.48,DELIVERED
ORD-1786976311042-D2A515A3,CUST-00361,2026-07-18T20:57:31.073Z,124.15,PENDING
ORD-1786976311042-FA8AC05C,CUST-00606,2026-03-02T08:48:23.423Z,379.76,CANCELLED
ORD-1786976311042-D169FBC8,CUST-00909,2026-03-21T22:32:16.669Z,429.45,PROCESSING
ORD-1786976311042-AA679ED6,CUST-00801,2025-03-29T15:16:17.857Z,400.28,CANCELLED
ORD-1786976311042-0042E24A,CUST-00821,2026-03-28T00:22:29.581Z,165.41,SHIPPED
ORD-1786976311042-7613BE09,CUST-00757,2026-05-20T17:03:24.779Z,17.37,CANCELLED
ORD-1786976311042-E300A15B,CUST-00505,2025-11-30T03:42:07.579Z,296.69,SHIPPED
ORD-1786976311042-EB8CC3E2,CUST-00292,2025-10-21T15:32:03.654Z,196.89,CANCELLED
ORD-1786976311042-C16A9DC8,CUST-00412,2026-07-16T06:20:43.321Z,272.42,COMPLETED
ORD-1786976311042-6FD09D72,CUST-00515,2026-04-12T23:22:24.404Z,380.33,COMPLETED
ORD-1786976311042-CA61CD3B,CUST-00164,2026-01-07T17:42:27.961Z,74.08,DELIVERED
ORD-INV-5200,CUST-002,2026-05-10T10:00:00Z,-50.00,COMPLETED
ORD-1786976311042-9B961EAD,CUST-00862,2025-01-13T05:38:22.769Z,388.69,DELIVERED
ORD-1786976311042-729FB227,CUST-00738,2025-10-17T15:34:07.425Z,376.72,PROCESSING
ORD-1786976311042-09F3EE29,CUST-00598,2025-02-21T10:03:46.810Z,286.53,PROCESSING
ORD-1786976311042-1CCE6F07,CUST-00214,2025-11-27T11:41:38.203Z,68.90,SHIPPED
ORD-1786976311042-19A0DE09,CUST-00704,2026-06-21T04:51:40.515Z,265.96,PENDING
ORD-1786976311042-C360A052,CUST-00971,2026-08-05T15:09:32.504Z,440.07,CANCELLED
ORD-1786976311042-3B27F08C,CUST-00844,2025-04-23T17:05:10.902Z,442.61,PENDING
ORD-1786976311042-B96FDA73,CUST-00398,2025-06-30T19:15:45.849Z,427.19,COMPLETED
ORD-1786976311042-3F529F58,CUST-00696,2025-01-01T19:28:58.818Z,475.67,SHIPPED
ORD-1786976311042-E0D77146,CUST-00835,2025-08-27T13:54:16.226Z,250.78,PENDING
ORD-1786976311042-BBDE5B28,CUST-00171,2026-05-05T18:54:25.485Z,315.50,PROCESSING
ORD-1786976311042-62448FD7,CUST-00060,2025-11-22T06:26:30.003Z,430.80,PROCESSING
ORD-1786976311042-A0521FF5,CUST-00802,2025-08-29T00:47:10.329Z,181.62,COMPLETED
ORD-1786976311042-1DD181FE,CUST-00661,2025-08-07T21:45:52.215Z,246.02,PROCESSING
ORD-1786976311042-3210D93F,CUST-00571,2025-05-15T18:53:18.491Z,100.23,CANCELLED
ORD-1786976311042-9F5C8F3A,CUST-00854,2025-06-05T17:27:30.157Z,461.30,PROCESSING
ORD-1786976311042-089D72CA,CUST-00976,2026-08-13T05:31:31.565Z,55.40,DELIVERED
ORD-1786976311042-DD06F87B,CUST-00654,2026-03-17T04:04:53.562Z,55.59,SHIPPED
ORD-1786976311042-78BA4A4B,CUST-00668,2026-01-18T06:30:36.372Z,51.38,CANCELLED
ORD-1786976311042-58C22D61,CUST-00171,2025-05-26T03:06:45.265Z,420.28,PENDING
ORD-1786976311042-583CFECD,CUST-00332,2026-02-14T11:05:05.685Z,251.45,PENDING
ORD-1786976311042-32C0C51D,CUST-00054,2025-09-17T21:27:16.897Z,393.07,SHIPPED
ORD-1786976311042-F621C3AC,CUST-00467,2026-06-01T16:49:14.471Z,380.46,SHIPPED
ORD-1786976311042-0B880FCC,CUST-00475,2025-04-03T21:52:18.541Z,504.55,PENDING
ORD-1786976311042-EF3FF9C9,CUST-00296,2025-08-02T11:54:22.891Z,257.99,COMPLETED
ORD-1786976311042-D5B268B4,CUST-00062,2026-06-10T12:30:24.560Z,207.77,CANCELLED
ORD-1786976311042-7439893D,CUST-00933,2026-01-01T06:45:37.828Z,213.12,DELIVERED
ORD-1786976311042-7BCD7D3F,CUST-00200,2026-05-14T04:18:47.615Z,56.96,SHIPPED
ORD-1786976311042-8A1360E9,CUST-00830,2026-01-22T01:45:36.960Z,55.44,COMPLETED
ORD-1786976311042-275034DE,CUST-00996,2026-04-15T10:38:26.204Z,311.83,PROCESSING
ORD-1786976311042-9C3F2939,CUST-00110,2026-01-26T04:52:57.494Z,414.86,DELIVERED
ORD-1786976311042-2A0A6241,CUST-00014,2025-10-20T22:06:44.323Z,301.34,SHIPPED
ORD-1786976311042-C712EB2D,CUST-00890,2026-07-01T05:23:55.968Z,118.27,COMPLETED
ORD-1786976311042-931C4987,CUST-00910,2025-01-03T21:41:37.764Z,129.45,CANCELLED
ORD-1786976311042-3FA562DE,CUST-00467,2025-04-14T04:40:54.190Z,54.46,COMPLETED
ORD-1786976311042-67FA1B99,CUST-00215,2025-09-20T09:34:27.999Z,365.87,PENDING
ORD-1786976311042-5B05FED5,CUST-00920,2025-11-02T20:45:58.556Z,387.87,PENDING
ORD-1786976311042-9EF30603,CUST-00594,2026-01-19T00:14:23.853Z,274.44,SHIPPED
ORD-1786976311042-6C509B0F,CUST-00186,2026-02-05T03:54:02.771Z,95.98,DELIVERED
ORD-1786976311042-FFD7C50B,CUST-00555,2025-10-14T03:21:14.053Z,483.52,SHIPPED
ORD-1786976311042-0569DA36,CUST-00626,2025-06-15T08:33:48.671Z,406.93,SHIPPED
ORD-1786976311042-91CAD04F,CUST-00615,2026-03-25T10:38:25.658Z,194.02,PENDING
ORD-1786976311042-A6DA7F5D,CUST-00165,2025-10-21T22:07:25.334Z,199.43,PROCESSING
ORD-1786976311042-96BA093F,CUST-00945,2025-07-03T17:42:40.383Z,57.33,DELIVERED
ORD-1786976311042-7047D9E2,CUST-00671,2025-12-02T02:40:48.521Z,356.67,PENDING
ORD-1786976311042-E3528209,CUST-00786,2025-03-05T07:59:38.089Z,454.85,DELIVERED
ORD-1786976311042-ED7FDDD2,CUST-00709,2025-05-15T13:53:54.743Z,84.75,DELIVERED
ORD-1786976311042-3E2F0483,CUST-00630,2025-12-26T11:44:50.158Z,400.60,DELIVERED
ORD-1786976311042-8FCF04DF,CUST-00014,2025-03-15T02:16:35.334Z,370.07,COMPLETED
ORD-1786976311042-EFD6DDE4,CUST-00567,2026-08-10T18:00:27.648Z,348.77,DELIVERED
ORD-1786976311042-061A2CAD,CUST-00559,2026-08-07T12:51:57.354Z,267.61,COMPLETED
ORD-1786976311042-E2255025,CUST-00106,2026-06-28T11:16:16.058Z,449.44,PENDING
ORD-1786976311042-C807DC00,CUST-00005,2026-03-03T15:10:20.796Z,290.02,PENDING
ORD-1786976311042-733581B2,CUST-00983,2025-05-08T10:07:58.532Z,326.68,PENDING
ORD-1786976311042-FA233D60,CUST-00600,2025-11-26T11:24:51.864Z,117.21,PROCESSING
ORD-1786976311042-680FD1CF,CUST-00707,2025-12-15T21:49:50.188Z,384.09,COMPLETED
ORD-1786976311042-350C6986,CUST-00725,2026-06-09T03:44:56.512Z,114.66,DELIVERED
ORD-1786976311042-4D717A32,CUST-00992,2025-12-05T01:29:04.247Z,44.21,PROCESSING
ORD-1786976311042-CC6EC123,CUST-00809,2025-03-11T10:46:17.506Z,486.30,CANCELLED
ORD-1786976311042-D13BC953,CUST-00453,2026-07-18T09:08:51.120Z,246.24,PENDING
ORD-1786976311042-9490E457,CUST-00217,2025-11-28T14:03:24.748Z,384.74,CANCELLED
ORD-1786976311042-D7DDCB2E,CUST-00155,2025-08-20T23:19:49.111Z,231.27,DELIVERED
ORD-1786976311042-4B95E9BE,CUST-00841,2025-12-03T12:50:42.180Z,353.00,SHIPPED
ORD-1786976311042-A87E4FF1,CUST-00832,2026-03-25T14:04:37.290Z,321.45,DELIVERED
ORD-1786976311042-91D13172,CUST-00594,2026-06-12T09:07:36.891Z,368.25,CANCELLED
ORD-1786976311043-5BC880DA,CUST-00921,2025-10-18T14:57:55.155Z,355.56,PENDING
ORD-1786976311043-943889FD,CUST-00532,2026-04-05T18:22:22.653Z,403.48,CANCELLED
ORD-1786976311043-88F4B891,CUST-00196,2025-04-24T04:29:29.988Z,198.24,PROCESSING
ORD-1786976311043-5186AA77,CUST-00877,2025-05-26T12:05:28.141Z,241.66,PROCESSING
ORD-1786976311043-DDFC29D9,CUST-00339,2025-12-29T10:42:56.400Z,101.45,SHIPPED
ORD-1786976311043-6A5E745F,CUST-00275,2025-11-11T19:36:20.940Z,506.44,DELIVERED
ORD-1786976311043-8FFA353A,CUST-00430,2025-03-09T01:12:44.204Z,328.87,COMPLETED
ORD-1786976311043-1AD86533,CUST-00817,2025-01-06T03:16:38.724Z,345.01,DELIVERED
ORD-1786976311043-20A86EB8,CUST-00181,2026-06-20T13:05:24.424Z,56.09,SHIPPED
ORD-1786976311043-64794C2D,CUST-00868,2025-11-22T11:11:21.212Z,263.59,PENDING
ORD-1786976311043-CF419A3B,CUST-00162,2026-06-03T16:48:38.690Z,177.59,SHIPPED
ORD-1786976311043-5B4066DD,CUST-00734,2026-08-07T17:29:34.846Z,89.81,SHIPPED
ORD-1786976311043-82B27946,CUST-00599,2025-12-15T09:22:42.526Z,209.16,SHIPPED
ORD-1786976311043-5FE3218E,CUST-00447,2025-05-20T20:55:52.543Z,222.21,DELIVERED
ORD-1786976311043-FA5C7E87,CUST-00361,2025-03-08T12:37:57.134Z,39.79,CANCELLED
ORD-1786976311043-6F7E665D,CUST-00655,2025-03-04T08:05:02.363Z,205.45,PROCESSING
ORD-1786976311043-2DCDFBCD,CUST-00826,2026-01-08T23:43:49.747Z,408.09,PROCESSING
ORD-1786976311043-E9A53BF7,CUST-00054,2025-04-21T00:37:52.922Z,422.33,PROCESSING
ORD-1786976311043-7F78D091,CUST-00177,2026-06-10T13:51:18.388Z,138.26,DELIVERED
ORD-1786976311043-0CCADAFA,CUST-00282,2026-01-11T04:04:27.398Z,483.36,PROCESSING
ORD-1786976311043-43F3126D,CUST-00147,2025-06-02T14:31:42.839Z,478.46,SHIPPED
ORD-1786976311043-03AB397E,CUST-00665,2025-03-24T03:46:27.627Z,13.51,PENDING
ORD-1786976311043-1AB4EF0B,CUST-00316,2025-07-07T19:06:28.362Z,506.59,PENDING
ORD-1786976311043-57D7AE98,CUST-00184,2026-06-11T16:22:38.690Z,176.07,PROCESSING
ORD-1786976311043-50DA322D,CUST-00113,2026-01-08T01:47:15.790Z,352.62,SHIPPED
ORD-1786976311043-EC53E506,CUST-00503,2025-06-23T12:32:16.674Z,380.65,PROCESSING
ORD-1786976311043-23F0FF8A,CUST-00735,2025-08-28T02:20:41.490Z,235.00,CANCELLED
ORD-1786976311043-2499AA23,CUST-00933,2025-01-29T09:32:56.820Z,423.58,SHIPPED
ORD-1786976311043-C8B41A08,CUST-00905,2025-08-06T02:27:16.650Z,327.11,PROCESSING
ORD-1786976311043-DEFD0796,CUST-00887,2025-07-08T06:14:08.559Z,227.97,PENDING
ORD-1786976311043-9CB8025C,CUST-00034,2025-01-01T03:17:13.349Z,249.81,DELIVERED
ORD-1786976311043-204318FC,CUST-00772,2026-07-14T19:06:09.112Z,361.89,COMPLETED
ORD-1786976311043-9CB7FF09,CUST-00731,2025-03-22T13:18:55.181Z,56.09,CANCELLED
ORD-1786976311043-0E13CA07,CUST-00868,2025-07-02T01:47:10.352Z,229.73,SHIPPED
ORD-INV-5300,,2026-05-10T10:00:00Z,120.00,PENDING
ORD-1786976311043-46CB6992,CUST-00002,2025-03-22T01:39:52.796Z,415.11,COMPLETED
ORD-1786976311043-8CE7BD1C,CUST-00455,2026-01-09T22:07:46.967Z,37.94,PROCESSING
ORD-1786976311043-24328316,CUST-00965,2025-06-16T10:59:58.398Z,298.80,PROCESSING
ORD-1786976311043-50710E29,CUST-00079,2025-06-05T21:13:17.836Z,274.05,PENDING
ORD-1786976311043-F9CCED4B,CUST-00160,2026-02-21T05:32:03.138Z,77.01,PROCESSING
ORD-1786976311043-FAF0239E,CUST-00299,2026-06-04T02:49:36.707Z,261.46,PROCESSING
ORD-1786976311043-D6411EA4,CUST-00633,2025-03-02T06:10:54.569Z,90.48,PENDING
ORD-1786976311043-4DA26E7E,CUST-00944,2025-10-18T01:19:09.090Z,281.86,DELIVERED
ORD-1786976311043-548E9AB9,CUST-00473,2025-01-28T06:57:51.893Z,80.89,SHIPPED
ORD-1786976311043-99AD21A8,CUST-00253,2025-01-29T10:43:38.155Z,417.66,SHIPPED
ORD-1786976311043-40991C4C,CUST-00692,2025-06-08T21:35:43.594Z,436.59,PROCESSING
ORD-1786976311043-72503C35,CUST-00180,2025-03-11T13:59:44.216Z,480.55,PROCESSING
ORD-1786976311043-C0D29C7B,CUST-00143,2025-05-24T03:09:49.701Z,47.23,PROCESSING
ORD-1786976311043-828EECBD,CUST-00338,2025-09-23T03:21:25.525Z,28.68,SHIPPED
ORD-1786976311043-993E701C,CUST-00880,2025-10-28T01:28:30.157Z,321.25,SHIPPED
ORD-1786976311043-F7E39152,CUST-00278,2025-08-21T13:13:18.403Z,80.94,PROCESSING
ORD-1786976311043-232DB37D,CUST-00924,2025-03-24T17:42:21.581Z,202.12,CANCELLED
ORD-1786976311043-F2D20CF5,CUST-00647,2026-07-31T20:49:47.814Z,207.38,SHIPPED
ORD-1786976311043-FAEDB2D1,CUST-00712,2025-09-14T05:54:50.246Z,303.05,COMPLETED
ORD-1786976311043-E7FC8256,CUST-00977,2026-06-14T16:07:28.734Z,286.94,COMPLETED
ORD-1786976311043-8F2299C8,CUST-00223,2025-07-22T00:00:06.655Z,44.64,COMPLETED
ORD-1786976311043-15A6278D,CUST-00667,2026-01-18T20:31:30.630Z,142.89,PROCESSING
ORD-1786976311043-0C786A71,CUST-00277,2025-12-25T14:00:50.670Z,257.95,PENDING
ORD-1786976311043-D34881C4,CUST-00865,2025-03-15T03:00:25.861Z,110.92,SHIPPED
ORD-1786976311043-2C761832,CUST-00502,2025-02-12T18:47:02.913Z,346.74,SHIPPED
ORD-1786976311043-C0B9EB07,CUST-00225,2026-07-05T04:24:38.183Z,29.34,SHIPPED
ORD-1786976311043-1CB776EC,CUST-00687,2026-07-21T04:49:33.087Z,283.40,PENDING
ORD-1786976311043-44B5500B,CUST-00236,2025-02-05T21:03:53.010Z,363.31,PENDING
ORD-1786976311043-C8D1AC3B,CUST-00559,2025-12-24T16:15:39.717Z,209.92,PENDING
ORD-1786976311043-BF3650D7,CUST-00601,2026-03-20T06:35:44.327Z,454.00,DELIVERED
ORD-1786976311043-835A6DDF,CUST-00093,2026-05-22T00:41:10.502Z,421.92,PROCESSING
ORD-1786976311043-6360D3BB,CUST-00983,2026-02-15T03:53:24.292Z,502.12,DELIVERED
ORD-1786976311043-E9F9EF25,CUST-00770,2026-02-17T00:31:31.771Z,310.17,PENDING
ORD-1786976311043-8DB23E09,CUST-00319,2026-03-14T12:57:13.550Z,151.53,DELIVERED
ORD-1786976311043-16A20FB3,CUST-00423,2026-04-21T12:54:59.757Z,465.83,COMPLETED
ORD-1786976311043-2EFDEE1F,CUST-00474,2025-05-12T14:52:26.464Z,219.70,SHIPPED
ORD-1786976311043-38A11190,CUST-00314,2026-08-07T12:53:22.845Z,486.29,PENDING
ORD-1786976311043-094EE9C1,CUST-00885,2026-03-30T09:57:53.780Z,431.88,COMPLETED
ORD-1786976311043-3279B887,CUST-00980,2025-12-17T21:41:41.228Z,14.66,COMPLETED
ORD-1786976311043-20C4FDFC,CUST-00709,2025-01-30T08:32:21.344Z,174.09,PROCESSING
ORD-1786976311043-D06B3CDF,CUST-00271,2025-12-07T04:17:13.846Z,94.96,DELIVERED
ORD-1786976311043-8845A0CB,CUST-00046,2026-01-07T11:13:43.936Z,20.44,CANCELLED
ORD-1786976311043-AD679684,CUST-00866,2025-10-30T02:15:40.606Z,458.66,PENDING
ORD-1786976311043-BB3B837E,CUST-00200,2025-10-16T08:58:53.756Z,123.47,PROCESSING
ORD-1786976311043-F4963486,CUST-00854,2026-03-16T15:15:52.917Z,245.64,DELIVERED
ORD-1786976311043-8D1C3BB1,CUST-00938,2025-12-14T00:48:04.260Z,444.70,COMPLETED
ORD-1786976311043-5BE035EB,CUST-00442,2025-03-09T23:25:22.071Z,222.97,COMPLETED
ORD-1786976311043-125928D6,CUST-00723,2025-09-19T18:02:04.181Z,509.66,COMPLETED
ORD-1786976311043-1C47E09C,CUST-00534,2026-04-08T00:01:49.613Z,66.47,PENDING
ORD-1786976311043-0DB54414,CUST-00590,2025-05-09T01:43:45.631Z,47.46,PENDING
ORD-1786976311043-5ED71BBD,CUST-00300,2025-01-07T03:21:39.957Z,72.41,PENDING
ORD-1786976311043-5AB1F531,CUST-00474,2026-06-18T09:27:57.014Z,219.14,DELIVERED
ORD-1786976311043-3B9E6625,CUST-00056,2025-02-09T06:17:11.041Z,414.27,CANCELLED
ORD-1786976311043-89C12CB2,CUST-00417,2026-02-11T22:38:51.329Z,115.56,PROCESSING
ORD-1786976311043-8182D3D5,CUST-00658,2025-06-27T10:15:35.456Z,307.34,CANCELLED
ORD-1786976311043-ABBCB14C,CUST-00157,2025-10-08T14:55:59.343Z,10.14,PROCESSING
ORD-1786976311043-E7AA3F06,CUST-00320,2025-06-21T13:41:33.963Z,439.60,PENDING
ORD-1786976311043-CBF404DE,CUST-00947,2026-02-09T07:27:04.488Z,267.67,PROCESSING
ORD-1786976311043-65D617AD,CUST-00589,2026-04-18T15:57:07.414Z,215.49,CANCELLED
ORD-1786976311043-4C284A3A,CUST-00190,2025-07-14T23:49:34.064Z,151.18,CANCELLED
ORD-1786976311043-08FDFB1F,CUST-00900,2025-09-06T15:55:55.647Z,36.34,PENDING
ORD-1786976311043-558EE981,CUST-00413,2025-04-07T06:26:43.322Z,115.51,SHIPPED
ORD-1786976311043-714533BA,CUST-00057,2025-07-19T02:33:22.052Z,165.07,PENDING
ORD-1786976311043-F6A1B144,CUST-00453,2026-04-14T18:37:11.709Z,331.44,SHIPPED
ORD-1786976311043-1B86C2D6,CUST-00655,2025-01-18T12:06:31.696Z,335.49,PROCESSING
ORD-1786976311043-3F8B4AEA,CUST-00586,2026-03-03T22:53:23.661Z,309.92,COMPLETED
ORD-1786976311043-03EAD23B,CUST-00564,2025-07-28T16:25:43.493Z,156.71,DELIVERED
ORD-1786976311043-1F7879D2,CUST-00081,2025-11-07T21:01:05.176Z,48.66,CANCELLED
ORD-1786976311043-C753BD5D,CUST-00613,2025-01-18T16:32:15.398Z,302.07,COMPLETED
ORD-1786976311043-AC1C56A7,CUST-00555,2026-01-25T15:52:17.731Z,373.51,CANCELLED
ORD-1786976311043-1652601B,CUST-00188,2025-02-24T12:47:46.727Z,410.60,SHIPPED
ORD-1786976311043-4D000723,CUST-00253,2025-07-20T15:03:13.442Z,214.29,SHIPPED
ORD-1786976311043-965B0D87,CUST-00833,2026-04-29T00:57:19.254Z,160.93,PENDING
ORD-1786976311043-5E173932,CUST-00984,2025-06-27T02:52:54.866Z,427.63,CANCELLED
ORD-1786976311043-495B60AD,CUST-00693,2025-04-20T08:32:36.484Z,466.05,SHIPPED
ORD-1786976311043-9E27408B,CUST-00198,2026-02-06T01:15:59.242Z,396.06,COMPLETED
ORD-1786976311043-3CF02581,CUST-00585,2025-11-24T19:11:08.189Z,43.73,PENDING
ORD-1786976311043-911C6B9F,CUST-00228,2025-06-30T08:04:03.705Z,358.67,PROCESSING
ORD-1786976311043-82EA1DF6,CUST-00357,2025-10-29T17:28:09.396Z,247.01,DELIVERED
ORD-1786976311043-487598DB,CUST-00443,2025-11-16T13:17:12.868Z,236.12,CANCELLED
ORD-1786976311043-C6F4A9D7,CUST-00745,2025-02-07T05:44:56.520Z,40.37,SHIPPED
ORD-1786976311043-36830A57,CUST-00215,2025-11-29T17:22:12.081Z,448.15,COMPLETED
ORD-1786976311043-57715990,CUST-00196,2025-02-22T04:55:46.985Z,24.81,PROCESSING
ORD-1786976311043-839AA93E,CUST-00873,2025-05-12T12:55:50.098Z,477.81,COMPLETED
ORD-1786976311043-0ADD6738,CUST-00565,2025-09-13T17:41:50.993Z,484.00,SHIPPED
ORD-1786976311043-0645AF72,CUST-00377,2025-06-16T08:59:50.701Z,450.24,SHIPPED
ORD-1786976311043-E658F738,CUST-00150,2025-01-21T10:22:23.416Z,424.81,PROCESSING
ORD-1786976311043-7F1C90CC,CUST-00595,2025-09-21T10:09:22.343Z,126.31,CANCELLED
ORD-1786976311043-9FB9B83F,CUST-00198,2026-02-09T11:07:18.401Z,468.14,SHIPPED
ORD-1786976311043-7A5FFC13,CUST-00760,2025-07-07T11:32:02.280Z,42.36,SHIPPED
ORD-1786976311043-82EE02B1,CUST-00987,2025-07-18T10:05:10.895Z,438.70,COMPLETED
ORD-1786976311043-D9F989DD,CUST-00647,2025-04-03T08:11:07.100Z,238.67,CANCELLED
ORD-1786976311043-4E94ACF8,CUST-00009,2026-02-03T03:03:43.923Z,386.19,PROCESSING
ORD-1786976311043-811989B8,CUST-00003,2026-03-03T19:42:09.709Z,305.51,PROCESSING
ORD-1786976311043-1CECF200,CUST-00460,2025-09-01T23:43:32.473Z,204.22,CANCELLED
ORD-1786976311043-126F8B2D,CUST-00732,2025-06-22T06:00:44.161Z,80.49,COMPLETED
ORD-1786976311043-D6C65EAE,CUST-00499,2025-11-25T07:42:20.390Z,269.63,PENDING
ORD-1786976311043-5106AD2B,CUST-00217,2025-09-28T07:52:10.800Z,424.55,SHIPPED
ORD-1786976311043-2876B83A,CUST-00123,2026-07-28T23:01:59.381Z,465.00,PENDING
ORD-INV-5400,CUST-001,INVALID_DATE_FORMAT,99.99,PENDING
ORD-1786976311043-6836FB0D,CUST-00664,2025-10-06T18:42:24.573Z,487.97,PROCESSING
ORD-1786976311043-AA2CF112,CUST-00961,2025-04-16T02:09:23.211Z,86.56,PROCESSING
ORD-1786976311043-ACA32603,CUST-00584,2025-06-23T10:52:16.959Z,205.57,PENDING
ORD-1786976311043-4711FDB8,CUST-00778,2026-07-30T17:36:18.036Z,279.09,DELIVERED
ORD-1786976311043-548BA74F,CUST-00095,2025-10-25T07:07:51.787Z,241.01,PENDING
ORD-1786976311043-84C4053B,CUST-00141,2025-08-18T20:36:18.214Z,370.44,PROCESSING
ORD-1786976311043-1A1E59DF,CUST-00733,2025-04-30T14:41:17.010Z,32.70,DELIVERED
ORD-1786976311043-59A7E056,CUST-00204,2026-01-09T11:54:02.361Z,223.22,DELIVERED
ORD-1786976311043-1B19CB95,CUST-00778,2025-03-31T06:42:35.243Z,437.68,PROCESSING
ORD-1786976311043-6DEBCE68,CUST-00707,2025-06-28T15:02:48.646Z,419.54,CANCELLED
ORD-1786976311043-0BD14319,CUST-00682,2025-07-04T04:30:07.456Z,306.01,SHIPPED
ORD-1786976311043-3C3F6569,CUST-00505,2025-05-10T03:14:09.564Z,120.82,PENDING
ORD-1786976311043-8BF6CE01,CUST-00882,2025-03-23T02:49:45.076Z,384.97,CANCELLED
ORD-1786976311043-23AF3DB9,CUST-00265,2026-02-07T05:38:12.713Z,476.61,CANCELLED
ORD-1786976311043-3ED3B896,CUST-00038,2025-06-30T23:38:19.716Z,399.61,PROCESSING
ORD-1786976311043-F1A38A6A,CUST-00801,2025-09-01T17:07:32.486Z,471.78,PENDING
ORD-1786976311043-E8E0E3FC,CUST-00557,2025-06-08T18:39:01.613Z,66.92,SHIPPED
ORD-1786976311043-5AF5A1F5,CUST-00818,2025-03-24T22:21:42.348Z,159.90,SHIPPED
ORD-1786976311043-2869616E,CUST-00560,2025-04-19T07:19:19.439Z,351.17,PROCESSING
ORD-1786976311043-BE67D053,CUST-00285,2025-03-04T23:56:48.779Z,358.76,PROCESSING
ORD-1786976311043-A4012113,CUST-00480,2025-12-22T12:19:57.820Z,63.24,PENDING
ORD-1786976311043-C2A03158,CUST-00696,2026-07-01T02:46:15.913Z,252.01,PENDING
ORD-1786976311043-FC1EFBFD,CUST-00621,2025-01-06T11:29:03.368Z,280.53,PROCESSING
ORD-1786976311043-FA0388BA,CUST-00986,2026-05-07T09:14:44.252Z,18.18,COMPLETED
ORD-1786976311043-79BEF7CF,CUST-00599,2025-11-21T20:05:12.338Z,372.96,SHIPPED
ORD-1786976311044-9A34DD96,CUST-00060,2026-05-27T05:29:09.700Z,185.65,PROCESSING
ORD-1786976311044-7A9BEEF8,CUST-00388,2025-02-15T04:40:43.477Z,257.22,PENDING
ORD-1786976311044-FB215C13,CUST-00829,2025-06-30T16:16:50.114Z,298.96,PROCESSING
ORD-1786976311044-3C32B12C,CUST-00705,2025-02-13T17:19:21.171Z,125.54,PENDING
ORD-1786976311044-1D0E9450,CUST-00451,2025-07-24T04:02:40.490Z,415.99,SHIPPED
ORD-1786976311044-392C81C4,CUST-00510,2026-06-24T19:30:55.642Z,84.89,SHIPPED
ORD-1786976311044-9921DF9E,CUST-00639,2025-03-10T17:29:38.243Z,32.40,SHIPPED
ORD-1786976311044-8E42B45A,CUST-00169,2026-08-06T08:11:19.653Z,346.74,SHIPPED
ORD-1786976311044-F153F15D,CUST-00742,2025-03-13T13:36:37.401Z,202.72,SHIPPED
ORD-1786976311044-4C22A428,CUST-00273,2026-06-10T23:09:34.167Z,222.11,COMPLETED
ORD-1786976311044-0B41F4BB,CUST-00109,2026-01-19T11:26:09.493Z,491.74,DELIVERED
ORD-1786976311044-89C6E39C,CUST-00306,2025-07-23T09:23:43.732Z,492.90,COMPLETED
ORD-1786976311044-E146C2E6,CUST-00486,2026-01-27T09:39:35.668Z,383.62,DELIVERED
ORD-1786976311044-05204157,CUST-00916,2025-03-14T14:06:05.046Z,285.15,SHIPPED
ORD-1786976311044-75539636,CUST-00208,2025-07-24T06:40:43.449Z,436.65,PENDING
ORD-1786976311044-959A16FF,CUST-00339,2026-01-05T21:00:05.667Z,318.70,DELIVERED
ORD-1786976311044-66B862E2,CUST-00421,2026-03-26T01:15:23.021Z,204.73,CANCELLED
ORD-1786976311044-C8EA675C,CUST-00422,2025-12-06T18:35:20.745Z,50.67,PENDING
ORD-1786976311044-96C380A4,CUST-00999,2025-08-22T02:48:10.731Z,113.33,COMPLETED
ORD-1786976311044-7C434AF0,CUST-00316,2025-04-17T13:35:18.776Z,342.48,PROCESSING
ORD-1786976311044-AB380B66,CUST-00573,2026-07-11T20:54:14.238Z,467.04,PENDING
ORD-1786976311044-48784477,CUST-00957,2026-07-19T22:36:29.608Z,343.26,PENDING
ORD-1786976311044-EE149E10,CUST-00149,2025-01-29T11:45:25.942Z,432.28,DELIVERED
ORD-1786976311044-D4F57087,CUST-00359,2026-07-21T06:33:14.399Z,489.37,SHIPPED
ORD-1786976311044-6D8ED2D4,CUST-00313,2025-06-20T01:56:01.632Z,415.71,PENDING
ORD-1786976311044-EC897F61,CUST-00855,2026-05-31T05:04:34.512Z,102.98,CANCELLED
ORD-1786976311044-784707BE,CUST-00175,2026-07-02T03:16:41.889Z,328.85,CANCELLED
ORD-1786976311044-B7460A82,CUST-00768,2025-12-04T14:33:17.841Z,237.96,PROCESSING
ORD-1786976311044-28D1AAC3,CUST-00957,2025-03-16T16:03:47.043Z,360.97,PENDING
ORD-1786976311044-7C43D534,CUST-00828,2025-05-29T11:35:09.315Z,119.12,SHIPPED
ORD-1786976311044-CF715386,CUST-00240,2025-01-21T05:54:34.382Z,267.33,CANCELLED
ORD-1786976311044-C5EE0869,CUST-00990,2026-03-05T07:20:30.985Z,26.15,CANCELLED
ORD-1786976311044-59C8CA90,CUST-00379,2025-07-25T20:23:03.591Z,357.61,CANCELLED
ORD-1786976311044-D90B2A68,CUST-00538,2025-11-08T04:17:16.208Z,313.42,CANCELLED
ORD-1786976311044-F42E1CE7,CUST-00104,2025-05-30T09:23:48.417Z,133.80,CANCELLED
ORD-1786976311044-B4469829,CUST-00607,2025-11-25T08:44:31.875Z,252.08,COMPLETED
ORD-1786976311044-C81A700C,CUST-00789,2025-03-31T04:04:16.390Z,116.12,DELIVERED
ORD-1786976311044-CEA76237,CUST-00955,2025-06-08T03:47:26.784Z,453.16,PENDING
ORD-1786976311044-FC16B3FF,CUST-00224,2025-08-27T23:27:08.270Z,440.55,PENDING
ORD-1786976311044-EE527407,CUST-00633,2025-02-19T12:58:28.837Z,280.42,SHIPPED
ORD-1786976311044-E21148BA,CUST-00086,2026-01-10T21:08:51.018Z,40.15,DELIVERED
ORD-1786976311044-A1CD4490,CUST-00167,2025-07-19T03:25:57.858Z,86.11,DELIVERED
ORD-1786976311044-7ED971A5,CUST-00670,2026-07-29T12:11:05.529Z,245.64,CANCELLED
ORD-1786976311044-5AFC6BB2,CUST-00669,2025-09-16T12:23:46.956Z,78.24,DELIVERED
ORD-1786976311044-F7C4DF03,CUST-00121,2025-07-19T14:05:32.683Z,284.07,COMPLETED
ORD-1786976311044-C1F6CA8E,CUST-00148,2026-06-14T06:55:21.492Z,487.34,PENDING
ORD-1786976311044-DA3335C9,CUST-00210,2025-04-28T13:20:47.041Z,169.08,SHIPPED
ORD-1786976311044-5F9E6A6D,CUST-00445,2025-12-21T10:08:12.584Z,171.85,COMPLETED
ORD-1786976311044-85F479CD,CUST-00779,2025-10-29T16:40:05.769Z,164.42,PENDING
ORD-1786976311044-5FC4DD15,CUST-00666,2025-06-10T04:46:08.244Z,61.73,DELIVERED
ORD-1786976311044-D360DDF5,CUST-00280,2026-07-01T21:47:39.932Z,308.76,COMPLETED
ORD-1786976311044-FF62C180,CUST-00990,2025-04-23T21:38:42.776Z,508.40,PROCESSING
ORD-1786976311044-7F4D35DA,CUST-00306,2025-02-16T14:40:30.840Z,467.85,PROCESSING
ORD-1786976311044-0249C5B5,CUST-00476,2025-08-23T01:51:27.068Z,346.85,PROCESSING
ORD-1786976311044-C19EECE3,CUST-00077,2025-04-08T23:04:03.153Z,278.73,CANCELLED
ORD-1786976311044-C9A71049,CUST-00970,2025-10-13T06:05:09.475Z,491.20,DELIVERED
ORD-1786976311044-4F18EE7C,CUST-00815,2025-02-19T09:24:30.367Z,348.64,DELIVERED
ORD-1786976311044-9A71595C,CUST-00364,2025-06-05T17:41:59.258Z,80.37,PROCESSING
ORD-1786976311044-197E687B,CUST-00111,2026-07-17T18:43:14.945Z,295.52,COMPLETED
ORD-1786976311044-E3D64D26,CUST-00941,2025-01-21T22:08:45.336Z,178.16,PENDING
ORD-1786976311044-15551E13,CUST-00708,2025-07-29T02:43:03.392Z,424.40,COMPLETED
ORD-1786976311044-480282FE,CUST-00374,2025-04-26T03:38:32.275Z,366.68,DELIVERED
ORD-1786976311044-591CE914,CUST-00896,2026-01-11T10:01:28.891Z,213.81,PROCESSING
ORD-1786976311044-C74F4597,CUST-00732,2026-04-25T21:10:15.575Z,485.08,PROCESSING
ORD-1786976311044-839071BA,CUST-00262,2025-07-27T15:41:53.078Z,29.08,DELIVERED
ORD-1786976311044-E853AEB9,CUST-00499,2025-01-01T09:10:20.883Z,40.28,PENDING
ORD-1786976311044-12A34375,CUST-00010,2026-01-25T17:43:12.346Z,45.93,PROCESSING
ORD-1786976311044-D8B3BB3D,CUST-00214,2025-05-19T21:56:48.824Z,64.27,PROCESSING
ORD-1786976311044-F20427DE,CUST-00888,2025-11-25T23:22:10.841Z,472.03,COMPLETED
ORD-1786976311044-D52BE3A6,CUST-00268,2026-02-04T07:10:18.811Z,245.79,PENDING
ORD-1786976311044-218EBDE0,CUST-00331,2026-01-22T23:14:14.322Z,158.66,CANCELLED
ORD-1786976311044-22F7EEEB,CUST-00314,2026-06-21T10:48:52.360Z,305.73,CANCELLED
ORD-1786976311044-0F7F791D,CUST-00368,2025-01-02T18:52:12.621Z,98.93,DELIVERED
ORD-1786976311044-2D7D2270,CUST-00949,2025-12-25T04:39:26.889Z,174.54,SHIPPED
ORD-INV-5500,CUST-002,2026-05-10T10:00:00Z,-50.00,COMPLETED
ORD-1786976311044-E200942D,CUST-00826,2025-11-11T21:55:53.750Z,350.56,COMPLETED
ORD-1786976311044-A221A7B5,CUST-00109,2025-04-11T19:42:24.327Z,496.33,SHIPPED
ORD-1786976311044-72A24FD3,CUST-00674,2025-03-18T17:59:25.333Z,461.99,PROCESSING
ORD-1786976311044-8EEE4D88,CUST-00646,2026-06-14T18:42:21.102Z,490.29,COMPLETED
ORD-1786976311044-899E976A,CUST-00058,2025-04-21T13:58:03.343Z,90.35,DELIVERED
ORD-1786976311044-D9E3C0E0,CUST-00475,2025-10-08T09:12:08.952Z,392.28,SHIPPED
ORD-1786976311044-9A6C0C62,CUST-00060,2025-05-30T12:39:57.176Z,399.45,PROCESSING
ORD-1786976311044-24AA865C,CUST-00685,2025-04-29T03:06:56.532Z,467.54,DELIVERED
ORD-1786976311044-3E90ED30,CUST-00262,2025-08-28T23:09:26.231Z,106.07,SHIPPED
ORD-1786976311044-855296FB,CUST-00939,2026-06-11T06:07:23.813Z,497.49,SHIPPED
ORD-1786976311044-0C8B58F5,CUST-00177,2025-07-05T22:50:57.855Z,416.56,COMPLETED
ORD-1786976311044-C7E4687A,CUST-00232,2026-06-14T13:10:25.767Z,235.74,COMPLETED
ORD-1786976311044-0AAE45CA,CUST-00791,2026-06-24T02:21:09.375Z,303.86,PROCESSING
ORD-1786976311044-5777220D,CUST-00362,2026-05-14T21:49:21.814Z,452.72,PROCESSING
ORD-1786976311044-B36580E3,CUST-00944,2025-02-02T11:52:45.463Z,114.20,SHIPPED
ORD-1786976311044-5555BC5D,CUST-00927,2026-06-28T05:14:52.361Z,71.05,COMPLETED
ORD-1786976311044-7A24EFD8,CUST-00648,2026-02-09T09:18:58.058Z,124.07,PROCESSING
ORD-1786976311044-22777F6C,CUST-00997,2025-03-11T03:13:24.884Z,338.38,SHIPPED
ORD-1786976311044-B48BDCD9,CUST-00439,2025-02-10T17:18:17.534Z,177.80,COMPLETED
ORD-1786976311044-51B8B1A4,CUST-00425,2026-04-15T23:48:08.792Z,61.97,CANCELLED
ORD-1786976311044-C9FC088E,CUST-00529,2025-04-29T05:37:39.714Z,83.64,SHIPPED
ORD-1786976311044-1023EBCA,CUST-00776,2026-06-15T00:36:10.548Z,84.62,PENDING
ORD-1786976311044-DC13E953,CUST-00969,2026-04-09T23:09:05.480Z,47.83,SHIPPED
ORD-1786976311044-9276288E,CUST-00270,2025-05-26T03:04:16.618Z,225.72,PENDING
ORD-1786976311044-702B9A72,CUST-00383,2025-01-01T01:37:32.395Z,136.24,CANCELLED
ORD-1786976311044-C8786899,CUST-00952,2025-04-04T12:22:04.288Z,250.40,PENDING
ORD-1786976311044-8D8E2882,CUST-00413,2026-04-06T13:02:51.224Z,223.05,CANCELLED
ORD-1786976311044-07432DD3,CUST-00058,2026-04-30T12:18:15.896Z,123.04,PENDING
ORD-1786976311044-4BA2B42E,CUST-00079,2025-05-18T01:38:53.061Z,93.33,PROCESSING
ORD-1786976311044-E18956AB,CUST-00301,2026-03-14T13:49:46.910Z,415.05,PROCESSING
ORD-1786976311044-10A57B89,CUST-00209,2026-02-19T10:02:23.304Z,70.58,DELIVERED
ORD-1786976311044-0C2F6C3A,CUST-00654,2026-01-28T10:01:38.304Z,469.72,COMPLETED
ORD-1786976311044-07F0E4A8,CUST-00647,2025-01-02T14:46:16.837Z,102.60,COMPLETED
ORD-1786976311044-24562D8E,CUST-00706,2026-05-23T13:57:34.068Z,315.47,DELIVERED
ORD-1786976311044-CFA2A5B8,CUST-00554,2025-12-08T07:42:50.664Z,437.65,CANCELLED
ORD-1786976311044-E5ED19D5,CUST-00984,2026-04-05T02:39:31.258Z,248.72,SHIPPED
ORD-1786976311044-183D2C10,CUST-00506,2026-05-29T15:47:28.397Z,175.39,COMPLETED
ORD-1786976311044-90489CCB,CUST-00580,2025-01-27T16:31:39.877Z,29.88,COMPLETED
ORD-1786976311044-124C5EB2,CUST-00191,2025-06-02T08:58:13.324Z,288.85,PROCESSING
ORD-1786976311044-C5366C06,CUST-00912,2025-10-24T14:04:58.067Z,222.37,PROCESSING
ORD-1786976311044-035ECE13,CUST-00648,2025-07-08T22:55:57.417Z,181.09,SHIPPED
ORD-1786976311044-8223F592,CUST-00599,2026-08-06T08:30:14.109Z,298.97,PROCESSING
ORD-1786976311044-0A3ED3BC,CUST-00423,2025-02-03T16:13:08.617Z,338.49,PROCESSING
ORD-1786976311044-0C6E22B1,CUST-00401,2025-09-17T16:21:11.027Z,39.50,COMPLETED
ORD-1786976311044-256C21A1,CUST-00814,2025-08-06T19:59:50.716Z,76.22,CANCELLED
ORD-1786976311044-787ACA02,CUST-00752,2025-05-16T23:23:58.741Z,53.49,PROCESSING
ORD-1786976311044-36EFB4DF,CUST-00424,2025-08-02T23:10:32.998Z,272.39,PENDING
ORD-1786976311044-130B4202,CUST-00557,2025-11-10T15:13:55.413Z,236.01,PENDING
ORD-1786976311044-327D15AD,CUST-00496,2026-02-23T14:23:04.878Z,362.85,PENDING
ORD-1786976311044-1872E263,CUST-00296,2026-03-20T00:23:52.704Z,313.96,PENDING
ORD-1786976311044-A9B7FBD0,CUST-00781,2026-02-15T10:33:53.656Z,378.06,SHIPPED
ORD-1786976311044-10C023F0,CUST-00579,2026-06-20T02:51:56.424Z,352.81,COMPLETED
ORD-1786976311044-D32E4543,CUST-00119,2026-03-17T17:58:37.051Z,441.23,PENDING
ORD-1786976311044-0ED062D8,CUST-00976,2026-01-05T12:50:25.913Z,65.04,PENDING
ORD-1786976311044-61297C6E,CUST-00414,2025-06-21T13:17:33.903Z,412.80,SHIPPED
ORD-1786976311044-FDBA48EF,CUST-00018,2025-11-09T14:25:36.675Z,341.13,PENDING
ORD-1786976311044-0D4FDF49,CUST-00246,2025-02-19T20:24:12.271Z,366.53,PROCESSING
ORD-1786976311044-C153165B,CUST-00933,2026-01-03T18:54:08.683Z,47.12,PENDING
ORD-1786976311044-21D4DCBD,CUST-00744,2025-05-26T04:02:21.232Z,66.68,CANCELLED
ORD-1786976311044-CED9ED70,CUST-00479,2025-05-15T18:18:57.437Z,223.00,DELIVERED
ORD-1786976311044-BBCFF7E4,CUST-00749,2026-01-10T21:05:36.523Z,290.25,COMPLETED
ORD-1786976311044-33C975AD,CUST-00751,2026-05-06T14:28:22.679Z,410.11,PENDING
ORD-1786976311044-8157A924,CUST-00491,2025-11-23T16:37:48.610Z,94.30,COMPLETED
ORD-1786976311044-91EE99A0,CUST-00840,2025-01-21T19:01:39.120Z,472.06,COMPLETED
ORD-1786976311044-67BEF5CA,CUST-00813,2025-09-29T14:42:05.545Z,276.53,PENDING
ORD-1786976311044-0A2CD11E,CUST-00196,2026-07-27T18:36:42.510Z,479.37,PROCESSING
ORD-1786976311044-26D7F3C6,CUST-00596,2025-01-22T00:06:16.925Z,302.18,PENDING
ORD-1786976311044-C0D28B24,CUST-00822,2025-03-22T07:43:38.994Z,481.72,PROCESSING
ORD-1786976311044-28BEB0BC,CUST-00361,2026-01-29T10:27:50.824Z,231.89,PENDING
ORD-1786976311044-DB94D398,CUST-00584,2025-10-17T05:45:05.197Z,64.57,SHIPPED
ORD-1786976311044-58553FEC,CUST-00721,2026-08-08T04:14:30.403Z,440.63,PENDING
ORD-1786976311044-2C84F0CB,CUST-00696,2025-04-28T18:49:25.678Z,188.77,PROCESSING
ORD-1786976311044-E46D83F3,CUST-00539,2025-05-26T02:00:59.405Z,436.45,PROCESSING
ORD-1786976311044-8004270A,CUST-00434,2025-08-21T16:40:31.343Z,379.03,DELIVERED
ORD-1786976311044-D2280966,CUST-00412,2025-10-24T06:04:15.198Z,400.26,SHIPPED
ORD-1786976311044-8D3CCFA7,CUST-00921,2025-07-16T04:42:06.772Z,23.83,SHIPPED
ORD-1786976311044-13D34779,CUST-00296,2025-10-26T10:27:39.970Z,372.45,PROCESSING
ORD-1786976311044-90B14D5D,CUST-00660,2026-03-15T08:20:09.846Z,211.81,DELIVERED
ORD-1786976311044-FF108AFB,CUST-00941,2025-10-15T07:11:31.759Z,173.47,SHIPPED
ORD-1786976311044-548A003A,CUST-00492,2025-11-20T16:07:00.918Z,167.01,CANCELLED
ORD-1786976311044-69EF6A04,CUST-00150,2025-11-12T15:23:53.360Z,74.43,CANCELLED
ORD-1786976311044-3676E789,CUST-00496,2026-05-16T07:43:14.515Z,461.38,DELIVERED
ORD-1786976311044-0435294F,CUST-00833,2025-08-30T05:46:08.087Z,96.94,SHIPPED
ORD-1786976311044-F18937B4,CUST-00160,2026-03-28T05:45:49.827Z,412.22,PENDING
ORD-1786976311044-9F80CA84,CUST-00356,2025-08-15T17:37:18.350Z,356.50,COMPLETED
ORD-1786976311044-9D952C9C,CUST-00817,2026-06-16T07:00:11.709Z,502.37,DELIVERED
ORD-1786976311044-A484295D,CUST-00649,2025-02-11T20:31:41.103Z,374.77,PENDING
ORD-1786976311044-6327ACC0,CUST-00537,2026-02-08T18:32:28.529Z,319.55,SHIPPED
ORD-1786976311044-B40D2338,CUST-00919,2025-01-30T12:10:56.627Z,150.36,SHIPPED
ORD-1786976311044-423AFA55,CUST-00961,2026-02-08T23:45:39.427Z,260.38,DELIVERED
ORD-1786976311044-421F7613,CUST-00128,2025-03-11T16:09:33.832Z,501.18,CANCELLED
ORD-1786976311044-7A36FB57,CUST-00913,2025-09-30T10:24:54.946Z,350.53,SHIPPED
ORD-1786976311044-F910417D,CUST-00573,2025-10-10T10:49:39.982Z,87.45,CANCELLED
ORD-1786976311044-17355636,CUST-00990,2025-01-24T08:43:36.796Z,130.06,PENDING
ORD-1786976311044-F6844E01,CUST-00105,2025-11-13T07:27:36.964Z,141.71,PENDING
ORD-1786976311044-9717AD10,CUST-00035,2026-02-09T06:53:25.754Z,61.55,COMPLETED
ORD-1786976311044-A0A76C47,CUST-00633,2026-01-30T23:40:18.457Z,311.56,SHIPPED
ORD-1786976311044-26E41265,CUST-00446,2026-03-04T16:52:35.084Z,185.91,COMPLETED
ORD-1786976311044-352C4B46,CUST-00344,2026-04-19T07:46:38.716Z,68.68,CANCELLED
ORD-INV-5600,,2026-05-10T10:00:00Z,120.00,PENDING
ORD-1786976311044-4565EFA3,CUST-00173,2026-07-03T17:46:52.423Z,233.61,PROCESSING
ORD-1786976311044-DCA7E04A,CUST-00079,2025-01-14T23:50:34.070Z,167.18,PROCESSING
ORD-1786976311044-6092D352,CUST-00495,2026-05-11T14:28:00.328Z,15.90,COMPLETED
ORD-1786976311044-A338884C,CUST-00234,2025-03-29T06:10:06.383Z,382.93,COMPLETED
ORD-1786976311044-9F65024B,CUST-00133,2026-07-01T21:29:52.273Z,68.27,COMPLETED
ORD-1786976311044-FC947C54,CUST-00781,2025-05-02T03:54:22.222Z,250.95,PROCESSING
ORD-1786976311044-48D74A9B,CUST-00770,2026-02-05T06:06:43.960Z,320.05,COMPLETED
ORD-1786976311044-9552A538,CUST-00445,2026-03-07T06:34:11.139Z,29.98,COMPLETED
ORD-1786976311044-6C42ADC1,CUST-00560,2026-04-04T07:50:35.333Z,215.32,CANCELLED
ORD-1786976311044-8786FAD8,CUST-00097,2026-01-07T03:45:55.650Z,478.70,COMPLETED
ORD-1786976311044-3887F35D,CUST-00617,2026-01-02T18:37:15.896Z,466.98,DELIVERED
ORD-1786976311044-70F4BF17,CUST-00296,2026-03-29T03:45:34.065Z,416.27,PROCESSING
ORD-1786976311044-6DBD526D,CUST-00191,2026-07-22T23:31:32.037Z,153.13,COMPLETED
ORD-1786976311044-8847E3B4,CUST-00558,2026-03-19T05:11:48.341Z,385.46,CANCELLED
ORD-1786976311044-A8F2830C,CUST-00622,2025-08-26T11:07:44.813Z,47.23,PROCESSING
ORD-1786976311044-7667EEF1,CUST-00898,2026-05-24T22:48:43.062Z,163.08,DELIVERED
ORD-1786976311044-53888B84,CUST-00262,2026-06-25T16:21:27.609Z,427.73,DELIVERED
ORD-1786976311044-E0B15B0C,CUST-00336,2025-12-11T10:09:32.885Z,485.25,COMPLETED
ORD-1786976311044-126D890D,CUST-00101,2025-05-12T20:06:37.665Z,435.83,DELIVERED
ORD-1786976311044-DAECFEFA,CUST-00507,2026-03-19T16:37:40.586Z,145.64,COMPLETED
ORD-1786976311044-517F47D2,CUST-00342,2025-07-02T01:56:24.856Z,247.16,DELIVERED
ORD-1786976311044-AD65BAE1,CUST-00817,2025-06-19T17:21:56.782Z,434.66,PENDING
ORD-1786976311044-823B7B7E,CUST-00880,2025-10-24T07:25:07.245Z,341.30,CANCELLED
ORD-1786976311044-A465EA25,CUST-00072,2025-02-23T15:26:50.134Z,311.84,PENDING
ORD-1786976311045-84EDD1F3,CUST-00296,2026-08-04T09:46:05.970Z,15.28,DELIVERED
ORD-1786976311045-3D4EB31B,CUST-00408,2025-01-15T11:05:11.542Z,429.58,CANCELLED
ORD-1786976311045-944B5374,CUST-00352,2025-09-17T12:17:56.765Z,503.77,CANCELLED
ORD-1786976311045-760BE01E,CUST-00978,2025-06-19T11:39:26.261Z,437.40,SHIPPED
ORD-1786976311045-40A3EB97,CUST-00195,2025-12-11T03:01:27.671Z,50.45,SHIPPED
ORD-1786976311045-13E1F95E,CUST-00854,2025-06-08T15:15:07.217Z,97.90,SHIPPED
ORD-1786976311045-5190BC06,CUST-00567,2025-12-30T22:24:12.344Z,450.93,PENDING
ORD-1786976311045-E1AD18A3,CUST-00386,2026-06-09T13:48:29.782Z,400.95,PENDING
ORD-1786976311045-C472090B,CUST-00156,2025-11-26T02:34:51.100Z,196.86,CANCELLED
ORD-1786976311045-BBCD649D,CUST-00140,2026-03-29T10:57:51.508Z,348.84,DELIVERED
ORD-1786976311045-1743765D,CUST-00621,2025-12-05T13:49:04.968Z,146.41,CANCELLED
ORD-1786976311045-CCE3A593,CUST-00687,2026-06-24T03:08:22.256Z,117.59,COMPLETED
ORD-1786976311045-7BBD74C2,CUST-00899,2025-06-30T15:17:11.305Z,175.58,COMPLETED
ORD-1786976311045-EDBB2F8B,CUST-00304,2025-04-10T12:56:06.424Z,339.21,PROCESSING
ORD-1786976311045-E60058AA,CUST-00443,2025-07-08T22:20:00.969Z,79.28,SHIPPED
ORD-1786976311045-140AAB0F,CUST-00937,2026-03-24T01:38:00.452Z,63.07,DELIVERED
ORD-1786976311045-34EE1629,CUST-00755,2026-06-15T01:20:22.253Z,26.36,DELIVERED
ORD-1786976311045-CF14BC17,CUST-00558,2025-07-31T18:39:12.146Z,144.12,CANCELLED
ORD-1786976311045-ECCEDDF3,CUST-00793,2025-12-21T03:03:16.496Z,441.06,PENDING
ORD-1786976311045-0AFB8508,CUST-00942,2025-11-20T16:08:43.614Z,43.03,PENDING
ORD-1786976311045-67985A0F,CUST-00775,2025-07-05T14:13:30.311Z,155.96,SHIPPED
ORD-1786976311045-0F904758,CUST-00014,2026-06-07T10:18:10.956Z,417.10,PROCESSING
ORD-1786976311045-F5633131,CUST-00635,2025-03-12T01:40:49.125Z,125.24,CANCELLED
ORD-1786976311045-7044107B,CUST-00692,2025-06-25T20:26:15.189Z,213.57,PROCESSING
ORD-1786976311045-C3B63E72,CUST-00546,2026-02-09T11:24:25.508Z,287.43,SHIPPED
ORD-1786976311045-78B5C272,CUST-00207,2026-05-02T07:12:25.487Z,27.53,PENDING
ORD-1786976311045-CB873020,CUST-00800,2026-03-09T09:01:03.057Z,336.01,SHIPPED
ORD-1786976311045-6B8D1695,CUST-00685,2025-12-12T02:17:47.519Z,501.95,CANCELLED
ORD-1786976311045-F99A944D,CUST-00208,2025-04-20T16:52:23.739Z,199.91,COMPLETED
ORD-1786976311045-9B235124,CUST-00626,2025-02-06T13:40:10.573Z,260.80,PENDING
ORD-1786976311045-6D0D1B54,CUST-00463,2025-08-24T04:12:46.190Z,141.58,CANCELLED
ORD-1786976311045-2E5138DA,CUST-00142,2025-09-19T11:34:21.916Z,278.43,COMPLETED
ORD-1786976311045-74B90DB8,CUST-00001,2025-10-03T20:35:41.445Z,276.73,SHIPPED
ORD-1786976311045-CC96E579,CUST-00425,2025-02-19T14:24:09.792Z,345.94,CANCELLED
ORD-1786976311045-0D7D6CA4,CUST-00468,2025-01-19T10:27:18.653Z,252.12,CANCELLED
ORD-1786976311045-EECA14B3,CUST-00478,2025-01-25T09:50:25.921Z,362.19,PROCESSING
ORD-1786976311045-492298CE,CUST-00004,2025-09-17T07:25:51.735Z,207.09,PENDING
ORD-1786976311045-FA9609E6,CUST-00057,2025-06-30T20:10:33.697Z,285.14,SHIPPED
ORD-1786976311045-5D60F899,CUST-00938,2026-06-07T05:59:45.597Z,11.44,PENDING
ORD-1786976311045-3D46B32C,CUST-00978,2025-06-18T11:35:31.939Z,450.27,PENDING
ORD-1786976311045-C99485F2,CUST-00279,2025-11-12T01:46:46.186Z,56.20,DELIVERED
ORD-1786976311045-B65612DF,CUST-00920,2025-07-11T19:34:54.171Z,468.78,PENDING
ORD-1786976311045-148B6279,CUST-00952,2026-01-31T22:46:22.691Z,154.39,COMPLETED
ORD-1786976311045-F0A2F69E,CUST-00720,2025-01-13T17:00:14.661Z,224.42,PENDING
ORD-1786976311045-2536BB7C,CUST-00480,2026-06-22T21:43:29.752Z,296.11,PENDING
ORD-1786976311045-91668644,CUST-00646,2025-04-29T07:26:34.840Z,31.57,PENDING
ORD-1786976311045-046DA96C,CUST-00666,2025-07-24T19:00:05.540Z,192.15,COMPLETED
ORD-1786976311045-4C706CE7,CUST-00336,2025-07-03T06:57:32.114Z,415.55,DELIVERED
ORD-1786976311045-341EFE64,CUST-00719,2026-07-15T23:27:53.373Z,472.20,COMPLETED
ORD-1786976311045-33FB7994,CUST-00382,2025-06-11T17:48:21.231Z,46.00,PROCESSING
ORD-1786976311045-78518888,CUST-00323,2026-05-03T22:23:27.620Z,323.78,CANCELLED
ORD-1786976311045-EDD24788,CUST-00377,2025-04-15T22:46:26.393Z,100.11,PROCESSING
ORD-1786976311045-D8C44B22,CUST-00930,2025-10-08T15:31:38.517Z,40.17,COMPLETED
ORD-1786976311045-46629745,CUST-00789,2025-11-23T18:43:39.878Z,359.04,SHIPPED
ORD-1786976311045-1BD094A2,CUST-00372,2025-09-10T22:41:35.022Z,62.07,SHIPPED
ORD-1786976311045-707A6045,CUST-00432,2026-01-21T18:44:57.871Z,68.03,SHIPPED
ORD-1786976311045-5DFDA8FD,CUST-00882,2026-06-21T19:33:06.156Z,350.30,PROCESSING
ORD-1786976311045-3E5ABA0D,CUST-00470,2026-08-07T20:23:47.849Z,165.91,PENDING
ORD-1786976311045-0915BDCA,CUST-00653,2026-05-08T17:38:19.280Z,432.25,PROCESSING
ORD-1786976311045-CC290417,CUST-00445,2026-02-25T11:08:27.293Z,72.48,COMPLETED
ORD-1786976311045-287F0E17,CUST-00545,2025-10-22T12:27:21.324Z,82.48,COMPLETED
ORD-1786976311045-FAF67F63,CUST-00952,2025-01-24T15:26:00.472Z,386.26,PROCESSING
ORD-1786976311045-06971655,CUST-00202,2026-06-22T06:48:43.923Z,21.53,CANCELLED
ORD-1786976311045-406DDA41,CUST-00501,2026-06-11T11:14:26.328Z,270.28,PROCESSING
ORD-1786976311045-89BB659A,CUST-00858,2025-11-22T09:52:14.792Z,349.43,PROCESSING
ORD-1786976311045-546405A3,CUST-00742,2026-02-04T23:07:57.403Z,83.10,DELIVERED
ORD-1786976311045-8579E2D5,CUST-00696,2025-06-08T03:04:10.855Z,395.52,COMPLETED
ORD-1786976311045-DB122785,CUST-00373,2025-08-22T03:43:49.333Z,181.19,CANCELLED
ORD-1786976311045-CCD5F1B4,CUST-00509,2026-01-11T07:42:24.305Z,161.05,SHIPPED
ORD-1786976311045-477FAF15,CUST-00214,2026-06-17T14:25:23.736Z,461.77,SHIPPED
ORD-1786976311045-150F7DBA,CUST-00602,2025-09-09T02:42:50.695Z,332.47,PROCESSING
ORD-1786976311045-AB62C8A3,CUST-00792,2026-07-12T22:30:08.668Z,276.44,PENDING
ORD-1786976311045-A5A9CB43,CUST-00506,2026-07-15T14:44:57.769Z,271.90,PROCESSING
ORD-1786976311045-2C6CBC63,CUST-00712,2026-08-09T06:36:29.650Z,415.80,DELIVERED
ORD-1786976311045-89D0CD8C,CUST-00881,2025-03-04T00:05:41.102Z,92.06,CANCELLED
ORD-INV-5700,CUST-001,INVALID_DATE_FORMAT,99.99,PENDING
ORD-1786976311045-E122CD90,CUST-00702,2026-05-19T18:10:48.111Z,71.26,CANCELLED
ORD-1786976311045-218FAC1E,CUST-00542,2026-05-13T06:48:54.098Z,315.61,COMPLETED
ORD-1786976311045-234374C6,CUST-00183,2026-04-30T18:37:19.667Z,472.30,SHIPPED
ORD-1786976311045-0245E4D0,CUST-00701,2025-08-04T02:58:22.946Z,312.40,PROCESSING
ORD-1786976311045-57F78766,CUST-00289,2025-08-28T03:04:48.097Z,288.20,CANCELLED
ORD-1786976311045-069A0C20,CUST-00464,2026-04-28T06:54:19.674Z,44.12,PROCESSING
ORD-1786976311045-FF9A015A,CUST-00632,2025-06-28T01:34:03.286Z,154.28,PROCESSING
ORD-1786976311045-B6E8038E,CUST-00471,2026-05-19T19:14:21.921Z,224.08,PROCESSING
ORD-1786976311045-0A1885D7,CUST-00376,2025-12-25T02:21:50.035Z,304.76,PENDING
ORD-1786976311045-BB2A4E86,CUST-00110,2025-01-03T00:06:12.426Z,183.75,CANCELLED
ORD-1786976311045-50CE5FFC,CUST-00331,2026-08-09T00:59:01.170Z,430.25,PROCESSING
ORD-1786976311045-6D24BF9F,CUST-00927,2026-03-26T00:18:32.415Z,81.71,PROCESSING
ORD-1786976311045-F18296D6,CUST-00525,2025-11-30T06:35:32.639Z,398.81,SHIPPED
ORD-1786976311045-B142BAE1,CUST-00311,2025-11-26T11:26:57.879Z,203.98,CANCELLED
ORD-1786976311045-868F5F93,CUST-00857,2025-09-11T14:03:46.087Z,304.50,PENDING
ORD-1786976311045-2442F524,CUST-00074,2025-06-26T06:49:15.244Z,280.37,CANCELLED
ORD-1786976311045-EDF93A0E,CUST-00942,2026-05-09T07:54:59.946Z,191.90,DELIVERED
ORD-1786976311045-5A21619A,CUST-00296,2025-07-09T15:41:00.464Z,442.36,CANCELLED
ORD-1786976311045-EB5A5E90,CUST-00845,2026-02-04T18:16:53.903Z,310.88,PROCESSING
ORD-1786976311045-CF32E118,CUST-00263,2025-10-28T05:30:22.963Z,336.83,SHIPPED
ORD-1786976311045-09044763,CUST-00275,2025-08-09T16:19:34.495Z,158.85,COMPLETED
ORD-1786976311045-4F8A93E1,CUST-00730,2025-01-09T15:34:17.080Z,317.50,COMPLETED
ORD-1786976311045-57B24293,CUST-00122,2026-05-12T16:31:36.717Z,389.98,COMPLETED
ORD-1786976311045-F980D307,CUST-00649,2025-09-30T06:50:53.808Z,174.71,CANCELLED
ORD-1786976311045-40D75664,CUST-00833,2025-06-09T07:26:56.667Z,398.43,PROCESSING
ORD-1786976311045-AD84B70D,CUST-00908,2026-06-11T08:40:32.146Z,285.20,SHIPPED
ORD-1786976311045-521894B6,CUST-00113,2026-06-18T13:06:15.861Z,213.79,PROCESSING
ORD-1786976311045-30583F4B,CUST-00654,2025-06-05T21:02:58.871Z,78.92,CANCELLED
ORD-1786976311045-46CA4948,CUST-00833,2025-07-11T06:16:59.622Z,425.85,PENDING
ORD-1786976311045-6613858C,CUST-00614,2025-11-27T17:55:09.997Z,282.58,PENDING
ORD-1786976311045-0423CA8F,CUST-00698,2026-04-14T20:15:59.060Z,88.84,CANCELLED
ORD-1786976311045-D43F6C8F,CUST-00713,2025-01-07T08:23:15.445Z,338.82,PENDING
ORD-1786976311045-32A94A31,CUST-00255,2026-01-26T19:43:39.795Z,331.89,PROCESSING
ORD-1786976311045-E6F45E70,CUST-00490,2026-04-29T10:23:30.886Z,369.35,PENDING
ORD-1786976311045-F6798325,CUST-00905,2026-07-05T05:57:29.837Z,151.58,PENDING
ORD-1786976311045-8BE13B7C,CUST-00829,2026-05-02T00:28:11.326Z,193.29,DELIVERED
ORD-1786976311045-B874491C,CUST-00769,2026-02-06T18:04:19.457Z,370.05,DELIVERED
ORD-1786976311045-BA845AB1,CUST-00177,2025-01-14T13:37:16.110Z,77.91,CANCELLED
ORD-1786976311045-C604472A,CUST-00374,2026-03-02T12:20:51.438Z,360.83,DELIVERED
ORD-1786976311045-DB8B9826,CUST-00896,2026-01-30T22:42:03.403Z,414.51,PENDING
ORD-1786976311045-3CAA9C8D,CUST-00881,2025-05-05T09:18:56.909Z,43.28,CANCELLED
ORD-1786976311045-A92C62A2,CUST-00498,2025-08-31T14:45:18.791Z,92.29,COMPLETED
ORD-1786976311045-3B90F225,CUST-00003,2025-03-24T07:46:33.299Z,376.49,CANCELLED
ORD-1786976311045-151270F5,CUST-00686,2026-07-14T22:37:46.068Z,144.66,COMPLETED
ORD-1786976311045-6BD65C28,CUST-00611,2025-09-07T12:22:14.163Z,387.12,SHIPPED
ORD-1786976311045-27DD23A8,CUST-00126,2026-03-04T09:10:29.756Z,277.77,SHIPPED
ORD-1786976311045-53BA512A,CUST-00725,2025-04-19T03:47:59.919Z,332.84,CANCELLED
ORD-1786976311045-669FFDF8,CUST-00295,2025-06-08T18:08:15.291Z,225.83,DELIVERED
ORD-1786976311045-8E989D8C,CUST-00337,2025-04-29T08:50:52.764Z,437.91,PENDING
ORD-1786976311045-8B7C4CDE,CUST-00546,2025-06-17T09:41:17.945Z,204.76,SHIPPED
ORD-1786976311045-189E29C6,CUST-00713,2025-12-14T08:06:11.464Z,427.27,PENDING
ORD-1786976311045-036426A1,CUST-00962,2025-09-24T21:36:41.171Z,255.58,PROCESSING
ORD-1786976311045-6AB346CF,CUST-00682,2025-05-19T16:55:57.738Z,71.47,COMPLETED
ORD-1786976311045-82A65893,CUST-00873,2025-07-31T12:11:11.753Z,284.26,CANCELLED
ORD-1786976311045-C1E4635B,CUST-00045,2025-06-12T04:31:13.688Z,492.77,COMPLETED
ORD-1786976311045-CF8227C2,CUST-00266,2025-10-07T18:48:13.184Z,188.46,COMPLETED
ORD-1786976311045-7A876225,CUST-00161,2026-01-29T02:51:47.445Z,315.81,CANCELLED
ORD-1786976311045-E2C8CB25,CUST-00619,2025-09-27T00:36:03.571Z,100.51,DELIVERED
ORD-1786976311045-597A6993,CUST-00563,2025-07-31T23:06:10.809Z,140.47,CANCELLED
ORD-1786976311045-9EF14703,CUST-00750,2025-05-28T17:48:08.541Z,322.78,COMPLETED
ORD-1786976311045-079A23DF,CUST-00167,2026-02-28T22:26:49.800Z,200.93,CANCELLED
ORD-1786976311045-66E0757B,CUST-00007,2026-05-10T20:17:23.918Z,475.49,DELIVERED
ORD-1786976311045-599FD5C4,CUST-00263,2025-07-28T09:20:43.393Z,146.19,CANCELLED
ORD-1786976311045-F5088E7B,CUST-00008,2025-09-14T21:14:31.599Z,354.23,DELIVERED
ORD-1786976311045-B3E8F626,CUST-00571,2026-05-09T12:11:48.416Z,383.00,SHIPPED
ORD-1786976311045-E3A87844,CUST-00226,2025-05-01T12:11:39.114Z,316.55,CANCELLED
ORD-1786976311045-72FAAB85,CUST-00030,2025-11-01T11:51:33.387Z,470.53,COMPLETED
ORD-1786976311045-89CAC403,CUST-00918,2025-02-12T18:21:52.110Z,414.38,PROCESSING
ORD-1786976311045-C2F6C9AE,CUST-00562,2026-02-02T09:36:44.392Z,26.11,CANCELLED
ORD-1786976311045-2EDF4074,CUST-00951,2025-12-04T16:47:11.030Z,467.93,CANCELLED
ORD-1786976311045-0845DBEB,CUST-00816,2025-09-23T16:19:22.944Z,501.39,PROCESSING
ORD-1786976311045-944B37D8,CUST-00379,2026-05-05T19:49:46.498Z,135.46,DELIVERED
ORD-1786976311045-F0E30015,CUST-00527,2026-01-25T17:31:55.993Z,56.94,PROCESSING
ORD-1786976311045-B6C73144,CUST-00262,2026-02-05T13:39:51.277Z,452.17,COMPLETED
ORD-1786976311045-00E6D160,CUST-00952,2025-02-09T19:36:31.354Z,19.98,SHIPPED
ORD-1786976311045-BC48C8CF,CUST-00528,2025-11-07T07:32:26.094Z,316.87,PENDING
ORD-1786976311045-0F9C3268,CUST-00797,2025-06-13T00:51:21.291Z,111.57,DELIVERED
ORD-1786976311045-DAA0EEFB,CUST-00856,2025-05-26T15:55:19.253Z,163.23,COMPLETED
ORD-1786976311045-9E50BB5A,CUST-00413,2026-06-17T19:10:16.478Z,383.10,SHIPPED
ORD-1786976311045-9929ED18,CUST-00189,2025-10-16T21:56:41.649Z,490.14,SHIPPED
ORD-1786976311045-51229E05,CUST-00794,2025-08-01T13:31:51.651Z,469.74,CANCELLED
ORD-1786976311045-6B4E6FCF,CUST-00502,2025-07-10T14:10:16.977Z,77.23,PROCESSING
ORD-1786976311045-468E65D1,CUST-00288,2025-02-13T16:59:34.598Z,200.41,PROCESSING
ORD-1786976311045-7FB73742,CUST-00119,2025-11-01T11:22:53.120Z,304.70,DELIVERED
ORD-1786976311045-6DA277DB,CUST-00333,2025-07-22T14:15:35.842Z,223.01,SHIPPED
ORD-1786976311045-CECC0784,CUST-00195,2026-04-24T05:02:34.718Z,388.33,COMPLETED
ORD-1786976311045-69609F86,CUST-00035,2025-06-08T22:04:23.011Z,463.65,DELIVERED
ORD-1786976311045-C0037DE3,CUST-00896,2025-04-18T12:06:37.956Z,397.23,PENDING
ORD-1786976311045-E955FF84,CUST-00391,2025-04-05T06:16:33.246Z,88.12,SHIPPED
ORD-1786976311045-0752F087,CUST-00704,2025-04-27T07:41:23.980Z,202.71,COMPLETED
ORD-1786976311045-9599C243,CUST-00001,2026-06-08T04:05:21.057Z,168.20,CANCELLED
ORD-1786976311045-84836E6C,CUST-00138,2025-01-15T19:46:57.007Z,411.47,SHIPPED
ORD-1786976311045-06ADDD2B,CUST-00227,2026-06-27T10:07:59.483Z,71.64,PROCESSING
ORD-1786976311045-75255414,CUST-00358,2025-02-18T08:52:27.983Z,215.10,DELIVERED
ORD-1786976311045-233C6C86,CUST-00353,2025-11-24T21:45:34.365Z,494.50,CANCELLED
ORD-1786976311045-51C3D9E5,CUST-00528,2026-01-10T00:50:54.858Z,308.51,PENDING
ORD-1786976311045-2EED98D8,CUST-00695,2026-07-05T19:29:14.478Z,423.07,CANCELLED
ORD-1786976311045-FAEE1282,CUST-00183,2025-12-12T18:56:52.715Z,316.27,SHIPPED
ORD-1786976311045-4BAC5ABD,CUST-00723,2026-03-14T08:27:36.391Z,275.58,PENDING
ORD-INV-5800,CUST-002,2026-05-10T10:00:00Z,-50.00,COMPLETED
ORD-1786976311045-AA25DA9C,CUST-00376,2025-08-04T05:23:24.591Z,256.45,CANCELLED
ORD-1786976311045-BBA39AB7,CUST-00038,2025-03-02T04:21:59.273Z,412.09,PENDING
ORD-1786976311045-908EF9EE,CUST-00523,2026-03-03T03:14:27.518Z,438.74,COMPLETED
ORD-1786976311045-755BF861,CUST-00249,2026-07-08T17:57:41.341Z,194.54,CANCELLED
ORD-1786976311045-9F1B7C7C,CUST-00207,2025-03-20T00:28:46.583Z,81.51,CANCELLED
ORD-1786976311045-CF713A50,CUST-00672,2025-08-14T20:10:06.374Z,64.72,PROCESSING
ORD-1786976311045-6E94A3C4,CUST-00332,2026-01-07T16:35:26.407Z,308.25,SHIPPED
ORD-1786976311045-D1420B65,CUST-00288,2026-05-29T07:59:14.765Z,119.82,COMPLETED
ORD-1786976311045-A10C6694,CUST-00589,2026-06-29T09:45:44.776Z,450.48,DELIVERED
ORD-1786976311045-1A8EA262,CUST-00531,2026-03-05T22:47:33.281Z,309.59,SHIPPED
ORD-1786976311045-D84317D2,CUST-00289,2025-08-04T08:52:38.327Z,172.58,COMPLETED
ORD-1786976311045-8E79C042,CUST-00929,2025-09-27T08:52:42.212Z,215.76,PROCESSING
ORD-1786976311045-7CE7E7D8,CUST-00028,2025-02-13T11:03:12.369Z,320.66,COMPLETED
ORD-1786976311045-7F45E722,CUST-00702,2025-11-05T19:46:35.046Z,91.97,SHIPPED
ORD-1786976311045-93F38BE7,CUST-00198,2025-03-13T09:32:46.674Z,262.86,PENDING
ORD-1786976311045-4E5719E3,CUST-00790,2026-02-20T07:02:25.070Z,135.42,DELIVERED
ORD-1786976311045-E1FA95D2,CUST-00024,2026-02-09T09:33:46.058Z,179.07,DELIVERED
ORD-1786976311045-B139941B,CUST-00303,2025-05-01T21:56:51.210Z,418.56,DELIVERED
ORD-1786976311045-BD32CA71,CUST-00303,2025-06-07T16:49:04.342Z,145.18,SHIPPED
ORD-1786976311045-1A417EFF,CUST-00071,2025-11-17T17:37:00.530Z,69.76,SHIPPED
ORD-1786976311045-4827D656,CUST-00602,2025-05-29T20:29:06.488Z,267.34,DELIVERED
ORD-1786976311045-3792FC8A,CUST-00103,2025-10-23T11:38:03.396Z,435.95,COMPLETED
ORD-1786976311045-8BE421D9,CUST-00358,2026-07-15T09:40:37.264Z,468.69,CANCELLED
ORD-1786976311045-08BC8F6C,CUST-00308,2025-10-21T01:12:11.264Z,200.67,PENDING
ORD-1786976311045-A999C80F,CUST-00886,2026-02-08T22:26:07.862Z,171.58,DELIVERED
ORD-1786976311045-BDFCD47B,CUST-00188,2025-12-08T02:46:14.529Z,52.48,PROCESSING
ORD-1786976311045-08933861,CUST-00278,2025-08-22T19:30:33.683Z,165.96,DELIVERED
ORD-1786976311045-F3325CCA,CUST-00795,2025-01-12T17:52:04.306Z,94.82,COMPLETED
ORD-1786976311046-A263AC5D,CUST-00561,2026-03-17T06:07:44.021Z,434.05,PROCESSING
ORD-1786976311046-E6D3343B,CUST-00778,2026-04-13T23:51:31.084Z,211.82,PENDING
ORD-1786976311046-3602D44B,CUST-00384,2026-07-11T02:16:45.206Z,93.93,SHIPPED
ORD-1786976311046-7802233E,CUST-00782,2025-03-19T07:38:38.252Z,129.87,COMPLETED
ORD-1786976311046-7F0670EC,CUST-00549,2026-04-02T21:08:24.217Z,173.67,DELIVERED
ORD-1786976311046-0AABE0C1,CUST-00713,2026-07-06T12:42:35.654Z,303.74,CANCELLED
ORD-1786976311046-373B1BEE,CUST-00462,2025-05-24T19:59:33.478Z,220.78,PROCESSING
ORD-1786976311046-39A01CDA,CUST-00271,2025-05-07T11:42:17.120Z,418.87,PROCESSING
ORD-1786976311046-3B891410,CUST-00329,2026-01-25T21:00:46.243Z,65.14,DELIVERED
ORD-1786976311046-B84892A4,CUST-00674,2025-03-02T02:35:44.620Z,500.89,PROCESSING
ORD-1786976311046-9F3C4423,CUST-00461,2026-04-04T09:37:03.741Z,125.25,PROCESSING
ORD-1786976311046-DB116321,CUST-00481,2026-03-04T00:43:33.448Z,390.27,DELIVERED
ORD-1786976311046-EF8DEC88,CUST-00788,2026-04-13T02:23:52.361Z,235.09,CANCELLED
ORD-1786976311046-5F088364,CUST-00357,2026-03-30T03:04:58.424Z,84.20,CANCELLED
ORD-1786976311046-2973B085,CUST-00536,2026-04-27T08:12:22.509Z,206.30,CANCELLED
ORD-1786976311046-17116F70,CUST-00476,2025-09-08T12:07:12.432Z,265.65,PROCESSING
ORD-1786976311046-F251B6C2,CUST-00359,2025-04-10T23:38:25.225Z,451.17,COMPLETED
ORD-1786976311046-28783470,CUST-00272,2026-08-01T03:25:05.013Z,467.65,CANCELLED
ORD-1786976311046-0D6A6762,CUST-00070,2026-04-25T04:49:11.796Z,344.04,SHIPPED
ORD-1786976311046-B07DC1FB,CUST-00545,2026-04-29T22:31:25.119Z,146.71,COMPLETED
ORD-1786976311046-510567BF,CUST-00912,2025-10-23T12:34:55.439Z,210.42,DELIVERED
ORD-1786976311046-5F3D177B,CUST-00126,2026-07-19T23:22:03.818Z,415.73,PENDING
ORD-1786976311046-4CE10B68,CUST-00065,2026-06-17T00:35:40.711Z,339.11,PROCESSING
ORD-1786976311046-F0B4A21E,CUST-00726,2025-06-26T22:47:51.798Z,345.79,COMPLETED
ORD-1786976311046-1ED39849,CUST-00719,2025-03-03T11:32:07.946Z,376.66,PENDING
ORD-1786976311046-B6F7DA68,CUST-00532,2026-02-02T18:52:06.842Z,271.18,DELIVERED
ORD-1786976311046-EFE359B0,CUST-00248,2025-04-07T02:13:19.973Z,409.61,COMPLETED
ORD-1786976311046-F590FDA1,CUST-00881,2025-05-25T07:17:34.355Z,211.63,COMPLETED
ORD-1786976311046-EE303EBD,CUST-00736,2025-02-01T22:19:12.365Z,316.31,PROCESSING
ORD-1786976311046-AD94B19F,CUST-00689,2025-01-24T00:57:07.881Z,144.17,CANCELLED
ORD-1786976311046-39FB866A,CUST-00725,2026-01-12T07:34:53.482Z,70.71,PROCESSING
ORD-1786976311046-BF206107,CUST-00528,2025-01-26T09:01:05.169Z,334.92,PROCESSING
ORD-1786976311046-085A18BA,CUST-00299,2026-08-05T13:03:40.223Z,441.02,COMPLETED
ORD-1786976311046-55BE8752,CUST-00885,2025-01-16T17:27:46.663Z,423.26,PENDING
ORD-1786976311046-4067C594,CUST-00879,2026-04-07T09:44:46.888Z,310.29,PENDING
ORD-1786976311046-F0E6A869,CUST-00418,2025-01-10T22:45:14.935Z,213.21,SHIPPED
ORD-1786976311046-339292DC,CUST-00772,2025-11-20T18:42:42.298Z,125.26,CANCELLED
ORD-1786976311046-C7E01643,CUST-00384,2026-07-05T07:56:42.481Z,137.68,CANCELLED
ORD-1786976311046-20BB4FAF,CUST-00314,2025-07-11T17:21:29.843Z,88.11,PROCESSING
ORD-1786976311046-71045E78,CUST-00011,2025-08-11T22:34:27.861Z,284.76,COMPLETED
ORD-1786976311046-3250FB4D,CUST-00736,2025-09-20T05:21:30.080Z,337.43,PENDING
ORD-1786976311046-BDD0A265,CUST-00970,2026-08-05T21:36:10.317Z,366.20,CANCELLED
ORD-1786976311046-6EAED34B,CUST-00426,2026-03-13T21:12:32.950Z,508.86,COMPLETED
ORD-1786976311046-7AB4426C,CUST-00252,2025-02-03T10:20:08.155Z,200.42,SHIPPED
ORD-1786976311046-FCE2F5A4,CUST-00870,2026-05-26T04:32:30.909Z,443.30,COMPLETED
ORD-1786976311046-EE7CDA6C,CUST-00879,2025-01-09T10:39:48.009Z,339.39,COMPLETED
ORD-1786976311046-4AFA0ACB,CUST-00979,2025-12-02T20:56:25.435Z,251.85,PROCESSING
ORD-1786976311046-33DF9057,CUST-00151,2026-05-18T00:34:48.746Z,315.80,PROCESSING
ORD-1786976311046-571AD5AE,CUST-00346,2025-04-07T13:34:58.105Z,346.56,SHIPPED
ORD-1786976311046-9AB59E1A,CUST-00030,2025-10-03T03:24:52.792Z,197.39,COMPLETED
ORD-1786976311046-FF320326,CUST-00256,2025-05-04T06:28:50.777Z,92.04,CANCELLED
ORD-1786976311046-1C55B6FE,CUST-00661,2026-03-26T11:46:42.380Z,235.07,COMPLETED
ORD-1786976311046-E96F5C31,CUST-00847,2025-11-11T11:49:23.880Z,118.07,PENDING
ORD-1786976311046-DE971193,CUST-00288,2025-11-23T00:43:39.326Z,332.70,DELIVERED
ORD-1786976311046-FC91A47C,CUST-00073,2025-11-11T11:58:11.827Z,330.27,SHIPPED
ORD-1786976311046-56B72334,CUST-00135,2025-06-08T23:26:09.443Z,28.55,COMPLETED
ORD-1786976311046-22CC9347,CUST-00200,2026-05-01T21:42:05.565Z,423.62,COMPLETED
ORD-1786976311046-25DAAF02,CUST-00728,2026-04-19T02:26:18.062Z,293.98,DELIVERED
ORD-1786976311046-1557B256,CUST-00132,2025-08-11T03:17:57.346Z,284.00,PENDING
ORD-1786976311046-C98ECDA2,CUST-00685,2025-01-07T05:09:38.029Z,219.22,SHIPPED
ORD-1786976311046-59329A4F,CUST-00529,2025-02-11T11:58:53.780Z,345.58,PENDING
ORD-1786976311046-218463BB,CUST-00909,2025-02-04T10:36:34.287Z,191.38,COMPLETED
ORD-1786976311046-0717ECDA,CUST-00542,2025-05-19T23:22:26.304Z,462.97,PROCESSING
ORD-1786976311046-152D22E9,CUST-00574,2025-05-01T11:38:52.841Z,416.61,PENDING
ORD-1786976311046-FA676DC8,CUST-00944,2025-03-15T09:57:29.847Z,403.03,SHIPPED
ORD-1786976311046-0283DF17,CUST-00645,2026-04-06T09:54:35.646Z,14.68,PENDING
ORD-1786976311046-9BAE1234,CUST-00247,2025-11-17T01:39:34.362Z,465.86,SHIPPED
ORD-1786976311046-688ADC02,CUST-00832,2026-07-02T01:18:12.646Z,266.57,PROCESSING
ORD-1786976311046-63B6D2EE,CUST-00435,2025-03-15T04:59:55.580Z,294.34,PENDING
ORD-1786976311046-C8C2F20D,CUST-00311,2025-06-03T14:17:16.159Z,362.29,PENDING
ORD-1786976311046-5C7753AC,CUST-00436,2026-02-24T13:02:59.460Z,58.96,DELIVERED
ORD-INV-5900,,2026-05-10T10:00:00Z,120.00,PENDING
ORD-1786976311046-A6FAA392,CUST-00921,2026-07-01T00:30:15.257Z,205.53,SHIPPED
ORD-1786976311046-2397D39F,CUST-00681,2025-02-11T01:46:43.875Z,56.44,DELIVERED
ORD-1786976311046-6F05B4F0,CUST-00214,2026-04-10T16:55:34.009Z,231.61,DELIVERED
ORD-1786976311046-D6AA7BB1,CUST-00874,2026-03-22T02:31:36.876Z,468.09,COMPLETED
ORD-1786976311046-F633676D,CUST-00692,2025-08-01T21:03:24.298Z,454.65,SHIPPED
ORD-1786976311046-0F110FF7,CUST-00102,2025-01-23T18:52:07.290Z,167.19,PROCESSING
ORD-1786976311046-4F09BD8D,CUST-00626,2026-03-24T10:29:20.281Z,194.37,PENDING
ORD-1786976311046-32F48055,CUST-00576,2025-08-08T20:56:22.189Z,204.71,CANCELLED
ORD-1786976311046-368EDAF8,CUST-00743,2026-02-10T16:49:57.895Z,351.74,DELIVERED
ORD-1786976311046-366BC9F5,CUST-00430,2025-11-23T07:50:06.084Z,146.36,DELIVERED
ORD-1786976311046-0AAC2B53,CUST-00596,2026-03-06T08:57:29.559Z,157.95,PENDING
ORD-1786976311046-52A47E8E,CUST-00465,2025-12-18T17:15:51.312Z,148.65,CANCELLED
ORD-1786976311046-2B81EF9F,CUST-00505,2025-06-20T10:40:44.121Z,249.21,PENDING
ORD-1786976311046-C915FD35,CUST-00851,2025-05-22T20:26:01.921Z,262.03,PENDING
ORD-1786976311046-5F6E6CCC,CUST-00134,2025-10-08T22:04:03.229Z,252.18,SHIPPED
ORD-1786976311046-ADDE8DAD,CUST-00855,2025-04-29T18:34:05.089Z,323.92,COMPLETED
ORD-1786976311046-845A61D7,CUST-00104,2025-01-07T00:40:33.832Z,185.06,COMPLETED
ORD-1786976311046-A9A57004,CUST-00804,2025-09-09T22:15:33.486Z,80.50,SHIPPED
ORD-1786976311046-5C88E0EC,CUST-00175,2025-09-29T07:33:49.309Z,487.21,PENDING
ORD-1786976311046-309506A8,CUST-00618,2025-12-06T22:38:04.999Z,397.40,DELIVERED
ORD-1786976311046-CED807D0,CUST-00600,2025-05-20T23:04:48.580Z,32.89,COMPLETED
ORD-1786976311046-16B6CDA2,CUST-00732,2025-08-11T08:10:26.271Z,437.42,SHIPPED
ORD-1786976311046-8325B113,CUST-00542,2025-12-25T00:49:37.625Z,242.02,PROCESSING
ORD-1786976311046-FD399F5D,CUST-00791,2025-04-17T10:02:57.383Z,139.16,PENDING
ORD-1786976311046-F5ABADBB,CUST-00521,2025-05-20T09:04:01.634Z,441.64,PROCESSING
ORD-1786976311046-C7E8F127,CUST-00399,2026-03-08T23:32:53.918Z,430.20,PENDING
ORD-1786976311046-0A683ABE,CUST-00514,2026-03-01T06:42:58.905Z,307.02,SHIPPED
ORD-1786976311046-7BB72E4B,CUST-00075,2025-12-08T19:01:40.946Z,210.89,SHIPPED
ORD-1786976311046-EBAD3275,CUST-00746,2025-01-01T06:51:10.194Z,208.42,CANCELLED
ORD-1786976311046-93D4C92C,CUST-00891,2025-11-09T07:01:51.330Z,215.57,CANCELLED
ORD-1786976311046-08F9B54D,CUST-00340,2025-10-23T10:33:01.243Z,32.99,PROCESSING
ORD-1786976311046-B20E64F4,CUST-00085,2026-03-09T14:10:29.020Z,311.39,CANCELLED
ORD-1786976311046-F6AC7A1F,CUST-00073,2025-02-12T23:42:38.760Z,452.94,PROCESSING
ORD-1786976311046-099852B9,CUST-00767,2026-05-30T22:43:47.693Z,146.98,DELIVERED
ORD-1786976311046-3075D44F,CUST-00018,2026-07-15T16:05:17.613Z,349.16,CANCELLED
ORD-1786976311046-9DA84DCB,CUST-00465,2025-12-01T14:21:34.320Z,340.56,COMPLETED
ORD-1786976311046-5F4CF7C2,CUST-00137,2026-05-07T11:00:44.941Z,194.23,DELIVERED
ORD-1786976311046-C5D8F494,CUST-00051,2025-03-01T21:22:41.944Z,217.60,PENDING
ORD-1786976311046-D2E71650,CUST-00216,2025-11-29T13:46:15.648Z,327.11,DELIVERED
ORD-1786976311046-D9951EEC,CUST-00846,2025-04-15T23:00:41.598Z,493.99,COMPLETED
ORD-1786976311046-A2500E3E,CUST-00438,2025-01-16T13:23:56.763Z,405.53,COMPLETED
ORD-1786976311046-CA1B738C,CUST-00952,2026-03-06T03:27:21.392Z,350.32,PENDING
ORD-1786976311046-3054F841,CUST-00818,2025-01-28T03:13:03.437Z,73.32,DELIVERED
ORD-1786976311046-6CDD73A0,CUST-00986,2025-05-17T09:05:21.848Z,328.53,DELIVERED
ORD-1786976311046-2863CE1F,CUST-00480,2026-05-22T23:54:59.206Z,431.71,CANCELLED
ORD-1786976311046-3C2D51AE,CUST-00291,2025-12-04T07:50:47.787Z,350.96,COMPLETED
ORD-1786976311046-20CF5B6F,CUST-00601,2025-04-01T10:52:50.491Z,370.10,DELIVERED
ORD-1786976311046-FAFFBBE8,CUST-00863,2025-05-09T23:28:53.662Z,72.87,COMPLETED
ORD-1786976311046-0B654B63,CUST-00758,2026-08-03T00:07:37.296Z,454.40,CANCELLED
ORD-1786976311046-2F92EC5D,CUST-00875,2026-08-03T01:16:34.248Z,492.53,SHIPPED
ORD-1786976311046-6AE53E2C,CUST-00162,2025-01-23T02:11:10.480Z,401.32,CANCELLED
ORD-1786976311046-AAAFB41B,CUST-00632,2026-05-06T09:46:11.434Z,289.57,SHIPPED
ORD-1786976311046-53E36864,CUST-00416,2025-04-01T23:35:46.857Z,200.65,PENDING
ORD-1786976311046-F89F7496,CUST-00922,2025-12-27T14:58:54.620Z,318.03,SHIPPED
ORD-1786976311046-E4AFA555,CUST-00834,2026-01-06T10:18:32.530Z,37.71,PROCESSING
ORD-1786976311046-41872CA5,CUST-00591,2025-04-05T06:28:13.714Z,501.19,CANCELLED
ORD-1786976311046-7411F317,CUST-00855,2025-05-21T18:40:58.676Z,149.92,CANCELLED
ORD-1786976311046-188E0053,CUST-00625,2025-06-09T15:41:50.856Z,340.08,PROCESSING
ORD-1786976311046-69DA4BC5,CUST-00782,2025-02-06T15:20:09.853Z,120.97,SHIPPED
ORD-1786976311046-DB6CD937,CUST-00523,2025-06-23T22:54:28.949Z,134.26,DELIVERED
ORD-1786976311046-15066FC0,CUST-00348,2025-12-22T00:26:14.600Z,399.70,CANCELLED
ORD-1786976311046-4B6E0A49,CUST-00352,2025-02-16T10:08:08.411Z,64.83,PENDING
ORD-1786976311046-91D7BFC0,CUST-00924,2026-02-11T04:25:17.694Z,216.96,DELIVERED
ORD-1786976311046-DAB11463,CUST-00319,2025-11-01T17:23:55.588Z,225.71,DELIVERED
ORD-1786976311046-45B278E7,CUST-00503,2025-03-03T17:38:57.723Z,346.10,PENDING
ORD-1786976311046-92814F95,CUST-00866,2025-11-26T13:22:53.710Z,376.86,CANCELLED
ORD-1786976311046-49F6471E,CUST-00021,2025-08-22T09:53:28.959Z,55.83,PROCESSING
ORD-1786976311046-A3B0D1A4,CUST-00595,2025-11-05T09:45:21.791Z,106.13,COMPLETED
ORD-1786976311046-ABEEBA68,CUST-00863,2026-01-13T02:01:53.930Z,317.25,PROCESSING
ORD-1786976311046-405133DA,CUST-00636,2025-06-17T13:21:03.833Z,488.07,PENDING
ORD-1786976311046-1CACA12D,CUST-00570,2025-04-14T05:34:51.715Z,112.72,PROCESSING
ORD-1786976311046-6DEC1872,CUST-00996,2026-02-12T13:48:47.650Z,126.92,DELIVERED
ORD-1786976311046-286D057F,CUST-01000,2025-04-28T20:07:42.334Z,73.55,SHIPPED
ORD-1786976311046-8827627F,CUST-00797,2025-05-10T11:56:13.170Z,191.81,PENDING
ORD-1786976311046-780797CE,CUST-00064,2025-06-30T22:31:34.584Z,397.58,DELIVERED
ORD-1786976311046-32F94487,CUST-00270,2025-08-14T07:27:39.036Z,40.48,COMPLETED
ORD-1786976311046-5E2356FF,CUST-00579,2025-12-29T14:39:13.805Z,395.66,PENDING
ORD-1786976311046-A45DED2E,CUST-00654,2026-06-10T08:01:37.099Z,469.81,PENDING
ORD-1786976311046-CFDACFD1,CUST-00318,2026-07-06T02:34:58.094Z,295.25,DELIVERED
ORD-1786976311046-E9196CE3,CUST-00097,2026-05-23T06:29:58.577Z,26.67,COMPLETED
ORD-1786976311046-29C5CFF5,CUST-00642,2026-06-13T05:00:36.994Z,442.34,DELIVERED
ORD-1786976311046-312436FB,CUST-00755,2026-03-11T06:00:48.681Z,253.43,CANCELLED
ORD-1786976311046-C0628FFC,CUST-00774,2025-10-28T03:15:18.808Z,59.62,PROCESSING
ORD-1786976311046-D88C414B,CUST-00859,2026-06-22T17:34:09.098Z,288.29,COMPLETED
ORD-1786976311046-5E466E97,CUST-00553,2026-01-16T03:50:45.783Z,423.56,CANCELLED
ORD-1786976311046-D4BED695,CUST-00151,2026-03-16T21:05:50.599Z,73.02,SHIPPED
ORD-1786976311046-A11FD35A,CUST-00150,2025-07-15T07:31:41.083Z,227.69,PENDING
ORD-1786976311046-481CF8B1,CUST-00781,2025-04-21T12:54:19.996Z,400.21,CANCELLED
ORD-1786976311046-5E64A71D,CUST-00615,2026-03-03T14:50:19.322Z,496.30,SHIPPED
ORD-1786976311046-8C6BC7D6,CUST-00979,2026-01-21T22:02:50.527Z,435.65,CANCELLED
ORD-1786976311046-71187419,CUST-00337,2025-02-23T23:42:51.840Z,487.56,CANCELLED
ORD-1786976311046-06B73911,CUST-00048,2026-05-24T19:51:57.349Z,398.82,SHIPPED
ORD-1786976311046-BDEA3505,CUST-00660,2026-06-03T22:24:29.492Z,412.07,CANCELLED
ORD-1786976311046-35B999BC,CUST-00348,2025-07-05T16:14:01.941Z,315.57,CANCELLED
ORD-1786976311046-F44A8180,CUST-00122,2026-06-21T15:22:19.058Z,502.89,PROCESSING
ORD-1786976311046-023A22B0,CUST-00950,2025-04-03T03:23:48.878Z,143.06,SHIPPED
ORD-1786976311046-9BBA70F6,CUST-00076,2026-01-20T00:48:58.335Z,71.34,COMPLETED
ORD-1786976311046-E6F6620D,CUST-00043,2025-11-02T06:25:03.663Z,177.48,PENDING
ORD-1786976311046-EB37BBB4,CUST-00816,2025-03-22T01:19:20.477Z,324.40,PROCESSING
ORD-INV-6000,CUST-001,INVALID_DATE_FORMAT,99.99,PENDING
ORD-1786976311046-673F260F,CUST-00683,2025-06-20T14:53:00.308Z,283.16,COMPLETED
ORD-1786976311046-68F6DF9A,CUST-00184,2026-05-10T02:14:02.194Z,238.56,SHIPPED
ORD-1786976311046-7F825797,CUST-00080,2026-01-04T12:24:54.650Z,40.53,DELIVERED
ORD-1786976311046-523D5683,CUST-00256,2025-07-23T16:58:00.690Z,186.54,SHIPPED
ORD-1786976311046-5723A60E,CUST-00370,2026-05-30T20:26:39.306Z,331.97,COMPLETED
ORD-1786976311046-FE5867BE,CUST-00435,2025-03-24T14:15:11.313Z,54.27,COMPLETED
ORD-1786976311046-9A6AB0FD,CUST-00036,2025-04-24T12:17:34.769Z,188.90,CANCELLED
ORD-1786976311046-383BC616,CUST-00602,2026-04-04T05:38:29.503Z,228.60,CANCELLED
ORD-1786976311046-F2EB2F64,CUST-00336,2026-07-27T19:17:08.091Z,348.19,SHIPPED
ORD-1786976311046-651ECA4D,CUST-00345,2025-09-11T11:09:22.579Z,46.78,CANCELLED
ORD-1786976311046-72437923,CUST-00308,2025-04-21T05:03:10.417Z,214.93,PENDING
ORD-1786976311046-97502299,CUST-00847,2025-09-05T05:51:37.353Z,53.16,DELIVERED
ORD-1786976311046-8C2F241D,CUST-00555,2025-11-18T06:41:12.539Z,209.40,DELIVERED
ORD-1786976311046-E4AF6AC3,CUST-00143,2025-11-07T20:06:49.614Z,465.86,PENDING
ORD-1786976311046-4662F816,CUST-00616,2026-03-17T13:03:45.352Z,452.50,SHIPPED
ORD-1786976311046-11BC5D99,CUST-00313,2025-12-25T22:53:06.647Z,18.67,DELIVERED
ORD-1786976311047-A5865424,CUST-00238,2026-07-20T05:48:23.609Z,409.85,PROCESSING
ORD-1786976311047-BB3DAAB0,CUST-00823,2025-03-21T09:15:34.157Z,377.22,PROCESSING
ORD-1786976311047-2BDF86B2,CUST-00439,2025-08-26T08:19:47.753Z,411.11,CANCELLED
ORD-1786976311047-AFDE2B4E,CUST-00925,2026-08-06T21:53:41.968Z,417.84,DELIVERED
ORD-1786976311047-59C9870A,CUST-00102,2025-07-18T01:17:30.306Z,373.92,CANCELLED
ORD-1786976311047-06ED8AB8,CUST-00640,2026-04-16T07:52:17.805Z,395.56,SHIPPED
ORD-1786976311047-17000C15,CUST-00865,2026-01-16T17:03:36.957Z,176.73,CANCELLED
ORD-1786976311047-83C5A84A,CUST-00161,2025-12-21T03:03:30.380Z,97.37,DELIVERED
ORD-1786976311047-40F27B7B,CUST-00324,2025-03-24T02:10:04.743Z,317.66,PENDING
ORD-1786976311047-417C723D,CUST-00259,2025-06-01T15:57:47.140Z,219.68,PROCESSING
ORD-1786976311047-F441BE5D,CUST-00919,2025-03-16T08:45:12.994Z,63.32,COMPLETED
ORD-1786976311047-0A1D3513,CUST-00570,2026-07-22T05:42:19.535Z,491.69,PENDING
ORD-1786976311047-C741B83C,CUST-00737,2025-09-01T03:12:07.778Z,415.44,PENDING
ORD-1786976311047-368139F6,CUST-00920,2026-04-11T02:55:20.711Z,378.87,SHIPPED
ORD-1786976311047-AD8D2D81,CUST-00438,2025-04-12T03:42:53.822Z,119.85,COMPLETED
ORD-1786976311047-D4D7A571,CUST-00300,2026-01-08T21:29:56.519Z,390.86,COMPLETED
ORD-1786976311047-D841F13C,CUST-00388,2026-02-03T11:31:53.858Z,328.47,PENDING
ORD-1786976311047-41C29E65,CUST-00895,2025-01-07T08:45:27.405Z,391.66,COMPLETED
ORD-1786976311047-36C5EBA8,CUST-00515,2025-11-28T17:33:34.380Z,157.33,PENDING
ORD-1786976311047-91143E12,CUST-00789,2026-03-23T10:46:13.967Z,346.83,DELIVERED
ORD-1786976311047-80C85206,CUST-00753,2025-07-01T08:35:12.386Z,324.39,SHIPPED
ORD-1786976311047-F5730673,CUST-00693,2025-10-12T14:24:38.577Z,108.03,PENDING
ORD-1786976311047-DDDCA01C,CUST-00254,2025-05-23T05:10:54.170Z,23.27,PENDING
ORD-1786976311047-0638C2D6,CUST-00988,2026-03-01T01:39:03.525Z,209.88,DELIVERED
ORD-1786976311047-32C0CA9B,CUST-00568,2026-05-17T04:33:58.792Z,450.43,SHIPPED
ORD-1786976311047-7910681B,CUST-00179,2025-09-05T14:03:55.470Z,282.66,COMPLETED
ORD-1786976311047-1F577226,CUST-00361,2025-11-09T19:20:53.925Z,297.73,PROCESSING
ORD-1786976311047-B9C99998,CUST-00405,2026-06-22T03:18:46.399Z,51.11,DELIVERED
ORD-1786976311047-2EEB406F,CUST-00134,2026-02-22T09:42:06.106Z,319.68,PENDING
ORD-1786976311047-4C9A60F5,CUST-00774,2025-04-08T01:19:40.997Z,464.49,DELIVERED
ORD-1786976311047-5138CDC6,CUST-00110,2025-03-21T12:29:14.003Z,164.41,PENDING
ORD-1786976311047-05524AD9,CUST-00942,2025-10-25T01:05:59.921Z,388.44,PENDING
ORD-1786976311047-E39F2238,CUST-00819,2026-04-15T18:34:24.527Z,430.84,COMPLETED
ORD-1786976311047-26DCEFA7,CUST-00043,2025-09-27T07:22:44.942Z,79.12,COMPLETED
ORD-1786976311047-165DAAF6,CUST-00539,2025-04-29T11:39:22.953Z,489.70,COMPLETED
ORD-1786976311047-F74115D2,CUST-00365,2025-05-14T02:40:45.431Z,368.61,SHIPPED
ORD-1786976311047-5B2A3791,CUST-00207,2026-01-13T12:46:41.122Z,440.45,COMPLETED
ORD-1786976311047-3DE3F365,CUST-00590,2025-11-22T17:07:58.619Z,207.03,DELIVERED
ORD-1786976311047-4E56C354,CUST-01000,2025-01-21T08:06:26.872Z,26.81,PROCESSING
ORD-1786976311047-82A7EE68,CUST-00344,2026-03-17T05:22:57.232Z,160.13,PENDING
ORD-1786976311047-EB54307D,CUST-00302,2025-09-15T20:23:55.981Z,390.46,CANCELLED
ORD-1786976311047-4CA33F2B,CUST-00862,2025-03-15T07:16:51.078Z,293.87,COMPLETED
ORD-1786976311047-EA46C7B4,CUST-00390,2026-06-30T05:44:15.348Z,80.68,COMPLETED
ORD-1786976311047-BD55DCAD,CUST-00308,2025-11-10T02:00:15.111Z,301.12,COMPLETED
ORD-1786976311047-8D761EE3,CUST-00395,2025-09-01T22:26:13.727Z,137.51,PENDING
ORD-1786976311047-CE0556B4,CUST-00924,2025-06-27T22:36:40.055Z,358.77,PENDING
ORD-1786976311047-620392F0,CUST-00973,2026-05-09T02:23:48.783Z,328.17,PROCESSING
ORD-1786976311047-380C0372,CUST-00505,2025-10-22T00:29:36.975Z,453.57,DELIVERED
ORD-1786976311047-A37BB76B,CUST-00228,2025-10-28T19:25:03.169Z,325.05,DELIVERED
ORD-1786976311047-60B5ADF7,CUST-00037,2025-02-08T01:06:07.503Z,199.13,DELIVERED
ORD-1786976311047-D18519DC,CUST-00622,2025-07-03T03:00:26.755Z,187.01,CANCELLED
ORD-1786976311047-E06A6B34,CUST-00451,2025-05-22T06:56:56.696Z,69.72,PENDING
ORD-1786976311047-ADD59CD2,CUST-00518,2026-05-12T09:10:35.257Z,40.64,DELIVERED
ORD-1786976311047-308D4E9A,CUST-00391,2025-02-08T19:05:03.422Z,60.56,COMPLETED
ORD-1786976311047-5FF6DFC4,CUST-00460,2025-02-21T01:45:50.831Z,236.64,DELIVERED
ORD-1786976311047-1D87030E,CUST-00521,2025-10-27T10:18:02.633Z,37.68,CANCELLED
ORD-1786976311047-C4C50132,CUST-00334,2025-08-21T22:00:40.126Z,84.08,CANCELLED
ORD-1786976311047-1F30F62E,CUST-00820,2025-04-12T09:22:40.832Z,329.40,COMPLETED
ORD-1786976311047-364BEC0B,CUST-00013,2025-08-29T19:02:02.955Z,468.17,COMPLETED
ORD-1786976311047-0F99EDDB,CUST-00651,2026-06-14T23:28:25.179Z,237.34,PROCESSING
ORD-1786976311047-8443219F,CUST-00552,2025-12-29T18:24:14.807Z,406.49,SHIPPED
ORD-1786976311047-2FB7B06D,CUST-00765,2025-09-25T17:37:17.233Z,425.53,CANCELLED
ORD-1786976311047-09E93D90,CUST-00858,2025-04-26T08:28:11.583Z,292.91,PENDING
ORD-1786976311047-E2E13AB9,CUST-00306,2026-06-18T06:22:52.698Z,161.05,PROCESSING
ORD-1786976311047-FC5966B0,CUST-00729,2025-03-04T16:57:23.403Z,385.04,COMPLETED
ORD-1786976311047-0B7E2D7E,CUST-00241,2025-07-27T20:35:43.680Z,359.19,DELIVERED
ORD-1786976311047-057920BC,CUST-00394,2025-10-25T22:47:55.458Z,330.36,PENDING
ORD-1786976311047-22BAB505,CUST-00684,2026-01-25T09:10:18.676Z,312.90,CANCELLED
ORD-1786976311047-9737CA2F,CUST-00083,2025-11-09T22:31:46.717Z,435.69,PROCESSING
ORD-1786976311047-781993AA,CUST-00722,2025-06-12T03:03:48.096Z,311.53,DELIVERED
ORD-1786976311047-D0ECCBE3,CUST-00056,2026-02-21T02:32:51.993Z,127.13,COMPLETED
ORD-1786976311047-EA3BA8A8,CUST-00494,2026-03-26T22:15:27.841Z,146.66,COMPLETED
ORD-1786976311047-CBF40FE5,CUST-00308,2026-05-07T14:54:54.915Z,41.97,CANCELLED
ORD-1786976311047-F763D2AC,CUST-00420,2025-08-18T08:29:31.497Z,16.37,CANCELLED
ORD-1786976311047-1522C727,CUST-00285,2025-11-05T04:10:31.329Z,87.73,CANCELLED
ORD-1786976311047-407B9EB8,CUST-00209,2026-01-19T06:43:34.617Z,500.07,DELIVERED
ORD-1786976311047-1517EA3F,CUST-00155,2026-02-15T05:42:26.412Z,385.42,PROCESSING
ORD-1786976311047-27485674,CUST-00320,2025-12-30T20:11:22.564Z,461.46,CANCELLED
ORD-1786976311047-D8DC7D09,CUST-00576,2025-06-29T03:38:57.155Z,429.92,CANCELLED
ORD-1786976311047-93DCC90F,CUST-00176,2026-07-29T06:53:19.764Z,392.34,SHIPPED
ORD-1786976311047-FDB51F9F,CUST-00621,2025-10-20T11:05:21.955Z,148.41,CANCELLED
ORD-1786976311047-1AE40BED,CUST-00436,2025-05-12T02:04:16.438Z,396.35,PENDING
ORD-1786976311047-40294052,CUST-00413,2025-03-03T01:33:15.561Z,371.47,COMPLETED
ORD-INV-6100,CUST-002,2026-05-10T10:00:00Z,-50.00,COMPLETED
ORD-1786976311047-891B880C,CUST-00791,2025-06-28T13:11:41.404Z,246.46,DELIVERED
ORD-1786976311047-597980E4,CUST-00521,2025-06-24T10:12:58.252Z,64.87,SHIPPED
ORD-1786976311047-B5A9D3AE,CUST-00593,2026-01-12T06:31:09.311Z,350.39,CANCELLED
ORD-1786976311047-A652C3F2,CUST-00091,2025-08-17T05:01:53.343Z,81.95,CANCELLED
ORD-1786976311047-A2DEF714,CUST-00952,2025-04-12T02:36:09.944Z,109.67,DELIVERED
ORD-1786976311047-27429D70,CUST-00122,2026-04-29T16:40:35.094Z,135.78,PENDING
ORD-1786976311047-61289241,CUST-00303,2026-06-10T13:33:04.606Z,503.07,SHIPPED
ORD-1786976311047-CE719A2C,CUST-00891,2025-07-28T19:13:36.964Z,141.56,DELIVERED
ORD-1786976311047-8A90A09B,CUST-00394,2026-05-30T21:56:41.480Z,393.12,COMPLETED
ORD-1786976311047-1E3EB333,CUST-00522,2025-04-25T22:00:07.549Z,54.83,CANCELLED
ORD-1786976311047-DABFDB95,CUST-00004,2026-04-03T07:19:52.697Z,253.38,SHIPPED
ORD-1786976311047-2A0414A4,CUST-00708,2026-05-13T20:23:35.409Z,90.52,CANCELLED
ORD-1786976311047-6F5C12D5,CUST-00400,2026-08-07T11:02:25.228Z,157.49,DELIVERED
ORD-1786976311047-8D149C2B,CUST-00934,2025-09-12T19:59:39.786Z,293.81,SHIPPED
ORD-1786976311047-AC46CCB4,CUST-00423,2025-12-17T23:18:36.474Z,24.47,PROCESSING
ORD-1786976311047-6DC0C8FD,CUST-00978,2026-07-23T00:53:22.982Z,66.36,SHIPPED
ORD-1786976311047-9A81AB13,CUST-00490,2026-02-04T20:50:52.385Z,315.68,CANCELLED
ORD-1786976311047-260BC8E3,CUST-00550,2025-09-04T21:32:44.472Z,345.52,SHIPPED
ORD-1786976311047-43BE99B7,CUST-00007,2026-07-28T03:16:31.413Z,38.50,SHIPPED
ORD-1786976311047-43E2F274,CUST-00441,2025-10-21T22:04:16.746Z,201.10,PENDING
ORD-1786976311047-5A12175D,CUST-00518,2025-09-24T10:00:39.445Z,297.23,DELIVERED
ORD-1786976311047-804D4A30,CUST-00064,2026-01-18T22:00:04.598Z,30.19,PROCESSING
ORD-1786976311047-D12970B6,CUST-00237,2026-07-25T13:21:07.211Z,267.04,COMPLETED
ORD-1786976311047-B4F5C1D7,CUST-00951,2025-04-10T20:07:51.148Z,309.33,COMPLETED
ORD-1786976311047-997AEDA2,CUST-00747,2025-09-28T03:33:02.860Z,204.93,PROCESSING
ORD-1786976311047-C358C7EA,CUST-00420,2025-08-12T11:49:01.144Z,287.73,SHIPPED
ORD-1786976311047-11041743,CUST-00371,2026-02-17T02:55:46.840Z,167.33,PROCESSING
ORD-1786976311047-ED613FA4,CUST-00488,2026-06-07T23:58:53.951Z,345.92,PENDING
ORD-1786976311047-5CAD8CF3,CUST-00997,2025-12-10T15:21:30.103Z,233.31,COMPLETED
ORD-1786976311047-25555812,CUST-00531,2025-01-04T13:33:26.583Z,311.85,COMPLETED
ORD-1786976311047-8AC60F7E,CUST-00471,2026-02-19T12:07:56.111Z,260.87,DELIVERED
ORD-1786976311047-B7D54B16,CUST-00102,2025-04-13T08:17:58.913Z,85.63,SHIPPED
ORD-1786976311047-18439BEE,CUST-00100,2025-02-15T09:23:57.267Z,343.84,DELIVERED
ORD-1786976311047-EFA884FE,CUST-00548,2026-06-27T03:08:29.679Z,239.98,PROCESSING
ORD-1786976311047-334F815C,CUST-00828,2026-04-03T16:13:10.862Z,185.48,COMPLETED
ORD-1786976311047-B8D30FB9,CUST-00173,2025-10-17T18:03:58.256Z,105.93,CANCELLED
ORD-1786976311047-ACBBFC5D,CUST-00989,2026-02-11T00:57:33.603Z,125.22,DELIVERED
ORD-1786976311047-0C7E4160,CUST-00365,2026-03-20T16:04:28.245Z,170.70,PROCESSING
ORD-1786976311047-6FF460BF,CUST-00295,2026-06-29T12:31:19.197Z,164.03,PENDING
ORD-1786976311047-14AFBD0D,CUST-00034,2026-05-04T13:35:33.250Z,39.73,SHIPPED
ORD-1786976311047-619F71C2,CUST-00752,2026-04-17T10:37:19.138Z,456.91,DELIVERED
ORD-1786976311047-C7CD9CA0,CUST-00501,2025-02-20T11:49:06.764Z,35.30,PROCESSING
ORD-1786976311047-35270BFB,CUST-00905,2026-06-21T17:08:04.475Z,331.06,PROCESSING
ORD-1786976311047-04F8EFAA,CUST-00495,2025-04-13T05:29:46.919Z,243.90,PENDING
ORD-1786976311047-FE8CF3EC,CUST-00367,2026-08-03T11:31:57.710Z,292.17,SHIPPED
ORD-1786976311047-7523E433,CUST-00621,2026-07-11T11:09:06.814Z,314.58,CANCELLED
ORD-1786976311047-C928C418,CUST-00858,2026-05-16T11:08:18.592Z,325.80,PROCESSING
ORD-1786976311047-4BB8EC9E,CUST-00284,2025-04-03T14:25:21.576Z,118.69,DELIVERED
ORD-1786976311047-78AA2624,CUST-00031,2025-04-19T13:21:46.546Z,474.34,CANCELLED
ORD-1786976311047-BEC366D1,CUST-00610,2026-06-29T15:42:12.900Z,347.76,DELIVERED
ORD-1786976311047-51B0A214,CUST-00297,2025-09-07T06:21:51.679Z,234.79,PENDING
ORD-1786976311047-AB604D2F,CUST-00884,2026-05-02T14:22:38.238Z,406.31,PROCESSING
ORD-1786976311047-461EAE16,CUST-00734,2026-03-27T00:28:40.391Z,343.06,SHIPPED
ORD-1786976311047-168E6BF8,CUST-00368,2025-02-04T04:28:37.782Z,421.58,CANCELLED
ORD-1786976311047-F0EBA6FD,CUST-00194,2025-04-25T20:12:35.708Z,188.45,PROCESSING
ORD-1786976311047-AD5F17E2,CUST-00485,2026-02-20T10:59:35.334Z,59.53,DELIVERED
ORD-1786976311047-2B46B3F3,CUST-00449,2026-04-19T11:12:42.848Z,295.11,SHIPPED
ORD-1786976311047-7D1312CE,CUST-00583,2025-10-15T07:41:36.595Z,503.45,DELIVERED
ORD-1786976311047-C704FAAD,CUST-00157,2026-03-10T06:22:16.543Z,46.52,SHIPPED
ORD-1786976311047-64D6E911,CUST-00953,2025-03-21T17:02:55.382Z,106.32,DELIVERED
ORD-1786976311047-F8A75151,CUST-00802,2025-09-12T01:52:07.706Z,41.75,SHIPPED
ORD-1786976311047-B72CD98D,CUST-00314,2025-09-09T12:31:25.990Z,503.33,CANCELLED
ORD-1786976311047-8F1C3048,CUST-00935,2025-01-02T18:26:11.106Z,403.29,SHIPPED
ORD-1786976311047-E7AE118D,CUST-00110,2025-07-05T18:48:36.417Z,273.72,DELIVERED
ORD-1786976311047-AC5FEF7F,CUST-00353,2025-11-02T05:47:29.418Z,417.92,PROCESSING
ORD-1786976311047-2964B9AA,CUST-00277,2025-08-09T22:21:59.711Z,231.90,DELIVERED
ORD-1786976311047-F9F61C8C,CUST-00025,2026-06-27T03:05:30.402Z,11.38,COMPLETED
ORD-1786976311047-E1081868,CUST-00977,2026-06-11T05:03:45.751Z,367.30,DELIVERED
ORD-1786976311047-35C368C4,CUST-00491,2025-02-26T02:02:28.196Z,373.12,PROCESSING
ORD-1786976311047-534D3290,CUST-00885,2026-04-05T23:33:29.254Z,391.65,SHIPPED
ORD-1786976311047-7C1F8603,CUST-00491,2025-11-30T05:21:09.419Z,441.55,DELIVERED
ORD-1786976311047-869A2B05,CUST-00567,2026-04-29T21:23:59.418Z,188.36,PROCESSING
ORD-1786976311047-76D495B4,CUST-00924,2025-06-29T05:37:27.112Z,239.41,COMPLETED
ORD-1786976311047-F0E83316,CUST-00665,2026-07-08T15:03:26.107Z,341.67,CANCELLED
ORD-1786976311047-E6A8FD1B,CUST-00579,2025-05-28T13:00:25.519Z,387.21,PENDING
ORD-1786976311047-0D78FB6B,CUST-00103,2026-03-14T12:58:49.113Z,446.18,PENDING
ORD-1786976311047-ED6A8BE8,CUST-00588,2025-08-04T23:15:43.373Z,53.34,SHIPPED
ORD-1786976311047-061827BF,CUST-00764,2026-08-06T19:03:19.367Z,239.70,CANCELLED
ORD-1786976311047-204987BC,CUST-00954,2026-03-04T18:23:54.101Z,156.54,DELIVERED
ORD-1786976311047-02B1AB48,CUST-00197,2025-08-24T07:35:54.662Z,368.17,COMPLETED
ORD-1786976311047-E3EE346A,CUST-00401,2026-04-28T08:32:32.775Z,129.47,DELIVERED
ORD-1786976311047-BB87547F,CUST-00467,2025-06-07T03:25:45.290Z,481.81,CANCELLED
ORD-1786976311047-13CDEF60,CUST-00191,2025-02-21T01:34:18.822Z,282.29,PENDING
ORD-1786976311047-690B655D,CUST-00183,2025-08-13T09:59:02.822Z,204.27,PENDING
ORD-1786976311047-D9141D05,CUST-00944,2025-05-29T15:49:36.915Z,348.01,CANCELLED
ORD-1786976311047-7691A8A6,CUST-00406,2026-05-25T15:00:40.490Z,233.55,PROCESSING
ORD-1786976311047-BE5C646C,CUST-00082,2025-05-15T00:29:51.230Z,458.63,COMPLETED
ORD-1786976311047-2D0347A5,CUST-00746,2025-02-20T03:57:40.800Z,310.05,SHIPPED
ORD-1786976311047-CCBA9DDE,CUST-00280,2025-06-08T12:17:44.236Z,304.27,SHIPPED
ORD-1786976311047-C8868BC1,CUST-00398,2025-08-02T18:26:44.299Z,321.45,SHIPPED
ORD-1786976311047-5C383046,CUST-00319,2026-04-30T07:06:15.276Z,234.77,PENDING
ORD-1786976311047-2E30ACBB,CUST-00809,2026-06-11T15:00:11.517Z,353.34,PENDING
ORD-1786976311047-23A704AC,CUST-00002,2026-02-08T21:48:49.814Z,80.64,SHIPPED
ORD-1786976311047-5E7F6FF6,CUST-00798,2026-07-20T23:13:03.856Z,237.07,SHIPPED
ORD-1786976311047-9FFD845E,CUST-00860,2026-06-22T01:37:36.762Z,257.38,SHIPPED
ORD-1786976311047-79071511,CUST-00437,2026-01-09T11:55:30.564Z,352.67,SHIPPED
ORD-1786976311047-B72AC164,CUST-00908,2025-05-25T17:47:39.242Z,11.83,CANCELLED
ORD-1786976311047-24ACD0BA,CUST-00580,2025-09-16T21:06:52.606Z,36.47,PENDING
ORD-1786976311047-68AC3A0B,CUST-00279,2026-06-16T04:36:51.472Z,342.24,COMPLETED
ORD-INV-6200,,2026-05-10T10:00:00Z,120.00,PENDING
ORD-1786976311047-A8247BDA,CUST-00048,2025-11-10T11:31:30.613Z,44.26,DELIVERED
ORD-1786976311047-FFFFA076,CUST-00840,2026-01-07T18:36:08.228Z,484.14,PENDING
ORD-1786976311047-0202FA8B,CUST-00706,2026-01-15T06:29:44.369Z,276.71,CANCELLED
ORD-1786976311047-B3081E5D,CUST-00920,2025-11-16T03:03:24.197Z,183.97,PROCESSING
ORD-1786976311047-83EB03B0,CUST-00553,2026-02-13T20:46:11.089Z,279.99,CANCELLED
ORD-1786976311047-6D65FE4A,CUST-00367,2026-03-07T10:19:09.336Z,32.18,COMPLETED
ORD-1786976311047-277EBD04,CUST-00548,2025-06-08T08:41:32.728Z,49.66,COMPLETED
ORD-1786976311047-21979103,CUST-00717,2025-11-30T22:16:31.509Z,180.26,PROCESSING
ORD-1786976311047-EC1EA5AA,CUST-00430,2025-12-10T14:38:45.494Z,406.69,DELIVERED
ORD-1786976311047-F8DE2523,CUST-00700,2025-03-04T00:21:54.281Z,474.73,SHIPPED
ORD-1786976311047-4A0EF4F4,CUST-00501,2026-02-26T18:52:55.617Z,271.46,SHIPPED
ORD-1786976311047-F0710FCA,CUST-00223,2025-06-10T16:09:43.890Z,508.70,PENDING
ORD-1786976311047-AD6350EF,CUST-00596,2026-05-08T20:33:48.922Z,269.06,PROCESSING
ORD-1786976311047-1A287A83,CUST-00621,2026-02-22T13:59:26.298Z,361.17,PROCESSING
ORD-1786976311048-15F7CEA5,CUST-00416,2025-02-05T00:26:12.110Z,345.52,PROCESSING
ORD-1786976311048-75DD803E,CUST-00254,2026-07-09T08:41:24.832Z,11.01,PROCESSING
ORD-1786976311048-EB78958F,CUST-00121,2025-05-03T23:56:36.237Z,465.58,PENDING
ORD-1786976311048-9B78AB7F,CUST-00214,2026-06-10T05:08:53.493Z,469.56,COMPLETED
ORD-1786976311048-53D11407,CUST-00469,2026-03-02T03:30:12.345Z,284.34,PROCESSING
ORD-1786976311048-91DAF075,CUST-00147,2025-11-02T13:46:01.936Z,154.03,COMPLETED
ORD-1786976311048-BDFA2E5B,CUST-00448,2025-12-24T12:12:13.485Z,146.38,PENDING
ORD-1786976311048-CADF67A1,CUST-00295,2025-10-21T07:53:10.040Z,461.64,COMPLETED
ORD-1786976311048-420C38CF,CUST-00048,2025-06-10T19:20:47.703Z,360.59,CANCELLED
ORD-1786976311048-4C36DD42,CUST-00376,2026-07-01T09:35:05.849Z,508.68,CANCELLED
ORD-1786976311048-20E196AF,CUST-00572,2025-08-03T19:53:40.828Z,423.97,PROCESSING
ORD-1786976311048-830492F5,CUST-00406,2025-11-06T11:37:11.386Z,411.51,DELIVERED
ORD-1786976311048-1E8A8107,CUST-00244,2026-03-06T22:34:39.406Z,468.32,SHIPPED
ORD-1786976311048-D900DC5D,CUST-00857,2026-06-23T04:41:57.586Z,293.35,SHIPPED
ORD-1786976311048-79F67BA7,CUST-00589,2025-11-12T19:00:24.878Z,243.00,DELIVERED
ORD-1786976311048-E335CB16,CUST-00476,2026-07-04T08:46:44.320Z,426.79,SHIPPED
ORD-1786976311048-98E2BC12,CUST-00464,2026-01-15T14:58:58.898Z,217.15,PENDING
ORD-1786976311048-CC83CFE1,CUST-00877,2026-02-01T06:08:10.614Z,219.61,CANCELLED
ORD-1786976311048-4736193A,CUST-00653,2025-05-23T17:37:14.452Z,101.14,CANCELLED
ORD-1786976311048-63B81188,CUST-00895,2026-07-24T00:09:00.606Z,429.86,PENDING
ORD-1786976311048-92C8CA20,CUST-00304,2025-07-14T04:50:10.288Z,44.28,CANCELLED
ORD-1786976311048-C3FAF040,CUST-00223,2025-04-03T21:55:42.419Z,280.69,COMPLETED
ORD-1786976311048-75407E10,CUST-00094,2025-03-10T04:02:18.736Z,411.82,COMPLETED
ORD-1786976311048-4D052C7A,CUST-00748,2026-04-30T14:54:42.200Z,232.17,COMPLETED
ORD-1786976311048-DC8A95E1,CUST-00577,2026-08-06T08:16:43.265Z,466.54,CANCELLED
ORD-1786976311048-F2BAAE68,CUST-00244,2026-02-24T11:19:17.497Z,126.60,SHIPPED
ORD-1786976311048-DE9B8A75,CUST-00288,2026-05-19T00:21:12.812Z,100.57,PROCESSING
ORD-1786976311048-C159065A,CUST-00437,2025-05-07T22:22:58.369Z,296.44,SHIPPED
ORD-1786976311048-24731ACF,CUST-00319,2026-07-18T03:28:27.833Z,229.94,PENDING
ORD-1786976311048-DEF206C1,CUST-00591,2026-01-26T17:14:33.206Z,10.21,CANCELLED
ORD-1786976311048-03B5083C,CUST-00320,2025-03-08T20:09:23.813Z,369.12,SHIPPED
ORD-1786976311048-C2AB076C,CUST-00648,2025-03-11T14:19:49.857Z,335.31,PROCESSING
ORD-1786976311048-9261FA38,CUST-00745,2025-05-13T02:55:04.651Z,256.10,PROCESSING
ORD-1786976311048-145282BA,CUST-00591,2026-03-27T00:31:07.288Z,443.10,PENDING
ORD-1786976311048-DED674F4,CUST-00200,2025-03-25T14:09:36.307Z,448.85,COMPLETED
ORD-1786976311048-1750DA60,CUST-00640,2025-07-28T14:57:07.609Z,164.23,CANCELLED
ORD-1786976311048-54BBB299,CUST-00149,2026-07-04T13:14:17.015Z,301.17,PROCESSING
ORD-1786976311048-2FC699AD,CUST-00245,2026-03-02T23:17:45.220Z,124.55,CANCELLED
ORD-1786976311048-0E5EF2DE,CUST-00165,2025-12-03T18:04:21.148Z,195.52,PROCESSING
ORD-1786976311048-F46D9B9B,CUST-00210,2025-07-09T23:09:56.069Z,14.68,PENDING
ORD-1786976311048-F9BE90AB,CUST-00554,2025-04-22T03:44:47.488Z,373.90,DELIVERED
ORD-1786976311048-7FCD1800,CUST-00682,2025-07-06T13:17:28.854Z,460.80,COMPLETED
ORD-1786976311048-21144D4A,CUST-00147,2026-07-19T10:43:15.194Z,71.73,DELIVERED
ORD-1786976311048-E545537A,CUST-00115,2025-04-16T17:13:03.264Z,258.32,SHIPPED
ORD-1786976311048-F588AF54,CUST-00155,2025-03-15T19:08:19.955Z,364.18,SHIPPED
ORD-1786976311048-13050B66,CUST-00762,2025-06-04T08:59:54.571Z,49.56,DELIVERED
ORD-1786976311048-15573232,CUST-00398,2025-09-09T06:19:21.585Z,187.50,SHIPPED
ORD-1786976311048-2D227863,CUST-00211,2026-01-09T07:10:27.393Z,23.04,DELIVERED
ORD-1786976311048-69EF4879,CUST-00399,2025-12-14T01:59:13.999Z,60.45,PROCESSING
ORD-1786976311048-F03F5DDE,CUST-00492,2026-05-01T16:59:30.625Z,92.48,PENDING
ORD-1786976311048-44D45080,CUST-00161,2025-11-26T22:44:08.337Z,420.19,COMPLETED
ORD-1786976311048-86740CC4,CUST-00075,2025-09-16T09:00:27.738Z,383.88,DELIVERED
ORD-1786976311048-9D3C4854,CUST-00786,2025-02-15T06:38:17.823Z,38.08,CANCELLED
ORD-1786976311048-5AA8B0FA,CUST-00003,2026-08-06T17:52:43.844Z,248.59,CANCELLED
ORD-1786976311048-5C663AEB,CUST-00935,2026-05-05T12:56:47.462Z,433.21,PENDING
ORD-1786976311048-E3A04138,CUST-00432,2025-09-20T12:09:54.548Z,433.20,DELIVERED
ORD-1786976311048-C7BB7ECE,CUST-00959,2025-10-28T15:04:36.007Z,360.08,PROCESSING
ORD-1786976311048-599014AB,CUST-00370,2025-03-25T01:50:47.551Z,380.02,PROCESSING
ORD-1786976311048-FE77133B,CUST-00178,2025-12-26T08:47:22.598Z,427.99,PROCESSING
ORD-1786976311048-998DF124,CUST-00249,2025-08-09T08:20:13.381Z,48.35,COMPLETED
ORD-1786976311048-5B9AA769,CUST-00274,2026-06-03T14:01:32.140Z,453.43,CANCELLED
ORD-1786976311048-70E2B6EC,CUST-00348,2025-02-09T16:11:47.499Z,172.26,COMPLETED
ORD-1786976311048-EDF7F859,CUST-00344,2025-12-08T11:32:03.133Z,224.53,CANCELLED
ORD-1786976311048-3422FD98,CUST-00347,2026-01-05T17:25:52.630Z,47.16,COMPLETED
ORD-1786976311048-2681164C,CUST-00264,2026-05-05T18:58:47.244Z,31.35,PENDING
ORD-1786976311048-0AF9258D,CUST-00121,2026-06-06T12:03:23.884Z,287.78,COMPLETED
ORD-1786976311048-969D31C6,CUST-00661,2025-03-12T11:18:36.649Z,146.63,DELIVERED
ORD-1786976311048-00665FDA,CUST-00455,2026-02-08T09:22:19.859Z,144.55,PROCESSING
ORD-1786976311048-4FD24966,CUST-00925,2026-05-10T20:57:43.625Z,289.54,SHIPPED
ORD-1786976311048-0245FFAC,CUST-00783,2025-01-19T15:00:41.625Z,436.95,SHIPPED
ORD-1786976311048-4457A0A3,CUST-00271,2025-09-18T05:58:41.746Z,266.13,PENDING
ORD-1786976311048-6D10C7AD,CUST-00569,2025-10-17T10:54:00.049Z,397.17,CANCELLED
ORD-1786976311048-C645CC8E,CUST-00691,2025-04-12T10:00:42.434Z,154.68,DELIVERED
ORD-1786976311048-300477FC,CUST-00460,2026-05-25T01:51:46.157Z,498.98,PENDING
ORD-1786976311048-CF04743C,CUST-00370,2025-11-27T01:48:35.862Z,21.17,DELIVERED
ORD-1786976311048-2A96AC5B,CUST-00535,2025-03-09T13:56:37.191Z,239.44,PENDING
ORD-1786976311048-C70CF8BE,CUST-00562,2025-08-06T07:21:23.296Z,399.06,DELIVERED
ORD-1786976311048-69543F2E,CUST-00865,2026-06-17T07:39:12.621Z,323.66,PENDING
ORD-1786976311048-E2BEBE7C,CUST-00867,2025-04-03T09:39:54.243Z,346.24,SHIPPED
ORD-1786976311048-449AFCE2,CUST-00513,2025-04-28T02:22:44.699Z,92.65,SHIPPED
ORD-1786976311048-CF48CF7E,CUST-00981,2026-03-01T16:48:44.651Z,25.08,CANCELLED
ORD-1786976311048-051248F5,CUST-00019,2025-07-07T23:58:19.285Z,330.83,DELIVERED
ORD-1786976311048-BFF334E8,CUST-00187,2026-08-02T01:46:31.816Z,81.99,PROCESSING
ORD-1786976311048-03B9FAE7,CUST-00814,2025-07-19T06:44:46.909Z,23.56,PROCESSING
ORD-1786976311048-51350FFF,CUST-00271,2025-04-27T12:54:57.179Z,108.58,PROCESSING
ORD-INV-6300,CUST-001,INVALID_DATE_FORMAT,99.99,PENDING
ORD-1786976311048-7DBD648C,CUST-00177,2025-10-02T06:48:14.512Z,357.35,PENDING
ORD-1786976311048-C2532B76,CUST-00427,2026-05-09T11:26:19.583Z,117.15,PENDING
ORD-1786976311048-02373644,CUST-00093,2025-02-28T21:17:20.802Z,293.98,COMPLETED
ORD-1786976311048-30EE59D0,CUST-00458,2025-05-01T00:49:27.882Z,257.05,SHIPPED
ORD-1786976311048-4BE7BDF2,CUST-00834,2026-04-20T23:31:37.801Z,64.98,PENDING
ORD-1786976311048-7827A3A9,CUST-00784,2026-06-28T17:49:45.231Z,35.95,PROCESSING
ORD-1786976311048-663B528E,CUST-00652,2026-03-26T11:32:52.135Z,17.86,PENDING
ORD-1786976311048-A79244A0,CUST-00755,2026-07-18T05:15:55.542Z,427.91,CANCELLED
ORD-1786976311048-C9B93367,CUST-00177,2025-09-22T19:56:51.999Z,339.55,DELIVERED
ORD-1786976311048-10B1D058,CUST-00009,2025-11-24T10:41:52.003Z,73.37,COMPLETED
ORD-1786976311048-E938A312,CUST-00882,2026-02-19T17:48:15.548Z,373.76,DELIVERED
ORD-1786976311048-EFDEC510,CUST-00638,2025-08-11T09:35:52.367Z,161.26,PROCESSING
ORD-1786976311048-412B1E04,CUST-00154,2025-01-14T12:26:09.865Z,274.74,CANCELLED
ORD-1786976311048-DB85BC59,CUST-00470,2025-07-20T04:10:41.972Z,366.27,SHIPPED
ORD-1786976311048-1C5509B3,CUST-00078,2026-08-04T09:09:38.959Z,97.61,CANCELLED
ORD-1786976311048-C025D9E8,CUST-00395,2025-09-05T21:58:14.377Z,488.91,CANCELLED
ORD-1786976311048-DF8FC323,CUST-00870,2025-07-14T03:53:39.725Z,166.45,PROCESSING
ORD-1786976311048-4CBF9B3D,CUST-00637,2025-05-03T13:33:26.110Z,311.62,COMPLETED
ORD-1786976311048-0494A57A,CUST-00096,2026-03-11T12:12:08.696Z,126.50,CANCELLED
ORD-1786976311048-964E5A25,CUST-00824,2025-04-14T04:28:03.848Z,308.45,PROCESSING
ORD-1786976311048-261E6D48,CUST-00171,2025-11-05T17:56:02.642Z,453.94,CANCELLED
ORD-1786976311048-7714FDF8,CUST-00834,2025-06-10T09:24:01.755Z,167.72,DELIVERED
ORD-1786976311048-547B267F,CUST-00650,2026-01-03T00:35:30.983Z,456.57,COMPLETED
ORD-1786976311048-78C3DA80,CUST-00470,2025-05-22T18:21:00.038Z,381.17,DELIVERED
ORD-1786976311048-DAA47CAA,CUST-00549,2026-06-25T16:16:50.773Z,494.70,CANCELLED
ORD-1786976311048-7BEE160E,CUST-00495,2026-06-13T23:49:52.804Z,315.59,SHIPPED
ORD-1786976311048-6CD2DF57,CUST-00346,2025-09-20T21:07:07.188Z,193.64,SHIPPED
ORD-1786976311048-942B478D,CUST-00724,2026-07-06T15:26:21.039Z,327.02,CANCELLED
ORD-1786976311048-E074C9C6,CUST-00950,2026-07-28T00:35:56.131Z,237.53,SHIPPED
ORD-1786976311048-7118C78F,CUST-00582,2025-01-29T07:11:10.810Z,113.92,PENDING
ORD-1786976311048-E3795C27,CUST-00065,2025-08-21T13:11:35.023Z,17.57,PROCESSING
ORD-1786976311048-41CC9F7F,CUST-00012,2026-04-25T04:03:19.113Z,69.62,COMPLETED
ORD-1786976311048-758F8721,CUST-00110,2025-06-04T19:59:58.540Z,302.84,COMPLETED
ORD-1786976311048-6C95B80E,CUST-00937,2025-12-15T21:31:55.001Z,258.22,PROCESSING
ORD-1786976311048-A8941E5E,CUST-00202,2025-03-02T13:22:57.108Z,29.14,SHIPPED
ORD-1786976311048-136F5B45,CUST-00640,2025-07-13T22:25:10.351Z,466.07,DELIVERED
ORD-1786976311048-9D0AFBF2,CUST-00155,2025-10-30T07:29:47.869Z,473.37,PENDING
ORD-1786976311048-B5A7ECB6,CUST-00144,2025-04-07T16:17:02.721Z,275.06,DELIVERED
ORD-1786976311048-6FC35B8D,CUST-00549,2026-06-15T08:59:50.039Z,304.93,PROCESSING
ORD-1786976311048-C34A4600,CUST-00642,2025-04-30T16:11:28.156Z,102.13,SHIPPED
ORD-1786976311048-BAF0885F,CUST-00901,2025-04-16T20:21:21.431Z,57.29,PENDING
ORD-1786976311048-69837E7A,CUST-00409,2025-11-27T18:05:48.289Z,213.34,SHIPPED
ORD-1786976311048-8F474A04,CUST-00182,2026-03-01T12:14:24.367Z,213.54,PROCESSING
ORD-1786976311048-03094DCC,CUST-00106,2025-06-29T02:46:08.417Z,482.62,CANCELLED
ORD-1786976311048-75CFC07F,CUST-00174,2026-07-25T00:11:32.156Z,55.54,PENDING
ORD-1786976311048-FE44AF79,CUST-00398,2025-08-15T08:21:26.603Z,424.96,PROCESSING
ORD-1786976311048-65AFAB51,CUST-00619,2026-01-03T20:53:11.327Z,304.95,PENDING
ORD-1786976311048-1F3A681A,CUST-00298,2025-02-10T16:10:38.981Z,432.20,DELIVERED
ORD-1786976311049-CA85F941,CUST-00660,2025-10-24T22:41:38.878Z,117.62,COMPLETED
ORD-1786976311049-EF42DE87,CUST-00147,2025-01-19T22:35:01.972Z,432.10,SHIPPED
ORD-1786976311049-284F3C6E,CUST-00993,2026-01-11T08:25:52.255Z,479.23,DELIVERED
ORD-1786976311049-94653D3B,CUST-00655,2025-12-20T17:26:08.170Z,411.34,PENDING
ORD-1786976311049-77058462,CUST-00614,2026-06-23T02:03:41.836Z,204.11,CANCELLED
ORD-1786976311049-2000C659,CUST-00057,2025-03-23T07:23:38.514Z,489.07,PENDING
ORD-1786976311049-E6B32791,CUST-00666,2025-03-27T13:24:50.243Z,417.23,PENDING
ORD-1786976311049-11253AFC,CUST-00378,2026-02-10T04:08:53.939Z,60.96,PROCESSING
ORD-1786976311049-E5160873,CUST-00645,2026-05-06T10:32:50.316Z,464.55,PENDING
ORD-1786976311049-B4FEDF2A,CUST-00030,2026-02-01T04:08:12.218Z,341.47,DELIVERED
ORD-1786976311049-D7C6D9C7,CUST-00954,2025-03-03T22:12:09.234Z,344.08,PENDING
ORD-1786976311049-7971F560,CUST-00453,2025-03-16T12:52:52.173Z,503.20,PROCESSING
ORD-1786976311049-34E2FAE0,CUST-00524,2026-06-22T00:17:04.557Z,147.48,DELIVERED
ORD-1786976311049-7F5A2A39,CUST-00145,2026-06-19T01:48:42.977Z,84.03,COMPLETED
ORD-1786976311049-FFA8D9C1,CUST-00052,2026-01-13T05:09:39.343Z,424.54,DELIVERED
ORD-1786976311049-349E66A6,CUST-00554,2026-05-15T06:49:56.864Z,412.23,COMPLETED
ORD-1786976311049-CEC094C8,CUST-00192,2026-05-15T00:34:39.716Z,137.15,PROCESSING
ORD-1786976311049-17D9E78B,CUST-00796,2025-08-06T10:28:00.445Z,445.96,CANCELLED
ORD-1786976311049-47C578CE,CUST-00969,2026-01-24T19:18:28.485Z,130.79,DELIVERED
ORD-1786976311049-1EFE66D3,CUST-00117,2026-05-22T10:44:48.967Z,49.53,CANCELLED
ORD-1786976311049-F4AD166C,CUST-00373,2025-05-09T01:00:03.084Z,419.87,PROCESSING
ORD-1786976311049-E71BB494,CUST-00431,2026-01-18T17:22:06.490Z,286.10,PROCESSING
ORD-1786976311049-2AA929F0,CUST-00598,2026-01-11T06:51:11.426Z,377.10,PROCESSING
ORD-1786976311049-50ABCE28,CUST-00790,2026-06-20T08:03:46.428Z,435.02,SHIPPED
ORD-1786976311049-C317251B,CUST-00037,2026-08-11T09:28:09.767Z,38.36,DELIVERED
ORD-1786976311049-FE1ABAEF,CUST-00878,2026-06-05T23:04:19.954Z,446.58,SHIPPED
ORD-1786976311049-9721A531,CUST-00685,2025-12-26T02:31:18.187Z,390.25,PROCESSING
ORD-1786976311049-D5FE5496,CUST-00080,2026-01-20T16:32:19.003Z,373.75,PROCESSING
ORD-1786976311049-5B60BFE8,CUST-00610,2026-02-24T17:29:09.613Z,237.78,SHIPPED
ORD-1786976311049-F1391423,CUST-00168,2025-04-13T04:07:46.779Z,417.02,COMPLETED
ORD-1786976311049-7D52F329,CUST-00767,2026-05-02T16:39:43.338Z,388.11,COMPLETED
ORD-1786976311049-20421093,CUST-00507,2025-11-22T03:51:52.375Z,201.95,SHIPPED
ORD-1786976311049-93FCB07A,CUST-00400,2025-05-16T03:34:32.541Z,75.64,COMPLETED
ORD-1786976311049-26176059,CUST-00535,2026-05-28T05:10:52.865Z,320.12,PROCESSING
ORD-1786976311049-F519CD99,CUST-00705,2026-07-31T17:47:12.765Z,273.64,PENDING
ORD-1786976311049-48456F4A,CUST-00270,2026-01-30T23:22:51.239Z,228.04,CANCELLED
ORD-1786976311049-BC9B432A,CUST-00673,2025-10-01T19:04:45.304Z,465.03,COMPLETED
ORD-1786976311049-B4FD4289,CUST-00841,2025-06-07T09:14:25.137Z,451.86,CANCELLED
ORD-1786976311049-6B38E2B2,CUST-00534,2025-05-06T22:43:36.169Z,48.20,DELIVERED
ORD-1786976311049-217D4920,CUST-00100,2026-07-08T22:53:22.367Z,313.57,SHIPPED
ORD-1786976311049-418269D1,CUST-00422,2025-06-19T16:53:21.237Z,68.20,PENDING
ORD-1786976311049-676682B2,CUST-00023,2026-01-19T07:40:20.512Z,77.84,SHIPPED
ORD-1786976311049-2E4C4288,CUST-00205,2025-10-29T09:26:08.246Z,244.64,CANCELLED
ORD-1786976311049-9FBC81DC,CUST-00420,2026-04-03T18:50:27.302Z,495.59,CANCELLED
ORD-1786976311049-BFCC30A6,CUST-00045,2025-10-25T22:15:32.551Z,28.22,PROCESSING
ORD-1786976311049-A521151B,CUST-00427,2026-03-20T12:21:41.450Z,80.02,COMPLETED
ORD-1786976311049-BACCD92C,CUST-00475,2025-11-05T23:44:14.887Z,236.43,PENDING
ORD-1786976311049-8C22CA1B,CUST-00486,2026-01-15T12:54:42.816Z,346.65,SHIPPED
ORD-1786976311049-EF423347,CUST-00050,2026-01-02T08:30:02.302Z,348.92,COMPLETED
ORD-1786976311049-62ABF603,CUST-00814,2025-03-20T00:27:22.779Z,141.65,CANCELLED
ORD-1786976311049-F271C30F,CUST-00669,2026-02-28T20:33:31.161Z,293.29,DELIVERED
ORD-INV-6400,CUST-002,2026-05-10T10:00:00Z,-50.00,COMPLETED
ORD-1786976311049-59123A86,CUST-00547,2025-07-09T11:42:53.321Z,242.43,CANCELLED
ORD-1786976311049-38EF5B2F,CUST-00111,2025-02-25T17:29:12.145Z,445.18,DELIVERED
ORD-1786976311049-1A0CD695,CUST-00655,2025-02-02T08:38:24.985Z,30.56,COMPLETED
ORD-1786976311049-129DA636,CUST-00792,2026-08-03T01:47:02.632Z,11.49,DELIVERED
ORD-1786976311049-22A71B1F,CUST-00777,2025-09-06T19:58:47.645Z,305.86,PENDING
ORD-1786976311049-C2C4C459,CUST-00830,2026-05-21T03:31:16.101Z,336.20,PROCESSING
ORD-1786976311049-DA859788,CUST-00533,2026-01-29T21:54:15.799Z,89.16,CANCELLED
ORD-1786976311049-EF3C83E5,CUST-00157,2025-09-05T15:15:17.908Z,479.62,DELIVERED
ORD-1786976311049-AD8D028C,CUST-00983,2025-09-19T23:40:47.144Z,111.73,COMPLETED
ORD-1786976311049-58FBBE01,CUST-00673,2025-02-05T00:16:58.351Z,98.07,SHIPPED
ORD-1786976311049-E2F5D232,CUST-00802,2025-04-15T06:05:18.619Z,305.02,PENDING
ORD-1786976311049-11DD65F1,CUST-00913,2025-03-18T15:53:12.510Z,393.67,PENDING
ORD-1786976311049-B4BCCC0A,CUST-00723,2026-08-01T13:44:55.455Z,503.75,PENDING
ORD-1786976311049-5EB891A8,CUST-00205,2026-03-20T15:43:20.443Z,320.74,PENDING
ORD-1786976311049-178ACC70,CUST-00597,2025-01-13T12:55:20.799Z,139.49,PROCESSING
ORD-1786976311049-6483CCC7,CUST-00441,2025-05-28T00:16:08.564Z,339.38,PROCESSING
ORD-1786976311049-753741E4,CUST-00488,2026-01-11T23:37:24.793Z,88.69,PROCESSING
ORD-1786976311049-11915BD8,CUST-00455,2026-05-02T20:18:08.917Z,209.13,CANCELLED
ORD-1786976311049-E2920486,CUST-00283,2026-04-25T08:10:27.416Z,345.84,COMPLETED
ORD-1786976311049-54ABCFBF,CUST-00576,2026-04-29T03:02:52.644Z,155.08,SHIPPED
ORD-1786976311049-E6DDFB8B,CUST-00634,2025-03-21T04:02:16.480Z,315.96,PROCESSING
ORD-1786976311049-C6ED9B51,CUST-00674,2026-08-14T00:26:26.306Z,506.28,PENDING
ORD-1786976311049-4F9658F3,CUST-00485,2025-11-14T19:25:56.977Z,79.41,COMPLETED
ORD-1786976311049-ECD78D88,CUST-00033,2025-03-04T04:24:16.929Z,74.66,PENDING
ORD-1786976311049-FF0E67B8,CUST-00429,2026-06-25T00:50:11.026Z,425.43,COMPLETED
ORD-1786976311049-A5CB46DC,CUST-00224,2025-11-30T16:01:26.915Z,219.93,COMPLETED
ORD-1786976311049-042968CA,CUST-00763,2025-11-02T22:33:44.943Z,118.79,COMPLETED
ORD-1786976311049-F7F0DE1D,CUST-00491,2025-12-29T12:08:56.086Z,258.32,SHIPPED
ORD-1786976311049-06124F63,CUST-00652,2025-07-03T18:00:15.260Z,254.90,COMPLETED
ORD-1786976311049-658D11D9,CUST-00384,2026-04-23T22:09:32.369Z,111.61,CANCELLED
ORD-1786976311049-50B9FC83,CUST-00793,2025-07-17T06:14:54.655Z,71.06,PENDING
ORD-1786976311049-A53854F7,CUST-00105,2026-03-18T01:34:08.772Z,267.41,COMPLETED
ORD-1786976311049-3663FCEF,CUST-00601,2025-07-13T17:49:30.674Z,236.54,COMPLETED
ORD-1786976311049-A5704380,CUST-00700,2025-07-21T19:42:34.146Z,335.77,SHIPPED
ORD-1786976311049-0F4D825A,CUST-00952,2025-05-11T21:32:10.300Z,180.58,DELIVERED
ORD-1786976311049-40048076,CUST-00588,2025-01-19T17:42:40.706Z,471.42,COMPLETED
ORD-1786976311049-A9E7E5B1,CUST-00760,2025-04-24T00:43:04.610Z,22.54,PROCESSING
ORD-1786976311049-8E0A8D56,CUST-00131,2026-07-12T04:22:17.528Z,490.74,PENDING
ORD-1786976311049-6114E60B,CUST-00218,2026-03-11T09:55:03.293Z,403.43,CANCELLED
ORD-1786976311049-0FDA0908,CUST-00152,2025-02-24T20:48:21.541Z,273.52,SHIPPED
ORD-1786976311049-F3CD37D6,CUST-00817,2025-01-15T05:05:01.706Z,124.28,DELIVERED
ORD-1786976311049-3D7C5447,CUST-00462,2026-07-05T12:41:49.176Z,333.36,DELIVERED
ORD-1786976311049-2D3330BF,CUST-00531,2025-01-22T01:30:29.013Z,163.18,DELIVERED
ORD-1786976311049-F9A617DD,CUST-00216,2026-05-11T15:36:59.607Z,320.16,CANCELLED
ORD-1786976311049-C08E2429,CUST-00079,2025-05-29T01:15:12.800Z,70.94,PENDING
ORD-1786976311049-AFFBF6A5,CUST-00009,2025-11-04T19:26:08.262Z,352.46,PENDING
ORD-1786976311049-908377C2,CUST-00300,2025-03-29T16:09:34.873Z,31.87,SHIPPED
ORD-1786976311049-FB0C71AC,CUST-00832,2026-06-08T13:06:09.094Z,148.75,DELIVERED
ORD-1786976311049-D2A6CECE,CUST-00182,2025-03-16T21:28:22.564Z,479.16,CANCELLED
ORD-1786976311049-61678536,CUST-00907,2026-05-21T00:40:28.476Z,166.28,PENDING
ORD-1786976311049-C448D7FB,CUST-00193,2025-06-12T22:46:39.187Z,404.18,SHIPPED
ORD-1786976311049-30316ED6,CUST-00257,2026-04-18T04:12:34.631Z,126.74,DELIVERED
ORD-1786976311049-783D8F69,CUST-00733,2025-03-03T13:27:32.602Z,224.66,CANCELLED
ORD-1786976311049-00DC7704,CUST-00194,2026-06-28T03:58:22.200Z,196.13,CANCELLED
ORD-1786976311050-AF568EC3,CUST-00639,2026-01-20T13:22:49.832Z,201.90,PROCESSING
ORD-1786976311050-FF49A76F,CUST-00518,2025-05-24T20:16:15.689Z,179.74,PROCESSING
ORD-1786976311050-C62BE2C2,CUST-00907,2025-08-22T21:27:53.264Z,407.42,SHIPPED
ORD-1786976311050-267A06D7,CUST-00453,2026-04-14T00:04:41.127Z,429.88,PROCESSING
ORD-1786976311050-61C56478,CUST-00191,2026-05-15T09:06:07.462Z,400.41,COMPLETED
ORD-1786976311050-84F56B31,CUST-00084,2025-07-10T09:16:23.186Z,426.29,DELIVERED
ORD-1786976311050-FBA38312,CUST-00592,2026-03-30T05:21:55.423Z,119.40,PENDING
ORD-1786976311050-412CD528,CUST-00290,2026-05-12T23:01:30.118Z,272.80,DELIVERED
ORD-1786976311050-D8D14872,CUST-00418,2025-08-04T11:18:40.807Z,373.47,PENDING
ORD-1786976311050-EB47CA90,CUST-00177,2026-04-24T21:43:46.700Z,211.64,DELIVERED
ORD-1786976311050-151E51DF,CUST-00186,2025-01-13T04:28:17.482Z,288.09,PENDING
ORD-1786976311050-A505EB9A,CUST-00462,2026-07-30T03:27:24.033Z,402.54,COMPLETED
ORD-1786976311050-21EBB5E7,CUST-00574,2026-06-26T02:31:30.441Z,162.40,PENDING
ORD-1786976311050-3F4C4A70,CUST-00800,2026-05-23T11:11:27.776Z,250.83,SHIPPED
ORD-1786976311050-10A97006,CUST-00460,2026-02-26T15:29:38.621Z,295.96,CANCELLED
ORD-1786976311050-7C065C30,CUST-00641,2025-04-22T23:45:46.641Z,157.80,PROCESSING
ORD-1786976311050-C5B8D63D,CUST-00392,2025-04-11T18:15:07.423Z,184.31,PROCESSING
ORD-1786976311050-30B99513,CUST-00804,2025-01-31T06:06:47.998Z,93.45,CANCELLED
ORD-1786976311050-4D9F8D60,CUST-00963,2025-03-22T20:35:20.042Z,80.88,SHIPPED
ORD-1786976311050-C360EC8A,CUST-00962,2025-10-08T02:52:51.030Z,347.05,COMPLETED
ORD-1786976311050-BE21FEC3,CUST-00645,2025-12-23T07:01:24.427Z,93.25,PENDING
ORD-1786976311050-63C6D14D,CUST-00812,2025-12-11T15:28:29.982Z,274.52,PENDING
ORD-1786976311050-B118B7A4,CUST-00812,2025-08-21T05:47:21.023Z,358.09,SHIPPED
ORD-1786976311050-7B3ED92E,CUST-00084,2026-02-12T00:56:34.593Z,391.08,DELIVERED
ORD-1786976311050-767311F0,CUST-00335,2025-06-19T23:43:40.074Z,239.33,SHIPPED
ORD-1786976311050-DE8909E4,CUST-00051,2025-05-15T20:59:11.314Z,294.31,CANCELLED
ORD-1786976311050-EA686D36,CUST-00161,2026-04-09T17:23:51.342Z,97.14,COMPLETED
ORD-1786976311050-352AC959,CUST-00002,2025-05-27T15:25:41.087Z,375.08,CANCELLED
ORD-1786976311050-4A69664E,CUST-00317,2026-01-24T14:43:36.349Z,377.26,DELIVERED
ORD-1786976311050-6CE1AF34,CUST-00200,2025-05-11T01:41:20.408Z,54.89,CANCELLED
ORD-1786976311050-9F9E57E1,CUST-00178,2025-02-08T03:01:34.146Z,52.90,SHIPPED
ORD-1786976311050-94527248,CUST-00732,2025-06-05T20:04:29.745Z,54.51,DELIVERED
ORD-1786976311050-3BF7DFF6,CUST-00764,2026-01-05T13:18:28.758Z,31.14,PROCESSING
ORD-1786976311050-2D568FF6,CUST-00358,2025-06-05T09:39:05.542Z,387.89,SHIPPED
ORD-1786976311050-9EE77DB0,CUST-00094,2025-12-12T22:07:28.645Z,26.07,CANCELLED
ORD-1786976311050-0B0D151B,CUST-00471,2025-12-14T08:29:00.807Z,213.08,PROCESSING
ORD-1786976311050-2BDA96A6,CUST-00235,2025-08-29T11:10:13.446Z,444.72,PROCESSING
ORD-1786976311050-FBCA73CA,CUST-00044,2025-03-27T08:49:49.853Z,468.21,PROCESSING
ORD-1786976311050-BC0B9638,CUST-00874,2025-10-23T04:05:09.249Z,329.08,SHIPPED
ORD-1786976311050-5BD28506,CUST-00766,2026-03-24T14:49:03.120Z,50.55,DELIVERED
ORD-1786976311050-D47088C5,CUST-00849,2025-08-13T04:19:03.269Z,48.76,PENDING
ORD-1786976311050-475B9CE2,CUST-00534,2025-11-21T08:54:28.765Z,102.95,DELIVERED
ORD-1786976311050-931B3E63,CUST-00213,2025-06-23T21:49:48.890Z,23.33,PENDING
ORD-1786976311050-4BBD381E,CUST-00995,2026-04-14T10:40:37.048Z,78.85,COMPLETED
ORD-1786976311050-3737DE6F,CUST-00367,2026-05-16T00:05:56.892Z,205.13,SHIPPED
ORD-INV-6500,,2026-05-10T10:00:00Z,120.00,PENDING
ORD-1786976311050-960A7876,CUST-00499,2025-03-08T15:36:18.935Z,442.52,DELIVERED
ORD-1786976311050-F90D0007,CUST-00579,2025-11-08T09:01:20.722Z,264.82,COMPLETED
ORD-1786976311050-9C7385FB,CUST-00895,2025-03-01T14:42:21.830Z,347.51,COMPLETED
ORD-1786976311050-1979DAE4,CUST-00137,2026-06-15T12:34:28.622Z,26.35,CANCELLED
ORD-1786976311050-6F328F70,CUST-00420,2026-07-19T18:30:04.956Z,319.41,PENDING
ORD-1786976311050-2A759D62,CUST-00419,2025-08-15T01:37:58.358Z,121.48,SHIPPED
ORD-1786976311050-211F5692,CUST-00172,2026-05-18T11:44:51.700Z,100.42,COMPLETED
ORD-1786976311050-1720065A,CUST-00692,2026-08-07T00:40:43.244Z,388.06,DELIVERED
ORD-1786976311050-B2F2E798,CUST-00229,2025-01-30T03:40:40.679Z,263.03,PENDING
ORD-1786976311050-B71F95D7,CUST-00014,2025-07-29T18:47:53.583Z,481.88,COMPLETED
ORD-1786976311050-1FC672CF,CUST-00106,2025-11-03T23:00:49.355Z,236.92,DELIVERED
ORD-1786976311050-EBC85E7D,CUST-00331,2025-03-01T02:39:56.516Z,381.79,DELIVERED
ORD-1786976311050-BE5991F9,CUST-00262,2026-04-19T17:31:50.885Z,41.06,DELIVERED
ORD-1786976311050-F21523CA,CUST-00573,2026-05-07T01:29:42.555Z,251.40,DELIVERED
ORD-1786976311050-42C82FDC,CUST-00217,2025-04-13T16:34:36.368Z,18.60,PENDING
ORD-1786976311050-47957FE8,CUST-00577,2025-06-16T14:40:16.494Z,504.17,COMPLETED
ORD-1786976311050-EB05A706,CUST-00173,2026-07-05T20:38:27.536Z,293.91,PENDING
ORD-1786976311050-5FEFDEE8,CUST-00492,2025-03-19T16:09:36.603Z,243.06,SHIPPED
ORD-1786976311050-3EAB7943,CUST-00373,2026-08-08T21:48:58.647Z,82.38,CANCELLED
ORD-1786976311050-5E89F291,CUST-00130,2025-08-04T10:42:58.378Z,86.71,DELIVERED
ORD-1786976311050-C19F8B06,CUST-00028,2026-06-22T20:21:10.378Z,32.14,CANCELLED
ORD-1786976311050-1AE3BEA0,CUST-00272,2025-08-29T10:30:27.548Z,273.38,PROCESSING
ORD-1786976311050-98C91AB5,CUST-00108,2025-04-09T18:30:01.929Z,144.57,PROCESSING
ORD-1786976311050-DBD9533E,CUST-00662,2025-03-11T00:29:23.470Z,157.50,PENDING
ORD-1786976311050-DC213E69,CUST-00481,2025-02-02T15:37:24.350Z,267.37,COMPLETED
ORD-1786976311050-99617C26,CUST-00433,2025-11-09T02:57:20.034Z,38.27,CANCELLED
ORD-1786976311050-AB95E7A3,CUST-00911,2026-07-03T19:34:25.912Z,217.82,DELIVERED
ORD-1786976311050-F331FAC4,CUST-00162,2025-07-29T07:06:18.229Z,130.92,DELIVERED
ORD-1786976311050-0FC53778,CUST-00652,2025-03-10T15:11:04.545Z,400.04,COMPLETED
ORD-1786976311050-DBC4DB37,CUST-00981,2025-08-19T16:16:26.621Z,81.03,PROCESSING
ORD-1786976311050-21E2FA29,CUST-00306,2025-06-23T09:59:49.421Z,116.98,CANCELLED
ORD-1786976311050-897BF35C,CUST-00877,2026-02-11T00:43:03.097Z,235.13,DELIVERED
ORD-1786976311050-59EE1E4E,CUST-00918,2025-04-14T06:44:42.122Z,109.88,COMPLETED
ORD-1786976311050-F121C25B,CUST-00726,2025-05-04T16:45:13.241Z,455.12,CANCELLED
ORD-1786976311050-8E7E9B3C,CUST-00421,2026-07-13T01:15:13.807Z,166.51,PROCESSING
ORD-1786976311050-24067100,CUST-00347,2026-01-09T18:00:22.959Z,224.62,PROCESSING
ORD-1786976311050-042AA0D9,CUST-00531,2025-10-18T03:47:37.309Z,108.60,PENDING
ORD-1786976311050-D7FFF337,CUST-00170,2025-11-25T14:16:34.951Z,463.95,DELIVERED
ORD-1786976311050-A054CE92,CUST-00215,2025-06-07T04:54:24.492Z,178.02,PROCESSING
ORD-1786976311050-D1AE16DB,CUST-00641,2025-08-05T23:26:37.533Z,308.57,DELIVERED
ORD-1786976311050-A2F81E1A,CUST-00315,2025-05-27T15:15:36.889Z,460.84,PENDING
ORD-1786976311050-311E7D8A,CUST-00402,2026-06-12T02:37:30.637Z,70.81,DELIVERED
ORD-1786976311050-99054DC5,CUST-00377,2026-04-23T04:32:06.450Z,457.31,COMPLETED
ORD-1786976311050-955A440D,CUST-00969,2026-01-28T01:15:34.309Z,82.69,PENDING
ORD-1786976311050-27501AFC,CUST-00039,2025-02-15T09:55:10.678Z,330.29,COMPLETED
ORD-1786976311050-E64E7F0F,CUST-00315,2025-11-15T19:01:24.850Z,509.52,PROCESSING
ORD-1786976311050-99BEABFE,CUST-00582,2025-11-10T04:15:53.215Z,243.77,SHIPPED
ORD-1786976311050-0A6F2B13,CUST-00374,2025-01-01T08:50:36.919Z,186.69,PROCESSING
ORD-1786976311050-289CE414,CUST-00325,2025-01-29T14:14:19.020Z,321.62,SHIPPED
ORD-1786976311050-F0B9DDB1,CUST-00221,2025-09-20T19:27:21.534Z,343.99,PENDING
ORD-1786976311050-08DB4ECF,CUST-00889,2025-09-16T10:52:36.404Z,144.07,CANCELLED
ORD-1786976311050-95A50928,CUST-00120,2025-11-24T12:36:34.503Z,500.32,COMPLETED
ORD-1786976311050-713FD52F,CUST-00630,2025-11-22T19:17:56.464Z,22.28,COMPLETED
ORD-1786976311050-C6F7632C,CUST-00059,2026-01-22T15:46:50.812Z,205.30,CANCELLED
ORD-1786976311050-6CDFA78C,CUST-00513,2025-05-27T15:13:43.392Z,456.31,SHIPPED
ORD-1786976311050-C29F88C5,CUST-00796,2026-02-19T19:16:41.278Z,17.51,COMPLETED
ORD-1786976311050-37A79FE1,CUST-00337,2025-10-10T03:52:13.495Z,140.81,COMPLETED
ORD-1786976311050-E8F60411,CUST-00082,2025-01-08T01:35:57.547Z,386.11,COMPLETED
ORD-1786976311050-AA097DBC,CUST-00483,2026-01-14T15:53:16.823Z,285.42,SHIPPED
ORD-1786976311050-1211BCC6,CUST-00813,2025-01-16T19:51:56.686Z,189.92,PROCESSING
ORD-1786976311050-0965E4DB,CUST-00271,2026-06-27T01:03:46.021Z,323.67,COMPLETED
ORD-1786976311050-DB0B0461,CUST-00577,2025-08-06T11:51:48.937Z,388.31,PENDING
ORD-1786976311050-BD203469,CUST-00646,2026-03-15T03:31:51.839Z,312.12,SHIPPED
ORD-1786976311050-5FD9C22C,CUST-00688,2026-01-04T19:26:41.547Z,481.18,PENDING
ORD-1786976311050-231508A9,CUST-00903,2025-12-22T08:05:02.472Z,180.74,SHIPPED
ORD-1786976311050-AA22053C,CUST-00317,2025-12-05T17:49:12.264Z,179.37,PROCESSING
ORD-1786976311050-EC38D7B6,CUST-00586,2026-07-17T03:09:20.504Z,92.83,PENDING
ORD-1786976311050-8952A06F,CUST-00815,2025-03-27T05:19:37.314Z,243.07,PENDING
ORD-1786976311050-433781C0,CUST-00355,2026-07-20T03:27:25.108Z,222.28,COMPLETED
ORD-1786976311050-E21E6F68,CUST-00801,2026-03-25T04:14:39.064Z,376.32,PROCESSING
ORD-1786976311050-C71E6428,CUST-00156,2025-04-15T13:59:55.411Z,472.00,PROCESSING
ORD-1786976311050-52AD12BA,CUST-00069,2026-03-09T11:40:44.393Z,215.88,DELIVERED
ORD-1786976311050-BE2A9768,CUST-00666,2026-02-03T04:07:55.231Z,460.39,CANCELLED
ORD-1786976311050-4C238BFF,CUST-00979,2025-10-01T23:34:59.384Z,416.51,PENDING
ORD-1786976311050-08CBA6AB,CUST-00460,2026-07-04T08:41:17.066Z,77.68,COMPLETED
ORD-1786976311050-85914543,CUST-00109,2025-04-30T01:32:35.613Z,277.09,PENDING
ORD-1786976311050-0DF67CB2,CUST-00543,2026-05-20T15:52:11.826Z,251.47,DELIVERED
ORD-1786976311050-78148C2A,CUST-00410,2025-01-20T05:03:31.778Z,314.22,SHIPPED
ORD-1786976311050-0CE5D0FE,CUST-00130,2025-03-08T20:10:03.500Z,274.31,SHIPPED
ORD-1786976311050-9D6F5E96,CUST-00008,2026-06-21T06:40:21.354Z,93.88,SHIPPED
ORD-1786976311050-E7AE96EC,CUST-00786,2026-06-27T19:59:43.145Z,406.86,SHIPPED
ORD-1786976311050-1B1F979D,CUST-00768,2025-08-01T18:30:26.472Z,35.50,SHIPPED
ORD-1786976311050-6A187B0A,CUST-00258,2026-02-26T06:01:12.022Z,99.84,DELIVERED
ORD-1786976311050-B8718BC6,CUST-00276,2025-02-08T17:32:54.965Z,151.08,COMPLETED
ORD-1786976311050-BDFA2A28,CUST-00747,2025-09-02T02:21:49.568Z,311.34,SHIPPED
ORD-1786976311050-5CF3EE2F,CUST-00447,2025-05-13T07:02:10.540Z,196.92,CANCELLED
ORD-1786976311050-0DE1AB62,CUST-00295,2026-01-28T16:08:14.166Z,150.73,DELIVERED
ORD-1786976311050-4D9CD3AA,CUST-00279,2025-08-08T15:21:34.750Z,136.72,COMPLETED
ORD-1786976311050-51348021,CUST-00665,2025-02-05T22:38:46.300Z,489.39,PROCESSING
ORD-1786976311050-2CF76759,CUST-00978,2025-11-12T21:46:54.337Z,113.69,COMPLETED
ORD-1786976311050-B5E0F818,CUST-00382,2026-04-24T14:50:19.444Z,206.91,COMPLETED
ORD-1786976311050-79DF041A,CUST-00605,2025-04-18T10:05:29.223Z,251.55,SHIPPED
ORD-1786976311050-052AE810,CUST-00032,2025-04-03T22:36:33.579Z,370.74,DELIVERED
ORD-1786976311050-9AE935D4,CUST-00186,2025-10-22T19:09:04.576Z,470.77,SHIPPED
ORD-1786976311050-6D0F1B9C,CUST-00634,2026-05-21T08:48:41.953Z,426.59,DELIVERED
ORD-1786976311050-056FC5D6,CUST-00494,2026-06-21T04:36:38.760Z,233.82,COMPLETED
ORD-1786976311050-4F130801,CUST-00469,2026-01-09T19:22:05.474Z,422.22,SHIPPED
ORD-1786976311050-CAD3C4EC,CUST-00971,2025-11-16T06:16:10.309Z,233.71,DELIVERED
ORD-1786976311050-BC3B12DC,CUST-00809,2025-10-28T10:47:15.147Z,494.35,PROCESSING
ORD-INV-6600,CUST-001,INVALID_DATE_FORMAT,99.99,PENDING
ORD-1786976311050-8169E29B,CUST-00153,2025-03-06T00:33:21.797Z,420.67,CANCELLED
ORD-1786976311050-0C5F4CEE,CUST-00446,2026-06-16T08:09:50.863Z,414.18,CANCELLED
ORD-1786976311050-25D7CDEF,CUST-00344,2025-03-27T21:46:57.266Z,414.57,DELIVERED
ORD-1786976311050-219890AA,CUST-00577,2025-11-24T23:59:12.449Z,83.92,SHIPPED
ORD-1786976311050-79FEA02C,CUST-00745,2026-03-03T04:34:53.880Z,338.03,PENDING
ORD-1786976311050-50E5948C,CUST-00985,2025-06-21T18:00:27.634Z,497.38,DELIVERED
ORD-1786976311050-E0DD87A2,CUST-00576,2025-07-10T03:15:00.989Z,362.60,PROCESSING
ORD-1786976311050-3D3B4506,CUST-00968,2025-01-26T08:28:47.251Z,150.42,COMPLETED
ORD-1786976311050-7EDF5401,CUST-00163,2025-07-06T22:33:14.823Z,310.85,PROCESSING
ORD-1786976311050-3B11C7E9,CUST-00501,2026-06-09T01:56:42.494Z,273.08,PENDING
ORD-1786976311050-1A7F6589,CUST-00724,2025-06-11T11:18:21.155Z,111.86,PROCESSING
ORD-1786976311050-934E4493,CUST-00022,2026-01-20T16:18:06.908Z,275.80,PROCESSING
ORD-1786976311050-F6EE3216,CUST-00541,2025-03-17T07:34:55.475Z,263.15,PROCESSING
ORD-1786976311050-E7B7CE7F,CUST-00281,2026-08-12T22:19:16.669Z,490.19,SHIPPED
ORD-1786976311050-AD06B2B5,CUST-00814,2026-04-11T15:43:03.564Z,268.67,COMPLETED
ORD-1786976311050-2DE18407,CUST-00681,2026-08-09T04:49:20.207Z,494.08,PROCESSING
ORD-1786976311050-8F20985E,CUST-00964,2025-03-18T17:15:01.255Z,446.75,CANCELLED
ORD-1786976311050-3A10A940,CUST-00115,2026-03-09T20:17:12.130Z,365.75,COMPLETED
ORD-1786976311050-5E9D2F4E,CUST-00289,2025-09-29T20:30:43.741Z,105.74,PROCESSING
ORD-1786976311050-4C2141B7,CUST-00583,2025-02-05T13:02:30.787Z,22.10,DELIVERED
ORD-1786976311050-0480E877,CUST-00492,2025-03-11T06:55:39.952Z,174.09,CANCELLED
ORD-1786976311050-422B3324,CUST-00714,2026-05-27T09:50:00.867Z,509.72,DELIVERED
ORD-1786976311050-16189E75,CUST-00936,2025-10-16T11:27:18.331Z,469.13,PENDING
ORD-1786976311050-DAD02419,CUST-00492,2025-12-30T11:03:06.716Z,232.72,CANCELLED
ORD-1786976311050-D1A54817,CUST-00967,2025-02-24T03:21:26.543Z,279.40,DELIVERED
ORD-1786976311050-6A3C53E0,CUST-00086,2025-04-20T15:27:00.323Z,153.70,COMPLETED
ORD-1786976311050-88082883,CUST-00349,2025-06-29T00:05:15.674Z,15.35,DELIVERED
ORD-1786976311050-79C647B5,CUST-00486,2026-01-16T09:31:52.853Z,491.47,DELIVERED
ORD-1786976311050-8C3AE42D,CUST-00286,2025-08-12T18:07:45.646Z,122.31,PENDING
ORD-1786976311050-4769AC09,CUST-00161,2026-05-30T23:56:15.172Z,381.07,PROCESSING
ORD-1786976311050-90FA97CA,CUST-00470,2025-09-02T03:25:44.040Z,189.68,PENDING
ORD-1786976311050-718BEABA,CUST-00852,2025-01-16T12:49:37.585Z,39.52,COMPLETED
ORD-1786976311050-FDF6117A,CUST-00821,2025-08-11T04:02:41.733Z,463.98,SHIPPED
ORD-1786976311050-0E081518,CUST-00482,2025-06-04T05:31:34.585Z,342.11,DELIVERED
ORD-1786976311050-3FF49D8A,CUST-00851,2025-10-07T09:22:31.635Z,498.30,PROCESSING
ORD-1786976311050-CC68DD23,CUST-00430,2025-05-19T11:31:20.472Z,16.90,CANCELLED
ORD-1786976311050-B861CA0D,CUST-00498,2026-04-01T18:14:55.454Z,107.68,CANCELLED
ORD-1786976311050-706AAFF3,CUST-00261,2026-02-25T01:21:21.889Z,150.55,PENDING
ORD-1786976311050-DE1D1422,CUST-00126,2026-07-05T08:04:35.561Z,373.05,CANCELLED
ORD-1786976311050-62E17FE5,CUST-00208,2025-08-07T20:25:31.898Z,192.92,PROCESSING
ORD-1786976311050-D0F6CD1F,CUST-00217,2025-02-15T08:08:56.538Z,155.88,SHIPPED
ORD-1786976311050-EF1D56BC,CUST-00912,2025-05-21T01:12:53.731Z,170.92,PENDING
ORD-1786976311050-FFB426E5,CUST-00736,2026-03-06T15:18:53.750Z,147.30,DELIVERED
ORD-1786976311050-9F7B6CD2,CUST-00920,2026-02-26T20:35:43.232Z,428.00,PENDING
ORD-1786976311050-EE0AECEE,CUST-00559,2025-01-28T07:40:08.978Z,121.49,PENDING
ORD-1786976311050-8C71D772,CUST-00256,2025-09-23T04:35:55.945Z,384.24,COMPLETED
ORD-1786976311050-2DEE1DFE,CUST-00420,2025-05-17T15:04:55.203Z,392.84,PROCESSING
ORD-1786976311050-95951AD8,CUST-00902,2025-09-12T18:27:22.208Z,321.53,PROCESSING
ORD-1786976311051-7BECAB36,CUST-00335,2026-02-03T08:58:49.064Z,104.32,SHIPPED
ORD-1786976311051-45D3704A,CUST-00656,2025-08-30T05:06:31.584Z,364.38,DELIVERED
ORD-1786976311051-85B4971B,CUST-00162,2026-01-11T10:48:13.017Z,58.21,PENDING
ORD-1786976311051-707CEAD6,CUST-00146,2025-06-11T15:46:14.621Z,160.01,CANCELLED
ORD-1786976311051-8B2D1B7D,CUST-00584,2025-07-19T02:27:29.567Z,365.03,PROCESSING
ORD-1786976311051-91957812,CUST-00246,2025-03-25T22:29:21.386Z,502.95,COMPLETED
ORD-1786976311051-62952C9E,CUST-00786,2025-04-19T00:04:29.357Z,412.45,COMPLETED
ORD-1786976311051-55ABECC8,CUST-00358,2025-04-21T20:44:11.952Z,341.19,PROCESSING
ORD-1786976311051-1756A3BD,CUST-00222,2026-05-27T02:06:35.914Z,359.09,DELIVERED
ORD-1786976311051-7093FEBB,CUST-00437,2025-08-15T04:07:10.955Z,204.28,PROCESSING
ORD-1786976311051-D4BDC557,CUST-00593,2025-01-22T07:04:39.028Z,446.78,DELIVERED
ORD-1786976311051-79115155,CUST-00621,2026-01-04T20:02:02.443Z,473.06,PROCESSING
ORD-1786976311051-403E4805,CUST-00096,2026-07-26T19:43:10.931Z,80.72,DELIVERED
ORD-1786976311051-79694040,CUST-00259,2026-03-24T16:27:56.005Z,138.47,SHIPPED
ORD-1786976311051-0067DADA,CUST-00099,2025-12-09T11:16:26.452Z,340.11,PENDING
ORD-1786976311051-A49BC1C5,CUST-00283,2025-04-05T00:16:37.149Z,500.48,DELIVERED
ORD-1786976311051-2A1B0DDC,CUST-00562,2025-02-10T22:35:37.771Z,218.51,PENDING
ORD-1786976311051-9009DA49,CUST-00355,2025-01-14T06:06:28.322Z,300.18,COMPLETED
ORD-1786976311051-CAFAC308,CUST-00430,2025-08-20T00:14:55.590Z,22.15,SHIPPED
ORD-1786976311051-1A4040B0,CUST-00281,2026-07-30T18:43:13.495Z,227.00,PROCESSING
ORD-1786976311051-CD57C10B,CUST-00708,2025-10-13T21:42:59.408Z,466.57,DELIVERED
ORD-1786976311051-720BD4A4,CUST-00200,2025-03-29T00:58:53.854Z,203.73,CANCELLED
ORD-1786976311051-898AB881,CUST-00771,2025-10-17T17:11:55.645Z,213.14,PENDING
ORD-1786976311051-4A03891C,CUST-00096,2025-11-20T03:36:16.919Z,118.90,COMPLETED
ORD-1786976311051-118026C9,CUST-00883,2026-07-08T00:21:26.027Z,135.30,SHIPPED
ORD-1786976311051-43927386,CUST-00969,2025-05-14T04:33:54.944Z,218.67,PENDING
ORD-1786976311051-C04408A7,CUST-00995,2025-08-24T09:15:46.805Z,382.71,SHIPPED
ORD-1786976311051-7D04DD1A,CUST-00812,2026-02-26T17:12:33.389Z,109.40,PENDING
ORD-1786976311051-E0AE33B8,CUST-00474,2026-03-27T03:29:58.470Z,126.42,DELIVERED
ORD-1786976311051-C9F2AF78,CUST-00646,2025-12-05T23:26:45.588Z,271.87,PENDING
ORD-1786976311051-10F1AAFA,CUST-00148,2025-04-26T06:35:40.029Z,462.83,SHIPPED
ORD-1786976311051-338796DD,CUST-00786,2025-11-25T20:31:47.477Z,388.56,PENDING
ORD-1786976311051-CD2CA92F,CUST-00771,2025-05-20T14:18:21.704Z,268.88,DELIVERED
ORD-1786976311051-C139D1EC,CUST-00550,2026-07-05T12:24:43.128Z,64.11,PROCESSING
ORD-1786976311051-4D3CF8BE,CUST-00402,2026-02-20T07:11:30.586Z,412.31,PROCESSING
ORD-1786976311051-2788CBA1,CUST-00059,2026-03-13T06:18:26.328Z,384.63,COMPLETED
ORD-1786976311051-43793140,CUST-00093,2025-08-31T10:23:31.832Z,449.16,CANCELLED
ORD-1786976311051-0C1119D9,CUST-00551,2025-02-08T09:29:57.599Z,241.19,CANCELLED
ORD-1786976311051-FEDD976F,CUST-00516,2026-07-31T06:14:25.801Z,490.29,PENDING
ORD-1786976311051-94EDA293,CUST-00245,2026-01-20T15:42:07.947Z,46.29,COMPLETED
ORD-1786976311051-90FBD9F2,CUST-00267,2025-03-11T11:36:44.859Z,301.56,DELIVERED
ORD-1786976311051-F48953F9,CUST-00024,2025-01-10T07:38:05.603Z,465.91,CANCELLED
ORD-1786976311051-533C9AD0,CUST-00453,2025-09-21T21:44:02.005Z,477.11,SHIPPED
ORD-1786976311051-B4B74CE7,CUST-00457,2025-12-14T14:30:19.781Z,14.77,PROCESSING
ORD-1786976311051-6BA3B427,CUST-00952,2026-07-25T10:00:56.044Z,137.26,PROCESSING
ORD-1786976311051-90E47DB4,CUST-00331,2026-03-12T06:52:17.871Z,141.38,SHIPPED
ORD-1786976311051-DB9C2291,CUST-00566,2026-05-13T10:59:13.394Z,193.65,DELIVERED
ORD-1786976311051-ECC677F9,CUST-00440,2025-09-25T02:24:37.499Z,338.94,SHIPPED
ORD-1786976311051-AA381996,CUST-00748,2025-06-08T22:48:58.481Z,235.95,SHIPPED
ORD-1786976311051-68F665BA,CUST-00474,2026-07-03T00:58:40.841Z,100.17,SHIPPED
ORD-1786976311051-C08D80C2,CUST-00830,2025-01-12T21:08:24.343Z,104.92,CANCELLED
ORD-INV-6700,CUST-002,2026-05-10T10:00:00Z,-50.00,COMPLETED
ORD-1786976311051-719A12DF,CUST-00246,2025-12-13T14:57:01.839Z,234.05,DELIVERED
ORD-1786976311051-FD7909B2,CUST-00208,2025-07-15T04:52:47.632Z,208.56,SHIPPED
ORD-1786976311051-0562F3E9,CUST-00533,2026-03-12T05:20:00.472Z,400.90,PENDING
ORD-1786976311051-01990E87,CUST-00585,2025-11-05T21:21:44.420Z,384.56,DELIVERED
ORD-1786976311051-27BE84F6,CUST-00559,2026-07-07T03:06:25.859Z,374.14,PENDING
ORD-1786976311051-50B05491,CUST-00716,2025-11-05T13:16:12.878Z,346.32,PROCESSING
ORD-1786976311051-023F1106,CUST-00049,2025-11-09T16:04:04.120Z,351.07,SHIPPED
ORD-1786976311051-8598B92F,CUST-00447,2025-02-24T13:57:06.785Z,112.60,PROCESSING
ORD-1786976311051-DE8D6040,CUST-00711,2026-05-17T16:34:10.682Z,323.99,CANCELLED
ORD-1786976311051-87B8434B,CUST-00275,2025-05-24T07:58:39.005Z,184.04,PENDING
ORD-1786976311051-526DF620,CUST-00451,2025-03-12T07:56:48.734Z,185.40,PENDING
ORD-1786976311051-E622CD56,CUST-00361,2026-05-03T08:29:38.669Z,377.77,DELIVERED
ORD-1786976311051-2CDF93C1,CUST-00282,2025-06-02T02:00:28.250Z,300.72,DELIVERED
ORD-1786976311051-0413AF49,CUST-00956,2026-02-23T08:36:54.378Z,347.11,CANCELLED
ORD-1786976311051-0405FFE8,CUST-00701,2025-12-22T08:34:29.573Z,164.86,PENDING
ORD-1786976311051-A96DD1E8,CUST-00332,2026-03-23T22:02:45.356Z,344.41,PROCESSING
ORD-1786976311051-41AFD516,CUST-00799,2025-02-09T11:49:33.528Z,183.15,PENDING
ORD-1786976311051-F9ED78B2,CUST-00007,2025-01-16T00:22:45.454Z,125.54,SHIPPED
ORD-1786976311051-FC5C610C,CUST-00242,2026-05-09T01:08:52.831Z,444.56,PROCESSING
ORD-1786976311051-83C52223,CUST-00545,2025-05-04T13:21:51.988Z,20.13,DELIVERED
ORD-1786976311051-FAF58B25,CUST-00623,2025-12-29T18:30:35.487Z,256.31,DELIVERED
ORD-1786976311051-EA9C5575,CUST-00751,2025-08-16T08:12:49.776Z,464.52,PROCESSING
ORD-1786976311051-D28E76DF,CUST-00510,2026-04-09T19:43:48.664Z,116.92,COMPLETED
ORD-1786976311051-4A8CE030,CUST-00503,2025-11-21T09:05:13.759Z,418.50,PROCESSING
ORD-1786976311051-226B8847,CUST-00549,2025-09-18T16:32:38.402Z,278.12,PENDING
ORD-1786976311051-D023A19F,CUST-00602,2025-01-25T14:17:18.828Z,15.81,CANCELLED
ORD-1786976311051-462F9AD0,CUST-00126,2026-01-04T02:11:52.205Z,370.79,PROCESSING
ORD-1786976311051-F4D28287,CUST-00708,2025-04-08T04:23:33.285Z,378.21,COMPLETED
ORD-1786976311051-BFC70ADE,CUST-00198,2025-09-20T17:31:01.676Z,357.22,CANCELLED
ORD-1786976311051-32CEA56F,CUST-00552,2025-09-18T04:14:42.496Z,118.99,COMPLETED
ORD-1786976311051-1522FBB5,CUST-00307,2025-09-20T13:40:13.323Z,89.99,SHIPPED
ORD-1786976311051-DB34F2A8,CUST-00502,2026-05-13T08:24:41.713Z,262.65,CANCELLED
ORD-1786976311051-A294914D,CUST-00896,2025-02-24T03:01:15.192Z,450.18,PROCESSING
ORD-1786976311051-CCE4FA42,CUST-00071,2025-09-22T19:27:37.011Z,258.89,SHIPPED
ORD-1786976311051-DB0596F6,CUST-00989,2026-03-19T13:58:09.553Z,437.75,COMPLETED
ORD-1786976311051-849FF4E3,CUST-00229,2025-01-15T09:45:25.793Z,340.25,SHIPPED
ORD-1786976311051-A54A0807,CUST-00942,2025-07-12T19:47:28.018Z,112.67,CANCELLED
ORD-1786976311051-D7D52F7B,CUST-00494,2025-05-06T01:58:02.429Z,360.71,PROCESSING
ORD-1786976311051-3E81CDAC,CUST-00165,2025-08-18T14:24:43.840Z,371.31,COMPLETED
ORD-1786976311051-6D7530FE,CUST-00058,2025-03-12T04:23:08.913Z,465.61,PROCESSING
ORD-1786976311051-FF548319,CUST-00612,2025-12-25T16:10:46.100Z,25.16,SHIPPED
ORD-1786976311051-92C1E761,CUST-00862,2026-03-31T04:45:38.849Z,323.48,PROCESSING
ORD-1786976311051-29B96A7F,CUST-00177,2025-03-23T19:24:34.692Z,208.29,SHIPPED
ORD-1786976311051-DF0D684D,CUST-00367,2025-12-10T07:47:00.581Z,170.05,DELIVERED
ORD-1786976311051-C81EBD7D,CUST-00536,2025-07-01T06:22:01.323Z,34.73,COMPLETED
ORD-1786976311051-FA493E1B,CUST-00841,2026-06-30T12:53:36.862Z,381.25,DELIVERED
ORD-1786976311051-0C4CB99D,CUST-00025,2026-08-04T10:09:58.470Z,299.69,COMPLETED
ORD-1786976311051-EFDD9F7C,CUST-00608,2026-05-04T01:57:07.242Z,455.47,PENDING
ORD-1786976311051-A576620E,CUST-00044,2026-02-17T18:45:04.752Z,64.58,CANCELLED
ORD-1786976311051-1B47004B,CUST-00874,2025-08-23T03:42:25.203Z,419.62,PROCESSING
ORD-1786976311051-FC86F598,CUST-00727,2026-04-14T06:36:52.828Z,386.50,PROCESSING
ORD-1786976311051-2CE89184,CUST-00910,2025-12-05T20:17:48.670Z,43.13,COMPLETED
ORD-1786976311051-4F6E4622,CUST-00108,2025-06-17T22:55:29.089Z,186.18,PENDING
ORD-1786976311051-8733F303,CUST-00671,2025-01-22T17:58:34.337Z,351.91,SHIPPED
ORD-1786976311051-1792F900,CUST-00516,2026-03-27T23:50:41.466Z,428.05,PENDING
ORD-1786976311051-C2A4EB2D,CUST-00950,2025-09-05T21:22:00.929Z,359.07,PROCESSING
ORD-1786976311051-EA4EDEDE,CUST-00892,2025-03-10T12:20:25.895Z,149.23,CANCELLED
ORD-1786976311051-CCD48CD0,CUST-00829,2026-08-01T04:11:09.434Z,107.70,PENDING
ORD-1786976311051-CA3365D8,CUST-00551,2026-02-14T11:12:12.964Z,304.26,PROCESSING
ORD-1786976311051-C8E76D58,CUST-00440,2025-03-17T17:45:36.331Z,447.16,PROCESSING
ORD-1786976311051-C9858CE1,CUST-00801,2025-06-05T16:48:59.474Z,95.08,CANCELLED
ORD-1786976311051-6DBE252A,CUST-00934,2026-04-25T04:24:10.315Z,90.57,PENDING
ORD-1786976311051-B5EC5B11,CUST-00563,2026-02-27T06:50:58.617Z,74.39,SHIPPED
ORD-1786976311051-0BAC9650,CUST-00325,2026-01-05T18:47:52.732Z,371.72,DELIVERED
ORD-1786976311051-9CCCF2E9,CUST-00295,2026-08-08T17:43:03.649Z,175.35,COMPLETED
ORD-1786976311051-C1FA9CBA,CUST-00374,2025-02-24T22:25:28.646Z,288.60,COMPLETED
ORD-1786976311051-A7008E2B,CUST-00660,2025-09-05T17:14:35.148Z,355.14,CANCELLED
ORD-1786976311051-1B6B8833,CUST-00860,2025-11-30T06:03:28.350Z,367.48,PROCESSING
ORD-1786976311051-2694F0BD,CUST-00709,2026-03-21T18:27:22.300Z,77.40,PENDING
ORD-1786976311051-2E77012F,CUST-00415,2026-06-10T02:18:37.247Z,289.78,SHIPPED
ORD-1786976311051-C028A874,CUST-00708,2026-05-15T17:43:54.661Z,378.86,SHIPPED
ORD-1786976311051-79EF4739,CUST-00396,2026-07-08T15:04:20.642Z,418.23,PENDING
ORD-1786976311051-942FF215,CUST-00902,2026-06-02T23:34:58.562Z,122.24,COMPLETED
ORD-1786976311051-91DE4E9F,CUST-00760,2025-07-15T19:12:53.994Z,52.66,COMPLETED
ORD-1786976311051-DB170548,CUST-00395,2025-10-08T16:28:56.935Z,443.40,COMPLETED
ORD-1786976311051-7CC70C67,CUST-00081,2025-08-20T00:31:10.792Z,394.59,PROCESSING
ORD-1786976311051-6D245F2C,CUST-00140,2025-11-03T07:52:59.158Z,368.12,SHIPPED
ORD-1786976311051-B449E2AE,CUST-00074,2025-02-01T15:11:44.278Z,329.63,DELIVERED
ORD-1786976311051-E0BC69CE,CUST-00321,2026-04-25T03:09:03.768Z,205.45,SHIPPED
ORD-1786976311051-A82E6FFA,CUST-00917,2025-12-25T16:45:10.295Z,75.67,SHIPPED
ORD-1786976311051-BA2D3D2B,CUST-00582,2025-12-15T14:08:11.564Z,153.69,DELIVERED
ORD-1786976311051-57A3D0EA,CUST-00772,2026-07-15T04:24:30.300Z,54.98,CANCELLED
ORD-1786976311051-22A042A2,CUST-00850,2026-05-19T22:28:34.156Z,114.67,CANCELLED
ORD-1786976311051-9337AA12,CUST-00744,2025-06-03T05:17:52.536Z,477.40,PENDING
ORD-1786976311051-EBA45655,CUST-00827,2025-02-11T02:02:02.911Z,210.71,DELIVERED
ORD-1786976311051-8A2449D8,CUST-00204,2025-04-23T22:52:05.037Z,428.83,DELIVERED
ORD-1786976311051-E96CE96F,CUST-00491,2026-03-20T05:35:51.380Z,458.73,PROCESSING
ORD-1786976311051-BCF4386A,CUST-00391,2025-01-09T15:39:37.374Z,505.90,COMPLETED
ORD-1786976311051-70438100,CUST-00118,2025-11-03T05:23:10.258Z,112.12,PROCESSING
ORD-1786976311051-7D206CB1,CUST-00599,2025-06-08T20:34:06.634Z,361.15,SHIPPED
ORD-1786976311051-FE50C433,CUST-00709,2025-08-30T22:45:22.020Z,328.06,PROCESSING
ORD-1786976311051-64145C0D,CUST-00704,2025-11-07T03:54:33.144Z,201.95,DELIVERED
ORD-1786976311051-70696F7F,CUST-00420,2025-06-07T23:15:53.185Z,15.91,CANCELLED
ORD-1786976311051-CF721F00,CUST-00179,2026-07-10T15:46:49.135Z,256.03,PENDING
ORD-1786976311051-68808967,CUST-00091,2025-07-09T22:36:18.620Z,506.15,PROCESSING
ORD-1786976311051-B2EC54CC,CUST-00062,2025-04-10T15:46:41.764Z,503.61,SHIPPED
ORD-1786976311051-DDE26FDB,CUST-00107,2026-06-24T07:08:47.274Z,149.93,DELIVERED
ORD-1786976311051-0077E4B7,CUST-00534,2025-06-25T07:34:54.993Z,489.48,COMPLETED
ORD-1786976311051-1A732080,CUST-00127,2025-07-06T07:40:58.253Z,503.24,PENDING
ORD-INV-6800,,2026-05-10T10:00:00Z,120.00,PENDING
ORD-1786976311051-EEE38A66,CUST-00028,2025-07-19T13:27:01.966Z,201.53,SHIPPED
ORD-1786976311051-FBF1C731,CUST-00237,2025-03-14T07:59:14.710Z,84.12,SHIPPED
ORD-1786976311051-F9CFFFB8,CUST-00769,2026-05-05T07:00:33.331Z,114.97,SHIPPED
ORD-1786976311051-869FC478,CUST-00548,2025-06-16T10:14:03.243Z,229.76,SHIPPED
ORD-1786976311051-34AB4507,CUST-00977,2026-07-27T19:33:34.952Z,352.04,SHIPPED
ORD-1786976311051-0CD202FF,CUST-00718,2026-04-23T12:20:13.467Z,65.72,COMPLETED
ORD-1786976311051-C88016E3,CUST-00938,2025-08-22T18:47:37.500Z,414.35,PROCESSING
ORD-1786976311051-8EB635FD,CUST-00488,2026-07-04T12:01:02.302Z,448.54,PROCESSING
ORD-1786976311051-F297E10E,CUST-00271,2025-11-08T19:40:19.988Z,497.07,SHIPPED
ORD-1786976311051-5FDA885E,CUST-00691,2025-08-06T07:56:10.561Z,311.34,PROCESSING
ORD-1786976311051-5DEDF11D,CUST-00043,2026-01-03T12:44:20.570Z,50.56,PENDING
ORD-1786976311051-1C3DA028,CUST-00796,2025-06-10T20:36:42.564Z,38.85,PROCESSING
ORD-1786976311051-1FDBE669,CUST-00739,2026-05-12T05:46:11.163Z,422.06,DELIVERED
ORD-1786976311051-34BF7851,CUST-00235,2025-05-23T11:00:38.450Z,35.68,DELIVERED
ORD-1786976311051-00198B16,CUST-00871,2025-12-02T18:20:32.779Z,350.13,PROCESSING
ORD-1786976311051-61E1A430,CUST-00992,2025-07-25T05:01:50.444Z,40.34,COMPLETED
ORD-1786976311051-6015EFE3,CUST-00904,2025-07-10T02:29:12.758Z,359.81,DELIVERED
ORD-1786976311051-2F667FF3,CUST-00820,2025-05-09T01:47:28.079Z,36.63,PENDING
ORD-1786976311051-AABDEE55,CUST-00922,2025-01-08T21:22:59.672Z,281.85,SHIPPED
ORD-1786976311051-C489FFB7,CUST-00552,2025-05-30T17:32:53.441Z,285.25,COMPLETED
ORD-1786976311051-154A8E26,CUST-00614,2025-05-06T16:25:39.746Z,307.85,COMPLETED
ORD-1786976311051-625B591E,CUST-00962,2026-03-26T05:13:41.623Z,347.20,COMPLETED
ORD-1786976311051-2DC02AEA,CUST-00808,2025-02-09T15:55:34.230Z,368.02,SHIPPED
ORD-1786976311051-846222C1,CUST-00127,2026-04-15T15:02:25.540Z,166.35,PROCESSING
ORD-1786976311051-AFE38D63,CUST-00278,2025-04-21T07:23:39.620Z,245.22,PENDING
ORD-1786976311051-E7CDE45A,CUST-00281,2026-03-30T23:08:57.631Z,412.85,PENDING
ORD-1786976311051-7C313117,CUST-00077,2026-05-20T10:51:26.277Z,420.87,PENDING
ORD-1786976311051-FDD5DAAC,CUST-00493,2025-08-25T05:27:32.061Z,294.82,DELIVERED
ORD-1786976311051-08261D36,CUST-00832,2025-12-21T04:46:02.638Z,35.72,PROCESSING
ORD-1786976311051-ED523EEA,CUST-00541,2025-12-08T16:15:59.969Z,330.00,CANCELLED
ORD-1786976311051-237E21DC,CUST-00433,2025-04-15T14:44:44.860Z,99.85,CANCELLED
ORD-1786976311051-3C0E02FF,CUST-00015,2025-09-05T08:44:36.500Z,388.38,PENDING
ORD-1786976311051-CFE01ECF,CUST-00360,2025-11-20T23:54:55.531Z,481.71,DELIVERED
ORD-1786976311051-85B435DB,CUST-00969,2025-07-18T00:18:14.996Z,454.52,PROCESSING
ORD-1786976311051-99AD76B2,CUST-00292,2025-05-14T11:49:09.028Z,359.29,DELIVERED
ORD-1786976311051-53CDFD16,CUST-00646,2025-08-10T09:42:35.513Z,475.47,SHIPPED
ORD-1786976311051-6CA21A0A,CUST-00246,2026-07-12T19:07:01.639Z,54.63,CANCELLED
ORD-1786976311051-82436554,CUST-00324,2025-05-28T19:46:59.514Z,26.70,DELIVERED
ORD-1786976311051-66E4059C,CUST-00948,2025-10-26T23:23:53.145Z,79.02,PROCESSING
ORD-1786976311052-E002CFB7,CUST-00896,2025-10-17T11:10:16.320Z,166.22,CANCELLED
ORD-1786976311052-7DF116C7,CUST-00656,2025-10-04T22:08:29.442Z,462.34,DELIVERED
ORD-1786976311052-A7DBA471,CUST-00045,2026-01-24T02:38:13.319Z,448.66,SHIPPED
ORD-1786976311052-40F5825B,CUST-00230,2025-06-13T16:50:26.518Z,233.16,DELIVERED
ORD-1786976311052-FE23E0E2,CUST-00295,2026-06-19T22:04:15.289Z,215.91,CANCELLED
ORD-1786976311052-20D94C02,CUST-00323,2025-03-16T06:23:39.608Z,395.09,CANCELLED
ORD-1786976311052-46E4B434,CUST-00825,2026-04-10T05:26:39.675Z,118.16,SHIPPED
ORD-1786976311052-0F5F162C,CUST-00975,2025-06-18T19:29:31.856Z,67.81,DELIVERED
ORD-1786976311052-DD155B59,CUST-00799,2025-09-07T16:45:32.375Z,227.78,PENDING
ORD-1786976311052-710DB4D2,CUST-00311,2026-06-03T07:34:05.103Z,296.63,DELIVERED
ORD-1786976311052-6875745E,CUST-00818,2026-04-07T05:08:46.479Z,182.75,DELIVERED
ORD-1786976311052-177D99A1,CUST-00740,2026-05-12T21:29:35.578Z,249.06,DELIVERED
ORD-1786976311052-7553A0E4,CUST-00494,2025-12-14T21:38:12.824Z,214.17,SHIPPED
ORD-1786976311052-507C9628,CUST-00360,2025-01-08T19:09:16.416Z,180.85,CANCELLED
ORD-1786976311052-0416B3DD,CUST-00989,2026-03-13T06:06:49.535Z,408.19,CANCELLED
ORD-1786976311052-35FE1116,CUST-00966,2025-11-29T14:13:17.158Z,339.29,DELIVERED
ORD-1786976311052-9B781B8A,CUST-00880,2025-08-21T11:28:46.929Z,130.39,COMPLETED
ORD-1786976311052-A54E7499,CUST-00602,2026-06-22T19:13:42.255Z,266.84,CANCELLED
ORD-1786976311052-8DAECB7F,CUST-00776,2025-11-12T12:18:30.772Z,445.40,COMPLETED
ORD-1786976311052-56371494,CUST-00470,2026-03-08T15:09:58.312Z,235.21,PROCESSING
ORD-1786976311052-E36605EA,CUST-00664,2025-03-25T21:27:24.112Z,364.56,PROCESSING
ORD-1786976311052-58E21CE6,CUST-00953,2025-01-10T11:39:53.586Z,250.50,COMPLETED
ORD-1786976311052-05EF8C11,CUST-00723,2025-09-30T08:20:20.356Z,64.14,PROCESSING
ORD-1786976311052-198B18A7,CUST-00996,2025-03-24T17:12:19.977Z,220.55,SHIPPED
ORD-1786976311052-89E84FF5,CUST-00906,2026-07-26T16:32:35.867Z,342.05,DELIVERED
ORD-1786976311052-8EBCBDBF,CUST-00952,2026-03-30T12:27:53.010Z,88.17,COMPLETED
ORD-1786976311052-BF2D7BA5,CUST-00162,2026-05-27T06:41:54.539Z,413.03,SHIPPED
ORD-1786976311052-F510EED5,CUST-00344,2026-02-24T16:19:14.701Z,31.91,COMPLETED
ORD-1786976311052-A87AE4B3,CUST-00317,2026-07-15T15:53:11.548Z,260.62,PENDING
ORD-1786976311052-4766DBD0,CUST-00586,2026-03-29T16:40:10.908Z,157.54,COMPLETED
ORD-1786976311052-7ABCA19A,CUST-00213,2026-03-29T10:08:11.553Z,215.01,PENDING
ORD-1786976311052-3F246E23,CUST-00762,2025-12-30T19:51:54.602Z,319.76,SHIPPED
ORD-1786976311052-4F0A04FD,CUST-00493,2025-08-23T12:56:59.433Z,73.17,SHIPPED
ORD-1786976311052-56A8231F,CUST-00361,2026-08-08T21:36:53.544Z,495.21,CANCELLED
ORD-1786976311052-FC3CAF8B,CUST-00440,2026-06-08T17:02:31.370Z,385.08,COMPLETED
ORD-1786976311052-E6D0AEC2,CUST-00731,2025-07-02T23:50:21.820Z,177.74,DELIVERED
ORD-1786976311052-59C7B800,CUST-00076,2025-12-22T07:47:28.403Z,156.93,SHIPPED
ORD-1786976311052-738972DD,CUST-00766,2025-12-02T14:24:48.399Z,412.85,PROCESSING
ORD-1786976311052-1B1B40EE,CUST-00119,2026-02-21T17:40:26.661Z,401.67,COMPLETED
ORD-1786976311052-F799FDBE,CUST-00688,2026-02-08T07:44:54.854Z,448.81,PENDING
ORD-1786976311052-8EC0C778,CUST-00428,2025-12-05T07:36:39.131Z,327.06,PROCESSING
ORD-1786976311052-7C578FAD,CUST-00187,2026-01-17T13:23:23.776Z,485.46,SHIPPED
ORD-1786976311052-678858D6,CUST-00549,2026-02-06T14:11:56.447Z,420.19,SHIPPED
ORD-1786976311052-42857A58,CUST-00253,2025-04-20T18:23:27.695Z,27.14,CANCELLED
ORD-1786976311052-7EF24801,CUST-00299,2025-10-29T12:19:02.976Z,45.27,PROCESSING
ORD-1786976311052-0CCA1603,CUST-00103,2025-01-14T07:30:47.379Z,280.08,DELIVERED
ORD-1786976311052-BE9ECB36,CUST-00782,2025-02-19T15:08:29.535Z,504.68,CANCELLED
ORD-1786976311052-B288CAF6,CUST-00656,2026-04-13T18:42:04.842Z,110.32,PENDING
ORD-1786976311052-E6A4FDF9,CUST-00648,2026-07-12T13:06:37.705Z,121.62,DELIVERED
ORD-1786976311052-184530E5,CUST-00290,2025-06-10T18:17:19.445Z,86.23,COMPLETED
ORD-1786976311052-AE5A7740,CUST-00444,2025-08-05T10:58:00.557Z,175.49,DELIVERED
ORD-1786976311052-473B6D89,CUST-00030,2026-02-10T09:53:29.320Z,285.31,COMPLETED
ORD-1786976311052-7B0CA0E2,CUST-00183,2025-08-17T11:57:29.514Z,58.49,CANCELLED
ORD-1786976311052-73F17BDF,CUST-00713,2025-10-23T14:17:14.336Z,378.13,SHIPPED
ORD-1786976311052-5853DDE9,CUST-00128,2025-12-13T06:27:37.299Z,396.59,DELIVERED
ORD-1786976311052-F8C6167B,CUST-00516,2026-01-14T04:12:02.707Z,41.55,DELIVERED
ORD-1786976311052-6699F212,CUST-00915,2025-07-20T09:59:32.543Z,160.47,PROCESSING
ORD-1786976311052-C3F86977,CUST-00100,2025-09-04T13:09:21.884Z,336.69,PROCESSING
ORD-1786976311052-D0A64FE2,CUST-00611,2025-10-22T06:22:04.040Z,147.95,DELIVERED
ORD-1786976311052-297DE907,CUST-00100,2025-05-25T14:18:27.563Z,437.59,PROCESSING
ORD-INV-6900,CUST-001,INVALID_DATE_FORMAT,99.99,PENDING
ORD-1786976311052-96009811,CUST-00867,2025-10-31T03:31:32.307Z,162.88,DELIVERED
ORD-1786976311052-D4589E67,CUST-00121,2026-05-19T12:27:58.053Z,33.11,PROCESSING
ORD-1786976311052-7A3AC067,CUST-00056,2026-02-28T11:38:43.081Z,462.59,CANCELLED
ORD-1786976311052-10685B22,CUST-00402,2025-12-30T03:37:16.723Z,123.17,PENDING
ORD-1786976311052-3984B00B,CUST-00176,2025-06-06T15:31:29.157Z,85.77,COMPLETED
ORD-1786976311052-B67AB533,CUST-00786,2026-08-13T11:59:43.795Z,41.59,DELIVERED
ORD-1786976311052-04D25E37,CUST-00440,2025-12-11T21:34:49.724Z,295.99,COMPLETED
ORD-1786976311052-5E89CF6F,CUST-00695,2025-05-12T22:16:31.928Z,370.45,COMPLETED
ORD-1786976311052-DC33B696,CUST-00714,2025-01-05T23:39:17.883Z,453.97,PROCESSING
ORD-1786976311052-65848A64,CUST-00496,2026-08-08T13:57:28.775Z,102.61,PENDING
ORD-1786976311052-B399A23C,CUST-00562,2025-04-21T00:32:03.941Z,99.22,CANCELLED
ORD-1786976311052-475A4960,CUST-00127,2025-01-28T10:17:11.916Z,422.29,COMPLETED
ORD-1786976311052-918FCE53,CUST-00221,2026-05-12T00:10:35.118Z,330.43,SHIPPED
ORD-1786976311052-9A30BF3E,CUST-00962,2025-01-30T03:40:14.490Z,121.92,CANCELLED
ORD-1786976311052-E822326B,CUST-00274,2025-07-17T05:14:12.026Z,505.31,CANCELLED
ORD-1786976311052-9C87924E,CUST-00720,2026-01-14T03:34:04.718Z,148.07,COMPLETED
ORD-1786976311052-73AA5C4F,CUST-00905,2025-07-02T23:13:14.777Z,285.14,COMPLETED
ORD-1786976311052-211AE181,CUST-00633,2026-02-11T22:35:48.895Z,436.54,PROCESSING
ORD-1786976311052-41D233CD,CUST-00681,2025-05-27T07:19:03.633Z,504.47,SHIPPED
ORD-1786976311052-A3E02973,CUST-00585,2025-11-21T13:00:19.970Z,200.84,PENDING
ORD-1786976311052-22FAD421,CUST-00921,2026-08-05T03:00:48.982Z,363.61,PROCESSING
ORD-1786976311052-D5333F63,CUST-00473,2026-06-26T20:40:30.638Z,270.45,SHIPPED
ORD-1786976311052-DC6704A4,CUST-00481,2025-01-27T23:47:32.552Z,381.75,PENDING
ORD-1786976311052-94FDBCAA,CUST-00029,2026-01-11T19:48:35.004Z,215.47,DELIVERED
ORD-1786976311052-198A96D1,CUST-00170,2025-10-31T23:10:42.017Z,193.52,PENDING
ORD-1786976311052-B03044FF,CUST-00683,2026-04-24T03:28:08.627Z,377.79,DELIVERED
ORD-1786976311052-7D70DC89,CUST-00405,2025-07-25T21:39:59.753Z,97.03,PENDING
ORD-1786976311052-4BED08E3,CUST-00352,2026-05-26T02:01:03.947Z,475.79,PENDING
ORD-1786976311052-600158CB,CUST-00394,2025-10-09T21:17:40.469Z,222.52,PENDING
ORD-1786976311052-C958C53F,CUST-00691,2025-03-25T17:55:54.851Z,245.75,PENDING
ORD-1786976311052-77C84EC6,CUST-00204,2026-04-29T16:35:36.156Z,136.51,PROCESSING
ORD-1786976311052-401F3C97,CUST-00344,2026-03-11T04:56:43.918Z,221.30,CANCELLED
ORD-1786976311052-7BA96B5D,CUST-00435,2025-05-03T07:16:04.372Z,269.98,DELIVERED
ORD-1786976311052-50F4DD03,CUST-00322,2026-05-21T23:19:01.666Z,21.21,CANCELLED
ORD-1786976311052-36326894,CUST-00884,2025-08-17T05:24:44.189Z,70.64,CANCELLED
ORD-1786976311052-88517518,CUST-00308,2025-03-03T09:53:08.591Z,506.48,DELIVERED
ORD-1786976311052-718E5C5C,CUST-00184,2025-06-12T20:13:11.243Z,443.92,COMPLETED
ORD-1786976311052-684DBCA4,CUST-00853,2026-04-27T21:37:31.553Z,127.42,COMPLETED
ORD-1786976311052-4C2D6413,CUST-00988,2025-04-19T13:00:42.379Z,424.14,PROCESSING
ORD-1786976311052-81D031C9,CUST-00583,2025-02-17T08:56:47.872Z,443.50,SHIPPED
ORD-1786976311052-9FB13BFB,CUST-00981,2026-05-16T19:16:16.365Z,271.65,DELIVERED
ORD-1786976311052-D2CEC6D2,CUST-00280,2025-07-29T09:39:59.712Z,90.12,PROCESSING
ORD-1786976311052-FC3847BF,CUST-00825,2026-03-20T10:10:33.996Z,143.40,CANCELLED
ORD-1786976311052-B5F9E02B,CUST-00329,2026-07-09T23:28:35.227Z,231.75,CANCELLED
ORD-1786976311052-AC05B6F8,CUST-00522,2025-10-12T04:44:31.615Z,297.58,PENDING
ORD-1786976311052-B950924A,CUST-00959,2025-01-14T12:46:21.789Z,507.97,PENDING
ORD-1786976311052-81C1BB98,CUST-00147,2026-07-19T22:47:26.742Z,271.97,CANCELLED
ORD-1786976311052-AF973415,CUST-00757,2026-05-15T09:29:23.416Z,53.98,COMPLETED
ORD-1786976311052-EA34C9E9,CUST-00280,2025-02-10T00:30:17.265Z,287.97,CANCELLED
ORD-1786976311052-013F25B2,CUST-00249,2025-03-12T23:47:30.443Z,304.19,DELIVERED
ORD-1786976311052-7565FD65,CUST-00180,2025-08-12T17:08:02.254Z,52.93,DELIVERED
ORD-1786976311052-97998FD8,CUST-00514,2025-07-14T07:55:37.504Z,509.88,CANCELLED
ORD-1786976311052-C13CA6BA,CUST-00910,2025-02-24T18:42:44.150Z,509.94,COMPLETED
ORD-1786976311052-DE378AF4,CUST-00769,2026-04-12T03:22:27.056Z,74.66,DELIVERED
ORD-1786976311052-9A5C4FA8,CUST-00346,2025-06-11T11:37:49.090Z,493.80,DELIVERED
ORD-1786976311052-4BBFC616,CUST-00727,2026-07-13T19:54:23.223Z,102.46,DELIVERED
ORD-1786976311052-08DEB6C5,CUST-00370,2026-04-10T21:29:35.892Z,345.99,DELIVERED
ORD-1786976311052-6CF9F307,CUST-00774,2025-07-22T23:10:29.292Z,346.79,CANCELLED
ORD-1786976311052-BA2F946A,CUST-00388,2026-01-06T21:33:19.216Z,229.87,COMPLETED
ORD-1786976311052-92020BE7,CUST-00331,2025-10-21T17:01:26.324Z,121.62,CANCELLED
ORD-1786976311052-968C746B,CUST-00795,2025-07-05T06:40:53.120Z,493.76,CANCELLED
ORD-1786976311052-3F10F552,CUST-00307,2026-06-12T09:07:32.342Z,359.28,COMPLETED
ORD-1786976311052-B5ABE68E,CUST-00834,2025-06-27T19:00:40.066Z,236.11,PROCESSING
ORD-1786976311052-56827E82,CUST-00406,2025-07-21T22:09:34.329Z,433.73,PENDING
ORD-1786976311052-6AA1C10E,CUST-00021,2026-01-23T06:04:17.968Z,74.18,COMPLETED
ORD-1786976311052-C079A772,CUST-00422,2026-02-11T04:35:12.355Z,473.90,SHIPPED
ORD-1786976311052-99625571,CUST-00334,2025-05-28T21:02:58.037Z,162.20,PROCESSING
ORD-1786976311052-7E6670E1,CUST-00559,2025-04-19T10:07:34.208Z,269.64,SHIPPED
ORD-1786976311052-01B1ADF1,CUST-00161,2025-11-22T20:53:45.372Z,430.67,SHIPPED
ORD-1786976311052-1171A31E,CUST-00102,2025-01-21T14:53:29.512Z,55.57,DELIVERED
ORD-1786976311052-C766C4A7,CUST-00453,2025-03-21T17:25:19.509Z,55.50,DELIVERED
ORD-1786976311052-E85CEF87,CUST-00734,2025-08-31T16:36:29.586Z,22.31,SHIPPED
ORD-1786976311052-5823FBBF,CUST-00527,2025-01-08T07:42:22.196Z,221.57,COMPLETED
ORD-1786976311052-28624158,CUST-00696,2026-07-02T17:50:28.889Z,165.39,PENDING
ORD-1786976311052-D4BDD475,CUST-00956,2025-01-07T23:45:37.861Z,308.32,CANCELLED
ORD-1786976311052-E2C35DC0,CUST-00663,2025-04-25T05:37:56.036Z,101.81,PROCESSING
ORD-1786976311052-C93B2545,CUST-00015,2026-06-05T16:41:10.989Z,156.17,DELIVERED
ORD-1786976311052-1A35807F,CUST-00451,2025-04-21T15:55:47.489Z,397.15,DELIVERED
ORD-1786976311052-6BD44D2C,CUST-00088,2026-08-08T18:43:45.287Z,372.48,SHIPPED
ORD-1786976311052-584E481C,CUST-00647,2025-09-15T15:57:21.859Z,492.60,SHIPPED
ORD-1786976311052-6B3171AF,CUST-00361,2026-03-25T05:30:23.428Z,500.49,SHIPPED
ORD-1786976311052-CB86CF77,CUST-00465,2026-05-07T02:09:24.516Z,236.42,PROCESSING
ORD-1786976311052-920FAD6D,CUST-00210,2026-02-16T10:57:14.403Z,29.64,DELIVERED
ORD-1786976311052-1CE12682,CUST-00222,2025-12-05T19:49:53.880Z,37.69,COMPLETED
ORD-1786976311052-36DDDBEA,CUST-00491,2025-09-04T19:51:36.294Z,449.58,PENDING
ORD-1786976311052-1F9A5954,CUST-00594,2026-03-30T05:30:47.630Z,106.66,COMPLETED
ORD-1786976311052-40A6008D,CUST-00439,2025-05-16T14:38:25.900Z,359.91,CANCELLED
ORD-1786976311052-96416FFA,CUST-00268,2026-07-30T16:58:58.960Z,11.46,PROCESSING
ORD-1786976311052-1C1430D1,CUST-00860,2025-10-27T17:57:42.941Z,153.86,SHIPPED
ORD-1786976311052-788161EF,CUST-00595,2025-02-16T08:37:02.786Z,198.90,DELIVERED
ORD-1786976311052-D61725FC,CUST-00066,2025-10-01T13:35:52.143Z,417.42,PENDING
ORD-1786976311052-BFA89D47,CUST-00783,2025-10-14T15:30:06.034Z,302.63,PROCESSING
ORD-1786976311052-D2CC4187,CUST-00146,2025-05-29T22:42:12.098Z,256.29,DELIVERED
ORD-1786976311052-7C4B6A84,CUST-00012,2026-01-25T17:27:01.216Z,149.68,DELIVERED
ORD-1786976311052-2C82223C,CUST-00613,2026-05-31T13:06:39.536Z,371.84,SHIPPED
ORD-1786976311052-F2AEF196,CUST-00505,2025-11-25T15:36:11.652Z,219.59,PROCESSING
ORD-1786976311052-4ACA233B,CUST-00988,2026-01-15T14:35:01.505Z,25.00,PROCESSING
ORD-1786976311052-C3F04F49,CUST-00702,2025-05-04T04:53:41.191Z,244.26,COMPLETED
ORD-1786976311052-A37ADA4B,CUST-00009,2025-02-28T02:08:36.377Z,192.75,COMPLETED
ORD-INV-7000,CUST-002,2026-05-10T10:00:00Z,-50.00,COMPLETED
ORD-1786976311052-9165CEBC,CUST-00904,2026-07-10T23:22:49.616Z,129.56,PENDING
ORD-1786976311052-F784AC50,CUST-00968,2026-06-30T09:40:58.814Z,251.39,COMPLETED
ORD-1786976311052-2D771BD9,CUST-00758,2025-09-24T19:39:57.215Z,231.35,DELIVERED
ORD-1786976311052-6722D154,CUST-00574,2026-05-15T04:18:59.078Z,286.08,SHIPPED
ORD-1786976311052-87CD5A86,CUST-00240,2025-01-23T22:40:40.415Z,358.55,CANCELLED
ORD-1786976311052-D6CC16E5,CUST-00054,2025-10-30T21:31:38.628Z,273.76,COMPLETED
ORD-1786976311052-CFF3D315,CUST-00375,2025-10-20T07:56:50.471Z,467.66,DELIVERED
ORD-1786976311052-2BFD9D8B,CUST-00611,2025-05-27T13:01:03.472Z,179.41,DELIVERED
ORD-1786976311052-A832A71E,CUST-00713,2026-03-12T20:48:37.986Z,145.35,COMPLETED
ORD-1786976311052-DF4ADC69,CUST-00696,2025-08-23T04:56:19.332Z,379.00,CANCELLED
ORD-1786976311052-940E9836,CUST-00669,2025-12-10T16:20:09.747Z,331.13,PENDING
ORD-1786976311052-CBF1D28E,CUST-00075,2026-05-21T18:53:56.960Z,410.72,CANCELLED
ORD-1786976311052-7BABCB48,CUST-00874,2025-08-19T19:19:42.692Z,69.78,CANCELLED
ORD-1786976311052-DAC8834C,CUST-00268,2025-11-09T16:54:16.582Z,209.82,PROCESSING
ORD-1786976311052-CCC1B4E3,CUST-00260,2025-04-05T05:29:30.797Z,67.99,SHIPPED
ORD-1786976311052-72BD6989,CUST-00146,2025-08-11T07:44:47.832Z,88.51,CANCELLED
ORD-1786976311052-F34C232D,CUST-00892,2025-06-27T02:41:05.217Z,55.17,PROCESSING
ORD-1786976311052-2BEC433E,CUST-00523,2026-08-03T05:53:19.510Z,491.54,PENDING
ORD-1786976311052-6634FEDE,CUST-00074,2025-11-09T19:35:54.597Z,150.86,PROCESSING
ORD-1786976311052-B5CB0C12,CUST-00088,2025-11-27T21:15:39.810Z,167.08,PENDING
ORD-1786976311052-12A160F2,CUST-00677,2025-05-28T20:12:29.668Z,72.69,PENDING
ORD-1786976311052-2FA1D22E,CUST-00415,2025-12-15T02:57:32.837Z,395.39,PENDING
ORD-1786976311052-39713288,CUST-00930,2026-01-28T14:34:30.276Z,145.31,PENDING
ORD-1786976311052-683083C2,CUST-00505,2026-02-03T22:11:15.928Z,438.22,PENDING
ORD-1786976311052-17DFCBF1,CUST-00748,2025-10-08T18:28:56.261Z,11.48,CANCELLED
ORD-1786976311052-1A8A403D,CUST-00419,2025-02-25T19:49:57.159Z,157.07,SHIPPED
ORD-1786976311052-941699FB,CUST-00742,2025-12-31T12:58:30.096Z,480.86,SHIPPED
ORD-1786976311052-29E2C955,CUST-00352,2026-02-02T11:28:42.225Z,415.73,PENDING
ORD-1786976311052-CF5D82B4,CUST-00714,2026-06-16T07:38:25.412Z,314.18,COMPLETED
ORD-1786976311052-F9AC4DFB,CUST-00692,2025-09-17T16:33:01.187Z,420.34,DELIVERED
ORD-1786976311052-BD4FC01C,CUST-00273,2026-04-04T23:14:49.214Z,71.87,PROCESSING
ORD-1786976311052-B276AF1F,CUST-00984,2025-12-20T20:02:30.867Z,31.58,SHIPPED
ORD-1786976311052-A4642F3D,CUST-00818,2025-07-24T01:59:41.826Z,214.27,DELIVERED
ORD-1786976311052-0630AC06,CUST-00009,2025-06-07T11:53:44.056Z,100.51,CANCELLED
ORD-1786976311052-CC0C4644,CUST-00505,2025-07-09T01:35:46.633Z,211.90,COMPLETED
ORD-1786976311052-F021D6A0,CUST-00629,2026-07-17T20:50:12.410Z,438.71,PROCESSING
ORD-1786976311052-0B099A87,CUST-00051,2026-04-30T11:27:25.526Z,499.51,CANCELLED
ORD-1786976311052-45D0E335,CUST-00225,2026-05-14T20:06:11.230Z,317.49,PROCESSING
ORD-1786976311052-63434D33,CUST-00092,2026-04-19T01:37:17.481Z,117.78,PROCESSING
ORD-1786976311052-5779475A,CUST-00585,2026-01-31T16:52:02.207Z,20.86,PENDING
ORD-1786976311053-9DAE67CA,CUST-00804,2025-03-07T06:31:48.576Z,184.63,DELIVERED
ORD-1786976311053-D6802CDD,CUST-00159,2026-05-22T08:06:06.862Z,128.40,SHIPPED
ORD-1786976311053-9470A85B,CUST-00472,2025-02-10T23:21:10.543Z,195.31,DELIVERED
ORD-1786976311053-755C2EA0,CUST-00292,2025-01-08T23:25:27.711Z,293.12,CANCELLED
ORD-1786976311053-A89DF2A0,CUST-00709,2026-05-28T12:54:39.945Z,196.45,PROCESSING
ORD-1786976311053-270F3182,CUST-00642,2025-10-30T12:58:28.525Z,438.79,DELIVERED
ORD-1786976311053-DD87D779,CUST-00477,2026-04-28T18:04:14.105Z,150.60,SHIPPED
ORD-1786976311053-2A53CAB0,CUST-00900,2026-06-19T11:03:59.628Z,68.90,PENDING
ORD-1786976311053-100B37FC,CUST-00726,2026-07-02T12:27:23.198Z,475.65,PENDING
ORD-1786976311053-DB8DEF21,CUST-00499,2026-01-26T08:17:13.990Z,421.55,PENDING
ORD-1786976311053-1DE50F31,CUST-00731,2026-08-05T18:35:49.587Z,453.14,SHIPPED
ORD-1786976311053-41FC654F,CUST-00937,2025-10-04T18:08:12.142Z,340.52,SHIPPED
ORD-1786976311053-CF161CCA,CUST-00855,2025-08-16T06:41:17.892Z,31.57,PENDING
ORD-1786976311053-0D39AE06,CUST-00847,2025-11-05T16:05:20.664Z,208.14,DELIVERED
ORD-1786976311053-87985842,CUST-00351,2025-10-14T20:39:31.142Z,492.11,PROCESSING
ORD-1786976311053-57E6953E,CUST-00619,2026-08-06T14:36:25.932Z,248.35,CANCELLED
ORD-1786976311053-7759787D,CUST-00797,2025-07-13T14:03:10.800Z,34.76,COMPLETED
ORD-1786976311053-0C7880AB,CUST-00404,2026-04-03T18:25:52.258Z,395.54,PROCESSING
ORD-1786976311053-1ADA3C11,CUST-00700,2025-06-12T06:45:52.624Z,340.10,COMPLETED
ORD-1786976311053-CEB7613F,CUST-00718,2025-11-07T21:11:37.338Z,188.13,CANCELLED
ORD-1786976311053-C38B5F4D,CUST-00158,2025-11-17T18:21:34.795Z,270.87,PROCESSING
ORD-1786976311053-C90EA9A0,CUST-00813,2025-08-18T19:23:15.644Z,479.43,SHIPPED
ORD-1786976311053-2A3E7307,CUST-00980,2025-09-08T04:39:08.319Z,67.39,PENDING
ORD-1786976311053-68B5C000,CUST-00357,2025-04-26T04:30:24.885Z,310.13,CANCELLED
ORD-1786976311053-34E24D52,CUST-00460,2025-02-22T10:25:45.461Z,396.58,PENDING
ORD-1786976311053-DB3F8E09,CUST-00572,2025-08-23T06:47:26.145Z,271.25,SHIPPED
ORD-1786976311053-158849DF,CUST-00470,2025-08-18T12:18:29.651Z,124.81,PENDING
ORD-1786976311053-1A43271E,CUST-00694,2025-08-26T00:13:01.584Z,316.00,DELIVERED
ORD-1786976311053-00EF4601,CUST-00419,2026-04-16T08:01:35.278Z,196.40,PROCESSING
ORD-1786976311053-3080BDEA,CUST-00770,2025-05-31T21:48:14.212Z,380.07,COMPLETED
ORD-1786976311053-C765BF20,CUST-00196,2026-03-11T16:32:15.418Z,80.14,DELIVERED
ORD-1786976311053-0EC32FE8,CUST-00924,2025-11-22T04:47:00.387Z,222.50,COMPLETED
ORD-1786976311053-D620A165,CUST-00517,2025-01-10T08:30:14.908Z,30.79,PROCESSING
ORD-1786976311053-EE7344FA,CUST-00442,2026-01-20T08:04:37.726Z,189.64,SHIPPED
ORD-1786976311053-AA65B5B1,CUST-00390,2026-06-17T17:38:22.447Z,494.82,COMPLETED
ORD-1786976311053-A57CDD00,CUST-00455,2025-01-18T04:15:48.860Z,151.98,PROCESSING
ORD-1786976311053-61F5B7D5,CUST-00256,2025-06-16T02:44:08.243Z,501.21,DELIVERED
ORD-1786976311053-89DE59E4,CUST-00473,2025-11-24T08:02:40.606Z,253.03,PENDING
ORD-1786976311053-517FC14C,CUST-00827,2026-01-14T03:08:58.342Z,329.71,COMPLETED
ORD-1786976311053-B3D32B28,CUST-00297,2026-05-31T11:33:54.165Z,260.11,COMPLETED
ORD-1786976311053-FE4FF8EC,CUST-00163,2025-01-10T03:09:47.551Z,135.18,PENDING
ORD-1786976311053-65E6203C,CUST-00158,2026-03-19T08:14:03.888Z,391.13,PROCESSING
ORD-1786976311053-B0D78A1C,CUST-00212,2025-07-31T15:14:05.051Z,10.98,COMPLETED
ORD-1786976311053-2B8CBE01,CUST-00622,2025-12-25T13:11:08.327Z,489.69,SHIPPED
ORD-1786976311053-112DE6DF,CUST-00867,2025-03-19T16:24:14.707Z,331.96,CANCELLED
ORD-1786976311053-420B5E8D,CUST-00470,2026-06-10T04:33:36.858Z,506.23,PENDING
ORD-1786976311053-FA35FC23,CUST-00056,2025-01-09T04:32:10.162Z,288.74,DELIVERED
ORD-1786976311053-D58771DC,CUST-00491,2025-08-11T22:04:57.270Z,40.04,SHIPPED
ORD-1786976311053-F28E05A7,CUST-00197,2025-07-11T11:40:36.927Z,339.84,PROCESSING
ORD-1786976311053-EB9C2F69,CUST-00786,2025-03-27T22:45:54.800Z,49.65,PROCESSING
ORD-1786976311053-0D31E7DA,CUST-00394,2025-03-31T20:47:24.384Z,33.25,CANCELLED
ORD-1786976311053-10EA1E82,CUST-00747,2026-02-20T10:55:21.812Z,341.01,PENDING
ORD-1786976311053-7B9DB0C7,CUST-00185,2025-10-19T11:14:21.583Z,266.09,CANCELLED
ORD-1786976311053-2747617C,CUST-00782,2025-01-22T09:19:49.033Z,490.72,SHIPPED
ORD-1786976311053-C66B8A50,CUST-00458,2026-07-22T14:24:15.446Z,391.63,SHIPPED
ORD-1786976311053-39E49BB4,CUST-00229,2026-02-23T23:03:38.748Z,140.91,PROCESSING
ORD-1786976311053-9D04DA2C,CUST-00456,2025-03-16T01:39:21.689Z,200.68,PENDING
ORD-1786976311053-2ABEED7D,CUST-00971,2026-06-18T08:25:53.883Z,394.53,COMPLETED
ORD-1786976311053-74AD8B98,CUST-00858,2026-05-11T06:35:50.210Z,161.26,PROCESSING
ORD-INV-7100,,2026-05-10T10:00:00Z,120.00,PENDING
ORD-1786976311053-224A4A9E,CUST-00189,2025-06-11T03:49:35.933Z,284.82,SHIPPED
ORD-1786976311053-0D43C4C8,CUST-00068,2025-05-01T12:34:34.797Z,249.23,SHIPPED
ORD-1786976311053-B3D5BE5A,CUST-00677,2025-10-25T00:14:09.515Z,98.17,DELIVERED
ORD-1786976311053-50494E0F,CUST-00350,2025-02-02T04:42:20.827Z,228.95,PENDING
ORD-1786976311053-862E6C51,CUST-00645,2026-01-18T13:07:20.628Z,32.81,CANCELLED
ORD-1786976311053-404CF782,CUST-00495,2025-08-10T20:40:32.067Z,494.80,PROCESSING
ORD-1786976311053-CE245108,CUST-00745,2026-03-29T10:50:53.048Z,505.92,PENDING
ORD-1786976311053-42CE80B8,CUST-00922,2026-03-30T21:25:55.907Z,324.51,PROCESSING
ORD-1786976311053-E3A29118,CUST-00342,2025-01-06T04:39:30.244Z,319.32,PENDING
ORD-1786976311053-B1819678,CUST-00149,2026-06-07T01:52:02.684Z,138.35,SHIPPED
ORD-1786976311053-0601102F,CUST-00200,2025-12-12T17:09:05.715Z,430.78,COMPLETED
ORD-1786976311053-055B8A28,CUST-00710,2025-10-29T13:24:25.012Z,159.70,SHIPPED
ORD-1786976311053-116F77DC,CUST-00790,2025-11-06T08:07:42.011Z,165.09,CANCELLED
ORD-1786976311053-2D84BDA2,CUST-00056,2025-12-22T16:47:16.920Z,298.09,SHIPPED
ORD-1786976311053-86F43B59,CUST-00874,2026-06-04T02:32:15.620Z,50.76,SHIPPED
ORD-1786976311053-7A36D80D,CUST-00664,2026-03-23T20:52:11.935Z,15.60,PENDING
ORD-1786976311053-82EA28A1,CUST-00076,2026-05-14T01:03:45.998Z,49.20,PENDING
ORD-1786976311053-8D24587E,CUST-00439,2025-07-01T03:59:26.694Z,94.47,PENDING
ORD-1786976311053-B039FE20,CUST-00597,2026-01-01T13:57:08.031Z,118.77,COMPLETED
ORD-1786976311053-5839A3D5,CUST-00862,2026-06-20T21:47:01.084Z,95.41,PROCESSING
ORD-1786976311053-E0FEE00A,CUST-00227,2026-05-27T04:08:57.792Z,21.36,COMPLETED
ORD-1786976311053-B8524385,CUST-00421,2025-09-30T05:51:16.763Z,17.78,COMPLETED
ORD-1786976311053-5A360592,CUST-00980,2026-07-07T21:56:33.621Z,155.14,PROCESSING
ORD-1786976311053-0379487D,CUST-00247,2026-01-11T05:54:50.105Z,95.45,PROCESSING
ORD-1786976311053-DC1066A0,CUST-00263,2025-07-21T15:05:12.611Z,200.86,PENDING
ORD-1786976311053-09DA44F1,CUST-00308,2025-06-05T21:20:26.520Z,123.11,DELIVERED
ORD-1786976311053-C83B8735,CUST-00015,2025-12-26T11:00:51.910Z,50.36,COMPLETED
ORD-1786976311053-BDADD9C5,CUST-00513,2025-10-25T12:06:58.332Z,21.44,PENDING
ORD-1786976311053-016DBBAA,CUST-00783,2026-07-26T09:52:50.458Z,442.08,COMPLETED
ORD-1786976311053-E571E7F3,CUST-00147,2025-01-06T00:49:11.325Z,263.19,DELIVERED
ORD-1786976311053-AC3AA7D9,CUST-00978,2026-01-15T09:39:54.682Z,374.31,SHIPPED
ORD-1786976311053-9B87D987,CUST-00182,2025-06-29T21:30:27.812Z,465.47,COMPLETED
ORD-1786976311053-2578FC6F,CUST-00476,2025-05-08T02:19:19.909Z,240.22,COMPLETED
ORD-1786976311053-914B6EE8,CUST-00673,2025-08-27T10:22:24.681Z,244.07,PROCESSING
ORD-1786976311053-5AEFB31B,CUST-00146,2026-05-11T05:19:19.639Z,278.33,PENDING
ORD-1786976311053-6823C8BB,CUST-00982,2025-10-16T11:31:17.155Z,434.56,DELIVERED
ORD-1786976311053-4D67F3F1,CUST-00235,2025-11-02T10:33:34.907Z,343.41,COMPLETED
ORD-1786976311053-B6435AAA,CUST-00879,2025-03-07T16:54:29.750Z,508.04,PROCESSING
ORD-1786976311053-D551E3C6,CUST-00654,2025-09-07T04:25:33.637Z,383.60,SHIPPED
ORD-1786976311053-BEA7021C,CUST-00494,2025-02-21T00:15:01.878Z,119.51,CANCELLED
ORD-1786976311053-07C115E5,CUST-00135,2026-07-19T21:03:12.737Z,258.12,CANCELLED
ORD-1786976311053-D9151FF9,CUST-00150,2025-11-29T03:46:08.213Z,327.55,COMPLETED
ORD-1786976311053-71EBE435,CUST-00735,2025-11-22T03:44:29.322Z,366.36,CANCELLED
ORD-1786976311053-5026BC8C,CUST-00272,2025-06-24T15:45:58.519Z,468.39,COMPLETED
ORD-1786976311053-36E9B2FE,CUST-00891,2025-01-06T11:49:27.541Z,164.20,CANCELLED
ORD-1786976311053-11670358,CUST-00043,2026-01-04T02:43:48.848Z,207.03,SHIPPED
ORD-1786976311053-2709450D,CUST-00094,2025-08-10T10:52:22.505Z,253.80,SHIPPED
ORD-1786976311053-98FFA272,CUST-00712,2025-01-03T01:59:05.787Z,86.16,SHIPPED
ORD-1786976311053-4F58039E,CUST-00767,2026-07-10T12:51:53.969Z,396.58,SHIPPED
ORD-1786976311053-F93D0EAD,CUST-00175,2025-09-17T14:40:14.262Z,455.67,COMPLETED
ORD-1786976311053-577893AD,CUST-00402,2026-06-08T06:05:09.914Z,231.01,COMPLETED
ORD-1786976311053-A7D8AFA7,CUST-00170,2025-12-02T18:59:06.215Z,317.28,CANCELLED
ORD-1786976311053-08B38790,CUST-00484,2026-03-23T21:24:03.974Z,279.29,CANCELLED
ORD-1786976311053-AC595F38,CUST-00001,2025-07-14T16:24:16.252Z,38.27,PENDING
ORD-1786976311053-2392EDF5,CUST-00549,2026-03-05T16:02:24.762Z,215.66,COMPLETED
ORD-1786976311053-F5B7DC68,CUST-00276,2025-01-23T22:00:24.716Z,263.14,PROCESSING
ORD-1786976311053-21CFCED9,CUST-00741,2025-01-22T05:01:37.337Z,140.12,COMPLETED
ORD-1786976311053-4295658F,CUST-00151,2025-05-23T05:43:27.177Z,263.33,SHIPPED
ORD-1786976311053-4FC8AFD4,CUST-00456,2026-05-06T04:02:34.949Z,320.81,CANCELLED
ORD-1786976311053-8694746F,CUST-00264,2025-03-17T18:59:35.950Z,427.56,DELIVERED
ORD-1786976311053-48D3E9D4,CUST-00046,2025-12-27T21:32:37.652Z,187.80,DELIVERED
ORD-1786976311053-99274102,CUST-00767,2026-01-19T21:26:10.298Z,64.39,PROCESSING
ORD-1786976311053-DB48B304,CUST-00352,2025-02-15T23:31:06.485Z,90.26,COMPLETED
ORD-1786976311053-D546E731,CUST-00118,2025-10-01T11:36:31.673Z,154.51,CANCELLED
ORD-1786976311053-A9AA861D,CUST-00783,2026-03-17T14:08:08.674Z,178.70,PENDING
ORD-1786976311053-7AC0E253,CUST-00854,2025-09-28T21:16:07.136Z,154.99,PENDING
ORD-1786976311053-1FE0B136,CUST-00341,2025-03-13T06:10:04.493Z,306.94,SHIPPED
ORD-1786976311053-3A612142,CUST-00984,2025-07-01T08:21:15.576Z,196.50,COMPLETED
ORD-1786976311053-6011C78F,CUST-00979,2025-10-26T19:00:21.883Z,390.15,PENDING
ORD-1786976311053-8A8E08D9,CUST-00579,2025-06-29T14:10:51.018Z,133.66,COMPLETED
ORD-1786976311053-8172095A,CUST-00919,2025-09-27T10:41:51.542Z,209.06,COMPLETED
ORD-1786976311053-7004ACA6,CUST-00390,2026-05-23T21:53:14.096Z,173.08,COMPLETED
ORD-1786976311053-3822AFB1,CUST-00555,2026-07-18T21:15:15.132Z,285.26,CANCELLED
ORD-1786976311053-D7D58EE7,CUST-00752,2025-06-12T21:14:30.682Z,58.24,PENDING
ORD-1786976311053-6B1464FD,CUST-00735,2025-06-12T02:45:55.326Z,172.49,PROCESSING
ORD-1786976311053-1B78CDAC,CUST-00651,2025-06-14T11:59:12.347Z,54.95,CANCELLED
ORD-1786976311053-7A93527D,CUST-00192,2025-03-23T05:14:42.335Z,335.74,DELIVERED
ORD-1786976311053-B6BDF0AC,CUST-00968,2025-02-21T00:13:48.506Z,318.49,CANCELLED
ORD-1786976311053-7D8F3716,CUST-00035,2025-05-21T08:42:31.453Z,66.27,DELIVERED
ORD-1786976311053-1CCD94EA,CUST-00427,2025-12-25T05:04:46.718Z,185.62,COMPLETED
ORD-1786976311053-75F35000,CUST-00671,2026-05-11T13:45:47.211Z,272.78,CANCELLED
ORD-1786976311053-4737143E,CUST-00067,2026-07-29T14:13:37.347Z,48.25,SHIPPED
ORD-1786976311053-DDAA9126,CUST-00313,2025-06-13T02:36:20.827Z,381.90,CANCELLED
ORD-1786976311053-41B976D8,CUST-00463,2025-09-19T19:40:59.656Z,347.05,SHIPPED
ORD-1786976311053-44CA62EF,CUST-00163,2025-12-10T16:29:18.853Z,129.53,SHIPPED
ORD-1786976311053-D72F1003,CUST-00746,2025-10-05T08:48:59.274Z,16.79,SHIPPED
ORD-1786976311053-6339CBFA,CUST-00752,2026-03-04T04:01:23.381Z,267.06,CANCELLED
ORD-1786976311053-93035B23,CUST-00622,2026-07-05T05:13:15.269Z,227.26,DELIVERED
ORD-1786976311053-D53B8518,CUST-00382,2026-04-20T10:44:02.737Z,67.15,SHIPPED
ORD-1786976311053-3528C815,CUST-00090,2025-09-28T20:40:45.809Z,94.56,CANCELLED
ORD-1786976311053-211F2813,CUST-00474,2026-07-17T19:09:38.030Z,433.36,SHIPPED
ORD-1786976311053-F650DA78,CUST-00639,2026-07-12T05:36:18.202Z,25.48,PENDING
ORD-1786976311053-01AD8054,CUST-00381,2025-12-03T21:14:01.879Z,19.80,DELIVERED
ORD-1786976311053-115EED5B,CUST-00468,2025-04-06T02:29:56.638Z,487.91,SHIPPED
ORD-1786976311053-0BDBD940,CUST-00112,2026-07-06T00:18:00.673Z,260.41,DELIVERED
ORD-1786976311053-E9EFF219,CUST-00433,2026-03-02T22:27:02.067Z,167.17,CANCELLED
ORD-1786976311053-DC1764D8,CUST-00598,2025-09-08T04:58:15.540Z,134.86,PROCESSING
ORD-1786976311053-4AD5A0C0,CUST-00202,2025-01-28T13:41:08.358Z,373.72,COMPLETED
ORD-1786976311053-7BC0F517,CUST-00524,2026-01-06T17:36:50.652Z,211.60,SHIPPED
ORD-INV-7200,CUST-001,INVALID_DATE_FORMAT,99.99,PENDING
ORD-1786976311053-68671FCD,CUST-00554,2025-04-10T12:45:06.286Z,69.15,DELIVERED
ORD-1786976311053-EDFFEC84,CUST-00050,2025-03-25T12:49:31.125Z,133.83,PENDING
ORD-1786976311053-35D6FCFA,CUST-00227,2025-01-01T18:33:44.947Z,199.05,PROCESSING
ORD-1786976311053-6B0BBFD9,CUST-00960,2025-12-09T01:58:13.505Z,299.02,PENDING
ORD-1786976311053-4D32EEEE,CUST-00957,2025-08-23T00:01:17.836Z,406.90,SHIPPED
ORD-1786976311053-611BB7E5,CUST-00432,2025-04-14T11:28:58.506Z,11.83,DELIVERED
ORD-1786976311053-65289522,CUST-00844,2026-05-24T17:02:39.459Z,195.95,CANCELLED
ORD-1786976311053-559923E8,CUST-00792,2026-05-17T09:26:03.346Z,59.10,DELIVERED
ORD-1786976311053-02A78823,CUST-00923,2026-03-02T23:41:58.811Z,457.63,PENDING
ORD-1786976311053-77E91427,CUST-00120,2026-03-13T13:16:51.856Z,224.24,SHIPPED
ORD-1786976311053-4840ED76,CUST-00769,2026-02-17T09:47:19.082Z,331.87,PENDING
ORD-1786976311053-AAE032D8,CUST-00853,2025-07-21T23:22:53.485Z,325.80,COMPLETED
ORD-1786976311053-96470AF4,CUST-00532,2025-12-09T23:46:00.250Z,140.40,COMPLETED
ORD-1786976311053-77B9C85B,CUST-00850,2025-10-07T20:48:36.142Z,390.51,COMPLETED
ORD-1786976311053-A50852D2,CUST-00189,2025-10-04T06:30:50.993Z,379.49,PROCESSING
ORD-1786976311053-33777041,CUST-00136,2025-04-14T07:17:15.157Z,299.37,DELIVERED
ORD-1786976311053-20169D89,CUST-00497,2025-04-04T06:49:32.463Z,203.69,CANCELLED
ORD-1786976311053-DEAFFFD9,CUST-00338,2026-06-21T21:07:55.698Z,17.14,SHIPPED
ORD-1786976311053-2D0E671A,CUST-00525,2025-09-26T10:20:13.665Z,480.63,CANCELLED
ORD-1786976311053-58EBE4F9,CUST-00882,2026-03-03T12:13:35.424Z,418.46,SHIPPED
ORD-1786976311053-FF5DBC7E,CUST-00267,2026-04-26T21:55:27.067Z,418.52,PROCESSING
ORD-1786976311053-362157E0,CUST-00370,2026-01-09T00:17:58.327Z,23.12,COMPLETED
ORD-1786976311053-848E60F3,CUST-00216,2025-11-01T09:13:41.322Z,355.75,DELIVERED
ORD-1786976311053-1EB445F0,CUST-00160,2026-05-20T07:34:57.323Z,477.66,PROCESSING
ORD-1786976311053-448D8C21,CUST-00193,2025-11-23T09:33:25.933Z,411.39,PROCESSING
ORD-1786976311053-7FD631C1,CUST-00336,2025-08-14T04:16:17.923Z,491.24,SHIPPED
ORD-1786976311053-2B119F98,CUST-00339,2026-01-23T10:47:20.553Z,392.08,PENDING
ORD-1786976311053-1F94E2AA,CUST-00871,2026-01-09T13:10:15.166Z,78.66,PENDING
ORD-1786976311053-403BFEC6,CUST-00317,2026-01-17T17:33:01.784Z,462.02,SHIPPED
ORD-1786976311053-7DFFD2FB,CUST-00820,2025-05-20T21:55:46.116Z,467.63,COMPLETED
ORD-1786976311053-9E2859F3,CUST-00884,2025-08-15T13:22:43.395Z,334.51,PROCESSING
ORD-1786976311054-C0F1B818,CUST-00724,2025-11-14T08:45:10.369Z,301.79,PENDING
ORD-1786976311054-AFF1FAB4,CUST-00684,2025-03-02T22:00:43.792Z,359.55,COMPLETED
ORD-1786976311054-01BFF54D,CUST-00926,2025-05-29T11:33:27.910Z,126.90,DELIVERED
ORD-1786976311054-EE26938D,CUST-00967,2025-01-25T20:25:57.047Z,456.12,CANCELLED
ORD-1786976311054-709C89FC,CUST-00466,2026-05-20T03:08:31.478Z,238.96,CANCELLED
ORD-1786976311054-444A1F5C,CUST-00413,2025-04-29T13:55:21.146Z,381.65,COMPLETED
ORD-1786976311054-749A8695,CUST-00323,2026-03-31T18:02:42.355Z,453.65,SHIPPED
ORD-1786976311054-0AE39106,CUST-00457,2026-02-23T04:24:42.127Z,460.53,COMPLETED
ORD-1786976311054-EE941F73,CUST-00486,2025-04-28T15:26:18.793Z,371.26,SHIPPED
ORD-1786976311054-9A94C323,CUST-00004,2025-04-23T11:59:05.051Z,335.43,PENDING
ORD-1786976311054-2A3BA392,CUST-00282,2025-02-11T02:09:05.914Z,100.35,SHIPPED
ORD-1786976311054-1386713A,CUST-00112,2025-12-24T16:22:07.515Z,75.94,COMPLETED
ORD-1786976311054-841E90C4,CUST-00335,2025-10-07T01:00:02.373Z,490.92,COMPLETED
ORD-1786976311054-56D2DD86,CUST-00131,2025-02-07T09:05:29.784Z,162.17,PROCESSING
ORD-1786976311054-89A3B211,CUST-00855,2025-06-22T01:12:49.719Z,29.67,SHIPPED
ORD-1786976311054-78F53AD8,CUST-00695,2025-09-14T00:16:47.157Z,52.59,DELIVERED
ORD-1786976311054-F27E4D84,CUST-00677,2026-04-05T12:17:48.973Z,158.95,CANCELLED
ORD-1786976311054-8F7C43D3,CUST-00751,2025-06-26T18:08:58.238Z,471.93,SHIPPED
ORD-1786976311054-A3DE9240,CUST-00490,2025-12-03T04:32:59.010Z,354.72,CANCELLED
ORD-1786976311054-49C508C9,CUST-00740,2026-04-23T08:33:45.550Z,240.24,PROCESSING
ORD-1786976311054-0410AB84,CUST-00426,2025-07-13T18:44:23.025Z,145.84,DELIVERED
ORD-1786976311054-1922FE27,CUST-00418,2025-09-25T23:04:09.405Z,192.89,COMPLETED
ORD-1786976311054-82ECC617,CUST-00174,2026-06-04T17:53:54.315Z,34.59,SHIPPED
ORD-1786976311054-C1CD0C17,CUST-00413,2025-08-22T16:13:35.691Z,446.97,PROCESSING
ORD-1786976311054-CA534A2E,CUST-00259,2025-07-16T23:08:53.940Z,405.32,SHIPPED
ORD-1786976311054-91FA5EB4,CUST-00142,2026-05-18T18:23:27.408Z,414.47,DELIVERED
ORD-1786976311054-A59E02A4,CUST-00568,2025-05-05T23:24:05.948Z,46.69,COMPLETED
ORD-1786976311054-945AF4E0,CUST-00968,2025-03-03T11:41:59.361Z,210.48,COMPLETED
ORD-1786976311054-AF97BA95,CUST-00704,2025-03-17T18:50:45.155Z,470.09,CANCELLED
ORD-1786976311054-45A42A5E,CUST-00950,2025-07-02T20:03:15.340Z,400.27,PROCESSING
ORD-1786976311054-82431C30,CUST-00362,2026-01-14T13:05:48.187Z,408.71,PROCESSING
ORD-1786976311054-F17C027E,CUST-00235,2025-04-02T11:52:11.906Z,230.44,COMPLETED
ORD-1786976311054-2E2096E7,CUST-00052,2025-10-15T23:58:32.724Z,67.49,SHIPPED
ORD-1786976311054-606994E6,CUST-00574,2025-01-09T13:35:49.033Z,200.68,PENDING
ORD-1786976311054-4513AD99,CUST-00403,2025-07-24T08:40:03.045Z,400.75,CANCELLED
ORD-1786976311054-054A281F,CUST-00986,2025-10-26T12:35:43.693Z,266.75,COMPLETED
ORD-1786976311054-0B03DCC3,CUST-00693,2025-03-13T03:04:53.236Z,37.52,PENDING
ORD-1786976311054-2B023E99,CUST-00502,2026-07-18T05:58:02.976Z,317.35,CANCELLED
ORD-1786976311054-DAE40AEF,CUST-00255,2026-02-08T21:58:20.739Z,269.17,PROCESSING
ORD-1786976311054-609EDC96,CUST-00954,2025-08-18T19:21:07.749Z,122.55,SHIPPED
ORD-1786976311054-585FFAB7,CUST-00548,2025-06-18T00:38:49.581Z,21.41,PENDING
ORD-1786976311054-BD7A00C0,CUST-00626,2025-10-03T20:03:30.953Z,375.32,COMPLETED
ORD-1786976311054-7BDC2FC3,CUST-00793,2026-07-11T13:31:23.222Z,465.12,COMPLETED
ORD-1786976311054-AD90F0E2,CUST-00037,2025-06-01T16:37:29.921Z,256.09,PROCESSING
ORD-1786976311054-3B36F3E3,CUST-00635,2025-03-27T17:43:31.420Z,231.04,DELIVERED
ORD-1786976311054-7B3F700B,CUST-00465,2026-03-11T16:40:05.712Z,336.66,DELIVERED
ORD-1786976311054-62C2141E,CUST-00712,2026-05-17T05:02:42.281Z,263.53,SHIPPED
ORD-1786976311054-3FD4F157,CUST-00780,2025-03-08T10:03:06.773Z,211.24,COMPLETED
ORD-1786976311054-A33D095E,CUST-00682,2026-01-23T03:39:16.733Z,38.51,PROCESSING
ORD-1786976311054-8529FF67,CUST-00277,2025-08-31T13:22:57.528Z,394.03,PENDING
ORD-1786976311054-DC0E223C,CUST-00607,2025-02-22T06:42:37.870Z,412.41,PROCESSING
ORD-1786976311054-86B584CB,CUST-00068,2026-05-25T18:51:46.018Z,269.21,PENDING
ORD-1786976311054-38F68AF0,CUST-00197,2025-07-25T23:36:30.704Z,91.12,COMPLETED
ORD-1786976311054-201F39D1,CUST-00752,2025-01-11T07:30:37.388Z,331.14,PENDING
ORD-1786976311054-284D4B7A,CUST-00354,2025-05-17T15:34:52.747Z,29.57,DELIVERED
ORD-1786976311054-93D7E875,CUST-00557,2025-07-16T15:44:39.321Z,232.08,PENDING
ORD-1786976311054-0B915E39,CUST-00029,2025-08-12T03:32:43.575Z,206.34,SHIPPED
ORD-1786976311054-451C13AD,CUST-00977,2026-01-25T05:19:13.946Z,386.32,PROCESSING
ORD-1786976311054-C7219174,CUST-00605,2026-02-09T03:17:26.811Z,399.31,DELIVERED
ORD-1786976311054-AFFFB1D8,CUST-00688,2026-03-18T10:47:03.343Z,70.87,COMPLETED
ORD-1786976311054-20E7A7F8,CUST-00669,2025-12-23T08:16:59.291Z,239.00,COMPLETED
ORD-1786976311054-8F2A6C63,CUST-00064,2025-10-06T15:34:34.299Z,216.11,SHIPPED
ORD-1786976311054-7CFE7428,CUST-00920,2025-07-31T15:03:45.203Z,140.21,PROCESSING
ORD-1786976311054-E64BBFA1,CUST-00299,2025-06-07T06:11:37.468Z,230.99,PROCESSING
ORD-1786976311054-2FE9000C,CUST-00952,2025-06-30T23:02:06.488Z,356.93,SHIPPED
ORD-1786976311054-BE1C202D,CUST-00782,2026-04-23T05:41:20.618Z,144.45,SHIPPED
ORD-1786976311054-D68D9A78,CUST-00430,2025-08-24T19:52:01.727Z,111.77,CANCELLED
ORD-1786976311054-6CBA1CFF,CUST-00886,2026-05-14T04:07:29.286Z,491.11,COMPLETED
ORD-INV-7300,CUST-002,2026-05-10T10:00:00Z,-50.00,COMPLETED
ORD-1786976311054-EAAE42A3,CUST-00058,2026-06-15T22:11:45.440Z,308.40,DELIVERED
ORD-1786976311054-FD105E86,CUST-00893,2025-10-01T05:56:44.641Z,48.98,COMPLETED
ORD-1786976311054-37DE853B,CUST-00763,2025-10-28T11:39:57.127Z,173.77,DELIVERED
ORD-1786976311054-FC765BB1,CUST-00063,2025-06-03T00:56:39.354Z,436.32,COMPLETED
ORD-1786976311054-901AA4FC,CUST-00174,2026-06-16T22:31:34.236Z,461.03,COMPLETED
ORD-1786976311054-BFF00F24,CUST-00588,2025-04-19T08:00:46.937Z,91.89,CANCELLED
ORD-1786976311054-C1EC804E,CUST-00355,2026-04-11T20:58:51.431Z,100.20,SHIPPED
ORD-1786976311054-D111C37D,CUST-00142,2025-09-30T05:29:08.813Z,306.10,CANCELLED
ORD-1786976311054-20CAA6B0,CUST-00123,2025-02-15T03:19:09.682Z,435.83,PENDING
ORD-1786976311054-BF3395F3,CUST-00430,2026-03-11T10:12:50.554Z,175.69,PENDING
ORD-1786976311054-C301286E,CUST-00695,2025-10-01T11:14:28.252Z,234.50,CANCELLED
ORD-1786976311054-BA52F1F8,CUST-00932,2025-12-05T14:28:39.451Z,388.65,PROCESSING
ORD-1786976311054-179BEA27,CUST-00169,2026-04-15T13:52:34.527Z,386.95,PROCESSING
ORD-1786976311054-5366CD36,CUST-00830,2025-10-16T06:15:45.293Z,436.51,CANCELLED
ORD-1786976311054-835A5FD8,CUST-00387,2025-02-10T00:23:32.440Z,303.86,COMPLETED
ORD-1786976311054-DB49A605,CUST-00028,2025-08-05T20:48:39.664Z,34.59,PENDING
ORD-1786976311054-25BFC57F,CUST-00544,2025-11-12T14:00:29.665Z,77.37,DELIVERED
ORD-1786976311054-9F8408A4,CUST-00725,2025-11-21T10:06:27.311Z,262.68,CANCELLED
ORD-1786976311054-3CAD05D0,CUST-00256,2025-06-21T08:31:06.837Z,217.51,SHIPPED
ORD-1786976311054-415F2D25,CUST-00377,2025-03-27T09:00:48.684Z,70.79,SHIPPED
ORD-1786976311054-F6033D9B,CUST-00998,2025-11-19T11:07:40.305Z,313.79,PENDING
ORD-1786976311054-922264C5,CUST-00134,2026-08-14T05:49:36.654Z,309.52,PENDING
ORD-1786976311054-746476EB,CUST-00493,2025-12-08T07:09:29.795Z,396.01,SHIPPED
ORD-1786976311054-2755F45E,CUST-00073,2026-07-14T18:58:23.924Z,332.05,PROCESSING
ORD-1786976311054-4A7D7759,CUST-00897,2026-06-07T19:48:09.663Z,476.58,CANCELLED
ORD-1786976311054-6953166C,CUST-00151,2026-03-08T18:22:45.430Z,411.39,COMPLETED
ORD-1786976311054-5528C80D,CUST-00046,2025-05-18T17:30:08.622Z,141.21,CANCELLED
ORD-1786976311054-315C30FE,CUST-00636,2026-03-04T11:19:11.775Z,13.88,PROCESSING
ORD-1786976311054-BE5A36B9,CUST-00414,2025-07-02T18:13:20.616Z,53.52,PENDING
ORD-1786976311054-3AA8A678,CUST-00790,2026-05-24T22:11:42.867Z,101.33,PENDING
ORD-1786976311054-DE13673E,CUST-00399,2025-03-18T15:35:48.820Z,227.46,PROCESSING
ORD-1786976311054-7AA6EE9E,CUST-00920,2025-10-29T00:15:31.611Z,29.93,PENDING
ORD-1786976311054-049D985A,CUST-00128,2025-03-16T14:18:28.010Z,109.72,COMPLETED
ORD-1786976311054-3278E2FD,CUST-00507,2025-02-21T05:02:35.987Z,89.10,SHIPPED
ORD-1786976311054-E5D8CA58,CUST-00325,2025-12-14T10:16:47.119Z,205.74,CANCELLED
ORD-1786976311054-E7616EA1,CUST-00834,2026-06-27T06:56:14.330Z,470.28,COMPLETED
ORD-1786976311054-CD0431C8,CUST-00486,2025-09-14T14:44:09.537Z,318.60,PENDING
ORD-1786976311054-B777534F,CUST-00098,2025-11-02T05:57:53.692Z,28.75,PROCESSING
ORD-1786976311054-4D9BF149,CUST-00063,2025-11-25T22:53:45.082Z,225.87,COMPLETED
ORD-1786976311054-EC3D1A1D,CUST-00500,2025-05-15T05:24:07.556Z,143.89,CANCELLED
ORD-1786976311054-ED72A05A,CUST-00567,2025-03-06T05:35:24.173Z,257.65,SHIPPED
ORD-1786976311054-6D7DDFB9,CUST-00740,2026-05-22T07:45:36.322Z,304.48,COMPLETED
ORD-1786976311054-7D5FCA7C,CUST-00011,2025-10-13T00:35:14.905Z,83.45,PENDING
ORD-1786976311054-C9C1D016,CUST-00550,2026-01-06T21:57:45.676Z,312.67,COMPLETED
ORD-1786976311054-19D67858,CUST-00883,2026-02-07T16:56:34.791Z,298.65,PROCESSING
ORD-1786976311054-9310A5CA,CUST-00956,2026-04-04T10:08:14.672Z,33.14,SHIPPED
ORD-1786976311054-F675B17E,CUST-00471,2025-11-01T08:44:01.702Z,236.44,COMPLETED
ORD-1786976311054-5325C87F,CUST-00272,2026-06-28T18:23:03.751Z,145.73,CANCELLED
ORD-1786976311054-76456544,CUST-00710,2026-03-05T22:30:37.049Z,461.96,SHIPPED
ORD-1786976311054-027D1515,CUST-00450,2026-08-12T22:54:38.458Z,333.97,CANCELLED
ORD-1786976311054-FED0CFEB,CUST-00836,2026-08-10T19:06:38.366Z,46.93,COMPLETED
ORD-1786976311054-331E7A62,CUST-00067,2025-08-31T18:12:38.216Z,62.20,CANCELLED
ORD-1786976311054-7CB3E721,CUST-00044,2026-02-19T00:19:12.740Z,168.10,PROCESSING
ORD-1786976311054-3E73D7DD,CUST-00507,2025-10-06T10:40:35.556Z,186.45,CANCELLED
ORD-1786976311054-9158C34B,CUST-00383,2026-05-10T09:37:55.747Z,401.30,COMPLETED
ORD-1786976311054-44885200,CUST-00192,2025-01-31T16:06:16.264Z,495.49,PROCESSING
ORD-1786976311054-040D427B,CUST-00833,2025-11-06T05:19:56.985Z,418.83,CANCELLED
ORD-1786976311054-8497CB90,CUST-00170,2026-06-06T21:48:37.461Z,442.53,CANCELLED
ORD-1786976311054-C77F96FD,CUST-00076,2026-01-07T03:41:10.278Z,114.92,SHIPPED
ORD-1786976311054-4A452866,CUST-00032,2025-05-24T00:21:08.725Z,380.91,DELIVERED
ORD-1786976311054-ED40C852,CUST-00841,2026-04-09T18:53:18.522Z,507.56,COMPLETED
ORD-1786976311054-40F0445E,CUST-00977,2025-11-14T00:06:17.005Z,211.17,CANCELLED
ORD-1786976311054-A629EA51,CUST-00112,2026-03-28T09:32:43.921Z,201.18,SHIPPED
ORD-1786976311054-9C8796F9,CUST-00734,2025-08-17T09:01:28.502Z,339.79,PROCESSING
ORD-1786976311054-FED6A30F,CUST-00557,2026-07-31T17:29:39.693Z,144.10,PENDING
ORD-1786976311054-4332361E,CUST-00916,2025-05-19T06:19:35.207Z,470.67,COMPLETED
ORD-1786976311054-28FA4CDF,CUST-00732,2026-06-15T16:00:18.732Z,250.10,SHIPPED
ORD-1786976311054-B898E0D0,CUST-00093,2025-09-23T19:10:01.957Z,325.46,PROCESSING
ORD-1786976311054-CF05E063,CUST-00361,2026-05-05T19:29:28.527Z,231.85,SHIPPED
ORD-1786976311054-D30C83C0,CUST-00240,2026-03-27T16:33:18.543Z,272.39,DELIVERED
ORD-1786976311054-41B5A544,CUST-00762,2025-03-26T19:40:41.162Z,504.77,SHIPPED
ORD-1786976311054-5CA5D468,CUST-00861,2025-04-30T17:44:37.017Z,406.50,CANCELLED
ORD-1786976311054-8F820A1D,CUST-00422,2026-04-14T14:26:33.577Z,77.98,PENDING
ORD-1786976311054-3813A71D,CUST-00132,2025-12-11T20:18:28.990Z,30.65,COMPLETED
ORD-1786976311054-EB03C84D,CUST-00849,2026-06-21T06:29:35.596Z,189.21,COMPLETED
ORD-1786976311054-D590DD96,CUST-00604,2025-10-16T21:08:21.367Z,173.68,PROCESSING
ORD-1786976311054-C326AC42,CUST-00167,2025-07-04T01:03:53.978Z,81.79,COMPLETED
ORD-1786976311054-C1BD705B,CUST-00883,2025-07-18T20:46:25.853Z,325.61,PROCESSING
ORD-1786976311054-7DD9D0B5,CUST-00218,2026-05-27T07:16:19.965Z,53.07,CANCELLED
ORD-1786976311054-B2A4A73A,CUST-00978,2026-01-08T16:06:30.261Z,442.02,SHIPPED
ORD-1786976311054-E4D03A84,CUST-00746,2025-04-24T09:31:02.567Z,488.96,COMPLETED
ORD-1786976311054-AD2F36BF,CUST-00867,2026-01-23T23:52:33.027Z,468.75,PROCESSING
ORD-1786976311054-7BE0076C,CUST-00299,2025-03-29T05:06:19.401Z,220.66,PENDING
ORD-1786976311054-2E3C352D,CUST-00710,2026-08-04T16:57:12.412Z,389.75,CANCELLED
ORD-1786976311054-96C2E483,CUST-00048,2025-05-03T07:05:05.972Z,335.42,SHIPPED
ORD-1786976311054-D62761E6,CUST-00696,2025-01-16T19:29:52.414Z,88.36,PROCESSING
ORD-1786976311054-7E9E56F1,CUST-00929,2025-11-26T07:32:59.778Z,300.75,CANCELLED
ORD-1786976311054-FCFB9B7F,CUST-00792,2026-07-10T12:52:57.305Z,84.26,CANCELLED
ORD-1786976311054-3E87B05D,CUST-00493,2025-11-26T23:54:25.984Z,253.37,PROCESSING
ORD-1786976311054-6B079FF4,CUST-00732,2026-06-29T09:15:57.262Z,439.71,COMPLETED
ORD-1786976311054-0AC00BB1,CUST-00536,2026-07-26T05:47:08.501Z,310.88,COMPLETED
ORD-1786976311054-E54FB2F7,CUST-00206,2025-08-22T17:07:56.185Z,336.74,COMPLETED
ORD-1786976311054-B346D066,CUST-00789,2026-05-27T01:13:39.818Z,330.43,CANCELLED
ORD-1786976311054-89400DAD,CUST-00928,2025-04-22T23:42:51.086Z,365.85,COMPLETED
ORD-1786976311054-3912A352,CUST-00522,2025-07-07T03:24:32.712Z,419.13,PENDING
ORD-1786976311054-C98D87D5,CUST-00682,2026-06-16T10:28:57.637Z,332.43,PENDING
ORD-1786976311054-F721E896,CUST-00595,2026-01-10T21:04:55.993Z,252.45,SHIPPED
ORD-1786976311054-2EB066CB,CUST-00417,2025-10-07T09:23:35.084Z,132.56,CANCELLED
ORD-1786976311054-21FA71C5,CUST-00029,2025-05-01T10:34:53.335Z,500.12,CANCELLED
ORD-INV-7400,,2026-05-10T10:00:00Z,120.00,PENDING
ORD-1786976311054-EE2F4710,CUST-00873,2025-03-16T02:03:47.334Z,192.00,COMPLETED
ORD-1786976311054-D44B2168,CUST-00328,2025-11-17T10:51:16.081Z,333.87,PENDING
ORD-1786976311054-F1C4439B,CUST-00678,2025-09-22T22:16:28.938Z,30.87,PROCESSING
ORD-1786976311054-8AA41294,CUST-00884,2025-08-25T12:18:45.128Z,61.73,SHIPPED
ORD-1786976311054-77222A70,CUST-00510,2026-03-07T17:59:38.144Z,11.95,DELIVERED
ORD-1786976311054-550E3146,CUST-00365,2025-01-02T10:08:54.614Z,91.57,PROCESSING
ORD-1786976311054-C5B36853,CUST-00086,2025-12-25T22:31:21.838Z,63.10,PROCESSING
ORD-1786976311054-C4FCF602,CUST-00193,2026-01-14T09:24:09.838Z,283.32,SHIPPED
ORD-1786976311054-4A0324BC,CUST-00157,2025-06-16T08:21:53.757Z,345.75,SHIPPED
ORD-1786976311054-EAC771EA,CUST-00313,2025-11-04T02:48:22.006Z,391.44,DELIVERED
ORD-1786976311054-0F8D901F,CUST-00175,2026-04-11T02:42:46.962Z,79.23,PROCESSING
ORD-1786976311054-B3008550,CUST-00930,2025-11-18T03:24:04.336Z,31.41,PENDING
ORD-1786976311054-AC41EBEF,CUST-00258,2026-08-10T23:00:47.661Z,102.08,SHIPPED
ORD-1786976311054-8B90E881,CUST-00915,2025-03-27T06:59:19.145Z,17.77,PENDING
ORD-1786976311054-44621E5C,CUST-00375,2025-05-03T04:55:43.444Z,139.01,COMPLETED
ORD-1786976311054-9660EB88,CUST-00089,2025-06-10T04:05:09.874Z,501.80,PENDING
ORD-1786976311054-6D2BA3C9,CUST-00440,2026-01-23T23:58:17.396Z,63.90,PROCESSING
ORD-1786976311054-F08C1F8C,CUST-00376,2025-07-09T09:36:42.134Z,502.78,CANCELLED
ORD-1786976311054-B1A2F0A9,CUST-00055,2025-12-07T22:22:30.769Z,488.89,CANCELLED
ORD-1786976311054-7367B515,CUST-00399,2025-06-30T10:29:33.866Z,458.06,CANCELLED
ORD-1786976311054-6C518ADA,CUST-00308,2025-04-18T14:02:58.428Z,319.36,PENDING
ORD-1786976311054-7BE3D7F5,CUST-00098,2025-07-31T03:22:53.108Z,209.68,PROCESSING
ORD-1786976311054-9555820F,CUST-00145,2025-03-28T12:16:54.741Z,255.38,PROCESSING
ORD-1786976311054-C7839C63,CUST-00503,2025-03-26T05:50:00.593Z,143.73,DELIVERED
ORD-1786976311054-526906C1,CUST-00455,2026-06-17T02:00:59.277Z,290.59,DELIVERED
ORD-1786976311054-C7048E14,CUST-00955,2025-11-01T02:14:40.452Z,447.70,CANCELLED
ORD-1786976311055-4BA226C8,CUST-00978,2025-08-30T12:10:44.019Z,452.05,DELIVERED
ORD-1786976311055-D4F1FC6E,CUST-00717,2026-05-17T15:39:12.421Z,241.14,DELIVERED
ORD-1786976311055-DA47981D,CUST-00320,2025-12-06T23:27:41.216Z,427.74,CANCELLED
ORD-1786976311055-D3CFE28E,CUST-00487,2025-11-17T01:24:26.725Z,135.08,DELIVERED
ORD-1786976311055-11D20757,CUST-00060,2026-06-05T18:02:39.238Z,107.57,SHIPPED
ORD-1786976311055-1E54F338,CUST-00035,2025-01-22T00:37:02.144Z,125.83,CANCELLED
ORD-1786976311055-D56D1D00,CUST-00422,2026-08-11T21:45:03.909Z,113.18,COMPLETED
ORD-1786976311055-EED5619C,CUST-00404,2026-04-09T14:14:05.035Z,111.43,PROCESSING
ORD-1786976311055-43E81252,CUST-00128,2025-04-18T16:29:59.546Z,122.71,DELIVERED
ORD-1786976311055-DE164773,CUST-00991,2025-05-23T22:51:22.343Z,81.85,PENDING
ORD-1786976311055-CD5F0867,CUST-00127,2025-12-15T21:41:41.727Z,307.29,COMPLETED
ORD-1786976311055-A68A8D6C,CUST-00416,2026-07-24T11:32:43.730Z,430.50,COMPLETED
ORD-1786976311055-9CEDAE32,CUST-00762,2025-03-19T21:49:48.773Z,186.64,COMPLETED
ORD-1786976311055-3B2214F7,CUST-00275,2025-02-01T02:48:11.581Z,177.32,DELIVERED
ORD-1786976311055-0A560057,CUST-00051,2025-03-11T23:13:02.391Z,409.43,PROCESSING
ORD-1786976311055-FFFBCCE4,CUST-00552,2026-05-15T17:34:20.557Z,137.15,CANCELLED
ORD-1786976311055-C6E138C9,CUST-00652,2025-11-10T04:21:02.756Z,421.33,CANCELLED
ORD-1786976311055-120413CF,CUST-00543,2025-03-12T23:57:38.311Z,262.43,SHIPPED
ORD-1786976311055-E5450845,CUST-00727,2025-11-19T18:39:27.629Z,90.24,PROCESSING
ORD-1786976311055-C01CD89B,CUST-00506,2026-05-01T08:44:50.497Z,90.77,COMPLETED
ORD-1786976311055-E20E063E,CUST-00910,2026-08-08T11:41:37.064Z,311.50,COMPLETED
ORD-1786976311055-CDCED693,CUST-00884,2025-06-21T10:21:53.304Z,181.22,COMPLETED
ORD-1786976311055-648A6552,CUST-00536,2026-02-20T06:04:41.438Z,110.82,CANCELLED
ORD-1786976311055-38819ACB,CUST-00850,2025-10-19T15:10:42.209Z,396.56,PENDING
ORD-1786976311055-73990658,CUST-00678,2025-11-13T04:55:43.287Z,285.93,SHIPPED
ORD-1786976311055-A1667CE8,CUST-00747,2026-05-17T22:57:43.664Z,251.72,SHIPPED
ORD-1786976311055-705419FC,CUST-00312,2026-06-09T14:07:28.947Z,98.64,CANCELLED
ORD-1786976311055-81A52761,CUST-00064,2026-07-11T18:06:37.499Z,18.48,COMPLETED
ORD-1786976311055-AC81D19B,CUST-00223,2026-06-25T09:35:20.184Z,200.32,SHIPPED
ORD-1786976311055-CFC65304,CUST-00083,2025-10-26T01:18:26.019Z,483.14,CANCELLED
ORD-1786976311055-120253B6,CUST-00519,2025-10-20T21:47:37.372Z,137.50,PENDING
ORD-1786976311055-10F64892,CUST-00271,2025-08-24T11:05:10.064Z,195.56,CANCELLED
ORD-1786976311055-D1BF0FF7,CUST-00585,2025-01-26T18:08:35.842Z,412.15,COMPLETED
ORD-1786976311055-CF58448D,CUST-00135,2026-06-05T23:05:19.374Z,403.36,PENDING
ORD-1786976311055-16B9F4A1,CUST-00872,2026-04-27T01:17:58.677Z,261.61,PROCESSING
ORD-1786976311055-8AA65595,CUST-00470,2025-05-20T20:53:34.909Z,158.79,DELIVERED
ORD-1786976311055-8ABCE066,CUST-00380,2025-05-31T20:46:29.814Z,295.52,DELIVERED
ORD-1786976311055-B3E8F67E,CUST-00075,2025-05-06T18:38:28.185Z,232.51,PROCESSING
ORD-1786976311055-841F047A,CUST-00788,2025-11-20T18:40:42.835Z,15.47,SHIPPED
ORD-1786976311055-E6594B18,CUST-00613,2025-12-24T19:30:46.786Z,469.24,PROCESSING
ORD-1786976311055-3B7941AF,CUST-00481,2025-05-03T12:38:16.491Z,31.40,SHIPPED
ORD-1786976311055-B2A15B09,CUST-00498,2025-11-30T03:55:56.428Z,270.67,CANCELLED
ORD-1786976311055-B799F270,CUST-00448,2026-03-29T00:43:02.942Z,176.97,COMPLETED
ORD-1786976311055-2577D8D4,CUST-00298,2025-03-05T03:44:18.675Z,423.73,PENDING
ORD-1786976311055-6E48C441,CUST-00526,2025-10-11T20:51:05.868Z,44.83,COMPLETED
ORD-1786976311055-BC51FF30,CUST-00795,2025-05-05T13:56:30.410Z,118.86,PENDING
ORD-1786976311055-AC4A4ED2,CUST-00491,2026-08-01T04:13:04.490Z,497.11,PROCESSING
ORD-1786976311055-FD57067C,CUST-00364,2025-12-17T00:48:26.174Z,62.94,DELIVERED
ORD-1786976311055-6E799DF7,CUST-00586,2025-04-23T08:48:04.060Z,230.06,CANCELLED
ORD-1786976311055-C65FF4E5,CUST-00634,2026-03-12T16:52:50.171Z,168.56,PENDING
ORD-1786976311055-D40C191A,CUST-00342,2025-12-11T19:18:02.310Z,159.16,DELIVERED
ORD-1786976311055-4E865E8F,CUST-00287,2026-04-23T20:31:21.080Z,383.68,SHIPPED
ORD-1786976311055-33944B59,CUST-00122,2025-05-12T01:13:36.429Z,501.19,SHIPPED
ORD-1786976311055-18A7E147,CUST-00444,2025-10-06T15:38:01.868Z,81.19,DELIVERED
ORD-1786976311055-8FACB1B2,CUST-00025,2026-07-17T01:20:27.072Z,93.57,CANCELLED
ORD-1786976311055-62CFBDE7,CUST-00344,2025-12-10T07:37:57.688Z,137.67,SHIPPED
ORD-1786976311055-2B3A3E5B,CUST-00782,2026-06-16T14:17:17.503Z,298.56,PROCESSING
ORD-1786976311055-4A9E84E3,CUST-00182,2025-01-19T17:25:10.646Z,451.35,COMPLETED
ORD-1786976311055-B7128881,CUST-00403,2026-02-12T12:10:37.011Z,448.76,PROCESSING
ORD-1786976311055-A64534E4,CUST-00739,2026-03-04T05:10:15.740Z,40.20,COMPLETED
ORD-1786976311055-17DAEE81,CUST-00872,2025-06-29T17:34:33.593Z,116.16,PROCESSING
ORD-1786976311055-3B805F73,CUST-00597,2026-07-23T18:08:02.833Z,208.11,PENDING
ORD-1786976311055-D9982C1B,CUST-00046,2026-01-14T22:24:50.463Z,78.34,PENDING
ORD-1786976311055-A3A17219,CUST-00456,2026-06-20T14:12:43.669Z,416.66,CANCELLED
ORD-1786976311055-200A5F39,CUST-00088,2025-02-07T21:14:17.033Z,392.19,PROCESSING
ORD-1786976311055-920064B5,CUST-00779,2026-03-19T22:43:30.763Z,225.05,CANCELLED
ORD-1786976311055-7A6B45C1,CUST-00995,2026-05-28T23:19:28.970Z,358.69,PENDING
ORD-1786976311055-81E7EB9E,CUST-00106,2025-06-25T03:48:53.059Z,410.06,COMPLETED
ORD-1786976311055-CC6DA9A5,CUST-00512,2026-06-15T17:01:03.371Z,141.90,DELIVERED
ORD-1786976311055-35EA71D3,CUST-00334,2026-06-01T01:17:14.585Z,400.77,SHIPPED
ORD-1786976311055-4360E7EE,CUST-00884,2026-08-02T12:23:09.599Z,360.01,PROCESSING
ORD-1786976311055-FC136BB3,CUST-00377,2025-10-21T23:02:50.906Z,345.75,PROCESSING
ORD-1786976311055-18DEFB7D,CUST-00420,2026-07-03T16:40:11.586Z,253.20,COMPLETED
ORD-INV-7500,CUST-001,INVALID_DATE_FORMAT,99.99,PENDING
ORD-1786976311055-483516B2,CUST-00857,2026-02-01T05:54:40.934Z,326.33,COMPLETED
ORD-1786976311055-AFD291EA,CUST-00878,2026-05-13T03:11:18.658Z,99.32,PENDING
ORD-1786976311055-A0C9BD37,CUST-00152,2025-09-20T19:24:26.416Z,85.33,PENDING
ORD-1786976311055-E1FC4253,CUST-00078,2025-07-08T18:53:43.471Z,292.39,PENDING
ORD-1786976311055-C04FF2A9,CUST-00406,2025-05-18T20:21:53.999Z,289.32,PROCESSING
ORD-1786976311055-273851A9,CUST-00784,2025-05-23T20:56:47.663Z,11.30,PROCESSING
ORD-1786976311055-B2D4202E,CUST-00887,2026-06-20T05:49:33.660Z,158.72,SHIPPED
ORD-1786976311055-49D44A0F,CUST-00877,2025-11-10T15:45:52.501Z,93.17,COMPLETED
ORD-1786976311055-D6B7C1F4,CUST-00512,2026-05-24T12:38:06.668Z,331.46,PROCESSING
ORD-1786976311055-C3558BF5,CUST-00680,2026-06-06T23:30:17.806Z,392.50,COMPLETED
ORD-1786976311055-990532FC,CUST-00646,2025-08-14T03:03:16.152Z,447.53,COMPLETED
ORD-1786976311055-37B6AEA5,CUST-00297,2025-11-14T22:02:53.540Z,62.12,DELIVERED
ORD-1786976311055-852C9748,CUST-00757,2025-02-14T07:28:36.149Z,200.66,SHIPPED
ORD-1786976311055-C52DA11B,CUST-00043,2025-11-15T02:13:35.206Z,39.15,SHIPPED
ORD-1786976311055-AB0F3612,CUST-00255,2025-10-13T15:06:49.615Z,392.10,DELIVERED
ORD-1786976311055-E9038D34,CUST-00641,2026-05-23T11:09:19.864Z,317.23,CANCELLED
ORD-1786976311055-0A585BCE,CUST-00126,2025-05-31T00:14:14.804Z,471.15,DELIVERED
ORD-1786976311055-6DFE042E,CUST-00609,2026-05-14T10:40:17.612Z,36.38,COMPLETED
ORD-1786976311055-7E252289,CUST-00390,2025-01-23T13:13:33.317Z,36.92,PROCESSING
ORD-1786976311055-ABE7436C,CUST-00419,2025-07-09T06:28:55.471Z,218.03,CANCELLED
ORD-1786976311055-EB6C30B2,CUST-00501,2025-05-28T11:24:26.923Z,277.93,PROCESSING
ORD-1786976311055-0B7C4B51,CUST-00964,2025-12-21T21:24:29.754Z,214.79,SHIPPED
ORD-1786976311055-B6C28AF5,CUST-00888,2026-05-24T14:17:51.566Z,96.55,PROCESSING
ORD-1786976311055-B719C48E,CUST-00538,2025-09-11T09:57:00.854Z,111.22,PROCESSING
ORD-1786976311055-A0FCAA78,CUST-00043,2025-01-17T20:31:07.498Z,374.06,SHIPPED
ORD-1786976311055-06684AB8,CUST-00490,2026-02-15T06:17:58.209Z,278.30,CANCELLED
ORD-1786976311055-7284C5FE,CUST-00054,2025-03-26T08:43:29.924Z,393.84,DELIVERED
ORD-1786976311055-2F3F7590,CUST-00955,2025-07-22T05:26:28.989Z,108.16,PENDING
ORD-1786976311055-1762B8B2,CUST-00971,2025-05-26T14:36:51.901Z,452.42,PENDING
ORD-1786976311055-72DFC143,CUST-00982,2026-07-15T20:10:22.917Z,370.79,SHIPPED
ORD-1786976311055-D2CD4D23,CUST-00458,2025-05-25T19:31:48.763Z,163.64,CANCELLED
ORD-1786976311055-254CF344,CUST-00098,2026-04-01T12:33:54.517Z,494.86,CANCELLED
ORD-1786976311055-526BBCDA,CUST-00734,2025-07-03T09:29:18.611Z,397.29,CANCELLED
ORD-1786976311055-A94EA939,CUST-00206,2025-05-03T16:05:25.389Z,72.66,CANCELLED
ORD-1786976311055-6C433706,CUST-00270,2025-11-23T17:53:56.630Z,105.16,COMPLETED
ORD-1786976311055-BE9B778A,CUST-00853,2025-09-25T00:27:27.777Z,106.92,PROCESSING
ORD-1786976311056-78446692,CUST-00826,2026-07-03T14:38:43.155Z,165.71,DELIVERED
ORD-1786976311056-7D52C6F5,CUST-00342,2025-03-05T03:41:57.666Z,402.81,PENDING
ORD-1786976311056-8CACDD69,CUST-00743,2025-02-09T16:15:07.389Z,372.72,COMPLETED
ORD-1786976311056-1E4A8811,CUST-00873,2025-08-05T04:10:38.832Z,299.86,DELIVERED
ORD-1786976311056-44190BC6,CUST-00915,2026-01-19T01:16:40.648Z,13.69,PROCESSING
ORD-1786976311056-1E3903ED,CUST-00497,2025-09-20T18:09:50.094Z,505.34,SHIPPED
ORD-1786976311056-3A197F44,CUST-00400,2025-10-03T17:13:34.196Z,443.72,PENDING
ORD-1786976311056-773690E0,CUST-00024,2025-12-26T20:23:52.813Z,256.18,COMPLETED
ORD-1786976311056-C357808D,CUST-00335,2025-05-09T04:23:35.095Z,14.46,DELIVERED
ORD-1786976311056-D278FA1C,CUST-00418,2025-01-20T09:34:14.124Z,350.49,CANCELLED
ORD-1786976311056-6D8ABCD6,CUST-00370,2025-01-13T05:00:28.392Z,178.36,SHIPPED
ORD-1786976311056-17CB73E1,CUST-00432,2025-04-17T15:34:39.582Z,426.70,SHIPPED
ORD-1786976311056-9307155B,CUST-00842,2026-05-08T21:48:11.145Z,497.97,PENDING
ORD-1786976311056-9A6ADCD8,CUST-00057,2025-09-13T09:11:55.547Z,397.07,PENDING
ORD-1786976311056-B17427C8,CUST-00227,2026-05-07T19:48:54.912Z,205.77,CANCELLED
ORD-1786976311056-6F0B48FF,CUST-00347,2025-06-29T10:27:20.425Z,157.86,CANCELLED
ORD-1786976311056-8FDA39AA,CUST-00534,2025-09-12T05:35:37.782Z,57.38,CANCELLED
ORD-1786976311056-4A5A16C9,CUST-00056,2026-03-31T00:56:58.553Z,167.86,SHIPPED
ORD-1786976311056-180CC455,CUST-00212,2025-08-21T19:17:47.357Z,449.49,PENDING
ORD-1786976311056-0F0E9423,CUST-00902,2026-05-27T02:48:42.170Z,125.95,SHIPPED
ORD-1786976311056-AC3AB969,CUST-00499,2025-05-28T16:35:48.514Z,280.19,CANCELLED
ORD-1786976311056-B06FB5C6,CUST-00243,2026-01-21T05:35:36.089Z,360.79,COMPLETED
ORD-1786976311056-47F96657,CUST-00544,2025-12-30T18:26:04.604Z,428.25,DELIVERED
ORD-1786976311056-9BFC6294,CUST-00727,2026-02-12T16:39:20.484Z,309.39,COMPLETED
ORD-1786976311056-69936EAB,CUST-00982,2025-05-13T09:02:26.769Z,491.60,PENDING
ORD-1786976311056-393F87CA,CUST-00094,2025-08-23T08:35:44.069Z,288.47,CANCELLED
ORD-1786976311056-0393C8C7,CUST-00048,2025-06-10T23:23:48.992Z,364.10,PENDING
ORD-1786976311056-0772EC11,CUST-00928,2025-09-08T00:21:47.691Z,371.29,DELIVERED
ORD-1786976311056-559A7EEB,CUST-00017,2025-09-05T19:59:08.853Z,146.58,DELIVERED
ORD-1786976311056-83063EA3,CUST-00882,2025-01-10T03:49:34.092Z,184.32,SHIPPED
ORD-1786976311056-0939F1C2,CUST-00246,2025-07-02T14:01:52.724Z,199.99,DELIVERED
ORD-1786976311056-D82248FD,CUST-00970,2026-04-06T15:35:52.255Z,23.26,PENDING
ORD-1786976311056-F4C1FDFF,CUST-00719,2025-05-12T05:31:06.882Z,406.45,CANCELLED
ORD-1786976311056-4B8AB9C7,CUST-00936,2025-07-31T00:03:43.014Z,416.41,COMPLETED
ORD-1786976311056-11B7BA3E,CUST-00070,2025-07-10T01:00:04.870Z,81.11,PROCESSING
ORD-1786976311056-AAF11506,CUST-00734,2026-02-16T10:37:00.857Z,73.94,PROCESSING
ORD-1786976311056-D2F25596,CUST-00834,2025-06-14T15:03:39.470Z,134.96,COMPLETED
ORD-1786976311056-45B156E1,CUST-00060,2025-11-13T16:46:26.243Z,225.33,COMPLETED
ORD-1786976311056-79B8E40A,CUST-00331,2025-12-14T14:33:23.920Z,278.07,PENDING
ORD-1786976311056-D873B6A7,CUST-00878,2026-01-24T01:17:21.773Z,284.02,CANCELLED
ORD-1786976311056-6E73A2B8,CUST-00516,2025-02-26T02:13:51.500Z,21.78,COMPLETED
ORD-1786976311056-AD0563A4,CUST-00444,2025-07-06T17:48:08.499Z,342.08,PENDING
ORD-1786976311056-4B835322,CUST-00157,2026-06-14T03:17:19.020Z,471.90,PROCESSING
ORD-1786976311056-F14B1F92,CUST-00157,2025-12-14T21:48:43.964Z,494.23,CANCELLED
ORD-1786976311056-F16889E2,CUST-00860,2025-10-29T10:13:36.409Z,311.74,SHIPPED
ORD-1786976311056-53DAADAF,CUST-00726,2026-03-18T17:35:46.604Z,399.18,SHIPPED
ORD-1786976311056-C9632875,CUST-00811,2026-05-12T07:49:07.329Z,48.89,SHIPPED
ORD-1786976311056-4B91B043,CUST-00839,2026-04-08T05:15:44.564Z,373.91,DELIVERED
ORD-1786976311056-E14A791E,CUST-00829,2025-03-13T18:10:09.871Z,179.45,PENDING
ORD-1786976311056-0BBB4CAD,CUST-00715,2026-04-11T09:45:14.177Z,360.95,PENDING
ORD-1786976311056-C5C12DB2,CUST-00714,2025-04-15T12:19:57.565Z,169.67,DELIVERED
ORD-1786976311056-A5E68866,CUST-00227,2026-07-18T20:14:52.088Z,92.10,PENDING
ORD-1786976311056-58F9019F,CUST-00925,2025-10-29T18:34:50.457Z,25.96,COMPLETED
ORD-1786976311056-19EAF079,CUST-00966,2026-01-02T00:19:02.280Z,158.03,DELIVERED
ORD-1786976311056-4CCC562E,CUST-00010,2025-06-10T03:15:05.715Z,310.74,PROCESSING
ORD-1786976311056-40925FB5,CUST-00491,2025-08-12T03:23:56.843Z,395.98,PENDING
ORD-1786976311056-B3EA72FE,CUST-00636,2026-01-26T23:49:23.928Z,339.03,CANCELLED
ORD-1786976311056-899B0564,CUST-00883,2026-04-01T04:19:37.553Z,352.57,COMPLETED
ORD-1786976311056-445F9411,CUST-00542,2025-11-04T00:40:42.435Z,509.77,PROCESSING
ORD-1786976311056-6A602B2F,CUST-00255,2025-03-20T18:55:36.240Z,163.58,COMPLETED
ORD-1786976311056-68F950B5,CUST-00015,2025-07-28T10:19:50.127Z,237.23,DELIVERED
ORD-1786976311056-20493B24,CUST-00843,2025-08-15T22:26:56.819Z,250.59,PENDING
ORD-1786976311056-206ED12D,CUST-00309,2025-09-03T20:34:54.260Z,30.24,DELIVERED
ORD-INV-7600,CUST-002,2026-05-10T10:00:00Z,-50.00,COMPLETED
ORD-1786976311056-54B980BC,CUST-00420,2025-04-02T00:04:52.088Z,149.84,COMPLETED
ORD-1786976311056-D3986730,CUST-00418,2026-03-16T17:34:54.778Z,215.97,COMPLETED
ORD-1786976311056-C614AFE4,CUST-00615,2025-05-22T17:31:32.494Z,217.37,SHIPPED
ORD-1786976311056-6C7E48AA,CUST-00834,2026-02-06T09:05:26.453Z,121.57,COMPLETED
ORD-1786976311056-90668EEE,CUST-00497,2025-08-28T18:46:05.829Z,458.62,DELIVERED
ORD-1786976311056-D15587A8,CUST-00679,2026-05-17T20:53:06.306Z,469.60,CANCELLED
ORD-1786976311056-BFED70D4,CUST-00933,2026-01-16T07:45:42.405Z,116.62,PROCESSING
ORD-1786976311057-38204E66,CUST-00002,2025-11-30T18:18:27.310Z,82.74,COMPLETED
ORD-1786976311057-CED29F31,CUST-00510,2025-08-29T16:36:24.860Z,120.89,PROCESSING
ORD-1786976311057-0399F516,CUST-00262,2025-10-27T14:45:18.697Z,432.63,CANCELLED
ORD-1786976311057-0B80B65C,CUST-00467,2026-04-30T09:09:19.814Z,315.91,SHIPPED
ORD-1786976311057-96CA0E6F,CUST-00045,2025-05-07T15:57:25.034Z,416.87,DELIVERED
ORD-1786976311057-210C2C8B,CUST-00120,2026-08-11T11:41:00.860Z,288.67,COMPLETED
ORD-1786976311057-2DA2259D,CUST-00500,2025-01-28T01:45:56.992Z,44.38,COMPLETED
ORD-1786976311057-FBEF6B5A,CUST-00411,2026-01-06T01:26:22.643Z,89.70,PROCESSING
ORD-1786976311057-0FA4B7D9,CUST-00741,2026-07-05T23:13:17.195Z,503.33,PENDING
ORD-1786976311057-653579EB,CUST-00360,2025-06-27T13:36:46.353Z,482.81,CANCELLED
ORD-1786976311057-D21263F8,CUST-00087,2025-09-28T02:22:01.708Z,415.11,COMPLETED
ORD-1786976311057-0C4DDDAB,CUST-00307,2026-03-26T11:23:26.337Z,165.86,DELIVERED
ORD-1786976311057-FC72782B,CUST-00128,2025-01-06T21:56:01.694Z,207.93,CANCELLED
ORD-1786976311057-1664906F,CUST-00459,2026-03-28T08:21:48.283Z,91.52,SHIPPED
ORD-1786976311057-79DC6C96,CUST-00824,2026-05-02T17:56:25.612Z,476.11,PROCESSING
ORD-1786976311057-27E4ABD1,CUST-00566,2025-01-17T01:11:16.260Z,456.72,CANCELLED
ORD-1786976311057-1E9231C2,CUST-00742,2025-03-20T13:16:36.504Z,373.68,PROCESSING
ORD-1786976311057-151CF258,CUST-00538,2026-06-11T17:09:28.914Z,108.14,PENDING
ORD-1786976311057-8A848634,CUST-00294,2026-02-03T23:09:28.354Z,344.31,SHIPPED
ORD-1786976311057-F7EA2163,CUST-00031,2025-04-09T04:10:22.660Z,197.33,DELIVERED
ORD-1786976311057-A8D32914,CUST-00068,2026-03-22T09:40:18.693Z,252.94,PENDING
ORD-1786976311057-046A365D,CUST-00282,2025-11-07T15:22:26.327Z,269.42,PROCESSING
ORD-1786976311057-4EF96FC8,CUST-00514,2026-06-06T13:01:53.696Z,332.08,DELIVERED
ORD-1786976311057-FEE2AA47,CUST-00834,2025-02-18T02:57:27.775Z,498.64,DELIVERED
ORD-1786976311057-D5DBA678,CUST-00580,2025-04-27T06:27:02.968Z,192.21,CANCELLED
ORD-1786976311057-3839CC92,CUST-00732,2026-02-15T15:37:28.042Z,111.05,DELIVERED
ORD-1786976311057-BE2C5E0D,CUST-00830,2026-08-07T03:02:08.190Z,161.13,CANCELLED
ORD-1786976311057-399A05B1,CUST-00591,2026-04-10T16:26:42.772Z,102.78,DELIVERED
ORD-1786976311057-85C3B605,CUST-00288,2025-12-04T01:01:30.438Z,481.70,DELIVERED
ORD-1786976311057-2D9841E9,CUST-00772,2025-12-02T22:53:57.803Z,242.20,DELIVERED
ORD-1786976311057-EE9BA92A,CUST-00063,2026-05-25T10:35:41.837Z,70.68,CANCELLED
ORD-1786976311057-0B291038,CUST-00038,2026-02-11T21:58:07.833Z,364.92,DELIVERED
ORD-1786976311057-53C3B77D,CUST-00582,2025-02-25T11:18:27.556Z,460.07,DELIVERED
ORD-1786976311057-A62DCAC4,CUST-00030,2025-02-10T01:05:37.677Z,227.52,DELIVERED
ORD-1786976311057-F6EF6B31,CUST-00544,2026-01-28T06:26:01.839Z,19.23,SHIPPED
ORD-1786976311057-A17148EA,CUST-00386,2026-08-10T10:22:03.085Z,105.05,CANCELLED
ORD-1786976311057-8FB8954A,CUST-00074,2026-04-26T08:25:36.034Z,132.52,DELIVERED
ORD-1786976311057-31A8854F,CUST-00917,2025-04-14T01:57:12.865Z,404.77,SHIPPED
ORD-1786976311057-3F2527F7,CUST-00081,2026-05-06T13:59:17.205Z,497.92,PROCESSING
ORD-1786976311057-AFEE8E02,CUST-00412,2025-02-04T01:35:30.252Z,222.86,CANCELLED
ORD-1786976311057-3272B30D,CUST-00759,2025-05-27T09:53:46.705Z,314.60,PENDING
ORD-1786976311057-8B75994F,CUST-00593,2025-04-03T10:17:43.442Z,25.50,COMPLETED
ORD-1786976311057-61DA2BBF,CUST-00513,2026-02-20T09:53:26.003Z,270.67,COMPLETED
ORD-1786976311057-2349EC8B,CUST-00684,2025-06-16T04:09:51.292Z,118.09,COMPLETED
ORD-1786976311057-777DBF44,CUST-00224,2025-04-21T02:31:58.027Z,503.54,COMPLETED
ORD-1786976311057-3BA0C444,CUST-00655,2025-12-20T12:05:13.777Z,114.84,PENDING
ORD-1786976311057-EEC33D22,CUST-00981,2025-06-14T10:26:24.507Z,364.27,PENDING
ORD-1786976311057-E033AC96,CUST-00113,2026-05-30T20:25:43.779Z,296.48,PROCESSING
ORD-1786976311057-151F1E72,CUST-00718,2025-03-06T07:27:08.583Z,106.71,DELIVERED
ORD-1786976311057-432354D4,CUST-00253,2025-05-08T02:39:33.163Z,147.42,PENDING
ORD-1786976311057-35EAC708,CUST-00845,2026-02-05T23:52:14.943Z,43.59,SHIPPED
ORD-1786976311057-1BC0F3FF,CUST-00898,2026-07-12T04:34:30.228Z,416.02,PENDING
ORD-1786976311057-354614DA,CUST-00766,2025-02-25T13:17:37.411Z,312.67,PROCESSING
ORD-1786976311057-46DB7CD8,CUST-00792,2025-06-07T00:57:11.371Z,507.77,PENDING
ORD-1786976311057-B25D3010,CUST-00136,2026-03-19T14:48:00.086Z,337.01,PENDING
ORD-1786976311057-C7585EAD,CUST-00362,2026-01-21T07:13:59.865Z,344.85,COMPLETED
ORD-1786976311057-9825BFFB,CUST-00241,2025-05-21T01:59:07.015Z,117.68,SHIPPED
ORD-1786976311057-F90FD0B3,CUST-00240,2026-04-13T09:56:01.171Z,192.34,PENDING
ORD-1786976311057-4FE476C8,CUST-00768,2025-09-09T14:16:21.544Z,216.33,SHIPPED
ORD-1786976311057-B6077AA1,CUST-00446,2025-01-23T23:17:10.641Z,149.12,CANCELLED
ORD-1786976311057-4DEA14BD,CUST-00165,2025-04-30T01:03:59.696Z,446.10,SHIPPED
ORD-1786976311057-8D994587,CUST-00517,2026-02-22T15:58:53.856Z,355.17,PROCESSING
ORD-1786976311057-E84B4024,CUST-00318,2026-06-29T22:24:42.304Z,125.78,CANCELLED
ORD-1786976311057-356A795E,CUST-00217,2025-05-17T22:17:27.487Z,393.41,PROCESSING
ORD-1786976311057-76D0E893,CUST-00745,2025-06-10T16:52:57.424Z,437.19,PENDING
ORD-1786976311057-FBA69331,CUST-00066,2025-07-26T20:17:46.403Z,19.21,COMPLETED
ORD-1786976311057-E2D2CBDD,CUST-00439,2026-04-27T19:08:58.457Z,34.40,COMPLETED
ORD-1786976311057-CB1D4707,CUST-00636,2025-11-14T18:09:29.983Z,234.22,PROCESSING
ORD-1786976311057-D9376700,CUST-00440,2025-06-19T11:26:19.407Z,354.00,CANCELLED
ORD-1786976311057-BB0DD49C,CUST-00602,2026-05-24T20:54:38.346Z,396.93,PENDING
ORD-1786976311057-F2BDD32D,CUST-00119,2025-07-07T10:25:26.024Z,196.32,COMPLETED
ORD-1786976311057-2535EAE1,CUST-00613,2025-12-06T21:59:09.215Z,132.11,SHIPPED
ORD-1786976311057-04307630,CUST-00285,2026-07-31T01:04:29.418Z,31.37,CANCELLED
ORD-1786976311057-871EF7A3,CUST-00216,2025-01-27T20:28:33.053Z,89.12,COMPLETED
ORD-1786976311057-4BD8D4B3,CUST-00630,2025-03-15T23:16:00.891Z,353.64,PROCESSING
ORD-1786976311057-D4B265E9,CUST-00737,2026-04-07T04:21:59.963Z,335.36,SHIPPED
ORD-1786976311057-88970006,CUST-00287,2025-02-01T07:59:49.256Z,160.95,PENDING
ORD-1786976311057-F1AB24D7,CUST-00560,2025-10-18T11:42:36.350Z,165.19,CANCELLED
ORD-1786976311057-3EEE4A77,CUST-00275,2025-01-10T13:10:46.265Z,129.40,DELIVERED
ORD-1786976311057-A9AC50B1,CUST-00994,2025-04-08T07:18:02.112Z,131.37,COMPLETED
ORD-1786976311057-B07881CB,CUST-00460,2025-07-23T12:12:36.180Z,351.36,CANCELLED
ORD-1786976311057-EECEF3C8,CUST-00249,2025-10-29T03:57:14.970Z,240.78,PENDING
ORD-1786976311057-C215CD4C,CUST-00815,2025-01-07T02:37:16.824Z,448.61,DELIVERED
ORD-1786976311057-1C1A31E6,CUST-00192,2026-07-01T03:03:24.801Z,202.07,CANCELLED
ORD-1786976311057-873D9C8B,CUST-00686,2025-01-13T19:12:18.039Z,460.46,PROCESSING
ORD-1786976311057-DB88B29D,CUST-00099,2025-07-08T11:25:59.996Z,228.61,CANCELLED
ORD-1786976311057-FAE5F5FA,CUST-00659,2026-03-17T16:25:29.820Z,166.80,PENDING
ORD-1786976311057-A31BA12D,CUST-00703,2026-05-22T04:33:11.841Z,133.20,PROCESSING
ORD-1786976311057-14FCDEBC,CUST-00930,2026-03-16T00:17:26.442Z,390.67,COMPLETED
ORD-1786976311057-3D3A6F33,CUST-00789,2026-07-12T13:28:57.378Z,286.45,SHIPPED
ORD-1786976311057-213FA363,CUST-00827,2026-07-09T18:42:13.262Z,244.92,DELIVERED
ORD-1786976311057-CF15BB63,CUST-00445,2025-06-06T03:18:30.489Z,311.84,DELIVERED
ORD-INV-7700,,2026-05-10T10:00:00Z,120.00,PENDING
ORD-1786976311057-E4442A9F,CUST-00160,2026-01-27T08:57:39.483Z,486.11,DELIVERED
ORD-1786976311057-E3A8C4AD,CUST-00875,2025-04-20T06:34:31.475Z,19.86,COMPLETED
ORD-1786976311057-58B08CC0,CUST-00098,2025-12-03T01:37:47.957Z,490.46,PROCESSING
ORD-1786976311057-88653E2A,CUST-00237,2026-06-21T16:31:16.269Z,256.53,CANCELLED
ORD-1786976311057-5897588E,CUST-00733,2026-08-10T22:33:24.981Z,204.71,PENDING
ORD-1786976311057-7242898A,CUST-00730,2026-06-01T15:14:39.260Z,107.29,DELIVERED
ORD-1786976311057-D17B7A1A,CUST-00360,2025-01-04T12:05:09.790Z,158.19,PENDING
ORD-1786976311057-1BE331B2,CUST-00304,2025-08-25T05:37:53.491Z,281.21,PROCESSING
ORD-1786976311057-3296673A,CUST-00006,2025-06-28T00:25:06.636Z,433.44,PENDING
ORD-1786976311057-C4410082,CUST-00443,2025-06-15T08:22:10.207Z,346.15,PENDING
ORD-1786976311057-EBB7288D,CUST-00259,2026-05-28T22:19:30.757Z,418.34,COMPLETED
ORD-1786976311057-A368FE96,CUST-00546,2025-03-03T18:46:40.872Z,101.62,CANCELLED
ORD-1786976311057-181031A7,CUST-00007,2025-09-01T10:02:12.369Z,258.30,DELIVERED
ORD-1786976311057-55AC5B88,CUST-00511,2026-08-05T05:53:15.377Z,110.98,DELIVERED
ORD-1786976311057-2D006B40,CUST-00452,2025-08-12T02:52:23.352Z,402.67,DELIVERED
ORD-1786976311057-59C1BE63,CUST-00394,2025-05-13T15:30:20.093Z,135.96,COMPLETED
ORD-1786976311057-17939779,CUST-00134,2026-04-14T12:00:37.910Z,10.58,CANCELLED
ORD-1786976311057-AA2BB12B,CUST-00957,2025-07-22T00:39:15.412Z,313.09,PENDING
ORD-1786976311057-DBF86941,CUST-00555,2025-08-18T11:35:19.956Z,69.64,DELIVERED
ORD-1786976311057-0F6A95E3,CUST-00180,2025-04-05T20:56:59.231Z,95.82,DELIVERED
ORD-1786976311057-4EEFB5B8,CUST-00912,2026-02-08T18:25:27.211Z,265.66,PENDING
ORD-1786976311057-A7F5EB5A,CUST-00794,2025-08-20T17:36:17.057Z,466.20,COMPLETED
ORD-1786976311057-7F676DD5,CUST-00463,2025-03-23T19:48:45.112Z,385.02,DELIVERED
ORD-1786976311057-EAF0F928,CUST-00694,2025-07-22T03:34:58.682Z,299.14,COMPLETED
ORD-1786976311057-449C3566,CUST-00700,2026-01-09T11:34:15.735Z,466.19,SHIPPED
ORD-1786976311057-283FD717,CUST-00341,2026-03-18T02:21:47.285Z,85.04,PROCESSING
ORD-1786976311057-9EE41CEC,CUST-00729,2025-06-02T01:46:36.918Z,86.48,DELIVERED
ORD-1786976311057-CCCCA789,CUST-00089,2025-04-27T14:28:19.269Z,292.67,COMPLETED
ORD-1786976311057-43DF89E2,CUST-00470,2025-08-07T10:48:47.645Z,275.67,SHIPPED
ORD-1786976311057-F3CF909D,CUST-00295,2025-09-29T02:04:01.457Z,173.48,CANCELLED
ORD-1786976311057-9D185342,CUST-00483,2025-10-25T21:00:23.772Z,361.33,PROCESSING
ORD-1786976311057-B30A8908,CUST-00222,2026-01-26T03:32:43.508Z,52.08,COMPLETED
ORD-1786976311057-311E8259,CUST-00524,2026-03-04T21:53:43.802Z,365.20,PROCESSING
ORD-1786976311057-1FCCB372,CUST-00064,2025-05-27T20:59:26.429Z,300.38,PROCESSING
ORD-1786976311057-F2830812,CUST-00860,2026-04-10T18:14:28.213Z,378.28,CANCELLED
ORD-1786976311057-AD27CAFC,CUST-00622,2025-05-09T01:26:20.919Z,222.66,COMPLETED
ORD-1786976311057-94E0BDE2,CUST-00515,2025-11-15T05:27:23.111Z,304.84,PENDING
ORD-1786976311057-9BBD342B,CUST-00603,2025-09-17T22:43:42.425Z,357.30,CANCELLED
ORD-1786976311057-C44707B2,CUST-00573,2025-10-10T12:06:55.383Z,262.04,CANCELLED
ORD-1786976311057-24B46599,CUST-00659,2025-10-07T14:09:21.491Z,501.03,SHIPPED
ORD-1786976311057-A0DAF460,CUST-00922,2026-03-23T11:01:21.859Z,158.89,DELIVERED
ORD-1786976311057-70470CC0,CUST-00432,2025-09-17T21:28:22.246Z,94.02,PROCESSING
ORD-1786976311057-4ED35E3C,CUST-00431,2026-02-05T14:09:59.740Z,192.73,CANCELLED
ORD-1786976311057-2D39FDC0,CUST-00308,2026-03-02T00:10:17.725Z,298.58,COMPLETED
ORD-1786976311057-09ED7024,CUST-00188,2026-03-28T06:16:03.330Z,304.73,SHIPPED
ORD-1786976311057-028882DB,CUST-00143,2026-03-30T17:13:22.324Z,22.91,DELIVERED
ORD-1786976311057-122EA59E,CUST-00393,2025-01-07T14:23:52.611Z,289.72,COMPLETED
ORD-1786976311057-38C2CB14,CUST-00212,2025-01-04T03:17:14.892Z,450.86,PROCESSING
ORD-1786976311057-8D06F789,CUST-00631,2026-07-15T08:07:05.853Z,355.65,DELIVERED
ORD-1786976311057-1151ECA2,CUST-00573,2026-04-21T11:54:04.255Z,231.74,SHIPPED
ORD-1786976311057-842F12FE,CUST-00796,2025-09-22T00:26:43.222Z,403.65,PROCESSING
ORD-1786976311057-0FA8977A,CUST-00490,2025-04-07T14:32:24.103Z,147.58,COMPLETED
ORD-1786976311057-A339D4E5,CUST-00589,2025-11-19T03:23:51.595Z,104.91,SHIPPED
ORD-1786976311057-C896EDA0,CUST-00113,2025-06-08T20:51:03.423Z,108.25,DELIVERED
ORD-1786976311057-A8FFD4D6,CUST-00449,2025-10-02T05:27:18.017Z,60.75,DELIVERED
ORD-1786976311057-FC5B4FFF,CUST-00764,2025-06-11T18:04:18.114Z,358.63,PENDING
ORD-1786976311057-DA8D3547,CUST-00923,2026-01-29T12:11:51.922Z,458.68,DELIVERED
ORD-1786976311057-E3CE2D4F,CUST-00600,2026-02-28T01:25:44.648Z,332.04,SHIPPED
ORD-1786976311057-D05B8E2F,CUST-00521,2026-06-25T10:34:29.561Z,442.33,DELIVERED
ORD-1786976311057-8C4E62C4,CUST-00041,2026-04-23T21:32:51.781Z,342.26,CANCELLED
ORD-1786976311057-3001C3B1,CUST-00202,2026-04-07T11:03:06.684Z,151.87,PROCESSING
ORD-1786976311057-D754AE0F,CUST-00372,2025-11-15T15:26:26.260Z,285.49,PENDING
ORD-1786976311057-CD5FD0AE,CUST-00651,2025-04-15T02:15:06.402Z,225.40,SHIPPED
ORD-1786976311057-BF753A23,CUST-00023,2026-03-12T20:31:36.284Z,86.64,SHIPPED
ORD-1786976311057-11D8028C,CUST-00816,2025-06-01T09:20:47.650Z,53.93,COMPLETED
ORD-1786976311057-40FCF6C5,CUST-00283,2026-08-04T14:37:58.161Z,418.23,PROCESSING
ORD-1786976311057-7B507022,CUST-00179,2026-06-14T13:55:23.354Z,321.03,PENDING
ORD-1786976311057-3A9F6042,CUST-00405,2025-09-23T18:39:23.492Z,83.89,DELIVERED
ORD-1786976311057-0FBA223A,CUST-00039,2025-02-11T00:38:50.486Z,250.71,PENDING
ORD-1786976311057-3F04C052,CUST-00603,2026-03-21T00:38:09.068Z,84.12,COMPLETED
ORD-1786976311057-346270E8,CUST-00732,2026-05-04T23:28:47.760Z,55.09,DELIVERED
ORD-1786976311057-B87CF879,CUST-00250,2025-03-01T13:19:33.819Z,145.12,PROCESSING
ORD-1786976311057-652B68C7,CUST-01000,2025-10-18T00:27:05.099Z,181.31,COMPLETED
ORD-1786976311057-00B0EA6C,CUST-00748,2025-08-27T21:55:56.413Z,309.93,PENDING
ORD-1786976311057-99148C73,CUST-00171,2025-12-04T03:58:48.556Z,225.53,COMPLETED
ORD-1786976311057-42DDD449,CUST-00621,2025-01-31T19:50:26.291Z,132.65,PROCESSING
ORD-1786976311057-8020EE84,CUST-00210,2025-12-18T11:15:01.659Z,131.83,COMPLETED
ORD-1786976311057-960DF695,CUST-00106,2025-09-06T16:19:34.325Z,119.92,DELIVERED
ORD-1786976311057-5CFCC66B,CUST-00770,2025-05-28T19:03:08.235Z,475.05,CANCELLED
ORD-1786976311057-3261892E,CUST-00864,2026-06-07T21:46:13.280Z,215.43,SHIPPED
ORD-1786976311058-889757A3,CUST-00235,2026-03-24T09:54:01.990Z,186.44,PENDING
ORD-1786976311058-7A1E1ADC,CUST-00266,2025-01-04T07:50:41.794Z,116.06,DELIVERED
ORD-1786976311058-F44A61E1,CUST-00390,2026-04-19T09:08:50.773Z,26.02,COMPLETED
ORD-1786976311058-7056E2B4,CUST-00415,2025-04-20T02:48:21.760Z,202.10,CANCELLED
ORD-1786976311058-D25D92CE,CUST-00957,2026-02-05T03:09:48.807Z,310.12,DELIVERED
ORD-1786976311058-89CD9EB9,CUST-00951,2025-01-21T11:58:09.170Z,294.65,DELIVERED
ORD-1786976311058-DBCE34EC,CUST-00397,2025-12-02T00:38:29.354Z,115.51,PENDING
ORD-1786976311058-B130FDBA,CUST-00130,2025-10-30T04:42:21.317Z,122.45,SHIPPED
ORD-1786976311058-A9F58724,CUST-00438,2026-07-11T23:39:50.271Z,342.11,PENDING
ORD-1786976311058-C7AC8B88,CUST-00563,2025-11-20T03:55:13.134Z,402.03,CANCELLED
ORD-1786976311058-40A9893C,CUST-00309,2025-09-14T18:17:15.826Z,456.99,SHIPPED
ORD-1786976311058-67BD91DF,CUST-00368,2026-05-18T22:29:06.474Z,67.14,COMPLETED
ORD-1786976311058-0A409A3B,CUST-00703,2025-12-06T18:05:06.752Z,409.67,SHIPPED
ORD-1786976311058-572C98A2,CUST-00903,2025-01-06T17:02:19.833Z,181.63,COMPLETED
ORD-1786976311058-E036C0F6,CUST-00945,2025-08-08T20:17:31.273Z,185.27,COMPLETED
ORD-1786976311058-5391477B,CUST-00453,2025-09-20T12:41:33.824Z,143.99,SHIPPED
ORD-1786976311058-ABA4AD7E,CUST-00742,2026-06-21T07:21:55.054Z,427.16,COMPLETED
ORD-1786976311058-9ECD3995,CUST-00357,2026-06-14T22:08:55.907Z,86.73,SHIPPED
ORD-1786976311058-D5F700C4,CUST-00542,2026-03-21T00:22:29.679Z,40.61,COMPLETED
ORD-INV-7800,CUST-001,INVALID_DATE_FORMAT,99.99,PENDING
ORD-1786976311058-864C632E,CUST-00985,2026-01-16T00:22:25.308Z,139.51,COMPLETED
ORD-1786976311058-B43D6FA7,CUST-00667,2025-08-05T16:03:57.108Z,408.57,PROCESSING
ORD-1786976311058-F59281C5,CUST-00305,2026-02-20T19:54:44.563Z,281.79,DELIVERED
ORD-1786976311058-1042D4FF,CUST-00992,2025-10-27T21:52:23.090Z,400.43,COMPLETED
ORD-1786976311058-D05BDD9F,CUST-00061,2025-12-09T07:45:42.571Z,402.01,PROCESSING
ORD-1786976311058-FEA988CD,CUST-00269,2026-06-15T00:18:00.989Z,327.65,SHIPPED
ORD-1786976311058-7AE50F52,CUST-00484,2026-03-18T05:08:40.483Z,393.60,PROCESSING
ORD-1786976311058-AFDD344F,CUST-00389,2025-11-18T12:29:57.011Z,165.67,CANCELLED
ORD-1786976311058-5EA4911F,CUST-00773,2026-04-06T02:19:01.884Z,264.73,CANCELLED
ORD-1786976311058-670168DB,CUST-00680,2025-12-24T00:01:52.438Z,450.03,DELIVERED
ORD-1786976311058-CB155048,CUST-00282,2026-07-24T10:39:47.587Z,143.86,COMPLETED
ORD-1786976311058-9314318E,CUST-00825,2026-07-27T13:31:40.760Z,392.88,PENDING
ORD-1786976311058-33E33C92,CUST-00575,2025-03-05T06:36:55.890Z,246.22,DELIVERED
ORD-1786976311058-E0F2390C,CUST-00153,2026-04-14T08:28:08.862Z,75.12,DELIVERED
ORD-1786976311058-DC1C6FA4,CUST-00978,2025-06-20T15:41:36.251Z,189.72,CANCELLED
ORD-1786976311058-BEBB5EF0,CUST-00890,2025-07-16T14:36:17.074Z,420.08,PENDING
ORD-1786976311058-135FB3A5,CUST-00656,2026-07-04T07:13:30.206Z,90.19,SHIPPED
ORD-1786976311058-8A60B06C,CUST-00228,2026-03-04T23:09:05.575Z,64.40,COMPLETED
ORD-1786976311058-9C1A3B1A,CUST-00225,2025-12-18T19:27:37.953Z,490.11,SHIPPED
ORD-1786976311058-6535F87B,CUST-00925,2026-03-22T02:27:30.149Z,153.01,SHIPPED
ORD-1786976311058-29975A70,CUST-00622,2026-02-28T00:38:29.396Z,255.27,COMPLETED
ORD-1786976311058-67E8D312,CUST-00301,2025-06-29T09:41:01.485Z,63.77,SHIPPED
ORD-1786976311058-F70ADCA9,CUST-00425,2025-02-03T12:00:29.412Z,254.65,COMPLETED
ORD-1786976311058-9248AD5E,CUST-00404,2025-08-21T18:27:46.695Z,339.01,SHIPPED
ORD-1786976311058-E0BDFDF5,CUST-00350,2025-05-25T13:51:12.984Z,167.08,DELIVERED
ORD-1786976311058-CC4D953E,CUST-00989,2026-01-19T12:23:18.611Z,192.27,COMPLETED
ORD-1786976311058-22E94F98,CUST-00598,2026-06-30T05:38:30.436Z,113.39,PROCESSING
ORD-1786976311058-6CF43AC9,CUST-00136,2025-11-08T05:06:20.311Z,404.10,SHIPPED
ORD-1786976311058-AB31ED3F,CUST-00399,2025-01-02T19:04:47.774Z,240.18,CANCELLED
ORD-1786976311058-9878B841,CUST-00941,2025-04-16T12:31:00.113Z,509.31,SHIPPED
ORD-1786976311058-B67E6902,CUST-00213,2025-01-10T03:19:14.844Z,338.26,PROCESSING
ORD-1786976311058-F255C450,CUST-00599,2026-02-20T03:27:10.748Z,182.47,CANCELLED
ORD-1786976311058-FC702070,CUST-00885,2025-06-01T05:43:41.686Z,177.46,COMPLETED
ORD-1786976311058-63E07742,CUST-00432,2025-10-10T03:28:24.898Z,490.20,PENDING
ORD-1786976311058-20DAE986,CUST-00225,2025-10-05T22:21:28.901Z,48.41,SHIPPED
ORD-1786976311058-7BF9AD29,CUST-00887,2025-08-25T16:40:20.455Z,122.06,COMPLETED
ORD-1786976311058-306E980E,CUST-00262,2025-03-02T14:13:43.878Z,144.25,DELIVERED
ORD-1786976311058-2706022D,CUST-00203,2026-05-09T19:41:39.683Z,506.51,PROCESSING
ORD-1786976311058-93F53B01,CUST-00737,2025-03-15T23:37:40.788Z,233.00,DELIVERED
ORD-1786976311058-C4B70662,CUST-00464,2025-05-29T12:37:29.188Z,409.65,SHIPPED
ORD-1786976311058-862250D8,CUST-00054,2026-03-08T19:26:50.720Z,79.04,DELIVERED
ORD-1786976311058-99B3B8C8,CUST-00022,2025-10-25T20:35:30.809Z,17.84,SHIPPED
ORD-1786976311058-A2CCDDD5,CUST-00502,2025-10-18T08:18:20.588Z,94.72,PENDING
ORD-1786976311058-C9B43A6C,CUST-00111,2025-09-19T14:32:15.133Z,38.83,CANCELLED
ORD-1786976311058-4299709B,CUST-00964,2025-05-01T17:12:50.631Z,139.62,COMPLETED
ORD-1786976311058-2CD50D97,CUST-00902,2026-07-10T12:21:09.580Z,78.37,PROCESSING
ORD-1786976311058-23845EFB,CUST-00414,2025-06-05T08:11:49.812Z,454.10,DELIVERED
ORD-1786976311058-D89A0870,CUST-00147,2025-12-10T14:12:10.016Z,83.97,PROCESSING
ORD-1786976311058-B8269448,CUST-00171,2025-06-06T03:57:04.623Z,229.71,DELIVERED
ORD-1786976311058-2DA0CE98,CUST-00710,2026-02-03T08:42:09.334Z,320.53,CANCELLED
ORD-1786976311058-AAE457C7,CUST-00942,2025-09-25T12:25:33.562Z,451.76,COMPLETED
ORD-1786976311058-A1D2CC8F,CUST-00371,2025-09-23T06:19:38.189Z,352.93,DELIVERED
ORD-1786976311058-8550C5F5,CUST-00091,2025-07-12T08:38:58.502Z,402.34,SHIPPED
ORD-1786976311058-88071DA5,CUST-00402,2025-04-04T06:54:04.150Z,283.04,SHIPPED
ORD-1786976311058-AE78D6FF,CUST-00148,2025-10-29T19:12:02.273Z,327.24,PROCESSING
ORD-1786976311058-0A0C09AF,CUST-00431,2025-04-28T17:45:31.358Z,180.10,PROCESSING
ORD-1786976311058-D4BB7B28,CUST-00563,2025-05-31T17:48:41.069Z,81.48,DELIVERED
ORD-1786976311058-B1982145,CUST-00957,2025-05-18T01:21:20.523Z,432.29,COMPLETED
ORD-1786976311058-066A017B,CUST-00753,2026-02-18T12:12:06.687Z,444.87,SHIPPED
ORD-1786976311058-40D0BEB2,CUST-00526,2025-11-20T09:10:44.100Z,212.71,SHIPPED
ORD-1786976311058-390FEC58,CUST-00309,2025-05-28T07:07:33.956Z,450.20,COMPLETED
ORD-1786976311058-CD207A76,CUST-00044,2025-10-06T08:03:11.519Z,261.56,SHIPPED
ORD-1786976311058-FAC65743,CUST-00124,2025-12-25T00:23:00.704Z,209.12,CANCELLED
ORD-1786976311058-4C4E1BD5,CUST-00321,2026-01-29T04:09:15.718Z,322.07,SHIPPED
ORD-1786976311058-A93B4614,CUST-00014,2025-11-13T10:13:55.680Z,169.04,PENDING
ORD-1786976311058-5924959F,CUST-00633,2025-08-25T16:25:37.662Z,245.94,PENDING
ORD-1786976311058-8C39EA0D,CUST-00646,2026-04-02T02:15:38.194Z,302.02,PROCESSING
ORD-1786976311058-1DD37D36,CUST-00409,2025-08-08T01:43:33.882Z,224.05,CANCELLED
ORD-1786976311058-C950B808,CUST-00748,2026-02-09T14:59:23.079Z,390.47,COMPLETED
ORD-1786976311058-9EB356B3,CUST-00800,2026-02-09T19:26:57.502Z,63.35,CANCELLED
ORD-1786976311058-E59BC8C9,CUST-00106,2026-07-25T04:11:51.566Z,210.39,CANCELLED
ORD-1786976311058-C4BC9064,CUST-00896,2026-01-16T00:35:26.531Z,350.79,CANCELLED
ORD-1786976311058-A03C432B,CUST-00965,2026-02-23T04:55:52.672Z,171.53,PENDING
ORD-1786976311058-28469989,CUST-00736,2026-06-03T17:00:21.767Z,220.98,SHIPPED
ORD-1786976311058-52A3C993,CUST-00642,2026-02-08T08:20:38.882Z,269.83,DELIVERED
ORD-1786976311058-288B1419,CUST-00542,2025-05-20T07:32:57.881Z,286.08,DELIVERED
ORD-1786976311058-0AD59C2D,CUST-00100,2025-01-16T02:49:56.171Z,322.38,PENDING
ORD-1786976311058-93894157,CUST-00481,2026-01-04T22:17:54.255Z,96.53,SHIPPED
ORD-1786976311058-E2201A99,CUST-00034,2026-01-12T16:04:42.860Z,213.44,DELIVERED
ORD-1786976311058-9FD6C3BC,CUST-00802,2026-01-12T02:48:00.998Z,34.12,DELIVERED
ORD-1786976311058-8FCE2E6A,CUST-00710,2025-03-22T22:59:42.037Z,265.29,COMPLETED
ORD-1786976311058-FD1A9C4F,CUST-00300,2025-08-12T23:36:32.754Z,400.99,PENDING
ORD-1786976311058-C17B6978,CUST-00423,2025-02-19T10:56:55.211Z,409.27,CANCELLED
ORD-1786976311058-CB43BE4C,CUST-00466,2025-06-04T15:30:41.155Z,340.49,PROCESSING
ORD-1786976311058-F8469B72,CUST-00665,2026-04-13T22:44:00.799Z,378.70,PENDING
ORD-1786976311058-E28795EF,CUST-00066,2025-08-13T20:08:59.591Z,184.27,DELIVERED
ORD-1786976311058-76D46D7D,CUST-00853,2025-11-13T20:59:00.136Z,52.06,CANCELLED
ORD-1786976311058-1D9772AF,CUST-00147,2025-09-23T19:07:21.978Z,488.92,SHIPPED
ORD-1786976311058-A2671086,CUST-00781,2025-11-28T07:17:27.309Z,438.74,PENDING
ORD-1786976311058-672B5DAF,CUST-00002,2026-04-23T06:50:22.586Z,39.16,CANCELLED
ORD-1786976311058-0788D7A1,CUST-00911,2025-05-04T06:12:49.374Z,22.91,DELIVERED
ORD-1786976311058-A9F841AB,CUST-00705,2025-06-06T21:39:01.124Z,342.63,CANCELLED
ORD-1786976311058-E03AB35F,CUST-00456,2026-01-06T21:55:44.334Z,233.75,COMPLETED
ORD-1786976311058-3BA0FE67,CUST-00310,2026-05-23T03:11:40.335Z,232.21,CANCELLED
ORD-1786976311058-80D8966B,CUST-00991,2025-09-21T02:45:00.630Z,119.25,COMPLETED
ORD-1786976311058-E8CA63CA,CUST-00131,2025-08-28T21:52:08.375Z,42.10,SHIPPED
ORD-1786976311058-8BB4BD02,CUST-00342,2025-03-20T13:16:31.479Z,323.98,PROCESSING
ORD-1786976311058-16899FD3,CUST-00689,2025-06-08T15:23:09.531Z,306.13,DELIVERED
ORD-1786976311058-7E0399F1,CUST-00016,2025-02-13T16:24:41.967Z,164.84,SHIPPED
ORD-INV-7900,CUST-002,2026-05-10T10:00:00Z,-50.00,COMPLETED
ORD-1786976311058-BA2B9B58,CUST-00231,2025-05-16T22:08:54.896Z,504.65,PROCESSING
ORD-1786976311058-B7E52DBC,CUST-00690,2025-04-02T20:34:06.901Z,337.94,DELIVERED
ORD-1786976311058-5C898D3D,CUST-00073,2025-02-01T23:12:08.735Z,176.83,DELIVERED
ORD-1786976311058-3C603C26,CUST-00387,2025-11-03T05:03:18.261Z,146.53,DELIVERED
ORD-1786976311058-A2EBE9FF,CUST-00645,2025-07-22T11:09:58.452Z,450.63,PROCESSING
ORD-1786976311059-788798B3,CUST-00667,2025-05-24T23:12:22.927Z,34.28,CANCELLED
ORD-1786976311059-D7BC8C8B,CUST-00571,2025-12-06T09:04:17.094Z,331.45,SHIPPED
ORD-1786976311059-5A6CC693,CUST-00544,2025-07-05T02:29:20.890Z,237.92,SHIPPED
ORD-1786976311059-0B8CC18D,CUST-00953,2025-12-31T01:07:12.288Z,304.41,COMPLETED
ORD-1786976311059-72278C34,CUST-00447,2025-11-04T19:16:18.686Z,76.19,CANCELLED
ORD-1786976311059-5F2AD44E,CUST-00082,2025-02-17T09:39:00.906Z,36.26,PENDING
ORD-1786976311059-E3E6AF76,CUST-00456,2025-12-10T15:30:59.175Z,158.65,COMPLETED
ORD-1786976311059-C0D98E82,CUST-00023,2025-11-14T17:03:53.701Z,464.49,PROCESSING
ORD-1786976311059-A883FEF4,CUST-00985,2025-06-25T14:03:51.902Z,120.10,PROCESSING
ORD-1786976311059-C0E9C16C,CUST-00437,2025-01-22T04:31:49.587Z,225.19,DELIVERED
ORD-1786976311059-BAA62702,CUST-00013,2025-06-01T20:11:12.084Z,239.57,COMPLETED
ORD-1786976311059-440F6680,CUST-00730,2026-03-05T06:32:34.788Z,157.68,SHIPPED
ORD-1786976311059-355F27ED,CUST-00358,2026-03-31T01:14:58.987Z,282.32,PROCESSING
ORD-1786976311059-DDBA260D,CUST-00540,2026-07-10T10:30:18.475Z,434.96,PENDING
ORD-1786976311059-1F885B0D,CUST-00087,2025-09-16T13:21:27.803Z,177.04,PROCESSING
ORD-1786976311059-CF84F59C,CUST-00628,2026-03-14T17:58:07.566Z,20.33,PENDING
ORD-1786976311059-E6761382,CUST-00939,2026-02-10T00:06:28.704Z,172.45,SHIPPED
ORD-1786976311059-782B9BC4,CUST-00262,2025-01-22T13:39:12.157Z,166.92,SHIPPED
ORD-1786976311059-CC9A74C7,CUST-00215,2025-11-05T20:21:21.146Z,310.72,SHIPPED
ORD-1786976311059-3DEC70AD,CUST-00200,2025-09-18T11:40:09.718Z,63.97,PROCESSING
ORD-1786976311059-183548FB,CUST-00334,2025-10-08T02:18:56.955Z,196.06,COMPLETED
ORD-1786976311059-908206D3,CUST-00667,2026-02-10T03:18:00.582Z,72.71,PENDING
ORD-1786976311059-3B1A6A19,CUST-00597,2026-03-08T10:28:27.060Z,209.33,COMPLETED
ORD-1786976311059-24D818AD,CUST-00391,2026-07-11T02:53:34.623Z,304.35,PENDING
ORD-1786976311059-E06D4D7E,CUST-00128,2026-06-06T18:23:49.723Z,75.54,PROCESSING
ORD-1786976311059-0F786DBA,CUST-00560,2025-02-26T15:14:34.000Z,217.17,COMPLETED
ORD-1786976311059-B22A684F,CUST-00420,2025-10-22T17:45:34.437Z,352.31,SHIPPED
ORD-1786976311059-D57458DB,CUST-00703,2025-09-29T23:14:31.770Z,232.18,SHIPPED
ORD-1786976311059-F2C9A0C3,CUST-00368,2025-07-12T11:55:28.401Z,234.45,DELIVERED
ORD-1786976311059-CF761837,CUST-00751,2025-06-20T14:49:04.285Z,421.05,COMPLETED
ORD-1786976311059-EF66FE1F,CUST-00819,2026-01-31T01:50:55.249Z,42.38,DELIVERED
ORD-1786976311059-819F4B5E,CUST-00635,2026-08-14T23:00:56.845Z,66.44,CANCELLED
ORD-1786976311059-928B0E09,CUST-00310,2025-11-17T17:59:59.320Z,288.36,COMPLETED
ORD-1786976311059-91459640,CUST-00672,2026-05-11T20:20:38.925Z,210.89,DELIVERED
ORD-1786976311059-5CCB41DF,CUST-00375,2025-08-15T18:44:05.786Z,493.12,PROCESSING
ORD-1786976311059-0ED71A40,CUST-00655,2025-07-21T19:47:39.954Z,357.93,PROCESSING
ORD-1786976311059-6A7B786C,CUST-00430,2025-11-24T16:33:09.924Z,161.05,CANCELLED
ORD-1786976311059-8559BF28,CUST-00364,2026-06-25T05:56:49.472Z,26.42,PENDING
ORD-1786976311059-F6C1CDC8,CUST-00737,2026-06-07T19:33:10.900Z,228.92,SHIPPED
ORD-1786976311059-108DFD79,CUST-00374,2025-04-09T18:20:25.299Z,357.68,COMPLETED
ORD-1786976311059-65BD7B64,CUST-00167,2025-06-25T12:58:20.288Z,90.05,COMPLETED
ORD-1786976311059-0B62B3C7,CUST-00718,2026-08-01T12:31:20.875Z,417.04,DELIVERED
ORD-1786976311059-BE294ECB,CUST-00938,2025-06-10T13:32:31.096Z,252.00,PROCESSING
ORD-1786976311059-D7A2A762,CUST-00015,2025-09-08T11:35:08.821Z,291.13,PENDING
ORD-1786976311059-69CD31C4,CUST-00306,2025-09-28T09:00:57.593Z,75.93,COMPLETED
ORD-1786976311059-2587086C,CUST-00446,2026-05-03T20:13:55.146Z,280.96,CANCELLED
ORD-1786976311059-2E45FAF9,CUST-00502,2025-02-14T14:02:08.854Z,274.72,PENDING
ORD-1786976311059-F2F6CD87,CUST-00134,2026-06-30T16:11:26.144Z,492.36,PENDING
ORD-1786976311059-ED89E6C1,CUST-00188,2025-05-07T06:17:05.272Z,339.00,CANCELLED
ORD-1786976311059-25B8F766,CUST-00283,2025-10-14T10:30:30.742Z,385.47,SHIPPED
ORD-1786976311059-78A26C31,CUST-00979,2026-07-02T16:10:23.286Z,422.85,COMPLETED
ORD-1786976311059-F1BB230D,CUST-00480,2025-09-11T06:26:07.689Z,275.63,COMPLETED
ORD-1786976311059-067936B3,CUST-00748,2026-02-06T09:14:03.849Z,222.28,DELIVERED
ORD-1786976311059-4B354934,CUST-00204,2025-01-23T09:04:51.730Z,307.33,DELIVERED
ORD-1786976311059-B808A47F,CUST-00415,2025-05-06T09:23:29.766Z,371.27,PENDING
ORD-1786976311059-C434DABD,CUST-00833,2025-03-02T01:07:30.715Z,284.77,DELIVERED
ORD-1786976311059-D19C118E,CUST-00101,2025-10-26T03:16:26.674Z,353.65,PENDING
ORD-1786976311059-99235A1E,CUST-00436,2026-04-19T17:51:59.366Z,70.07,DELIVERED
ORD-1786976311059-EB6C88CE,CUST-00809,2026-04-02T18:24:37.384Z,442.65,PENDING
ORD-1786976311059-1E5A4599,CUST-00834,2026-03-10T11:07:33.065Z,421.63,DELIVERED
ORD-1786976311059-9E06807D,CUST-00498,2025-11-15T09:09:46.772Z,121.60,PENDING
ORD-1786976311059-CB3D97CF,CUST-00917,2025-11-17T03:34:36.253Z,389.71,PROCESSING
ORD-1786976311059-ADAD4E04,CUST-00075,2026-03-22T21:54:54.688Z,219.31,PROCESSING
ORD-1786976311059-E57D4113,CUST-00721,2026-06-24T05:28:21.918Z,280.97,SHIPPED
ORD-1786976311059-115798D4,CUST-00966,2026-03-25T15:31:26.991Z,122.08,PENDING
ORD-1786976311059-BF28F2AE,CUST-00113,2025-04-17T14:18:43.279Z,261.21,PROCESSING
ORD-1786976311059-452445D6,CUST-00287,2026-08-03T04:07:11.209Z,470.41,PROCESSING
ORD-1786976311059-06083EC1,CUST-00582,2025-06-22T19:22:35.459Z,350.10,PROCESSING
ORD-1786976311059-DDC43FFB,CUST-00302,2025-05-31T05:55:02.712Z,314.65,PROCESSING
ORD-1786976311059-008E60D2,CUST-00409,2025-05-20T08:44:51.488Z,490.19,CANCELLED
ORD-1786976311059-3BFBD78E,CUST-00522,2026-04-09T18:50:40.254Z,207.14,PROCESSING
ORD-1786976311059-89DADB18,CUST-00527,2026-03-25T08:28:37.893Z,475.05,CANCELLED
ORD-1786976311059-80877AF6,CUST-00575,2026-05-27T16:42:24.981Z,81.33,PROCESSING
ORD-1786976311059-0FC670E1,CUST-00991,2026-07-06T03:30:29.898Z,353.44,COMPLETED
ORD-1786976311059-1FDE556E,CUST-00008,2025-01-05T10:29:40.385Z,464.56,CANCELLED
ORD-1786976311059-767DD4E3,CUST-00251,2026-07-30T00:16:01.624Z,337.68,COMPLETED
ORD-1786976311059-FAC49693,CUST-00570,2025-05-13T23:53:23.548Z,202.55,DELIVERED
ORD-1786976311059-F5095A10,CUST-00047,2026-04-05T16:27:08.741Z,142.92,PENDING
ORD-1786976311059-D4E4C089,CUST-00853,2025-04-13T00:30:44.602Z,163.38,COMPLETED
ORD-1786976311059-58D9DE63,CUST-00443,2026-04-24T15:41:26.918Z,140.53,COMPLETED
ORD-1786976311059-5B1EB99F,CUST-00269,2026-01-18T07:25:49.189Z,89.37,CANCELLED
ORD-1786976311059-E5A76604,CUST-00381,2025-05-27T12:43:20.452Z,124.18,PENDING
ORD-1786976311059-4D31DAF9,CUST-00685,2026-02-15T16:18:05.499Z,195.81,SHIPPED
ORD-1786976311059-2796E3A2,CUST-00553,2026-03-03T16:53:08.817Z,162.51,PROCESSING
ORD-1786976311059-4AB7F2FF,CUST-00829,2025-01-20T15:06:08.057Z,440.73,PROCESSING
ORD-1786976311059-458DE94E,CUST-00382,2026-02-04T12:29:56.737Z,101.98,COMPLETED
ORD-1786976311059-7DA71900,CUST-00373,2025-04-17T09:23:01.109Z,411.85,CANCELLED
ORD-1786976311059-95B3D71C,CUST-00710,2025-03-29T01:53:17.920Z,424.17,SHIPPED
ORD-1786976311059-68D0696E,CUST-00296,2025-03-29T07:28:24.198Z,273.35,CANCELLED
ORD-1786976311059-CCB5C305,CUST-00395,2025-05-13T23:18:37.397Z,39.99,DELIVERED
ORD-1786976311059-8FFDBACA,CUST-00514,2025-05-27T02:07:27.893Z,311.42,COMPLETED
ORD-1786976311059-905DD25C,CUST-00799,2025-07-13T12:43:23.546Z,504.77,CANCELLED
ORD-1786976311059-1A370C51,CUST-00282,2026-06-20T23:03:59.357Z,220.94,CANCELLED
ORD-1786976311059-CA97E066,CUST-00500,2026-06-26T01:08:36.834Z,100.25,CANCELLED
ORD-INV-8000,,2026-05-10T10:00:00Z,120.00,PENDING
ORD-1786976311059-587D910B,CUST-00757,2026-06-15T23:17:33.021Z,338.55,PROCESSING
ORD-1786976311059-74E3DAC0,CUST-00402,2025-01-14T12:43:11.836Z,52.36,CANCELLED
ORD-1786976311059-88020B0E,CUST-00723,2025-06-09T15:30:05.341Z,340.76,COMPLETED
ORD-1786976311059-E14DEECA,CUST-00036,2026-06-16T22:30:07.156Z,99.49,PENDING
ORD-1786976311059-9A64E57F,CUST-00717,2026-04-01T16:54:11.613Z,454.43,PENDING
ORD-1786976311059-17F533CA,CUST-00050,2026-02-04T08:06:01.901Z,210.78,CANCELLED
ORD-1786976311059-E161A402,CUST-00133,2025-01-23T22:47:24.573Z,28.08,SHIPPED
ORD-1786976311059-70B75C47,CUST-00846,2025-10-17T23:40:34.626Z,339.72,DELIVERED
ORD-1786976311059-8E78CC26,CUST-00810,2026-04-07T13:03:10.937Z,80.73,CANCELLED
ORD-1786976311059-8C708CF9,CUST-00948,2025-12-10T10:42:51.496Z,462.63,CANCELLED
ORD-1786976311059-D6301576,CUST-00440,2025-06-26T23:56:29.867Z,212.50,CANCELLED
ORD-1786976311059-5528DCAE,CUST-00974,2025-03-19T13:28:05.692Z,158.65,PENDING
ORD-1786976311059-EC6E0CFA,CUST-00432,2025-05-16T19:09:02.454Z,389.69,PROCESSING
ORD-1786976311059-E93AF14A,CUST-00510,2026-07-15T06:42:52.578Z,124.64,SHIPPED
ORD-1786976311059-DF5F9A61,CUST-00991,2025-01-06T17:52:08.081Z,398.49,SHIPPED
ORD-1786976311059-54718B24,CUST-00779,2025-05-22T06:17:03.373Z,197.00,PROCESSING
ORD-1786976311059-F997B076,CUST-00793,2026-05-01T21:33:13.595Z,62.86,PENDING
ORD-1786976311059-AA3785F9,CUST-00359,2025-12-27T06:03:17.661Z,406.19,COMPLETED
ORD-1786976311059-1FD7C139,CUST-00015,2025-01-18T21:37:01.161Z,138.10,PROCESSING
ORD-1786976311059-0DB05BCB,CUST-00523,2025-08-18T10:38:00.859Z,44.59,DELIVERED
ORD-1786976311059-6B79A307,CUST-00877,2025-07-20T21:22:15.131Z,167.29,PENDING
ORD-1786976311059-F2150205,CUST-00859,2026-07-02T01:20:25.187Z,312.64,COMPLETED
ORD-1786976311059-4B869C0F,CUST-00309,2026-07-04T18:44:49.646Z,21.78,PENDING
ORD-1786976311059-D45C3D5E,CUST-00355,2025-05-04T06:24:54.532Z,80.99,PROCESSING
ORD-1786976311059-33A351B4,CUST-00453,2025-03-02T02:37:22.886Z,292.42,CANCELLED
ORD-1786976311059-4B52E925,CUST-00685,2025-08-14T11:50:27.074Z,52.16,CANCELLED
ORD-1786976311059-8B5CF279,CUST-00539,2025-10-05T11:29:46.595Z,485.78,CANCELLED
ORD-1786976311059-8A3EE245,CUST-00514,2025-10-28T19:03:45.974Z,384.81,SHIPPED
ORD-1786976311059-A7B174FB,CUST-00971,2025-08-29T09:09:56.245Z,45.34,SHIPPED
ORD-1786976311059-068F0804,CUST-00733,2025-02-07T17:50:48.518Z,27.34,DELIVERED
ORD-1786976311059-A6B848EE,CUST-00917,2025-02-24T02:30:17.545Z,88.08,COMPLETED
ORD-1786976311059-41779107,CUST-00766,2026-02-28T05:07:19.033Z,99.80,PENDING
ORD-1786976311059-D526FAA6,CUST-00112,2026-02-15T15:04:55.600Z,77.11,PROCESSING
ORD-1786976311060-45630080,CUST-00898,2025-04-06T11:16:50.812Z,167.64,PROCESSING
ORD-1786976311060-FA33C810,CUST-00768,2025-04-16T06:45:13.187Z,491.89,SHIPPED
ORD-1786976311060-ED33D4BF,CUST-00223,2025-03-30T13:55:03.895Z,117.63,PENDING
ORD-1786976311060-0D84B924,CUST-00347,2025-05-31T06:09:03.057Z,100.88,PROCESSING
ORD-1786976311060-901A7E93,CUST-00245,2025-11-19T13:38:33.538Z,285.64,CANCELLED
ORD-1786976311060-65B976FE,CUST-00408,2026-04-06T02:12:04.569Z,210.93,COMPLETED
ORD-1786976311060-F3E401E7,CUST-00624,2025-07-13T05:31:42.056Z,416.27,PROCESSING
ORD-1786976311060-BC8A462C,CUST-00256,2025-07-29T02:57:21.789Z,159.90,COMPLETED
ORD-1786976311060-0B3AD4CF,CUST-00145,2025-11-20T11:29:22.175Z,381.11,PROCESSING
ORD-1786976311060-440C316C,CUST-00367,2025-07-22T23:18:35.213Z,364.13,COMPLETED
ORD-1786976311060-FDD1F8F1,CUST-00462,2025-02-08T17:45:21.456Z,472.30,PENDING
ORD-1786976311060-4A002978,CUST-00774,2025-09-28T05:16:05.650Z,176.28,PROCESSING
ORD-1786976311060-0198F840,CUST-00112,2025-10-24T20:46:58.460Z,372.40,CANCELLED
ORD-1786976311060-D341C6C4,CUST-00655,2026-07-01T02:54:50.355Z,162.81,PROCESSING
ORD-1786976311060-1F8DE122,CUST-00047,2025-09-23T23:02:24.410Z,434.83,SHIPPED
ORD-1786976311060-A045E89E,CUST-00444,2026-01-05T20:43:32.629Z,338.12,COMPLETED
ORD-1786976311060-D225158B,CUST-00563,2025-12-18T13:11:28.869Z,261.82,DELIVERED
ORD-1786976311060-571DC22D,CUST-00262,2026-03-06T04:14:00.154Z,70.50,DELIVERED
ORD-1786976311060-FF171672,CUST-00206,2025-04-26T02:07:35.806Z,424.76,DELIVERED
ORD-1786976311060-E5B0F58E,CUST-00993,2025-09-03T04:53:56.132Z,472.39,PENDING
ORD-1786976311060-EC75E6C4,CUST-00204,2025-06-19T21:08:43.236Z,16.79,DELIVERED
ORD-1786976311060-8343D578,CUST-00768,2025-09-05T08:44:56.110Z,401.81,DELIVERED
ORD-1786976311060-58F0F0A9,CUST-00366,2026-07-03T09:14:00.359Z,316.27,SHIPPED
ORD-1786976311060-006AC4FF,CUST-00031,2025-09-18T11:37:30.460Z,497.97,CANCELLED
ORD-1786976311060-58A30E65,CUST-00416,2025-09-19T17:49:48.132Z,77.82,PROCESSING
ORD-1786976311060-9489D79B,CUST-00622,2025-04-10T11:36:33.910Z,312.74,SHIPPED
ORD-1786976311060-2FDD42FB,CUST-00729,2026-01-03T18:10:06.294Z,477.69,PROCESSING
ORD-1786976311060-06CF4E5B,CUST-00817,2025-10-08T10:54:04.501Z,383.74,SHIPPED
ORD-1786976311060-40941D9A,CUST-00118,2025-11-16T01:29:27.768Z,249.07,SHIPPED
ORD-1786976311060-F0A0E69D,CUST-00250,2025-02-16T03:24:00.364Z,313.00,PENDING
ORD-1786976311060-53D548C4,CUST-00176,2026-02-19T21:23:27.127Z,407.14,SHIPPED
ORD-1786976311060-DC6147CF,CUST-00363,2025-11-15T16:38:45.867Z,326.23,PROCESSING
ORD-1786976311060-3DAEB635,CUST-00280,2026-08-04T03:51:15.195Z,231.81,CANCELLED
ORD-1786976311060-B030A165,CUST-00701,2025-05-13T03:28:43.146Z,435.48,DELIVERED
ORD-1786976311060-70040E87,CUST-00718,2025-01-24T07:20:23.149Z,487.19,CANCELLED
ORD-1786976311060-AC89F3BD,CUST-00657,2026-05-02T19:35:17.961Z,41.68,DELIVERED
ORD-1786976311060-D69B59C5,CUST-00851,2025-03-30T00:01:38.267Z,46.12,COMPLETED
ORD-1786976311060-965CB8E1,CUST-00861,2025-10-09T15:51:58.081Z,280.28,COMPLETED
ORD-1786976311060-FE12D887,CUST-00475,2025-06-10T23:00:30.149Z,314.47,COMPLETED
ORD-1786976311060-5577DEC4,CUST-00123,2025-01-20T02:15:48.428Z,68.10,PROCESSING
ORD-1786976311060-063FD5DB,CUST-00349,2026-06-19T21:32:10.620Z,436.85,PROCESSING
ORD-1786976311060-2B979065,CUST-00271,2025-02-17T10:40:35.096Z,467.88,CANCELLED
ORD-1786976311060-B8F58FD4,CUST-00631,2025-03-31T02:55:43.237Z,453.30,SHIPPED
ORD-1786976311060-763BA44E,CUST-00545,2025-11-23T11:27:43.699Z,164.88,DELIVERED
ORD-1786976311060-01D27AC1,CUST-00878,2025-08-09T19:38:19.339Z,471.43,COMPLETED
ORD-1786976311060-5E46D513,CUST-00634,2025-03-11T16:46:53.837Z,321.19,PROCESSING
ORD-1786976311060-36022A6A,CUST-00301,2026-06-01T01:48:12.573Z,140.11,PENDING
ORD-1786976311060-B0D2830B,CUST-00385,2025-04-21T09:50:56.380Z,257.41,COMPLETED
ORD-1786976311060-5C17C9EF,CUST-00707,2026-06-14T14:11:08.472Z,363.14,PROCESSING
ORD-1786976311060-86C975B3,CUST-00187,2025-04-27T22:24:01.754Z,383.75,SHIPPED
ORD-1786976311060-D933B724,CUST-00211,2025-06-19T09:09:16.974Z,363.06,DELIVERED
ORD-1786976311060-DF9BB822,CUST-00760,2026-03-16T13:15:28.572Z,345.34,DELIVERED
ORD-1786976311060-E04D888C,CUST-00281,2025-10-19T00:27:06.647Z,486.18,PENDING
ORD-1786976311060-DB72E6D1,CUST-00955,2026-01-26T18:13:48.881Z,489.20,SHIPPED
ORD-1786976311060-26785B62,CUST-00233,2026-01-23T21:31:35.675Z,269.58,PENDING
ORD-1786976311060-361EAC21,CUST-00149,2026-01-18T14:58:17.359Z,188.87,SHIPPED
ORD-1786976311060-55D15F4B,CUST-00773,2025-03-16T12:56:32.751Z,449.20,CANCELLED
ORD-1786976311060-45F0FB4D,CUST-00279,2025-01-30T00:05:40.985Z,390.10,DELIVERED
ORD-1786976311060-95CCBA79,CUST-00070,2026-04-09T00:15:27.779Z,173.54,SHIPPED
ORD-1786976311060-A729BA4F,CUST-00981,2026-03-13T16:46:00.115Z,446.65,PROCESSING
ORD-1786976311060-9470CC44,CUST-00210,2025-12-19T11:32:41.215Z,316.73,COMPLETED
ORD-1786976311060-A8D1A58F,CUST-00470,2026-03-15T00:40:29.207Z,460.79,PENDING
ORD-1786976311060-9091F6DC,CUST-00210,2025-12-06T04:28:27.210Z,251.69,PENDING
ORD-1786976311060-50A1CC93,CUST-00806,2026-05-28T13:41:22.846Z,495.87,CANCELLED
ORD-1786976311060-6EA24165,CUST-00742,2025-07-08T19:43:32.519Z,369.81,DELIVERED
ORD-1786976311060-91807743,CUST-00932,2025-11-01T22:02:04.290Z,86.46,PROCESSING
ORD-INV-8100,CUST-001,INVALID_DATE_FORMAT,99.99,PENDING
ORD-1786976311060-9B023EBB,CUST-00945,2026-05-14T13:45:27.987Z,455.50,CANCELLED
ORD-1786976311060-D8DF2A52,CUST-00670,2025-04-18T17:33:12.722Z,459.45,DELIVERED
ORD-1786976311060-EA3C6D2E,CUST-00106,2025-04-08T11:11:18.797Z,473.69,PROCESSING
ORD-1786976311060-2527F148,CUST-00733,2025-12-13T19:11:02.714Z,342.27,PENDING
ORD-1786976311060-FD948E4B,CUST-00557,2026-08-14T08:44:08.077Z,51.97,PENDING
ORD-1786976311060-665EB573,CUST-00767,2025-08-04T06:15:24.922Z,263.15,PENDING
ORD-1786976311060-638B35C7,CUST-00565,2025-06-20T15:39:33.178Z,423.50,PROCESSING
ORD-1786976311060-D94AFED4,CUST-00968,2025-08-15T14:22:32.542Z,407.96,COMPLETED
ORD-1786976311060-59DFB906,CUST-00998,2025-04-21T17:22:50.284Z,254.77,CANCELLED
ORD-1786976311060-C83C5773,CUST-00844,2025-06-17T11:57:52.869Z,374.28,PENDING
ORD-1786976311060-7B491E05,CUST-00058,2026-05-12T13:00:30.464Z,200.10,DELIVERED
ORD-1786976311060-830FE4E7,CUST-00069,2026-06-21T09:29:20.836Z,366.85,PENDING
ORD-1786976311060-0C7F7FEF,CUST-00354,2025-03-03T14:18:48.295Z,366.60,PENDING
ORD-1786976311060-65DD06A4,CUST-00066,2026-05-15T19:44:50.025Z,82.22,DELIVERED
ORD-1786976311060-A2058C08,CUST-00262,2026-01-15T21:41:47.675Z,391.33,PENDING
ORD-1786976311060-7361F99A,CUST-00370,2025-10-23T21:29:07.715Z,61.03,DELIVERED
ORD-1786976311060-0B813E4F,CUST-00871,2025-09-07T14:56:52.675Z,192.59,DELIVERED
ORD-1786976311060-6FE72D45,CUST-00775,2025-10-31T06:25:31.607Z,317.02,PENDING
ORD-1786976311060-FBAA69DC,CUST-00087,2025-07-16T12:38:00.416Z,331.90,DELIVERED
ORD-1786976311060-717A4558,CUST-00446,2025-10-03T12:10:46.761Z,295.89,COMPLETED
ORD-1786976311060-3F6285C2,CUST-00255,2026-06-12T23:51:14.541Z,199.59,PENDING
ORD-1786976311060-0940550A,CUST-00528,2025-10-19T19:38:00.758Z,217.23,DELIVERED
ORD-1786976311060-12CAAFB3,CUST-00787,2025-04-13T14:30:33.918Z,369.17,DELIVERED
ORD-1786976311060-9E94C6A4,CUST-00331,2025-11-11T11:44:26.112Z,385.01,SHIPPED
ORD-1786976311060-FACAF52B,CUST-00386,2026-04-12T18:15:42.117Z,202.17,PENDING
ORD-1786976311060-82B0B96D,CUST-00531,2026-06-29T14:31:44.919Z,226.80,PROCESSING
ORD-1786976311060-B5EFD17B,CUST-00471,2026-02-03T01:03:49.844Z,498.54,PENDING
ORD-1786976311060-8F1559E2,CUST-00393,2025-08-22T22:20:29.977Z,488.61,SHIPPED
ORD-1786976311060-526D5E73,CUST-00950,2025-09-18T17:03:51.812Z,94.51,SHIPPED
ORD-1786976311060-964C70A5,CUST-00003,2026-01-03T13:35:56.676Z,474.30,DELIVERED
ORD-1786976311060-427D07A5,CUST-00388,2025-09-21T01:06:10.719Z,501.54,COMPLETED
ORD-1786976311060-3DCAA9FC,CUST-00884,2025-07-28T06:31:16.103Z,257.57,CANCELLED
ORD-1786976311060-2CBC97D5,CUST-00871,2026-01-29T20:06:43.625Z,172.12,CANCELLED
ORD-1786976311060-39E8CAD3,CUST-00984,2026-07-04T10:05:49.049Z,257.05,DELIVERED
ORD-1786976311060-B1D7770B,CUST-00781,2025-04-13T16:56:22.497Z,408.60,COMPLETED
ORD-1786976311060-E6485FCD,CUST-00588,2025-12-31T06:43:49.986Z,303.62,PENDING
ORD-1786976311060-8C14D1B4,CUST-00954,2026-03-12T18:16:54.680Z,376.45,COMPLETED
ORD-1786976311060-4910DC6C,CUST-00128,2025-09-19T04:56:12.578Z,471.48,PROCESSING
ORD-1786976311060-06263BA0,CUST-00359,2026-07-20T18:39:51.643Z,58.61,CANCELLED
ORD-1786976311060-9CA95A97,CUST-00869,2025-02-20T16:06:03.001Z,371.36,DELIVERED
ORD-1786976311060-86F07B7F,CUST-00760,2025-03-01T13:00:32.111Z,18.59,PENDING
ORD-1786976311060-DD1E60BA,CUST-00881,2026-01-08T03:14:00.758Z,293.47,SHIPPED
ORD-1786976311060-63E2044D,CUST-00514,2025-07-18T19:05:42.099Z,398.95,PROCESSING
ORD-1786976311060-3384254C,CUST-00464,2025-08-10T19:50:20.732Z,357.86,COMPLETED
ORD-1786976311060-C831D6D2,CUST-00546,2025-07-20T07:41:18.937Z,111.09,PENDING
ORD-1786976311060-754CD6B8,CUST-00637,2025-06-07T22:02:30.914Z,248.25,PROCESSING
ORD-1786976311060-93A134DB,CUST-00501,2025-11-06T18:17:48.289Z,137.27,COMPLETED
ORD-1786976311060-CC26E4E7,CUST-00595,2026-05-07T01:24:40.806Z,289.08,SHIPPED
ORD-1786976311060-DA4D8BE2,CUST-00701,2026-08-04T11:24:13.665Z,53.78,CANCELLED
ORD-1786976311060-02804534,CUST-00083,2026-01-06T21:32:16.979Z,403.80,COMPLETED
ORD-1786976311060-E6DDE833,CUST-00905,2026-03-25T00:09:13.520Z,223.40,PROCESSING
ORD-1786976311060-56D820D6,CUST-00371,2026-02-27T08:18:37.358Z,271.24,SHIPPED
ORD-1786976311060-FE5FFA99,CUST-00462,2025-11-18T19:01:29.058Z,155.08,DELIVERED
ORD-1786976311060-24139331,CUST-00568,2025-12-09T16:30:43.249Z,72.35,PROCESSING
ORD-1786976311060-ABE988AF,CUST-00307,2025-11-03T03:14:35.255Z,241.44,DELIVERED
ORD-1786976311060-AAD021AD,CUST-00744,2026-01-17T08:30:57.836Z,383.85,COMPLETED
ORD-1786976311060-BCFD237D,CUST-00835,2026-07-11T05:03:24.450Z,332.50,DELIVERED
ORD-1786976311060-2D614833,CUST-00855,2026-04-11T21:52:22.597Z,366.75,COMPLETED
ORD-1786976311060-5AF95065,CUST-00683,2026-01-24T23:37:01.555Z,381.16,PENDING
ORD-1786976311060-183F85D3,CUST-00312,2026-05-07T03:55:20.540Z,151.69,PROCESSING
ORD-1786976311060-ADC2C5C6,CUST-00776,2025-08-04T15:35:24.479Z,56.72,CANCELLED
ORD-1786976311060-8D449E45,CUST-00654,2025-12-31T03:36:23.462Z,221.27,PROCESSING
ORD-1786976311060-8C7580E2,CUST-00363,2026-07-27T13:22:59.559Z,179.63,CANCELLED
ORD-1786976311060-7F1C466A,CUST-00028,2025-01-31T07:27:42.473Z,406.37,DELIVERED
ORD-1786976311060-1DEEA336,CUST-00101,2025-12-26T04:07:21.172Z,19.16,DELIVERED
ORD-1786976311060-37BF2A0E,CUST-00975,2026-04-17T05:18:53.122Z,404.85,CANCELLED
ORD-1786976311060-89A7005F,CUST-00263,2026-05-26T00:23:42.644Z,404.01,DELIVERED
ORD-1786976311060-E6982209,CUST-00156,2025-08-10T00:04:58.523Z,60.80,PROCESSING
ORD-1786976311060-8A5C72CA,CUST-00420,2025-04-11T18:53:21.690Z,25.97,COMPLETED
ORD-1786976311060-E34FE3C5,CUST-00634,2026-05-13T12:24:26.761Z,162.18,CANCELLED
ORD-1786976311060-FDDD11B9,CUST-00805,2025-01-12T21:56:03.339Z,317.71,PROCESSING
ORD-1786976311060-B0A67AF0,CUST-00888,2025-12-12T05:58:16.039Z,363.13,PENDING
ORD-1786976311060-C0C62439,CUST-00866,2025-12-13T07:24:47.988Z,86.81,DELIVERED
ORD-1786976311060-3C70EA9B,CUST-00342,2025-10-30T02:27:36.339Z,75.78,COMPLETED
ORD-1786976311060-DE37BE3D,CUST-00123,2026-07-14T00:01:26.760Z,181.17,DELIVERED
ORD-1786976311060-8FDB2568,CUST-00245,2026-07-04T20:14:53.861Z,398.58,COMPLETED
ORD-1786976311060-856A5DC6,CUST-00449,2026-04-09T23:45:15.296Z,166.11,COMPLETED
ORD-1786976311060-B299AA04,CUST-00525,2025-05-27T02:08:46.357Z,36.49,COMPLETED
ORD-1786976311060-A7CC01A1,CUST-00131,2025-07-25T06:24:19.010Z,97.40,SHIPPED
ORD-1786976311060-F0B7C9B0,CUST-00595,2025-06-07T23:59:04.819Z,306.85,COMPLETED
ORD-1786976311060-D2111717,CUST-00891,2026-07-06T14:34:49.352Z,394.94,SHIPPED
ORD-1786976311060-A18F93B4,CUST-00460,2025-07-12T11:02:30.260Z,476.48,DELIVERED
ORD-1786976311060-75ED0448,CUST-00256,2025-06-02T09:16:06.947Z,76.78,SHIPPED
ORD-1786976311060-A3E92D89,CUST-00373,2025-01-08T09:05:33.833Z,255.15,DELIVERED
ORD-1786976311060-9E6111AF,CUST-00631,2025-01-01T23:26:56.548Z,61.99,PENDING
ORD-1786976311060-A15E7E63,CUST-00654,2026-01-29T07:04:44.634Z,28.98,CANCELLED
ORD-1786976311060-CCB88380,CUST-00302,2026-03-30T03:14:36.935Z,360.87,COMPLETED
ORD-1786976311060-36FA9909,CUST-00906,2026-03-12T23:55:19.821Z,314.30,COMPLETED
ORD-1786976311060-2800E8DD,CUST-00951,2025-01-05T15:27:16.659Z,267.82,SHIPPED
ORD-1786976311060-DF301CE9,CUST-00190,2025-08-13T20:48:31.599Z,423.13,COMPLETED
ORD-1786976311060-16412E96,CUST-00931,2026-07-30T01:04:31.577Z,306.90,PENDING
ORD-1786976311060-13A288BC,CUST-00112,2025-09-06T10:32:00.917Z,381.66,SHIPPED
ORD-1786976311060-6A88FB17,CUST-00433,2025-06-07T17:02:53.530Z,176.17,CANCELLED
ORD-1786976311060-2751474B,CUST-00299,2025-11-14T20:12:37.789Z,390.26,PENDING
ORD-1786976311060-EB5962FF,CUST-00720,2025-05-14T16:47:12.763Z,92.45,COMPLETED
ORD-1786976311060-D73236CE,CUST-00398,2025-08-12T13:07:08.010Z,376.60,SHIPPED
ORD-1786976311060-447D8C14,CUST-00033,2026-03-11T10:46:24.233Z,273.37,SHIPPED
ORD-1786976311060-70CDDF9B,CUST-00673,2025-07-31T23:00:02.931Z,306.72,CANCELLED
ORD-1786976311060-4E4B6C23,CUST-00100,2026-07-06T21:51:17.493Z,204.50,SHIPPED
ORD-INV-8200,CUST-002,2026-05-10T10:00:00Z,-50.00,COMPLETED
ORD-1786976311060-F38A0630,CUST-00614,2025-08-12T13:07:28.259Z,33.38,CANCELLED
ORD-1786976311060-54775A78,CUST-00562,2025-03-22T03:57:32.602Z,72.68,DELIVERED
ORD-1786976311060-B49EB24C,CUST-00930,2025-02-12T08:42:13.133Z,470.19,CANCELLED
ORD-1786976311061-F80B86E0,CUST-00448,2026-03-15T10:14:25.880Z,472.47,PROCESSING
ORD-1786976311061-53FF38A6,CUST-00912,2025-03-10T06:28:42.034Z,82.05,PROCESSING
ORD-1786976311061-568F4641,CUST-00956,2025-04-19T01:50:26.136Z,342.99,PENDING
ORD-1786976311061-305C2A88,CUST-00942,2026-04-09T11:03:42.910Z,55.38,COMPLETED
ORD-1786976311061-35E4C9CA,CUST-00389,2025-02-12T20:28:56.381Z,280.75,SHIPPED
ORD-1786976311061-C95BD186,CUST-00328,2026-05-08T05:14:49.325Z,369.66,PROCESSING
ORD-1786976311061-93C8E960,CUST-00045,2025-08-19T20:02:46.483Z,117.21,SHIPPED
ORD-1786976311061-A42E1E0B,CUST-00992,2025-03-14T02:42:29.373Z,53.42,DELIVERED
ORD-1786976311061-FEA263A7,CUST-00126,2026-06-29T00:50:05.699Z,304.54,CANCELLED
ORD-1786976311061-FC097233,CUST-00368,2025-08-25T09:15:45.514Z,391.77,PROCESSING
ORD-1786976311061-3664E218,CUST-00642,2026-07-14T11:22:10.841Z,394.66,PENDING
ORD-1786976311061-EB893BF7,CUST-00167,2026-03-21T19:13:56.983Z,142.56,PROCESSING
ORD-1786976311061-290E8DD9,CUST-00059,2025-07-25T23:08:37.938Z,195.20,COMPLETED
ORD-1786976311061-4E697D67,CUST-00415,2025-12-02T04:29:02.104Z,94.24,PROCESSING
ORD-1786976311061-8A993028,CUST-00574,2026-06-03T01:59:11.999Z,241.01,PROCESSING
ORD-1786976311061-63E04CC0,CUST-00143,2025-08-09T22:01:10.940Z,241.18,DELIVERED
ORD-1786976311061-121DAB61,CUST-00885,2025-01-28T13:34:05.522Z,436.51,SHIPPED
ORD-1786976311061-1DF70412,CUST-00904,2026-03-02T05:16:20.983Z,123.86,COMPLETED
ORD-1786976311061-9CB125F2,CUST-00237,2025-01-14T08:43:07.945Z,181.01,PENDING
ORD-1786976311061-EF5F8681,CUST-00128,2025-04-29T17:25:23.411Z,115.52,DELIVERED
ORD-1786976311061-67DE3869,CUST-00930,2025-12-20T10:07:19.441Z,144.14,PENDING
ORD-1786976311061-EF430ABB,CUST-00326,2026-05-17T07:33:38.515Z,304.79,PENDING
ORD-1786976311061-7341AC27,CUST-00176,2026-06-07T04:45:55.903Z,117.96,DELIVERED
ORD-1786976311061-5685D643,CUST-00703,2025-06-11T12:04:54.941Z,231.79,PROCESSING
ORD-1786976311061-7E68EFD3,CUST-00324,2026-03-23T14:36:15.355Z,14.49,CANCELLED
ORD-1786976311061-4B068AF8,CUST-00941,2025-03-07T00:28:02.800Z,345.01,SHIPPED
ORD-1786976311061-FDF9C787,CUST-00841,2025-05-20T06:35:54.032Z,383.36,CANCELLED
ORD-1786976311061-521FF390,CUST-00306,2025-03-20T19:42:36.659Z,34.36,PROCESSING
ORD-1786976311061-3992B6E9,CUST-00356,2026-06-17T13:44:34.258Z,346.63,PENDING
ORD-1786976311061-D6769D28,CUST-00403,2025-11-07T03:42:16.220Z,326.84,CANCELLED
ORD-1786976311061-AA05E1B4,CUST-00776,2025-07-31T16:47:28.094Z,127.86,DELIVERED
ORD-1786976311061-32EC9BF6,CUST-00281,2026-07-15T22:59:14.236Z,104.00,CANCELLED
ORD-1786976311061-A4A9190F,CUST-00007,2026-01-30T09:40:29.932Z,36.59,SHIPPED
ORD-1786976311061-07C50EA0,CUST-00126,2026-03-24T04:53:19.744Z,325.04,COMPLETED
ORD-1786976311061-F7070C9F,CUST-00872,2025-06-15T20:34:26.263Z,269.33,DELIVERED
ORD-1786976311061-61D9C1EF,CUST-00131,2026-04-01T19:41:27.906Z,236.41,CANCELLED
ORD-1786976311061-2CBA27AC,CUST-00867,2025-12-28T09:24:52.647Z,286.56,CANCELLED
ORD-1786976311061-9B94B34B,CUST-00432,2026-02-21T00:55:16.372Z,508.38,COMPLETED
ORD-1786976311061-1A0BE1AD,CUST-00311,2025-06-26T01:12:32.054Z,503.07,PROCESSING
ORD-1786976311061-E802A077,CUST-00217,2026-06-30T05:37:23.245Z,239.42,DELIVERED
ORD-1786976311061-4658B038,CUST-00109,2025-05-29T22:35:18.243Z,402.82,COMPLETED
ORD-1786976311061-5DBEB9B0,CUST-00113,2025-07-04T07:32:55.372Z,274.91,SHIPPED
ORD-1786976311061-A2CE4E7D,CUST-00086,2025-04-30T00:25:18.923Z,231.70,PROCESSING
ORD-1786976311061-390A2376,CUST-00080,2025-09-10T08:52:26.808Z,255.71,COMPLETED
ORD-1786976311061-55B7F084,CUST-00007,2026-05-19T08:34:03.897Z,404.55,PENDING
ORD-1786976311061-15762925,CUST-00992,2026-06-07T19:56:29.510Z,158.14,PENDING
ORD-1786976311061-4843BC2D,CUST-00738,2025-12-22T09:41:48.603Z,219.31,PENDING
ORD-1786976311061-4DE022D6,CUST-00661,2025-04-10T08:22:00.950Z,377.93,PROCESSING
ORD-1786976311061-88D1C85F,CUST-00046,2025-12-18T22:57:29.353Z,121.01,DELIVERED
ORD-1786976311061-2C430003,CUST-00323,2026-06-21T18:45:22.798Z,442.94,COMPLETED
ORD-1786976311061-00200BE9,CUST-00552,2025-03-11T07:25:53.639Z,317.19,DELIVERED
ORD-1786976311061-9AAC2C73,CUST-00448,2026-01-05T12:38:58.971Z,182.06,CANCELLED
ORD-1786976311061-6B7751C9,CUST-00284,2025-12-20T15:14:22.001Z,384.94,COMPLETED
ORD-1786976311061-D700384C,CUST-00340,2025-12-23T17:45:34.942Z,305.66,PENDING
ORD-1786976311061-2E1891A9,CUST-00833,2025-08-15T13:15:43.049Z,427.26,PENDING
ORD-1786976311061-D33EE8CF,CUST-00784,2025-12-27T03:39:34.730Z,20.56,DELIVERED
ORD-1786976311061-68B9E8D6,CUST-00102,2026-04-17T06:57:22.596Z,362.75,SHIPPED
ORD-1786976311061-341067AD,CUST-00722,2025-01-21T03:00:56.118Z,149.65,COMPLETED
ORD-1786976311061-FEA68622,CUST-00228,2026-03-16T23:22:33.982Z,227.06,SHIPPED
ORD-1786976311061-1ABABEBB,CUST-00295,2026-07-27T13:29:50.052Z,328.73,PENDING
ORD-1786976311061-95F55D46,CUST-00076,2025-04-09T06:10:16.911Z,113.54,DELIVERED
ORD-1786976311061-ADA83988,CUST-00121,2025-06-11T08:40:27.718Z,494.84,PENDING
ORD-1786976311061-F9F7A6FC,CUST-00989,2026-08-05T16:25:07.804Z,110.02,CANCELLED
ORD-1786976311061-D1099D49,CUST-00106,2026-03-03T15:55:18.115Z,295.79,CANCELLED
ORD-1786976311061-8FDC0B9B,CUST-00535,2025-07-21T05:44:07.069Z,112.60,CANCELLED
ORD-1786976311061-0C854D7F,CUST-00254,2026-07-07T08:55:58.802Z,413.93,CANCELLED
ORD-1786976311061-694629F0,CUST-00621,2026-03-18T18:26:56.744Z,121.73,DELIVERED
ORD-1786976311061-11840156,CUST-00628,2026-08-08T16:14:47.076Z,470.95,SHIPPED
ORD-1786976311061-44C22704,CUST-00958,2025-01-29T03:22:58.689Z,25.58,CANCELLED
ORD-1786976311061-6897C491,CUST-00893,2026-04-19T21:37:07.013Z,35.49,PENDING
ORD-1786976311061-10ECA980,CUST-00637,2026-06-23T22:29:37.677Z,504.16,PROCESSING
ORD-1786976311061-CF8B7999,CUST-00318,2025-05-09T02:12:08.197Z,194.77,SHIPPED
ORD-1786976311061-43A73D8F,CUST-00163,2025-06-02T10:31:07.036Z,55.99,PENDING
ORD-1786976311061-B6C8D22E,CUST-00162,2026-07-19T22:15:10.793Z,347.70,COMPLETED
ORD-1786976311061-E51FE785,CUST-00179,2025-04-18T06:55:00.175Z,202.66,CANCELLED
ORD-1786976311061-0797DA4E,CUST-00742,2025-11-06T14:40:46.376Z,10.47,CANCELLED
ORD-1786976311061-BDB73714,CUST-00152,2025-07-22T12:56:40.976Z,15.94,PENDING
ORD-1786976311061-008D1246,CUST-00939,2026-01-17T02:09:58.292Z,60.56,COMPLETED
ORD-1786976311061-1DF5DFB6,CUST-00765,2025-07-16T13:32:55.934Z,178.72,DELIVERED
ORD-1786976311061-FA1FD69F,CUST-00365,2025-02-06T10:02:21.169Z,457.86,COMPLETED
ORD-1786976311061-FA0F88B4,CUST-00562,2026-06-14T20:53:53.962Z,507.32,PROCESSING
ORD-1786976311061-2C2B34AC,CUST-00152,2026-01-09T17:54:37.880Z,442.73,SHIPPED
ORD-1786976311061-85DBE5A8,CUST-00632,2026-02-15T13:06:11.389Z,303.24,CANCELLED
ORD-1786976311061-6AF1500C,CUST-00240,2026-07-27T20:53:56.238Z,95.41,SHIPPED
ORD-1786976311061-AA592CC3,CUST-00174,2025-08-13T09:44:07.554Z,281.13,PROCESSING
ORD-1786976311061-21E649E3,CUST-00875,2026-03-26T19:33:04.269Z,365.01,COMPLETED
ORD-1786976311061-1635E0A1,CUST-00786,2025-03-19T02:16:56.174Z,432.59,PENDING
ORD-1786976311061-1EA25D68,CUST-00030,2025-04-01T07:04:07.018Z,168.59,COMPLETED
ORD-1786976311061-E127FD21,CUST-00948,2025-03-28T18:14:59.558Z,482.58,PENDING
ORD-1786976311061-4EFD5F77,CUST-00703,2026-05-01T19:37:46.628Z,477.30,CANCELLED
ORD-1786976311061-E37173F1,CUST-00322,2025-06-19T11:09:51.490Z,505.07,SHIPPED
ORD-1786976311061-6257F940,CUST-00054,2025-06-11T01:29:45.512Z,75.93,SHIPPED
ORD-1786976311061-43DE6A7D,CUST-00277,2025-11-30T06:58:39.291Z,67.92,PROCESSING
ORD-1786976311061-93CFE743,CUST-00055,2026-02-12T22:33:58.830Z,425.45,PENDING
ORD-1786976311061-3082300E,CUST-00987,2025-07-04T23:19:07.058Z,269.95,DELIVERED
ORD-1786976311061-6200920D,CUST-00297,2026-03-08T01:38:29.042Z,420.66,PENDING
ORD-INV-8300,,2026-05-10T10:00:00Z,120.00,PENDING
ORD-1786976311061-0FFCEDC9,CUST-00523,2025-09-10T17:36:28.100Z,152.81,SHIPPED
ORD-1786976311061-F64E899F,CUST-00648,2026-05-07T16:37:17.921Z,153.23,PENDING
ORD-1786976311061-961B061E,CUST-00658,2025-12-14T22:52:27.741Z,460.55,DELIVERED
ORD-1786976311061-55D84D22,CUST-00139,2025-04-02T16:36:51.098Z,152.40,COMPLETED
ORD-1786976311061-2E7CC962,CUST-00976,2025-08-12T14:40:19.125Z,200.05,PENDING
ORD-1786976311061-0D4A70AA,CUST-00536,2025-07-10T21:42:43.240Z,80.95,PROCESSING
ORD-1786976311061-C1536554,CUST-00029,2026-04-23T05:42:56.086Z,66.70,PENDING
ORD-1786976311061-4E946C65,CUST-00085,2026-01-12T01:37:48.306Z,460.80,COMPLETED
ORD-1786976311061-B5F92940,CUST-00802,2025-06-13T22:21:02.059Z,405.41,DELIVERED
ORD-1786976311061-FC4A4B41,CUST-00559,2025-05-25T08:21:20.506Z,204.09,SHIPPED
ORD-1786976311061-449C3E46,CUST-00667,2026-07-31T03:22:30.026Z,170.05,CANCELLED
ORD-1786976311061-1130E7FD,CUST-00289,2025-05-10T12:32:03.387Z,290.81,CANCELLED
ORD-1786976311061-E53F31A6,CUST-00509,2025-07-19T19:11:45.672Z,309.47,SHIPPED
ORD-1786976311061-45B4D375,CUST-00299,2026-02-01T18:34:17.189Z,207.84,DELIVERED
ORD-1786976311061-C0EFA902,CUST-00787,2025-06-30T10:23:08.286Z,282.21,SHIPPED
ORD-1786976311061-EF467B27,CUST-00328,2025-11-23T00:32:52.824Z,64.41,SHIPPED
ORD-1786976311061-E5F38014,CUST-00337,2026-03-02T22:06:15.425Z,430.52,CANCELLED
ORD-1786976311061-86486E88,CUST-00674,2026-07-20T08:48:08.195Z,128.59,DELIVERED
ORD-1786976311061-C2EADA1A,CUST-00026,2025-10-19T19:03:11.922Z,372.89,PENDING
ORD-1786976311061-C1122E1B,CUST-00209,2025-01-06T05:58:34.607Z,403.12,SHIPPED
ORD-1786976311061-C5AE94E7,CUST-00091,2025-01-26T20:23:50.094Z,472.12,PENDING
ORD-1786976311061-05828C26,CUST-00900,2025-02-11T04:25:36.172Z,330.27,PROCESSING
ORD-1786976311061-BE735CEA,CUST-00248,2025-05-02T03:07:07.148Z,192.51,SHIPPED
ORD-1786976311061-1F9CF7C5,CUST-00094,2025-10-11T01:37:34.766Z,429.00,DELIVERED
ORD-1786976311061-134D1C74,CUST-00320,2025-09-20T19:41:08.001Z,324.81,CANCELLED
ORD-1786976311061-9CD575C4,CUST-00446,2026-07-21T12:25:47.638Z,338.93,PENDING
ORD-1786976311061-C6DB3B8D,CUST-00131,2025-04-29T10:15:08.670Z,401.58,SHIPPED
ORD-1786976311061-822B5A1B,CUST-00554,2025-05-13T01:25:44.882Z,232.62,DELIVERED
ORD-1786976311061-CF910E16,CUST-00831,2025-02-08T22:45:10.856Z,433.71,PROCESSING
ORD-1786976311061-7DB49C29,CUST-00212,2025-11-15T14:59:59.729Z,76.22,DELIVERED
ORD-1786976311061-FC8F3590,CUST-00426,2025-07-16T15:28:54.970Z,176.79,COMPLETED
ORD-1786976311061-500B1D99,CUST-00858,2026-06-29T03:55:06.242Z,451.47,PENDING
ORD-1786976311061-76ADA0AE,CUST-00645,2026-06-08T03:59:56.245Z,424.49,CANCELLED
ORD-1786976311061-EEEE7DF6,CUST-00543,2025-03-31T21:20:31.931Z,132.10,COMPLETED
ORD-1786976311061-BFEEE87E,CUST-00447,2026-01-21T00:29:12.195Z,143.78,CANCELLED
ORD-1786976311061-D77CFFD3,CUST-00197,2025-12-03T07:55:26.285Z,297.43,COMPLETED
ORD-1786976311061-2FB1E6A4,CUST-00560,2025-07-01T10:21:51.525Z,301.68,CANCELLED
ORD-1786976311061-98AB5429,CUST-00305,2026-01-04T23:07:03.070Z,146.80,PENDING
ORD-1786976311061-78AC0BC6,CUST-00208,2025-09-18T03:24:52.983Z,411.11,SHIPPED
ORD-1786976311061-322441B2,CUST-00763,2025-04-13T12:41:18.263Z,493.50,SHIPPED
ORD-1786976311061-8BDAA856,CUST-00235,2025-11-21T23:15:04.654Z,201.06,SHIPPED
ORD-1786976311061-70332D1B,CUST-00491,2025-04-10T21:08:01.249Z,353.20,PENDING
ORD-1786976311061-7A03564F,CUST-00369,2025-05-12T04:57:49.858Z,320.45,SHIPPED
ORD-1786976311061-340CB401,CUST-00375,2026-03-06T06:51:05.008Z,125.39,PROCESSING
ORD-1786976311061-772469EC,CUST-00207,2026-05-19T20:58:14.633Z,44.84,CANCELLED
ORD-1786976311061-8109E190,CUST-00467,2026-07-16T04:46:34.403Z,262.18,PROCESSING
ORD-1786976311061-17943EA2,CUST-00845,2025-03-27T23:50:20.505Z,364.13,SHIPPED
ORD-1786976311061-6B969D6B,CUST-00799,2026-03-11T14:13:42.417Z,371.97,PROCESSING
ORD-1786976311061-8C19E300,CUST-00502,2026-07-26T14:48:06.259Z,432.64,COMPLETED
ORD-1786976311061-023644AB,CUST-00617,2025-11-02T18:09:47.124Z,265.19,DELIVERED
ORD-1786976311061-19514526,CUST-00295,2026-08-05T06:56:43.405Z,463.92,PENDING
ORD-1786976311061-C08130AE,CUST-00644,2026-02-06T18:11:57.380Z,19.83,DELIVERED
ORD-1786976311061-A18766A0,CUST-00171,2026-02-25T20:36:40.983Z,494.72,CANCELLED
ORD-1786976311061-E41FA209,CUST-00695,2025-07-18T07:04:58.280Z,269.26,CANCELLED
ORD-1786976311061-2034B9BF,CUST-00671,2026-07-25T10:32:16.982Z,19.36,DELIVERED
ORD-1786976311061-1D8E729B,CUST-00949,2026-05-29T22:21:43.151Z,18.12,SHIPPED
ORD-1786976311061-5578F9C8,CUST-00623,2025-06-06T15:55:21.678Z,184.76,COMPLETED
ORD-1786976311061-21CF47C2,CUST-00273,2025-10-31T15:38:35.158Z,204.05,CANCELLED
ORD-1786976311061-DCBC03AB,CUST-00214,2026-04-03T15:44:30.718Z,158.74,SHIPPED
ORD-1786976311061-BA0A7B96,CUST-00690,2026-04-22T15:41:04.512Z,40.89,COMPLETED
ORD-1786976311061-6064907C,CUST-00866,2025-03-15T19:23:28.163Z,181.35,SHIPPED
ORD-1786976311061-9783EE55,CUST-00059,2026-03-19T04:22:10.977Z,45.28,COMPLETED
ORD-1786976311061-F643270C,CUST-00547,2025-01-21T08:45:32.730Z,217.31,PROCESSING
ORD-1786976311061-E33FC8DA,CUST-00921,2025-12-08T18:27:21.325Z,160.47,PENDING
ORD-1786976311061-4AC1AD71,CUST-00429,2026-01-08T13:43:21.298Z,44.60,DELIVERED
ORD-1786976311061-C804640B,CUST-00804,2025-04-25T23:23:17.595Z,353.34,CANCELLED
ORD-1786976311061-4BC6EA20,CUST-00472,2025-09-09T08:15:54.276Z,253.55,SHIPPED
ORD-1786976311061-84BBCA6D,CUST-00426,2026-04-29T11:11:39.794Z,91.01,PENDING
ORD-1786976311061-E7C984F6,CUST-00111,2026-08-06T22:34:29.506Z,154.39,PENDING
ORD-1786976311061-D0DA3C89,CUST-00792,2025-06-12T01:18:50.663Z,478.09,DELIVERED
ORD-1786976311061-3BBE8612,CUST-00848,2025-06-29T19:07:19.590Z,507.06,DELIVERED
ORD-1786976311061-61A04373,CUST-00081,2025-03-30T00:15:20.963Z,98.48,CANCELLED
ORD-1786976311061-B126F2F7,CUST-00907,2025-07-27T09:40:56.590Z,409.05,SHIPPED
ORD-1786976311061-A62CD098,CUST-00657,2026-01-03T17:50:30.578Z,107.72,CANCELLED
ORD-1786976311061-2B1BAC42,CUST-00579,2026-05-20T09:59:59.656Z,201.50,CANCELLED
ORD-1786976311061-8A0F0FC9,CUST-00466,2025-03-24T16:54:57.014Z,196.26,CANCELLED
ORD-1786976311061-FDF04C2D,CUST-00261,2026-02-22T13:02:04.911Z,422.90,PROCESSING
ORD-1786976311061-D9F7A03F,CUST-00589,2025-09-17T20:03:39.152Z,270.11,PENDING
ORD-1786976311061-C51FEF79,CUST-00813,2026-04-15T15:44:47.771Z,87.64,PROCESSING
ORD-1786976311061-429A1B05,CUST-00694,2025-05-25T14:37:49.961Z,147.41,PENDING
ORD-1786976311061-2E51A8A1,CUST-00294,2025-01-13T07:53:30.402Z,452.34,SHIPPED
ORD-1786976311061-CD8744EA,CUST-00361,2025-06-14T03:03:02.440Z,283.86,PENDING
ORD-1786976311061-C2181231,CUST-00353,2025-08-23T09:13:15.070Z,228.16,CANCELLED
ORD-1786976311061-6B51596B,CUST-00370,2025-02-14T10:40:04.757Z,202.10,PROCESSING
ORD-1786976311061-CDE61904,CUST-00410,2026-07-26T20:13:21.319Z,337.32,PROCESSING
ORD-1786976311061-BE34FAF7,CUST-00808,2026-07-03T03:26:31.124Z,282.31,COMPLETED
ORD-1786976311061-CA9AA669,CUST-00115,2026-01-30T00:12:11.541Z,40.36,SHIPPED
ORD-1786976311061-37127E14,CUST-00590,2026-01-18T09:29:14.739Z,17.05,PENDING
ORD-1786976311061-0D18C995,CUST-00494,2026-07-09T01:31:04.629Z,247.64,SHIPPED
ORD-1786976311061-DB89F3A1,CUST-00962,2025-02-15T06:02:35.470Z,89.69,COMPLETED
ORD-1786976311061-0977DEEB,CUST-00813,2025-12-29T09:29:22.334Z,124.80,SHIPPED
ORD-1786976311061-1A91DE25,CUST-00293,2025-06-24T14:47:48.084Z,223.92,SHIPPED
ORD-1786976311061-542EA2DE,CUST-00712,2025-05-18T15:03:04.394Z,263.66,SHIPPED
ORD-1786976311061-7E9AE62D,CUST-00294,2025-03-05T18:40:43.922Z,402.52,COMPLETED
ORD-1786976311061-B8AB05BF,CUST-00963,2025-05-12T10:37:14.336Z,212.73,DELIVERED
ORD-1786976311061-B6F9B989,CUST-00069,2025-09-30T15:08:47.183Z,116.31,DELIVERED
ORD-1786976311061-3BC02146,CUST-00426,2025-02-11T08:24:00.203Z,506.70,DELIVERED
ORD-1786976311061-7BC6F6BF,CUST-00058,2026-03-16T14:24:35.475Z,209.48,PENDING
ORD-1786976311061-7BECD521,CUST-00808,2026-05-23T00:35:21.374Z,280.76,SHIPPED
ORD-INV-8400,CUST-001,INVALID_DATE_FORMAT,99.99,PENDING
ORD-1786976311061-316B2366,CUST-00244,2025-12-23T15:14:57.894Z,338.54,COMPLETED
ORD-1786976311061-48F624F4,CUST-00059,2026-01-31T00:39:05.615Z,74.48,PENDING
ORD-1786976311061-92431DE7,CUST-00289,2025-04-07T20:56:22.196Z,229.98,CANCELLED
ORD-1786976311061-7830EAE8,CUST-00018,2026-01-30T02:30:32.355Z,107.06,COMPLETED
ORD-1786976311062-7E2104D2,CUST-00985,2025-03-14T22:20:40.147Z,131.10,DELIVERED
ORD-1786976311062-D4A33293,CUST-00114,2026-02-17T22:45:42.053Z,109.34,CANCELLED
ORD-1786976311062-41B5F245,CUST-00503,2026-07-26T02:07:21.715Z,496.46,SHIPPED
ORD-1786976311062-078F0A9A,CUST-00694,2025-02-02T03:54:23.510Z,434.03,CANCELLED
ORD-1786976311062-37004DAF,CUST-00446,2026-08-11T00:28:05.234Z,255.13,COMPLETED
ORD-1786976311062-D98791CD,CUST-00636,2025-03-11T01:31:26.365Z,178.15,SHIPPED
ORD-1786976311062-9A3B6250,CUST-00468,2026-02-04T16:34:59.746Z,253.51,DELIVERED
ORD-1786976311062-2F8BC083,CUST-00123,2025-06-04T21:30:27.474Z,229.36,SHIPPED
ORD-1786976311062-7FF29452,CUST-00176,2026-03-11T14:21:10.878Z,422.17,CANCELLED
ORD-1786976311062-DAD34BF5,CUST-00009,2025-10-31T15:10:05.618Z,257.28,COMPLETED
ORD-1786976311062-B8B5C7CB,CUST-00239,2025-11-22T13:23:13.272Z,377.23,COMPLETED
ORD-1786976311062-76C5F449,CUST-00559,2026-05-20T20:22:25.639Z,502.69,COMPLETED
ORD-1786976311062-0588D3F0,CUST-00924,2025-06-19T12:38:09.400Z,73.06,PENDING
ORD-1786976311062-45AFC3C0,CUST-00944,2026-05-16T05:21:12.463Z,240.67,COMPLETED
ORD-1786976311062-5710BD03,CUST-00066,2025-05-03T18:36:13.773Z,330.22,COMPLETED
ORD-1786976311062-1ACD1033,CUST-00823,2025-09-11T01:33:27.698Z,226.98,SHIPPED
ORD-1786976311062-86CCB949,CUST-00616,2025-12-27T06:08:12.346Z,134.04,DELIVERED
ORD-1786976311062-667DAC71,CUST-00189,2026-02-28T19:51:46.173Z,500.36,SHIPPED
ORD-1786976311062-8F2AB325,CUST-00641,2025-10-20T15:46:41.338Z,191.75,SHIPPED
ORD-1786976311062-FB69FF30,CUST-00272,2025-07-17T00:24:25.840Z,60.19,CANCELLED
ORD-1786976311062-E5A5C7E8,CUST-00657,2025-06-24T10:45:44.195Z,160.69,PENDING
ORD-1786976311062-C37A6C99,CUST-00842,2025-04-13T04:11:41.166Z,59.54,DELIVERED
ORD-1786976311062-14EF86B2,CUST-00840,2025-06-13T10:56:28.826Z,477.67,DELIVERED
ORD-1786976311062-68F3369F,CUST-00046,2025-08-27T06:20:09.332Z,204.64,COMPLETED
ORD-1786976311062-733F9847,CUST-00068,2026-07-25T05:35:31.250Z,256.27,SHIPPED
ORD-1786976311062-9AE37283,CUST-00736,2026-05-27T01:02:47.864Z,396.30,CANCELLED
ORD-1786976311062-5CD4B921,CUST-00633,2025-11-30T21:19:34.543Z,249.88,CANCELLED
ORD-1786976311062-C6A18206,CUST-00390,2025-08-30T21:41:58.082Z,299.10,COMPLETED
ORD-1786976311062-A86460E4,CUST-00867,2026-07-30T09:18:24.515Z,288.55,SHIPPED
ORD-1786976311062-D6FA69B3,CUST-00094,2025-01-19T14:42:24.857Z,170.82,COMPLETED
ORD-1786976311062-B6B83FF3,CUST-00964,2026-07-29T21:12:43.122Z,141.05,PENDING
ORD-1786976311062-5EDF1DC4,CUST-00137,2025-03-05T15:12:40.035Z,183.32,PROCESSING
ORD-1786976311062-BFBC0894,CUST-00734,2026-07-08T21:31:55.268Z,448.44,DELIVERED
ORD-1786976311062-E39BF079,CUST-00535,2025-11-21T15:15:30.073Z,445.51,PENDING
ORD-1786976311062-20E5FA19,CUST-00933,2026-02-07T05:12:13.790Z,465.36,SHIPPED
ORD-1786976311062-0DBCFE17,CUST-00506,2026-07-20T07:11:34.541Z,324.34,PROCESSING
ORD-1786976311062-326D3422,CUST-00473,2026-08-05T22:00:15.190Z,219.27,CANCELLED
ORD-1786976311062-27D45AB7,CUST-00464,2025-12-05T22:22:52.573Z,228.49,PROCESSING
ORD-1786976311062-144595A2,CUST-00901,2026-03-03T13:39:55.000Z,119.79,PROCESSING
ORD-1786976311062-DB1E48C1,CUST-00275,2025-06-01T16:00:42.896Z,122.48,CANCELLED
ORD-1786976311062-9D243BB1,CUST-00654,2025-04-13T07:36:50.498Z,484.91,PROCESSING
ORD-1786976311062-D157070C,CUST-00486,2025-01-28T20:47:43.010Z,439.83,PENDING
ORD-1786976311062-AEAF45B8,CUST-00963,2025-06-26T12:25:30.156Z,480.77,CANCELLED
ORD-1786976311062-0B610D79,CUST-00478,2025-04-23T20:55:00.995Z,367.16,PENDING
ORD-1786976311062-A2849037,CUST-00648,2025-12-11T18:26:13.787Z,134.95,SHIPPED
ORD-1786976311062-51029736,CUST-00703,2025-05-08T03:59:18.246Z,337.79,COMPLETED
ORD-1786976311062-E1599408,CUST-00118,2025-09-03T13:00:11.841Z,62.82,CANCELLED
ORD-1786976311062-25AE61A2,CUST-00437,2025-12-30T12:59:43.837Z,60.37,SHIPPED
ORD-1786976311062-A4B3A996,CUST-00878,2025-02-26T00:17:45.400Z,483.80,COMPLETED
ORD-1786976311062-44028855,CUST-00363,2025-02-07T13:16:07.528Z,90.40,CANCELLED
ORD-1786976311062-CF34FB25,CUST-00417,2025-04-17T22:36:31.434Z,149.98,DELIVERED
ORD-1786976311062-137BDB4B,CUST-00151,2025-06-26T13:17:38.896Z,473.50,COMPLETED
ORD-1786976311062-21A7362A,CUST-00070,2026-03-09T23:39:01.776Z,463.65,COMPLETED
ORD-1786976311062-3032E5CC,CUST-00842,2025-12-21T00:33:32.158Z,185.21,PENDING
ORD-1786976311062-B271198C,CUST-00881,2025-09-27T18:58:56.648Z,38.28,CANCELLED
ORD-1786976311062-9872D213,CUST-00218,2025-04-21T06:43:41.114Z,409.27,SHIPPED
ORD-1786976311062-55A0BA6F,CUST-00180,2025-05-29T15:36:21.679Z,104.26,COMPLETED
ORD-1786976311062-12376058,CUST-00724,2025-10-05T11:02:47.583Z,208.89,SHIPPED
ORD-1786976311062-82000CB2,CUST-00589,2025-11-15T18:27:52.466Z,482.83,COMPLETED
ORD-1786976311062-AAD58C9C,CUST-00537,2025-11-05T18:10:44.027Z,187.63,COMPLETED
ORD-1786976311062-5ED95ECA,CUST-00306,2026-06-18T10:36:33.107Z,499.62,DELIVERED
ORD-1786976311062-B8140611,CUST-00616,2025-01-16T16:50:18.450Z,75.48,CANCELLED
ORD-1786976311062-85C146EE,CUST-00238,2026-02-06T17:14:50.086Z,331.25,PENDING
ORD-1786976311062-CF98F8C4,CUST-00629,2025-11-09T13:08:49.807Z,365.12,PENDING
ORD-1786976311062-44C4F3F3,CUST-00849,2025-05-10T11:27:10.712Z,258.40,SHIPPED
ORD-1786976311062-25EE9446,CUST-00450,2026-02-09T16:03:53.339Z,439.13,COMPLETED
ORD-1786976311062-EC1C1399,CUST-00108,2025-12-20T12:03:22.350Z,381.64,PROCESSING
ORD-1786976311062-3F846754,CUST-00724,2025-07-20T17:03:37.496Z,80.66,PROCESSING
ORD-1786976311062-6F1222FE,CUST-00615,2025-07-07T04:37:44.334Z,186.80,PENDING
ORD-1786976311062-C00DF28E,CUST-00296,2026-03-07T20:30:07.950Z,107.76,PROCESSING
ORD-1786976311062-4A078D2C,CUST-00423,2025-11-30T10:43:06.289Z,457.96,CANCELLED
ORD-1786976311062-C9932E00,CUST-00530,2025-09-25T16:53:30.910Z,394.68,SHIPPED
ORD-1786976311062-98AEBD14,CUST-00517,2026-04-11T13:06:05.326Z,454.47,PROCESSING
ORD-1786976311062-73CFB51F,CUST-00230,2026-07-26T13:43:50.548Z,88.60,COMPLETED
ORD-1786976311062-E333D1C8,CUST-00329,2026-04-25T07:40:05.694Z,477.39,COMPLETED
ORD-1786976311062-B9B17934,CUST-00154,2026-07-19T22:53:11.983Z,500.13,PENDING
ORD-1786976311062-41A5196B,CUST-00670,2025-11-10T20:09:15.835Z,280.39,CANCELLED
ORD-1786976311062-1BA5B66C,CUST-00260,2026-05-19T13:37:37.696Z,387.96,CANCELLED
ORD-1786976311062-AFC2EF63,CUST-00203,2026-03-07T03:59:10.248Z,73.21,SHIPPED
ORD-1786976311062-C266E468,CUST-00879,2026-07-29T04:43:27.035Z,428.18,COMPLETED
ORD-1786976311062-3EAC9854,CUST-00466,2025-10-16T17:17:18.779Z,407.75,CANCELLED
ORD-1786976311062-5620C341,CUST-00483,2025-09-21T00:47:47.204Z,308.53,SHIPPED
ORD-1786976311062-22191A1C,CUST-00649,2025-09-25T11:09:49.872Z,103.17,PENDING
ORD-1786976311062-2B9DE539,CUST-00821,2026-07-15T18:10:28.922Z,46.54,PROCESSING
ORD-1786976311062-6E4954B2,CUST-00188,2026-07-28T08:52:23.657Z,300.89,COMPLETED
ORD-1786976311062-32B3B971,CUST-00496,2026-01-27T21:21:44.704Z,413.05,PROCESSING
ORD-1786976311062-04BA26C2,CUST-00505,2025-04-05T13:05:54.309Z,37.78,PROCESSING
ORD-1786976311062-87BF042F,CUST-00593,2025-08-05T11:34:13.636Z,424.21,COMPLETED
ORD-1786976311062-0B67B1CF,CUST-00779,2025-12-28T10:31:41.618Z,368.14,SHIPPED
ORD-1786976311062-C276609D,CUST-00524,2025-06-13T05:55:31.041Z,251.42,PENDING
ORD-1786976311062-337359B8,CUST-00613,2026-04-28T02:47:41.301Z,252.53,SHIPPED
ORD-1786976311062-B69DD281,CUST-00968,2025-11-14T21:49:12.679Z,386.20,PROCESSING
ORD-1786976311062-274DCBEC,CUST-00415,2025-04-24T23:50:36.179Z,122.23,PROCESSING
ORD-1786976311062-6329E14D,CUST-00769,2026-07-06T01:49:14.127Z,188.33,COMPLETED
ORD-1786976311062-758C4B94,CUST-00161,2025-07-02T08:44:44.567Z,372.86,CANCELLED
ORD-INV-8500,CUST-002,2026-05-10T10:00:00Z,-50.00,COMPLETED
ORD-1786976311062-6B8A78D8,CUST-00779,2025-10-30T08:10:39.480Z,25.37,CANCELLED
ORD-1786976311062-598B7EEB,CUST-00400,2026-04-28T01:26:22.759Z,389.49,PROCESSING
ORD-1786976311062-0854F261,CUST-00188,2025-11-02T06:10:48.676Z,411.70,PROCESSING
ORD-1786976311062-07AB78D2,CUST-00785,2025-02-23T21:27:33.545Z,121.91,PROCESSING
ORD-1786976311062-7268B785,CUST-00150,2025-05-04T17:42:32.615Z,326.43,COMPLETED
ORD-1786976311062-FDC2E847,CUST-00907,2025-07-08T05:21:18.805Z,352.25,PENDING
ORD-1786976311062-DBA13376,CUST-00075,2025-11-15T00:15:02.614Z,358.88,COMPLETED
ORD-1786976311062-86EFC6FC,CUST-00952,2025-12-25T01:47:27.130Z,278.74,CANCELLED
ORD-1786976311062-A03EF036,CUST-00808,2026-06-30T01:52:06.755Z,386.70,SHIPPED
ORD-1786976311062-9C6B554C,CUST-00902,2025-11-04T15:18:19.921Z,418.29,CANCELLED
ORD-1786976311062-CF0F86E2,CUST-00407,2025-02-02T23:30:38.110Z,354.82,PROCESSING
ORD-1786976311062-4960E10F,CUST-00979,2025-11-01T20:20:35.393Z,315.66,DELIVERED
ORD-1786976311062-15051BC2,CUST-00855,2025-03-08T23:51:48.453Z,463.12,SHIPPED
ORD-1786976311062-11276AE1,CUST-00618,2025-11-19T05:04:06.033Z,226.05,DELIVERED
ORD-1786976311062-51BF0129,CUST-00105,2025-07-14T18:59:49.112Z,365.07,SHIPPED
ORD-1786976311062-6208798C,CUST-00942,2026-07-08T20:50:01.285Z,472.47,PROCESSING
ORD-1786976311062-1F82F01E,CUST-00782,2025-08-07T18:32:09.520Z,193.58,COMPLETED
ORD-1786976311062-FD8B1CE4,CUST-00245,2025-03-31T12:53:37.323Z,301.12,PROCESSING
ORD-1786976311062-5581C559,CUST-00274,2026-01-15T00:05:01.769Z,80.05,COMPLETED
ORD-1786976311062-0B8B94D6,CUST-00264,2026-07-05T18:30:07.108Z,158.30,PENDING
ORD-1786976311062-8B24D27E,CUST-00324,2025-09-07T06:09:20.260Z,366.66,COMPLETED
ORD-1786976311062-59964D23,CUST-00179,2025-06-09T23:34:41.781Z,220.94,DELIVERED
ORD-1786976311062-374E0FFF,CUST-00526,2025-01-20T17:17:12.789Z,424.14,SHIPPED
ORD-1786976311062-48D4F80C,CUST-00915,2026-08-10T21:31:41.735Z,503.85,SHIPPED
ORD-1786976311062-F20CC5B0,CUST-00657,2025-10-31T12:51:07.671Z,409.95,CANCELLED
ORD-1786976311062-BB4A5A8A,CUST-00253,2025-07-15T11:39:04.610Z,419.91,DELIVERED
ORD-1786976311062-34A2077A,CUST-00657,2025-06-16T21:55:02.766Z,381.73,CANCELLED
ORD-1786976311062-2690B083,CUST-00364,2026-02-10T00:02:13.001Z,323.07,CANCELLED
ORD-1786976311062-CE05A5C6,CUST-00077,2025-10-16T12:38:05.028Z,87.05,COMPLETED
ORD-1786976311062-C6E378DC,CUST-00965,2026-03-28T19:51:52.369Z,110.91,PROCESSING
ORD-1786976311062-A3C2A112,CUST-00942,2026-04-05T05:02:17.382Z,39.04,COMPLETED
ORD-1786976311062-DD491B13,CUST-00695,2025-09-18T10:03:09.323Z,137.88,DELIVERED
ORD-1786976311062-C245496A,CUST-00426,2025-11-29T15:49:35.882Z,127.67,SHIPPED
ORD-1786976311062-54140522,CUST-00538,2025-08-10T03:32:35.378Z,11.00,COMPLETED
ORD-1786976311062-E8650BF8,CUST-00275,2026-03-26T12:34:28.383Z,495.89,COMPLETED
ORD-1786976311062-914FF00A,CUST-00593,2026-03-23T14:32:23.636Z,239.50,COMPLETED
ORD-1786976311062-4CCE5BF0,CUST-00974,2025-07-12T08:23:33.581Z,409.94,DELIVERED
ORD-1786976311062-2ABE1122,CUST-00501,2026-06-22T04:55:53.489Z,27.21,DELIVERED
ORD-1786976311062-3A659412,CUST-00267,2025-06-12T01:51:31.874Z,274.08,PENDING
ORD-1786976311062-B1D18A19,CUST-00558,2026-06-07T04:22:57.927Z,500.07,SHIPPED
ORD-1786976311062-8F408F7C,CUST-00185,2025-03-02T18:18:12.964Z,304.14,DELIVERED
ORD-1786976311062-E3083D76,CUST-00496,2025-04-04T04:30:59.719Z,417.05,COMPLETED
ORD-1786976311062-59A164E1,CUST-00583,2025-02-27T01:55:09.696Z,287.08,PROCESSING
ORD-1786976311062-7591FF82,CUST-00508,2025-11-05T04:21:31.953Z,336.37,DELIVERED
ORD-1786976311062-9E3A052B,CUST-00818,2026-05-08T01:44:30.187Z,115.05,CANCELLED
ORD-1786976311062-AE02F6E4,CUST-00404,2026-05-29T16:15:40.722Z,279.40,SHIPPED
ORD-1786976311062-79A292C7,CUST-00176,2026-07-07T23:52:28.257Z,242.71,PROCESSING
ORD-1786976311062-71A9537E,CUST-00417,2025-12-31T16:15:47.931Z,327.98,PROCESSING
ORD-1786976311062-2B1509F7,CUST-00771,2026-06-30T12:57:46.137Z,267.89,CANCELLED
ORD-1786976311062-35481B64,CUST-00109,2026-02-13T19:28:29.174Z,463.32,PROCESSING
ORD-1786976311062-9235E327,CUST-00879,2025-08-06T01:24:19.533Z,444.00,PENDING
ORD-1786976311062-03339354,CUST-00033,2026-02-24T19:23:34.572Z,77.95,DELIVERED
ORD-1786976311062-1875D17C,CUST-00038,2025-10-09T03:24:04.208Z,392.58,DELIVERED
ORD-1786976311062-355FA068,CUST-00660,2026-03-01T12:20:04.679Z,360.78,PROCESSING
ORD-1786976311062-334FA962,CUST-00913,2026-08-12T04:54:29.370Z,450.33,CANCELLED
ORD-1786976311062-6F245E12,CUST-00687,2025-02-25T20:12:29.656Z,461.93,COMPLETED
ORD-1786976311062-2BED4695,CUST-00547,2025-03-09T14:53:22.361Z,129.59,COMPLETED
ORD-1786976311062-036D69FB,CUST-00426,2025-01-30T02:08:22.973Z,79.20,COMPLETED
ORD-1786976311062-6A548586,CUST-00143,2025-10-17T21:47:03.578Z,444.32,PENDING
ORD-1786976311062-874777F2,CUST-00340,2025-12-22T06:43:37.854Z,21.19,PENDING
ORD-1786976311062-8F03C523,CUST-00971,2026-01-15T20:34:50.970Z,378.88,CANCELLED
ORD-1786976311062-51DBF490,CUST-00285,2025-10-30T18:28:39.531Z,24.94,DELIVERED
ORD-1786976311062-086E00C5,CUST-00740,2026-01-17T05:54:42.586Z,110.65,SHIPPED
ORD-1786976311062-D15096E7,CUST-00041,2025-10-08T07:53:34.459Z,40.05,SHIPPED
ORD-1786976311062-86096217,CUST-00859,2025-09-09T00:12:12.761Z,427.77,CANCELLED
ORD-1786976311062-C3DEB386,CUST-00679,2026-01-21T00:04:58.346Z,13.17,CANCELLED
ORD-1786976311062-70D63866,CUST-00597,2025-05-02T14:00:41.820Z,331.53,COMPLETED
ORD-1786976311062-1785EFED,CUST-00559,2026-08-09T05:26:33.135Z,246.74,COMPLETED
ORD-1786976311062-1861E5F9,CUST-00467,2025-04-23T10:35:22.059Z,37.39,CANCELLED
ORD-1786976311062-8BD326ED,CUST-00530,2025-01-31T11:46:02.552Z,200.26,PENDING
ORD-1786976311062-72DC1A60,CUST-00829,2026-05-13T23:33:35.991Z,25.10,CANCELLED
ORD-1786976311062-2E923D36,CUST-00101,2025-04-04T17:19:34.058Z,238.82,COMPLETED
ORD-1786976311062-5086B01C,CUST-00053,2026-06-13T02:18:22.307Z,42.72,PENDING
ORD-1786976311062-4FE052ED,CUST-00516,2025-12-04T12:19:18.930Z,425.39,CANCELLED
ORD-1786976311062-BCA3A360,CUST-00298,2025-01-09T06:08:24.761Z,346.04,COMPLETED
ORD-1786976311062-B918CCFD,CUST-00587,2026-04-30T20:59:56.400Z,395.25,PROCESSING
ORD-1786976311062-7C8054E7,CUST-00762,2026-06-01T07:46:52.495Z,457.36,DELIVERED
ORD-1786976311062-95EE16A4,CUST-00987,2026-02-15T14:27:35.834Z,88.19,PROCESSING
ORD-1786976311062-DD61A274,CUST-00939,2026-01-05T13:31:26.399Z,145.95,SHIPPED
ORD-1786976311062-D1A347C7,CUST-00903,2026-07-23T14:02:42.650Z,498.04,SHIPPED
ORD-1786976311062-0D51410E,CUST-00604,2025-12-24T17:22:32.681Z,279.45,COMPLETED
ORD-1786976311062-848F461D,CUST-00023,2025-03-25T10:18:56.335Z,382.53,DELIVERED
ORD-1786976311062-DF96A2D0,CUST-00714,2025-10-07T13:11:20.628Z,153.43,COMPLETED
ORD-1786976311062-D56B12E0,CUST-00118,2025-09-28T03:19:47.300Z,413.96,CANCELLED
ORD-1786976311062-3DEAB0E2,CUST-00379,2025-05-08T16:52:27.870Z,325.97,PENDING
ORD-1786976311062-11FF7CC4,CUST-00234,2026-05-06T18:25:19.760Z,233.40,COMPLETED
ORD-1786976311062-42931C00,CUST-00307,2025-04-06T14:31:43.995Z,16.06,SHIPPED
ORD-1786976311062-111D6660,CUST-00155,2026-03-20T01:20:29.574Z,135.80,DELIVERED
ORD-1786976311062-CABC2528,CUST-00785,2026-02-22T00:09:39.398Z,323.08,PENDING
ORD-1786976311062-F0FA0031,CUST-00505,2025-07-25T03:49:33.806Z,259.28,PROCESSING
ORD-1786976311062-F4893F11,CUST-00700,2026-05-09T07:38:02.870Z,118.62,SHIPPED
ORD-1786976311062-6B518BBC,CUST-00199,2025-03-18T11:49:41.429Z,140.94,PROCESSING
ORD-1786976311062-DEB4D636,CUST-00885,2025-09-08T20:48:39.459Z,47.26,CANCELLED
ORD-1786976311063-DA977556,CUST-00965,2025-03-04T06:25:07.470Z,355.89,PENDING
ORD-1786976311063-FE5860DF,CUST-00898,2025-04-13T00:45:50.119Z,322.17,COMPLETED
ORD-1786976311063-76E75A75,CUST-00861,2026-08-13T16:12:50.704Z,261.57,PENDING
ORD-1786976311063-DF40BCD3,CUST-00223,2025-09-04T04:12:09.356Z,497.25,PENDING
ORD-1786976311063-7A563A3B,CUST-00288,2026-01-29T19:50:23.279Z,223.21,CANCELLED
ORD-1786976311063-F640D8CD,CUST-00677,2025-04-04T20:50:43.536Z,329.40,SHIPPED
ORD-INV-8600,,2026-05-10T10:00:00Z,120.00,PENDING
ORD-1786976311063-0A57EB5B,CUST-00653,2025-02-11T06:15:58.943Z,263.92,SHIPPED
ORD-1786976311063-FFC0E294,CUST-00543,2025-05-21T01:06:37.721Z,25.69,COMPLETED
ORD-1786976311063-3AE6CEC7,CUST-00194,2026-06-13T10:13:08.759Z,233.56,COMPLETED
ORD-1786976311063-1990F68B,CUST-00062,2025-01-18T00:01:28.706Z,292.44,PROCESSING
ORD-1786976311063-4E27D0D2,CUST-00890,2025-09-11T07:22:26.744Z,266.38,SHIPPED
ORD-1786976311063-5922A94E,CUST-00738,2026-07-12T07:37:36.180Z,58.34,COMPLETED
ORD-1786976311063-4C86F126,CUST-00346,2026-03-28T12:13:04.839Z,74.15,DELIVERED
ORD-1786976311063-B4C27CCD,CUST-00601,2025-10-06T20:45:54.771Z,43.77,DELIVERED
ORD-1786976311063-74EBE786,CUST-00880,2025-04-10T04:17:18.062Z,427.40,CANCELLED
ORD-1786976311063-9D25F457,CUST-00840,2026-04-26T11:48:01.136Z,245.52,PROCESSING
ORD-1786976311063-538CA99A,CUST-00671,2025-02-21T07:51:58.890Z,402.14,CANCELLED
ORD-1786976311063-8160DDD2,CUST-00391,2026-07-30T09:06:17.767Z,241.10,SHIPPED
ORD-1786976311063-3A016A58,CUST-00263,2026-07-01T13:42:17.826Z,366.95,SHIPPED
ORD-1786976311063-B39AB948,CUST-00991,2025-06-17T03:34:39.210Z,451.38,SHIPPED
ORD-1786976311063-C4CD82E8,CUST-00240,2026-03-20T04:10:37.657Z,471.77,PROCESSING
ORD-1786976311063-EC9F1073,CUST-00627,2025-02-27T14:51:44.720Z,210.82,PENDING
ORD-1786976311063-AA8245C6,CUST-00933,2025-03-16T04:44:56.390Z,48.81,DELIVERED
ORD-1786976311063-A6F86EEC,CUST-00318,2025-07-06T21:08:22.018Z,140.56,CANCELLED
ORD-1786976311063-47A948B8,CUST-00028,2026-04-12T14:48:53.243Z,205.02,COMPLETED
ORD-1786976311063-C991E8C0,CUST-00300,2025-01-25T23:45:13.905Z,427.99,DELIVERED
ORD-1786976311063-8F8DB245,CUST-00173,2025-08-23T06:24:43.275Z,406.76,PENDING
ORD-1786976311063-112D94C6,CUST-00738,2026-05-11T20:58:36.439Z,505.73,COMPLETED
ORD-1786976311063-1170EAB9,CUST-00419,2025-12-30T17:59:45.495Z,340.94,CANCELLED
ORD-1786976311063-A745442D,CUST-00069,2025-03-21T01:57:03.802Z,367.28,CANCELLED
ORD-1786976311063-24033EDB,CUST-00859,2025-08-26T07:27:39.948Z,29.39,CANCELLED
ORD-1786976311063-7EF0D8A7,CUST-00508,2026-05-26T12:52:05.648Z,352.33,DELIVERED
ORD-1786976311063-3CD0F155,CUST-00830,2025-10-19T18:52:53.257Z,366.99,COMPLETED
ORD-1786976311063-7CA098DC,CUST-00016,2026-07-22T11:47:36.631Z,12.80,SHIPPED
ORD-1786976311063-7E284931,CUST-00298,2025-10-15T07:41:53.182Z,92.54,CANCELLED
ORD-1786976311063-AC0E7B64,CUST-00331,2025-12-10T00:38:57.945Z,400.72,PENDING
ORD-1786976311063-41E26357,CUST-00456,2025-10-23T09:56:22.921Z,78.41,PROCESSING
ORD-1786976311063-DD35E768,CUST-00514,2025-12-08T02:30:42.311Z,395.74,COMPLETED
ORD-1786976311063-54ADCCC9,CUST-00147,2026-07-28T16:29:12.427Z,424.03,PROCESSING
ORD-1786976311063-970698E2,CUST-00677,2025-01-23T04:27:26.120Z,209.64,PROCESSING
ORD-1786976311063-EB8E66D6,CUST-00188,2025-03-30T10:09:23.923Z,435.90,PENDING
ORD-1786976311063-CBB92813,CUST-00806,2025-10-24T04:38:50.095Z,88.77,SHIPPED
ORD-1786976311063-65C7C1E6,CUST-00563,2026-01-19T18:15:59.775Z,208.11,COMPLETED
ORD-1786976311063-53D53CA5,CUST-00874,2026-07-02T11:44:32.480Z,438.54,COMPLETED
ORD-1786976311063-8E8F24C6,CUST-00010,2025-11-20T10:34:09.596Z,99.30,SHIPPED
ORD-1786976311063-CDC5B8E6,CUST-00007,2025-08-23T08:31:33.910Z,419.00,DELIVERED
ORD-1786976311063-36B11BC9,CUST-00468,2026-04-08T14:53:38.061Z,449.99,COMPLETED
ORD-1786976311063-D87B57BE,CUST-00205,2026-06-30T03:16:18.551Z,242.13,SHIPPED
ORD-1786976311063-83E88FAF,CUST-00608,2026-05-26T22:33:27.271Z,274.87,DELIVERED
ORD-1786976311063-1B83A8B9,CUST-00040,2026-08-03T20:51:56.811Z,314.00,DELIVERED
ORD-1786976311063-743C3B45,CUST-00238,2025-12-02T12:27:00.039Z,496.98,SHIPPED
ORD-1786976311063-A52ABB41,CUST-00723,2026-08-11T07:13:48.088Z,205.77,SHIPPED
ORD-1786976311063-344BFA40,CUST-00312,2025-08-18T13:20:49.721Z,30.80,PROCESSING
ORD-1786976311063-03933164,CUST-00940,2025-11-06T21:16:49.747Z,434.38,PROCESSING
ORD-1786976311063-BC431066,CUST-00731,2025-05-13T23:08:26.775Z,307.96,PROCESSING
ORD-1786976311063-93ED7441,CUST-00524,2026-02-10T10:26:11.966Z,434.85,SHIPPED
ORD-1786976311063-0BB5884C,CUST-00501,2025-09-30T03:39:24.825Z,421.71,COMPLETED
ORD-1786976311063-8F25D314,CUST-00868,2025-09-09T21:31:44.272Z,339.24,PENDING
ORD-1786976311063-9FCC68B2,CUST-00270,2026-02-11T09:07:35.438Z,440.05,PROCESSING
ORD-1786976311063-19411BC5,CUST-00886,2025-07-03T15:23:04.135Z,320.94,DELIVERED
ORD-1786976311063-3DBA9AF9,CUST-00990,2026-02-06T17:03:49.812Z,184.32,PENDING
ORD-1786976311063-294EF749,CUST-00957,2025-08-16T12:07:02.486Z,57.17,COMPLETED
ORD-1786976311063-182FF08A,CUST-00196,2026-05-11T23:45:26.347Z,364.23,PROCESSING
ORD-1786976311063-659BA1C7,CUST-00468,2025-07-30T00:49:06.967Z,246.53,SHIPPED
ORD-1786976311063-30FF68B9,CUST-00676,2026-05-07T23:05:39.626Z,327.86,CANCELLED
ORD-1786976311063-FB32B841,CUST-00759,2026-02-10T07:12:13.088Z,350.45,DELIVERED
ORD-1786976311063-02DEF4E7,CUST-00280,2025-07-13T00:09:49.796Z,160.18,SHIPPED
ORD-1786976311063-2837DDB7,CUST-00915,2026-02-16T11:09:24.058Z,420.42,CANCELLED
ORD-1786976311063-0CE934B8,CUST-00662,2025-07-02T21:32:02.756Z,407.16,DELIVERED
ORD-1786976311063-3DF573F9,CUST-00775,2025-11-11T18:44:59.784Z,495.88,SHIPPED
ORD-1786976311063-F21F3A4E,CUST-00140,2025-07-01T19:35:26.186Z,88.63,PENDING
ORD-1786976311063-ED39D8D6,CUST-00017,2026-04-20T11:41:13.022Z,333.35,COMPLETED
ORD-1786976311063-FF1A2C69,CUST-00693,2025-10-16T18:45:17.758Z,245.06,DELIVERED
ORD-1786976311063-86EAEA50,CUST-00143,2025-11-14T18:56:28.151Z,335.97,DELIVERED
ORD-1786976311063-92F3771C,CUST-00860,2025-03-12T03:57:35.144Z,306.76,COMPLETED
ORD-1786976311063-FC1488C7,CUST-00059,2026-06-16T09:43:51.368Z,41.61,PROCESSING
ORD-1786976311063-DE3E4771,CUST-00794,2026-03-12T01:54:16.603Z,192.01,DELIVERED
ORD-1786976311063-ED766C8E,CUST-00584,2025-02-12T05:07:20.752Z,370.90,COMPLETED
ORD-1786976311063-923058E4,CUST-00481,2026-07-08T14:08:43.922Z,473.61,DELIVERED
ORD-1786976311063-C6557C82,CUST-00528,2026-08-09T13:57:00.094Z,313.24,SHIPPED
ORD-1786976311063-7FA83976,CUST-00546,2026-01-02T14:13:00.205Z,231.86,DELIVERED
ORD-1786976311063-8334CEB6,CUST-00090,2025-12-29T12:55:57.426Z,403.19,PROCESSING
ORD-1786976311063-CAE84E46,CUST-00022,2026-06-15T12:54:06.208Z,28.59,CANCELLED
ORD-1786976311063-A7DFC384,CUST-00574,2025-09-16T07:41:26.883Z,421.44,PROCESSING
ORD-1786976311063-12717DD9,CUST-00602,2026-03-15T19:24:10.936Z,137.54,PROCESSING
ORD-1786976311063-58A6B614,CUST-00272,2025-09-09T19:57:58.626Z,490.70,PENDING
ORD-1786976311063-8087A48C,CUST-00765,2025-04-21T23:17:07.937Z,161.49,COMPLETED
ORD-1786976311063-D4C8782A,CUST-00598,2025-11-12T06:05:12.284Z,188.97,DELIVERED
ORD-1786976311063-1C27B552,CUST-00673,2025-03-10T03:14:51.823Z,141.46,SHIPPED
ORD-1786976311063-8F1505A1,CUST-00458,2025-06-05T23:36:43.104Z,197.72,DELIVERED
ORD-1786976311063-954F5177,CUST-00395,2025-10-06T21:37:43.074Z,495.17,CANCELLED
ORD-1786976311063-DB5D9482,CUST-00123,2025-05-16T14:34:00.601Z,494.58,SHIPPED
ORD-1786976311063-628F39C4,CUST-00836,2025-12-09T14:55:17.646Z,138.17,PENDING
ORD-1786976311063-5D20C140,CUST-00568,2025-09-08T21:27:03.788Z,425.31,DELIVERED
ORD-1786976311063-83466833,CUST-00771,2026-07-20T07:48:27.378Z,54.97,SHIPPED
ORD-1786976311063-CC7CF49B,CUST-00872,2026-06-30T11:02:45.224Z,267.80,PROCESSING
ORD-1786976311063-559154C9,CUST-00223,2025-04-29T19:58:27.713Z,203.06,PENDING
ORD-1786976311063-C957CE58,CUST-00179,2026-08-02T13:02:40.772Z,264.08,SHIPPED
ORD-1786976311063-56AD4E80,CUST-00679,2025-12-12T08:51:37.438Z,190.66,PENDING
ORD-1786976311063-2E1C688A,CUST-00588,2025-03-28T13:55:30.024Z,262.50,CANCELLED
ORD-1786976311063-0BEAE017,CUST-00333,2026-04-07T21:34:43.051Z,429.65,PENDING
ORD-1786976311063-08916E6D,CUST-00885,2026-05-11T03:51:16.218Z,458.83,PENDING
ORD-1786976311063-EDD031E7,CUST-00631,2026-04-01T04:31:33.491Z,23.00,SHIPPED
ORD-1786976311063-7B9FBC25,CUST-00918,2025-09-04T06:30:05.045Z,433.38,CANCELLED
ORD-1786976311063-DD50029F,CUST-00665,2026-01-22T03:24:59.940Z,379.44,PENDING
ORD-INV-8700,CUST-001,INVALID_DATE_FORMAT,99.99,PENDING
ORD-1786976311063-0C35A2EF,CUST-00108,2026-07-19T05:46:19.503Z,73.48,CANCELLED
ORD-1786976311063-6CF02C9E,CUST-00130,2026-06-04T17:13:03.052Z,353.40,PENDING
ORD-1786976311063-9F8F078D,CUST-00072,2025-07-15T14:52:13.432Z,501.77,PENDING
ORD-1786976311063-ACFED797,CUST-00241,2026-04-24T12:12:23.230Z,414.81,CANCELLED
ORD-1786976311063-4FADF4A1,CUST-00759,2025-01-17T21:37:32.224Z,63.70,PROCESSING
ORD-1786976311063-128711D2,CUST-00358,2026-05-17T04:18:20.185Z,61.72,PROCESSING
ORD-1786976311063-85756B03,CUST-00378,2026-07-21T23:55:40.891Z,461.23,PROCESSING
ORD-1786976311063-409A950F,CUST-00402,2025-04-20T14:24:41.295Z,351.20,COMPLETED
ORD-1786976311063-AA5775F1,CUST-00612,2026-01-27T13:12:05.388Z,83.59,PROCESSING
ORD-1786976311063-81A1DE5B,CUST-00704,2025-11-14T01:35:18.420Z,489.83,COMPLETED
ORD-1786976311063-62D39085,CUST-00218,2025-10-13T17:06:32.872Z,503.06,PENDING
ORD-1786976311063-FEA8386D,CUST-00764,2025-06-05T13:28:23.296Z,381.58,CANCELLED
ORD-1786976311063-D5909AE8,CUST-00865,2026-07-18T14:13:28.045Z,395.80,CANCELLED
ORD-1786976311063-D303D029,CUST-00264,2025-03-30T20:40:56.284Z,424.15,CANCELLED
ORD-1786976311063-AC08A53C,CUST-00093,2025-07-16T03:37:00.667Z,295.42,PENDING
ORD-1786976311063-FBB0D9A8,CUST-00021,2026-05-19T22:40:52.265Z,110.94,DELIVERED
ORD-1786976311063-6B17A1F3,CUST-00313,2026-02-07T17:12:31.387Z,190.03,SHIPPED
ORD-1786976311063-B6EBD131,CUST-00828,2025-07-20T12:31:48.778Z,324.83,SHIPPED
ORD-1786976311063-AD2439A8,CUST-00989,2025-07-15T08:11:07.554Z,266.54,DELIVERED
ORD-1786976311063-6315893B,CUST-00388,2025-03-24T20:29:56.234Z,352.26,PENDING
ORD-1786976311063-1378E005,CUST-00629,2025-10-14T15:35:53.870Z,345.83,PROCESSING
ORD-1786976311063-8B6EFC87,CUST-00970,2025-01-01T12:44:45.128Z,35.38,SHIPPED
ORD-1786976311063-A5A4D7F5,CUST-00594,2025-11-22T23:47:53.674Z,97.84,PROCESSING
ORD-1786976311063-B77BCB4C,CUST-00299,2025-04-03T04:35:18.926Z,502.07,PROCESSING
ORD-1786976311063-3134972A,CUST-00376,2025-01-24T06:00:05.325Z,46.94,COMPLETED
ORD-1786976311063-7F90AD46,CUST-00265,2025-01-06T22:57:35.817Z,452.17,COMPLETED
ORD-1786976311063-1072ADED,CUST-00130,2025-06-04T06:09:30.130Z,235.24,CANCELLED
ORD-1786976311064-750FFB46,CUST-00970,2026-07-10T10:50:27.366Z,169.55,SHIPPED
ORD-1786976311064-E5582EFC,CUST-00594,2026-05-31T05:21:19.504Z,170.49,PROCESSING
ORD-1786976311064-1093F5A6,CUST-00384,2025-11-23T03:00:50.851Z,479.38,PENDING
ORD-1786976311064-1A936D38,CUST-00514,2025-05-29T03:23:57.480Z,214.13,PROCESSING
ORD-1786976311064-B15713A5,CUST-00254,2025-11-24T01:13:18.793Z,228.74,CANCELLED
ORD-1786976311064-5FF9F8D5,CUST-00897,2025-11-08T03:24:08.251Z,29.37,SHIPPED
ORD-1786976311064-CFF75462,CUST-00112,2026-03-02T11:06:07.513Z,343.09,COMPLETED
ORD-1786976311064-66840C34,CUST-00933,2025-01-23T18:59:50.937Z,318.45,COMPLETED
ORD-1786976311064-3561EE35,CUST-00596,2026-02-03T22:38:47.480Z,383.16,SHIPPED
ORD-1786976311064-D97665DE,CUST-00137,2025-04-30T05:51:05.477Z,461.76,SHIPPED
ORD-1786976311064-ABAA0EE3,CUST-00425,2025-08-08T03:23:57.514Z,151.45,SHIPPED
ORD-1786976311064-99D2C28A,CUST-00176,2026-01-16T22:19:06.914Z,61.84,PENDING
ORD-1786976311064-775D0DFA,CUST-00807,2025-06-06T01:24:34.828Z,51.73,CANCELLED
ORD-1786976311064-A1DD379D,CUST-00967,2025-03-01T05:55:16.310Z,215.23,PROCESSING
ORD-1786976311064-B7C9C9C5,CUST-00517,2026-02-17T15:11:44.176Z,17.81,PENDING
ORD-1786976311064-A495BD9D,CUST-00559,2025-02-16T20:51:55.503Z,306.34,CANCELLED
ORD-1786976311064-2DB02870,CUST-00451,2025-11-18T15:41:22.926Z,122.12,PROCESSING
ORD-1786976311064-198A80DE,CUST-00352,2025-01-12T10:11:05.819Z,274.12,DELIVERED
ORD-1786976311064-236355C6,CUST-00013,2025-09-23T07:13:20.642Z,89.16,PROCESSING
ORD-1786976311064-8E12E070,CUST-00214,2025-09-16T01:00:20.658Z,437.35,CANCELLED
ORD-1786976311064-F7B5D14C,CUST-00560,2026-03-03T06:29:15.239Z,358.71,COMPLETED
ORD-1786976311064-4E6B8168,CUST-00135,2026-04-16T17:57:15.135Z,413.78,PENDING
ORD-1786976311064-3003CBC7,CUST-00484,2026-02-18T11:40:56.203Z,339.05,PENDING
ORD-1786976311064-221205D0,CUST-00574,2026-01-06T20:27:03.415Z,248.26,CANCELLED
ORD-1786976311064-1FB79D17,CUST-00178,2025-03-13T16:47:02.175Z,362.32,PROCESSING
ORD-1786976311064-76E91ADD,CUST-00716,2026-05-23T16:47:07.946Z,267.80,PROCESSING
ORD-1786976311064-C9D23DE3,CUST-00128,2025-05-07T23:50:39.070Z,413.24,PROCESSING
ORD-1786976311064-660AD868,CUST-00192,2026-03-09T08:04:08.114Z,389.55,CANCELLED
ORD-1786976311064-F3C40992,CUST-00678,2026-07-16T05:59:48.906Z,406.35,PROCESSING
ORD-1786976311064-2F300248,CUST-00641,2025-07-13T17:09:27.123Z,378.13,SHIPPED
ORD-1786976311064-AB7C007B,CUST-00996,2026-03-12T09:25:59.990Z,355.86,COMPLETED
ORD-1786976311064-24DC61B4,CUST-00626,2026-01-11T20:16:39.273Z,299.08,COMPLETED
ORD-1786976311064-AC76031B,CUST-00945,2025-05-21T12:35:17.841Z,198.54,COMPLETED
ORD-1786976311064-C2E16F41,CUST-00501,2025-03-10T03:44:55.596Z,30.57,PENDING
ORD-1786976311064-31860452,CUST-00892,2025-08-02T18:16:43.207Z,376.32,DELIVERED
ORD-1786976311064-F34778FE,CUST-00134,2026-04-27T02:39:02.905Z,182.45,PENDING
ORD-1786976311064-80FCB1C0,CUST-00317,2026-04-01T23:34:33.255Z,344.95,PROCESSING
ORD-1786976311064-394A4306,CUST-00436,2025-07-02T23:30:47.543Z,114.52,PROCESSING
ORD-1786976311065-43062B8A,CUST-00720,2025-08-28T02:26:10.270Z,309.93,DELIVERED
ORD-1786976311065-31215F6B,CUST-00303,2026-04-12T11:55:59.773Z,415.44,CANCELLED
ORD-1786976311065-F2BD78B7,CUST-00246,2025-07-15T09:19:00.757Z,408.06,SHIPPED
ORD-1786976311065-B8976787,CUST-00636,2025-04-30T04:20:02.168Z,119.55,PENDING
ORD-1786976311065-6635A5A5,CUST-00564,2025-12-28T00:26:05.333Z,475.70,COMPLETED
ORD-1786976311065-ED0ADC92,CUST-00666,2025-06-18T10:35:10.989Z,218.53,COMPLETED
ORD-1786976311065-B3607EFE,CUST-00130,2026-06-05T13:19:41.123Z,365.32,COMPLETED
ORD-1786976311065-D0CF0C54,CUST-00579,2025-01-02T08:11:18.351Z,40.62,DELIVERED
ORD-1786976311065-103EB322,CUST-00306,2025-03-28T12:35:09.060Z,143.40,COMPLETED
ORD-1786976311065-1EFA7288,CUST-00852,2026-01-21T15:32:40.385Z,449.96,PROCESSING
ORD-1786976311065-3A477EA7,CUST-00965,2025-10-20T12:46:43.849Z,143.16,SHIPPED
ORD-1786976311065-3D7E7F0B,CUST-00985,2025-12-04T16:37:54.384Z,347.20,PENDING
ORD-1786976311065-A5E6D779,CUST-00710,2025-04-16T15:50:10.161Z,19.95,COMPLETED
ORD-1786976311065-83D73198,CUST-00950,2025-10-30T13:58:47.433Z,501.65,PROCESSING
ORD-1786976311065-3A9E08E9,CUST-00520,2025-09-02T06:22:23.629Z,29.20,CANCELLED
ORD-1786976311065-BEBF2859,CUST-00020,2025-05-31T00:27:14.493Z,490.57,CANCELLED
ORD-1786976311065-F7BA6EE1,CUST-00309,2025-10-31T04:08:51.345Z,445.00,PROCESSING
ORD-1786976311065-47826E2D,CUST-00070,2026-07-15T10:58:17.412Z,274.15,CANCELLED
ORD-1786976311065-2EA57E25,CUST-00489,2026-06-28T01:24:02.451Z,257.08,PENDING
ORD-1786976311065-D1ECE404,CUST-00340,2026-05-18T00:07:04.478Z,509.97,CANCELLED
ORD-1786976311065-3BF29D67,CUST-00272,2026-05-06T06:54:51.132Z,497.58,DELIVERED
ORD-1786976311065-7C7AEFA3,CUST-00069,2025-07-30T07:09:28.195Z,323.15,DELIVERED
ORD-1786976311065-39418A58,CUST-00447,2025-10-19T17:19:49.951Z,488.78,DELIVERED
ORD-1786976311065-1C8F38E1,CUST-00916,2026-08-02T11:26:18.254Z,425.63,COMPLETED
ORD-1786976311065-EDBDF150,CUST-00457,2025-12-13T01:21:26.633Z,290.89,SHIPPED
ORD-1786976311065-9191B793,CUST-00208,2025-08-09T17:22:26.385Z,485.55,COMPLETED
ORD-1786976311065-72940D6E,CUST-00351,2025-06-12T02:05:38.125Z,12.84,COMPLETED
ORD-1786976311065-2DD6CFDC,CUST-00860,2025-10-11T03:41:25.840Z,443.09,CANCELLED
ORD-1786976311065-31C1F3CB,CUST-00315,2025-03-24T10:44:57.898Z,350.01,DELIVERED
ORD-1786976311065-371B2D4A,CUST-00861,2025-12-27T21:50:27.346Z,390.36,SHIPPED
ORD-1786976311065-6441ECB4,CUST-00825,2025-05-07T07:12:43.536Z,450.56,COMPLETED
ORD-1786976311065-5B8519C1,CUST-00665,2026-03-23T12:11:02.945Z,16.39,CANCELLED
ORD-1786976311065-FD829C45,CUST-00583,2025-02-16T14:45:32.268Z,131.04,CANCELLED
ORD-1786976311065-B9DB772C,CUST-00810,2025-06-06T02:13:01.126Z,87.60,SHIPPED
ORD-INV-8800,CUST-002,2026-05-10T10:00:00Z,-50.00,COMPLETED
ORD-1786976311065-FF241B34,CUST-00203,2026-01-11T10:43:00.843Z,277.44,SHIPPED
ORD-1786976311065-838C13DF,CUST-00361,2026-04-29T04:14:05.112Z,300.66,COMPLETED
ORD-1786976311065-1FF5CEC0,CUST-00346,2025-03-29T09:35:56.396Z,310.71,SHIPPED
ORD-1786976311065-4D695FBF,CUST-00703,2026-08-12T09:40:36.539Z,53.27,PROCESSING
ORD-1786976311065-DF009D1E,CUST-00148,2025-06-26T07:47:00.924Z,220.81,COMPLETED
ORD-1786976311065-E37CF059,CUST-00301,2025-10-29T16:26:48.933Z,297.44,DELIVERED
ORD-1786976311065-93B02EF3,CUST-00868,2026-02-13T21:04:57.845Z,79.83,CANCELLED
ORD-1786976311065-94090F98,CUST-00856,2025-05-31T21:39:46.636Z,283.12,COMPLETED
ORD-1786976311065-6531C159,CUST-00903,2026-05-11T08:26:54.757Z,369.07,PROCESSING
ORD-1786976311065-1A2DDE52,CUST-00968,2025-08-01T03:24:18.038Z,265.22,COMPLETED
ORD-1786976311065-D2B5BAC7,CUST-00215,2025-06-05T07:56:08.384Z,49.59,DELIVERED
ORD-1786976311065-703C9429,CUST-00739,2025-12-02T06:57:58.670Z,297.02,DELIVERED
ORD-1786976311065-9F1AF6CD,CUST-00382,2026-01-15T22:17:05.384Z,328.65,COMPLETED
ORD-1786976311065-1C4AFF25,CUST-00402,2025-03-26T23:31:33.820Z,108.20,CANCELLED
ORD-1786976311066-ABB059DE,CUST-00965,2026-01-24T07:33:00.052Z,173.14,SHIPPED
ORD-1786976311066-453C47C9,CUST-00864,2026-01-19T14:28:55.207Z,106.60,PROCESSING
ORD-1786976311066-5CEE8FE6,CUST-00009,2026-02-17T01:40:10.431Z,227.19,PENDING
ORD-1786976311066-24A9D1DB,CUST-00895,2025-02-21T17:33:39.508Z,407.19,SHIPPED
ORD-1786976311066-46FB38F0,CUST-00950,2025-01-20T18:49:22.166Z,343.39,COMPLETED
ORD-1786976311066-7E8E5935,CUST-00424,2025-08-04T00:58:51.589Z,427.77,PENDING
ORD-1786976311066-E0E2EB54,CUST-00515,2026-05-30T04:07:03.809Z,457.91,CANCELLED
ORD-1786976311066-37D6375D,CUST-00392,2025-02-23T04:03:54.062Z,437.22,PROCESSING
ORD-1786976311066-1E332750,CUST-00464,2025-12-05T08:28:30.553Z,499.35,CANCELLED
ORD-1786976311066-D12887D1,CUST-00525,2025-05-07T11:46:30.356Z,486.76,PROCESSING
ORD-1786976311066-77FFCE30,CUST-00005,2025-05-01T09:43:41.369Z,279.21,SHIPPED
ORD-1786976311066-2A197587,CUST-00317,2026-06-16T06:49:52.696Z,263.41,PROCESSING
ORD-1786976311066-3F9B8921,CUST-00700,2025-08-17T20:24:54.363Z,406.43,PROCESSING
ORD-1786976311066-E57B030F,CUST-00447,2025-03-22T15:21:29.017Z,259.22,DELIVERED
ORD-1786976311066-35F2A678,CUST-00523,2025-08-08T04:36:34.229Z,202.76,DELIVERED
ORD-1786976311066-7DA240B9,CUST-00571,2025-11-11T00:35:26.051Z,128.80,COMPLETED
ORD-1786976311066-A55B5BF3,CUST-00105,2025-02-19T08:50:17.366Z,293.25,DELIVERED
ORD-1786976311066-8F89A868,CUST-00608,2026-01-29T07:43:17.315Z,244.03,DELIVERED
ORD-1786976311066-D0734F4F,CUST-00297,2026-03-27T14:43:28.157Z,119.66,DELIVERED
ORD-1786976311066-CBB6A3BA,CUST-00192,2025-01-20T03:13:40.458Z,85.49,COMPLETED
ORD-1786976311066-7162C740,CUST-00694,2025-09-09T06:02:54.580Z,355.52,SHIPPED
ORD-1786976311066-A23A8F74,CUST-00516,2025-06-08T23:07:45.602Z,51.88,PROCESSING
ORD-1786976311066-E4581AE0,CUST-00065,2025-06-13T21:45:49.559Z,494.92,DELIVERED
ORD-1786976311066-AA27BEBE,CUST-00459,2026-03-31T22:19:36.412Z,264.27,DELIVERED
ORD-1786976311066-526DB330,CUST-00213,2025-06-05T15:20:45.545Z,390.26,SHIPPED
ORD-1786976311066-32028BFC,CUST-00576,2025-04-16T07:35:18.851Z,463.76,COMPLETED
ORD-1786976311066-49657A56,CUST-00632,2026-06-02T18:41:47.575Z,43.93,COMPLETED
ORD-1786976311066-553E932F,CUST-00010,2025-03-30T10:52:13.729Z,433.01,SHIPPED
ORD-1786976311066-2C4D409F,CUST-00391,2025-07-08T03:50:35.861Z,396.81,SHIPPED
ORD-1786976311066-28B28836,CUST-00903,2026-01-22T09:58:41.160Z,449.71,COMPLETED
ORD-1786976311066-F290DC55,CUST-00871,2026-04-23T17:18:17.192Z,395.87,COMPLETED
ORD-1786976311066-073D6F79,CUST-00787,2025-11-15T22:09:08.761Z,474.69,CANCELLED
ORD-1786976311066-A48EDF5E,CUST-00670,2025-12-07T03:22:54.604Z,53.05,DELIVERED
ORD-1786976311066-0C6E5C87,CUST-00034,2026-01-15T04:58:25.410Z,84.42,PENDING
ORD-1786976311066-EE7D6234,CUST-00106,2026-03-27T06:04:11.718Z,268.86,COMPLETED
ORD-1786976311066-564BCCBB,CUST-00423,2025-02-17T08:16:48.525Z,443.78,CANCELLED
ORD-1786976311066-55A0AA03,CUST-00268,2026-08-13T01:51:17.089Z,390.85,PENDING
ORD-1786976311066-EA3B9857,CUST-00726,2025-05-02T08:38:31.738Z,199.54,SHIPPED
ORD-1786976311066-C77BD016,CUST-00484,2025-03-06T20:41:46.284Z,483.82,SHIPPED
ORD-1786976311066-39535B7D,CUST-00038,2025-09-05T05:39:28.891Z,454.60,CANCELLED
ORD-1786976311066-22473699,CUST-00607,2026-01-06T01:54:53.161Z,197.81,SHIPPED
ORD-1786976311066-57E9F0B4,CUST-00814,2025-05-06T17:32:05.410Z,48.73,COMPLETED
ORD-1786976311066-E8FB197C,CUST-00411,2026-07-06T18:26:34.001Z,220.17,PENDING
ORD-1786976311066-C4CF4B70,CUST-00099,2025-02-04T10:53:13.051Z,287.77,PENDING
ORD-1786976311066-CBF2DFC4,CUST-00844,2025-03-08T05:24:01.873Z,43.38,PENDING
ORD-1786976311066-1EEF61E9,CUST-00330,2026-01-07T02:23:14.195Z,369.26,CANCELLED
ORD-1786976311066-79662237,CUST-00656,2026-08-04T09:41:55.345Z,224.76,PENDING
ORD-1786976311066-175F9BB8,CUST-00366,2025-04-09T16:23:59.565Z,18.99,SHIPPED
ORD-1786976311066-C20BA2BE,CUST-00490,2025-04-03T16:12:02.609Z,32.51,PROCESSING
ORD-1786976311066-F6E04FF0,CUST-00159,2025-05-08T09:23:02.662Z,432.88,COMPLETED
ORD-1786976311066-209EC8BD,CUST-00637,2025-11-22T14:28:51.880Z,143.29,DELIVERED
ORD-1786976311066-81FDD525,CUST-00089,2026-06-01T16:23:31.876Z,246.92,SHIPPED
ORD-1786976311066-0CE570D1,CUST-00808,2025-04-30T21:36:38.557Z,359.02,SHIPPED
ORD-1786976311066-AF3770FD,CUST-00302,2026-06-20T08:25:47.353Z,158.26,PROCESSING
ORD-1786976311066-4F4822B9,CUST-00860,2025-07-05T17:38:49.564Z,201.79,COMPLETED
ORD-1786976311066-C8C349BE,CUST-00910,2026-06-05T18:49:07.521Z,465.13,DELIVERED
ORD-1786976311066-EDF16081,CUST-00274,2025-12-19T08:15:28.413Z,247.86,PROCESSING
ORD-1786976311066-21591A7E,CUST-00907,2026-06-05T19:39:25.306Z,105.28,SHIPPED
ORD-1786976311066-2BAD5B1B,CUST-00667,2025-09-20T04:41:03.500Z,340.93,DELIVERED
ORD-1786976311066-F5A1AEF6,CUST-00612,2026-03-16T00:22:13.433Z,372.75,CANCELLED
ORD-1786976311066-C6F4638B,CUST-00432,2025-04-30T11:53:24.860Z,252.81,CANCELLED
ORD-1786976311066-EEF2FAE9,CUST-00286,2025-12-09T19:14:31.920Z,270.48,DELIVERED
ORD-1786976311066-061E66ED,CUST-00579,2026-03-05T23:18:32.025Z,221.52,CANCELLED
ORD-1786976311066-89D907E4,CUST-00145,2025-11-05T06:16:36.267Z,318.43,SHIPPED
ORD-1786976311066-D0389496,CUST-00820,2025-06-25T16:55:40.532Z,162.10,PROCESSING
ORD-1786976311066-0C863F80,CUST-00490,2025-07-28T15:52:02.467Z,481.08,DELIVERED
ORD-1786976311066-B73BCAB9,CUST-00449,2026-02-08T21:40:59.920Z,319.17,DELIVERED
ORD-1786976311066-CD53D495,CUST-00674,2026-02-16T07:03:57.096Z,390.47,CANCELLED
ORD-1786976311066-CF6436F4,CUST-00179,2026-03-06T01:49:07.229Z,141.27,DELIVERED
ORD-1786976311066-A8B7D727,CUST-00372,2025-11-11T03:11:29.479Z,158.82,CANCELLED
ORD-1786976311066-F849157B,CUST-00535,2026-02-02T17:31:59.743Z,28.10,COMPLETED
ORD-1786976311066-C0C44640,CUST-00628,2026-08-13T20:51:36.064Z,293.73,PROCESSING
ORD-1786976311066-17F2C6DE,CUST-00261,2025-11-12T10:37:23.335Z,95.58,SHIPPED
ORD-1786976311066-011D1965,CUST-00773,2025-02-23T15:32:37.870Z,19.43,PROCESSING
ORD-1786976311066-F9E94872,CUST-00069,2026-08-05T02:25:26.140Z,160.46,PENDING
ORD-1786976311066-5CD55728,CUST-00566,2026-06-18T20:13:39.952Z,448.96,SHIPPED
ORD-1786976311066-FA0899B7,CUST-00810,2026-04-16T15:50:24.222Z,314.56,PROCESSING
ORD-1786976311066-8D08A326,CUST-00206,2026-03-24T00:29:06.471Z,110.73,COMPLETED
ORD-1786976311066-BC163DDD,CUST-00202,2025-10-24T17:26:38.132Z,308.55,CANCELLED
ORD-1786976311066-F7AD941F,CUST-00417,2026-04-20T00:08:42.912Z,472.51,PENDING
ORD-1786976311066-6B391F3E,CUST-00492,2025-02-22T17:14:33.017Z,398.55,PROCESSING
ORD-1786976311066-2870EAB7,CUST-00724,2026-05-09T20:54:14.603Z,446.66,CANCELLED
ORD-1786976311066-7CD8AF5B,CUST-00991,2025-05-11T23:31:08.029Z,95.34,DELIVERED
ORD-1786976311066-1B54F46F,CUST-00334,2026-04-28T23:37:51.887Z,290.49,CANCELLED
ORD-1786976311066-FCA4FF66,CUST-00184,2026-07-11T11:02:50.486Z,214.75,COMPLETED
ORD-INV-8900,,2026-05-10T10:00:00Z,120.00,PENDING
ORD-1786976311066-396EE48B,CUST-00963,2026-08-01T03:46:33.594Z,448.77,COMPLETED
ORD-1786976311066-A03FBC9D,CUST-00201,2025-02-20T17:21:42.107Z,26.10,PROCESSING
ORD-1786976311066-2B59A783,CUST-00514,2026-03-05T22:47:35.230Z,398.71,PENDING
ORD-1786976311066-D9746A24,CUST-00286,2025-11-20T06:58:34.843Z,471.92,CANCELLED
ORD-1786976311066-9DD4731A,CUST-00144,2025-01-22T03:57:44.437Z,155.43,COMPLETED
ORD-1786976311066-85A58765,CUST-00177,2025-02-21T16:22:35.941Z,222.51,PENDING
ORD-1786976311066-88A33E7E,CUST-00419,2026-05-22T02:10:34.020Z,496.36,SHIPPED
ORD-1786976311066-EC7F62DC,CUST-00756,2026-05-07T20:33:06.581Z,185.07,CANCELLED
ORD-1786976311066-B6B5FC6C,CUST-00911,2025-11-07T21:23:09.353Z,11.74,CANCELLED
ORD-1786976311066-C12089DD,CUST-00685,2025-02-21T13:10:19.685Z,176.96,PENDING
ORD-1786976311066-7A6D84D1,CUST-00431,2025-07-16T01:44:38.392Z,270.31,SHIPPED
ORD-1786976311066-6D81B41C,CUST-00541,2026-06-04T14:40:08.702Z,416.85,PENDING
ORD-1786976311066-EFA559BE,CUST-00602,2025-12-08T18:36:50.978Z,357.31,SHIPPED
ORD-1786976311066-70401198,CUST-00513,2025-12-21T20:46:14.080Z,185.70,SHIPPED
ORD-1786976311066-AFC262E1,CUST-00623,2026-03-18T15:23:23.721Z,480.60,PROCESSING
ORD-1786976311066-1CC901BC,CUST-00957,2025-04-10T22:15:35.095Z,383.98,COMPLETED
ORD-1786976311066-5A18801C,CUST-00055,2026-04-03T22:20:44.410Z,170.96,DELIVERED
ORD-1786976311066-0B1ED1B7,CUST-00055,2025-12-10T17:50:00.020Z,469.50,CANCELLED
ORD-1786976311066-DF4AC4B3,CUST-00872,2026-05-08T04:14:13.254Z,126.16,CANCELLED
ORD-1786976311066-A08120C9,CUST-00486,2025-03-29T01:30:51.891Z,378.89,DELIVERED
ORD-1786976311066-A8819731,CUST-00689,2026-04-07T17:29:10.853Z,191.52,DELIVERED
ORD-1786976311066-ABAC3677,CUST-00205,2025-12-02T22:49:50.962Z,409.68,CANCELLED
ORD-1786976311066-C0443C09,CUST-00790,2025-05-14T03:21:58.075Z,213.03,PROCESSING
ORD-1786976311067-8DA8D01A,CUST-00889,2026-06-10T20:36:52.795Z,48.55,SHIPPED
ORD-1786976311067-765E8FD9,CUST-00521,2025-09-03T11:38:40.690Z,34.11,DELIVERED
ORD-1786976311067-511E9B2F,CUST-00171,2025-12-05T17:13:09.778Z,347.64,DELIVERED
ORD-1786976311067-587E3BC0,CUST-00274,2026-02-20T11:55:59.954Z,211.65,DELIVERED
ORD-1786976311067-612A80D3,CUST-00608,2025-12-24T19:46:26.036Z,388.00,CANCELLED
ORD-1786976311067-CCFD29C7,CUST-00302,2026-01-14T10:40:07.782Z,147.51,DELIVERED
ORD-1786976311067-D0830A40,CUST-00047,2025-05-17T23:50:59.617Z,92.01,COMPLETED
ORD-1786976311067-FF0471D4,CUST-00442,2026-01-03T21:53:24.937Z,334.03,DELIVERED
ORD-1786976311067-2EF2082C,CUST-00255,2025-04-07T13:55:58.714Z,227.08,CANCELLED
ORD-1786976311067-9E79F844,CUST-00344,2025-11-05T01:08:30.606Z,197.36,CANCELLED
ORD-1786976311067-D91AD71A,CUST-00882,2025-02-23T11:20:05.235Z,156.10,COMPLETED
ORD-1786976311067-ED64BE41,CUST-00914,2025-02-11T17:06:53.497Z,163.05,DELIVERED
ORD-1786976311067-897FFCBB,CUST-00004,2026-04-23T11:25:10.006Z,354.96,SHIPPED
ORD-1786976311067-0E5E0919,CUST-00502,2025-03-31T06:41:31.253Z,196.21,SHIPPED
ORD-1786976311067-A63998C2,CUST-00520,2026-03-27T18:13:06.898Z,241.78,CANCELLED
ORD-1786976311067-56375A9F,CUST-00245,2025-07-28T05:11:03.956Z,326.33,DELIVERED
ORD-1786976311067-F02FF4D3,CUST-00560,2025-02-09T14:28:52.126Z,232.55,DELIVERED
ORD-1786976311067-848270BD,CUST-00115,2025-07-19T03:44:45.629Z,208.09,CANCELLED
ORD-1786976311067-0A8DAE6B,CUST-00817,2026-03-06T05:43:14.347Z,458.34,SHIPPED
ORD-1786976311067-224AFF52,CUST-00891,2026-03-13T10:00:00.156Z,260.00,PROCESSING
ORD-1786976311067-71B3EAD0,CUST-00566,2025-08-10T11:50:48.799Z,253.35,DELIVERED
ORD-1786976311067-7DD06FE6,CUST-00808,2026-08-08T13:23:47.962Z,253.32,PROCESSING
ORD-1786976311067-36E1FFB1,CUST-00979,2025-07-13T21:43:22.798Z,202.62,SHIPPED
ORD-1786976311067-83F9265E,CUST-00623,2025-07-28T13:27:32.216Z,365.19,CANCELLED
ORD-1786976311067-DC2DF951,CUST-00464,2025-02-18T16:21:41.996Z,309.73,CANCELLED
ORD-1786976311067-8D14E66C,CUST-00068,2025-09-04T18:13:58.121Z,400.85,DELIVERED
ORD-1786976311067-9A61A3D5,CUST-00889,2026-04-29T03:00:05.296Z,71.78,PENDING
ORD-1786976311067-DD705220,CUST-00411,2026-06-25T08:17:47.302Z,424.78,SHIPPED
ORD-1786976311067-2E3FAD89,CUST-00663,2025-11-27T22:12:52.844Z,111.88,PENDING
ORD-1786976311067-39097CF4,CUST-00845,2025-04-10T13:14:37.464Z,127.12,DELIVERED
ORD-1786976311067-75B57436,CUST-00812,2026-02-03T21:44:49.061Z,358.70,PENDING
ORD-1786976311067-3FF26618,CUST-00620,2026-07-15T01:39:31.372Z,415.42,CANCELLED
ORD-1786976311067-814D521C,CUST-00737,2025-01-29T07:58:34.528Z,328.37,PENDING
ORD-1786976311067-BB843750,CUST-00725,2026-02-16T23:48:51.401Z,262.77,CANCELLED
ORD-1786976311067-6B00FD95,CUST-00746,2025-03-17T02:06:18.825Z,287.87,CANCELLED
ORD-1786976311067-C8753878,CUST-00167,2026-03-27T11:08:24.530Z,389.23,PENDING
ORD-1786976311067-23D7FF67,CUST-00187,2025-02-06T23:41:32.058Z,209.55,COMPLETED
ORD-1786976311067-C4BB04B0,CUST-00654,2025-12-28T08:48:04.374Z,107.98,CANCELLED
ORD-1786976311067-D19B3EF3,CUST-00215,2026-06-16T00:37:24.867Z,23.41,CANCELLED
ORD-1786976311067-8AE6DBED,CUST-00159,2025-04-28T01:02:21.257Z,72.70,PROCESSING
ORD-1786976311067-1DD42877,CUST-00474,2025-06-11T10:08:57.484Z,410.85,PROCESSING
ORD-1786976311067-CA72D330,CUST-00152,2025-08-04T21:08:47.610Z,92.45,DELIVERED
ORD-1786976311067-5DDFB897,CUST-00929,2025-04-17T21:12:28.855Z,482.14,PENDING
ORD-1786976311067-E5709B76,CUST-00002,2025-08-19T13:28:47.643Z,344.03,CANCELLED
ORD-1786976311067-DC99F507,CUST-00750,2025-01-17T08:04:47.234Z,61.76,SHIPPED
ORD-1786976311067-BD8B33DC,CUST-00554,2025-05-27T19:12:31.251Z,271.35,PROCESSING
ORD-1786976311067-EF398F4D,CUST-00119,2026-05-22T07:14:33.034Z,184.52,PROCESSING
ORD-1786976311067-39659641,CUST-00771,2025-10-16T07:57:12.659Z,440.40,SHIPPED
ORD-1786976311067-28652173,CUST-00238,2025-07-07T21:23:56.187Z,326.87,PENDING
ORD-1786976311067-D34F75C7,CUST-00039,2026-06-30T10:03:03.872Z,21.74,PENDING
ORD-1786976311067-F783444B,CUST-00937,2025-02-12T22:30:51.006Z,303.72,PROCESSING
ORD-1786976311067-B9E8EF52,CUST-00955,2026-07-08T20:09:11.157Z,260.04,PROCESSING
ORD-1786976311067-242AB7AC,CUST-00917,2025-04-25T03:51:06.585Z,91.95,DELIVERED
ORD-1786976311067-68F7E698,CUST-00626,2026-06-12T18:24:17.839Z,472.40,PENDING
ORD-1786976311067-7CF8910D,CUST-00140,2025-07-01T11:35:36.242Z,221.39,DELIVERED
ORD-1786976311067-880536F7,CUST-00833,2026-05-15T21:59:26.118Z,407.09,COMPLETED
ORD-1786976311067-3449D8F2,CUST-00749,2025-10-10T09:29:17.621Z,171.69,PROCESSING
ORD-1786976311067-C5425F46,CUST-00551,2026-06-14T19:49:53.925Z,25.20,PROCESSING
ORD-1786976311067-E6BBDA56,CUST-00475,2026-06-11T18:34:22.891Z,264.21,SHIPPED
ORD-1786976311067-E0E14767,CUST-00510,2026-03-24T18:36:52.851Z,46.71,DELIVERED
ORD-1786976311067-8740AD97,CUST-00657,2025-01-12T16:30:17.823Z,337.01,PENDING
ORD-1786976311067-62E0E15E,CUST-00299,2026-04-03T10:30:19.972Z,37.33,PENDING
ORD-1786976311067-9B0CE6BF,CUST-00206,2025-05-17T01:25:55.099Z,99.76,CANCELLED
ORD-1786976311067-832C2DAB,CUST-00352,2026-02-09T12:20:59.599Z,197.73,PENDING
ORD-1786976311067-EB0841E6,CUST-00103,2026-03-05T18:34:50.305Z,118.01,COMPLETED
ORD-1786976311067-0648E561,CUST-00975,2025-08-14T01:35:10.660Z,271.45,PENDING
ORD-1786976311067-79D8910E,CUST-00570,2025-09-11T06:56:13.204Z,84.12,CANCELLED
ORD-1786976311067-2BCEA56E,CUST-00679,2025-01-17T00:34:13.041Z,15.62,PROCESSING
ORD-1786976311067-9443BAA2,CUST-00375,2025-06-01T05:28:28.124Z,185.20,PENDING
ORD-1786976311067-93E6F146,CUST-00174,2025-02-02T19:03:19.688Z,53.75,PENDING
ORD-1786976311067-3311D422,CUST-00242,2025-10-31T10:27:17.930Z,191.28,DELIVERED
ORD-1786976311067-F32CE696,CUST-00501,2026-01-07T04:56:37.242Z,55.75,CANCELLED
ORD-1786976311067-C8A58BB1,CUST-00734,2025-01-19T13:11:04.941Z,243.27,PROCESSING
ORD-1786976311067-D7339722,CUST-00818,2025-10-20T12:15:44.887Z,349.18,PROCESSING
ORD-1786976311067-73FE143E,CUST-00805,2025-03-24T21:34:15.639Z,191.18,COMPLETED
ORD-1786976311067-D551D504,CUST-00924,2026-04-08T02:01:38.650Z,356.57,SHIPPED
ORD-INV-9000,CUST-001,INVALID_DATE_FORMAT,99.99,PENDING
ORD-1786976311067-813A8B5A,CUST-00764,2025-08-24T20:12:15.648Z,365.27,PROCESSING
ORD-1786976311067-FD5A2C92,CUST-00280,2025-04-12T18:24:39.426Z,287.52,COMPLETED
ORD-1786976311067-79099650,CUST-00727,2025-04-03T12:58:28.462Z,447.44,DELIVERED
ORD-1786976311067-A233912C,CUST-00958,2025-07-06T03:05:02.326Z,245.47,PROCESSING
ORD-1786976311067-3D466A45,CUST-00850,2026-05-22T06:41:16.523Z,412.27,SHIPPED
ORD-1786976311067-300FC5D6,CUST-00194,2025-09-15T03:05:34.138Z,429.59,PROCESSING
ORD-1786976311067-1EE96B42,CUST-00354,2026-04-30T22:26:59.339Z,226.62,COMPLETED
ORD-1786976311067-F0E9D767,CUST-00856,2026-05-29T17:24:52.595Z,100.08,PENDING
ORD-1786976311067-46743A92,CUST-00368,2025-10-04T18:30:21.589Z,232.98,COMPLETED
ORD-1786976311067-ADDF80BA,CUST-00952,2025-01-03T06:52:11.531Z,363.00,COMPLETED
ORD-1786976311067-9173FFDC,CUST-00297,2025-06-16T15:23:07.364Z,229.15,PENDING
ORD-1786976311067-482B39BD,CUST-00901,2025-04-05T09:13:13.885Z,456.26,COMPLETED
ORD-1786976311067-EF414F62,CUST-00852,2026-06-14T10:22:07.402Z,212.30,DELIVERED
ORD-1786976311067-6287963A,CUST-00618,2026-05-01T10:58:41.764Z,103.01,SHIPPED
ORD-1786976311067-BC868725,CUST-00993,2026-04-25T01:14:01.163Z,410.90,COMPLETED
ORD-1786976311067-5A4309DA,CUST-00779,2026-05-31T23:29:05.433Z,96.29,COMPLETED
ORD-1786976311067-47BF866A,CUST-00878,2025-05-30T16:16:19.300Z,178.92,CANCELLED
ORD-1786976311067-53E8F983,CUST-00025,2025-06-14T13:43:45.427Z,114.87,COMPLETED
ORD-1786976311067-7DE05F63,CUST-00722,2025-04-23T05:53:41.479Z,88.72,COMPLETED
ORD-1786976311067-DCC0D49B,CUST-00472,2025-10-09T22:21:12.593Z,213.91,CANCELLED
ORD-1786976311067-27E511C6,CUST-00975,2025-03-06T12:21:45.296Z,331.79,DELIVERED
ORD-1786976311067-FA54966B,CUST-00747,2025-09-11T16:55:56.834Z,500.66,SHIPPED
ORD-1786976311067-AA6CF739,CUST-00340,2025-11-10T07:12:41.961Z,67.11,PENDING
ORD-1786976311067-C20C267E,CUST-00590,2025-01-17T07:28:05.557Z,356.08,PENDING
ORD-1786976311067-1F650EFE,CUST-00719,2026-06-19T15:23:00.104Z,189.08,PROCESSING
ORD-1786976311067-9F834993,CUST-00757,2025-08-15T08:52:49.035Z,422.18,SHIPPED
ORD-1786976311067-8B27E72D,CUST-00949,2025-06-18T07:29:01.402Z,472.62,PROCESSING
ORD-1786976311067-7DD9FC52,CUST-00356,2025-11-28T04:03:41.266Z,449.22,PENDING
ORD-1786976311067-27DA4574,CUST-00408,2025-12-05T11:57:17.292Z,487.77,DELIVERED
ORD-1786976311067-13559F79,CUST-00117,2025-08-28T23:27:16.126Z,303.49,PENDING
ORD-1786976311067-1F4583AE,CUST-00628,2025-02-23T14:58:13.554Z,380.65,PROCESSING
ORD-1786976311067-BF4D9702,CUST-00226,2026-03-17T18:50:56.896Z,481.15,PROCESSING
ORD-1786976311067-70C5F8C3,CUST-00401,2025-10-10T05:40:45.920Z,427.95,DELIVERED
ORD-1786976311067-F6999236,CUST-00700,2026-06-18T08:54:41.600Z,408.54,DELIVERED
ORD-1786976311067-B8E491D4,CUST-00752,2026-05-10T06:40:19.307Z,70.18,SHIPPED
ORD-1786976311067-7647D8AA,CUST-00304,2025-02-18T07:20:47.818Z,271.99,PENDING
ORD-1786976311067-AF053069,CUST-00168,2026-04-02T22:31:22.638Z,72.68,SHIPPED
ORD-1786976311067-91736333,CUST-00634,2025-08-01T23:07:22.035Z,11.46,PROCESSING
ORD-1786976311067-680813FE,CUST-00023,2025-09-04T11:54:23.881Z,243.36,SHIPPED
ORD-1786976311067-0FCEFF59,CUST-00041,2025-08-04T02:29:13.407Z,157.97,SHIPPED
ORD-1786976311067-439F7DE1,CUST-00488,2025-11-13T02:26:55.332Z,379.62,PENDING
ORD-1786976311067-D70E1A33,CUST-00629,2025-04-22T22:01:49.910Z,275.07,CANCELLED
ORD-1786976311068-88EE6E98,CUST-00628,2026-08-11T14:37:30.476Z,118.65,SHIPPED
ORD-1786976311068-BB06A622,CUST-00144,2026-05-10T22:26:46.147Z,451.48,DELIVERED
ORD-1786976311068-1EFB05B5,CUST-00449,2025-04-30T04:27:39.053Z,89.40,SHIPPED
ORD-1786976311068-1E0BEB1C,CUST-00687,2025-06-07T10:38:00.553Z,174.68,SHIPPED
ORD-1786976311068-16D79026,CUST-00986,2026-07-10T08:53:17.751Z,252.93,PROCESSING
ORD-1786976311068-419AA8C6,CUST-00575,2026-01-13T09:39:12.097Z,430.15,DELIVERED
ORD-1786976311068-D89965C5,CUST-00149,2026-04-07T14:48:55.689Z,82.17,DELIVERED
ORD-1786976311068-A1631D18,CUST-00527,2025-04-20T23:24:17.225Z,458.00,PENDING
ORD-1786976311068-39CF72CE,CUST-00041,2026-02-09T22:19:09.513Z,38.68,PROCESSING
ORD-1786976311068-36C86898,CUST-00936,2025-12-15T07:38:55.676Z,419.64,COMPLETED
ORD-1786976311068-51F0B90A,CUST-00576,2026-06-08T17:19:52.549Z,280.07,COMPLETED
ORD-1786976311068-B652B478,CUST-00151,2026-06-22T04:53:22.426Z,125.75,PROCESSING
ORD-1786976311068-368CE9E7,CUST-00816,2025-01-23T02:32:57.957Z,11.32,PROCESSING
ORD-1786976311068-B586C70F,CUST-00968,2025-07-07T13:47:26.743Z,242.06,SHIPPED
ORD-1786976311068-01520EEA,CUST-00628,2025-04-01T04:49:56.792Z,458.76,COMPLETED
ORD-1786976311068-FEDE982A,CUST-00548,2025-09-01T05:35:10.179Z,24.36,DELIVERED
ORD-1786976311068-F671FB48,CUST-00304,2025-09-15T02:32:50.549Z,50.21,COMPLETED
ORD-1786976311068-2C3E3E3E,CUST-00182,2025-02-25T13:40:18.440Z,92.83,SHIPPED
ORD-1786976311068-4AFA7253,CUST-00395,2026-03-18T23:01:21.901Z,446.29,SHIPPED
ORD-1786976311068-1EF4BD60,CUST-00057,2025-01-02T03:54:06.176Z,405.58,COMPLETED
ORD-1786976311068-1299C0AE,CUST-00765,2025-10-04T11:32:14.999Z,372.78,DELIVERED
ORD-1786976311068-6CD3DF42,CUST-00229,2026-04-28T11:14:14.170Z,453.21,DELIVERED
ORD-1786976311068-A9F0AB34,CUST-00403,2025-01-06T06:10:36.664Z,136.14,CANCELLED
ORD-1786976311068-18D3765D,CUST-00216,2026-05-02T21:59:11.486Z,482.90,SHIPPED
ORD-1786976311068-6B86BE97,CUST-00923,2025-04-20T14:14:53.836Z,346.91,SHIPPED
ORD-1786976311068-1074C38E,CUST-00170,2026-02-28T14:20:05.557Z,156.03,SHIPPED
ORD-1786976311068-8A6F83F6,CUST-00743,2025-07-12T15:09:28.243Z,249.88,DELIVERED
ORD-1786976311068-6DE93E0C,CUST-00942,2025-12-13T12:31:07.600Z,145.29,PENDING
ORD-1786976311068-FCFAAF5F,CUST-00972,2026-05-27T08:16:04.698Z,334.43,PENDING
ORD-1786976311068-B7D94988,CUST-00265,2025-02-03T11:31:35.152Z,362.23,PROCESSING
ORD-1786976311068-DCD75E90,CUST-00303,2025-12-27T02:56:57.421Z,47.75,PROCESSING
ORD-1786976311068-EA3D9289,CUST-00632,2025-06-24T13:50:02.367Z,99.30,CANCELLED
ORD-1786976311068-EBAD622D,CUST-00752,2026-06-21T02:14:46.399Z,31.12,PENDING
ORD-1786976311068-A3C99085,CUST-00715,2025-07-25T19:08:00.890Z,507.95,DELIVERED
ORD-1786976311068-191BFC1C,CUST-00999,2025-02-26T14:49:59.455Z,231.85,COMPLETED
ORD-1786976311068-B9E5CA6F,CUST-00107,2026-08-06T09:01:21.793Z,47.98,COMPLETED
ORD-1786976311068-40ADBA38,CUST-00520,2025-06-16T15:40:30.308Z,464.76,CANCELLED
ORD-1786976311068-9085F7A8,CUST-00807,2025-05-16T09:18:40.971Z,53.08,SHIPPED
ORD-1786976311068-C4EC508F,CUST-00595,2025-08-28T22:32:10.133Z,385.42,DELIVERED
ORD-1786976311068-E72BD30C,CUST-00414,2026-04-10T14:11:14.299Z,458.99,PROCESSING
ORD-1786976311068-08433C23,CUST-00540,2026-07-08T07:13:38.329Z,147.70,PROCESSING
ORD-1786976311068-88CA9B61,CUST-00924,2025-01-09T02:29:05.787Z,154.31,CANCELLED
ORD-1786976311068-A2F18D95,CUST-00161,2025-04-21T04:59:48.511Z,390.12,DELIVERED
ORD-1786976311068-6D398EEE,CUST-00515,2025-12-29T08:46:37.435Z,206.21,COMPLETED
ORD-1786976311068-28457E03,CUST-00205,2026-03-05T10:43:01.095Z,229.80,CANCELLED
ORD-1786976311068-E2F97767,CUST-00104,2025-12-17T18:47:58.354Z,55.91,SHIPPED
ORD-1786976311068-D176D3F2,CUST-00859,2025-07-09T13:39:41.450Z,399.20,CANCELLED
ORD-1786976311068-740F52E2,CUST-00710,2026-01-02T07:29:14.749Z,465.25,PENDING
ORD-1786976311068-95E69F2D,CUST-00179,2025-08-29T06:11:18.791Z,248.66,PROCESSING
ORD-1786976311068-E181CB1C,CUST-00881,2026-02-22T14:02:10.273Z,218.70,PROCESSING
ORD-1786976311068-F5C35E3B,CUST-00271,2025-03-14T17:56:06.992Z,462.31,SHIPPED
ORD-1786976311068-D949BC60,CUST-00695,2025-09-08T23:14:40.698Z,333.32,PENDING
ORD-1786976311068-68D0069A,CUST-00217,2025-05-04T20:49:44.966Z,495.17,PENDING
ORD-1786976311068-44DDD1E4,CUST-00394,2025-06-19T12:28:45.204Z,498.51,COMPLETED
ORD-1786976311068-A02DE4F5,CUST-00369,2025-12-07T08:59:19.244Z,120.26,COMPLETED
ORD-1786976311068-902DEF4F,CUST-00353,2025-10-24T15:48:20.069Z,268.96,PROCESSING
ORD-1786976311068-99239F05,CUST-00977,2026-07-26T15:33:02.098Z,10.82,COMPLETED
ORD-INV-9100,CUST-002,2026-05-10T10:00:00Z,-50.00,COMPLETED
ORD-1786976311068-EF161175,CUST-00888,2025-08-06T12:04:00.202Z,178.61,PENDING
ORD-1786976311068-AB49E992,CUST-00213,2026-07-30T02:30:49.532Z,215.57,COMPLETED
ORD-1786976311068-48566B9F,CUST-00523,2026-04-17T13:21:01.987Z,106.93,PENDING
ORD-1786976311068-2ED0D8EC,CUST-00271,2025-12-22T11:07:30.168Z,256.05,CANCELLED
ORD-1786976311068-64A1A29C,CUST-00156,2025-03-02T18:07:47.891Z,265.85,COMPLETED
ORD-1786976311068-3583B830,CUST-00628,2025-09-16T13:34:43.640Z,298.92,DELIVERED
ORD-1786976311068-2C7B9426,CUST-00172,2025-05-24T02:32:10.691Z,508.47,PROCESSING
ORD-1786976311068-166B5578,CUST-00395,2025-08-01T04:16:00.190Z,171.85,PROCESSING
ORD-1786976311068-5383663F,CUST-00607,2025-12-16T20:31:01.276Z,295.15,PENDING
ORD-1786976311068-3AF9BFAE,CUST-00518,2025-06-05T04:42:31.521Z,284.48,COMPLETED
ORD-1786976311068-0FDAB383,CUST-00789,2025-05-24T02:39:28.555Z,443.69,CANCELLED
ORD-1786976311068-7A1E3EFC,CUST-00838,2026-04-15T10:43:06.286Z,211.26,DELIVERED
ORD-1786976311068-7BD9F062,CUST-00438,2026-01-29T06:24:03.952Z,234.47,SHIPPED
ORD-1786976311068-FB9765BE,CUST-00829,2025-07-24T10:33:02.749Z,33.27,CANCELLED
ORD-1786976311068-90897E76,CUST-00597,2025-06-13T23:08:16.312Z,82.06,COMPLETED
ORD-1786976311068-3F2CD560,CUST-00076,2026-03-07T00:27:55.752Z,315.18,COMPLETED
ORD-1786976311068-F2AB0012,CUST-00912,2025-11-27T16:22:03.440Z,223.20,SHIPPED
ORD-1786976311068-862A23AC,CUST-00026,2025-07-25T10:49:30.704Z,345.30,CANCELLED
ORD-1786976311068-61E2EF3E,CUST-00802,2025-02-07T17:43:56.384Z,227.57,CANCELLED
ORD-1786976311068-B024ECAB,CUST-00373,2025-10-07T02:28:58.682Z,293.88,COMPLETED
ORD-1786976311068-DC505F79,CUST-00737,2025-04-18T07:29:51.313Z,478.26,PROCESSING
ORD-1786976311068-2DAFDFCD,CUST-00659,2025-10-25T14:28:26.155Z,17.66,CANCELLED
ORD-1786976311068-B1ACA079,CUST-00985,2025-07-25T12:30:01.906Z,70.64,PROCESSING
ORD-1786976311068-D85C7B2D,CUST-00394,2025-03-10T08:35:33.650Z,421.84,COMPLETED
ORD-1786976311068-DEC4B1E8,CUST-00097,2025-09-28T07:06:00.913Z,260.52,COMPLETED
ORD-1786976311068-C180AABF,CUST-00676,2025-02-26T21:43:53.650Z,331.11,PENDING
ORD-1786976311068-E9BD499D,CUST-00972,2026-03-08T07:51:02.266Z,241.63,PENDING
ORD-1786976311068-04C6B28A,CUST-00193,2026-01-23T14:54:46.347Z,409.07,PROCESSING
ORD-1786976311068-34A7CFEE,CUST-00090,2026-02-20T02:48:52.430Z,231.20,PENDING
ORD-1786976311068-18ABFF4F,CUST-00578,2025-06-14T23:48:30.361Z,277.19,DELIVERED
ORD-1786976311068-6F5F2F03,CUST-00934,2025-07-06T15:15:23.666Z,28.30,SHIPPED
ORD-1786976311068-4EBE8CA9,CUST-00141,2026-08-02T16:44:15.491Z,420.70,PROCESSING
ORD-1786976311068-097DC861,CUST-00343,2026-08-07T10:15:16.679Z,318.25,SHIPPED
ORD-1786976311068-73C5CA93,CUST-00224,2026-07-09T01:27:38.049Z,107.83,PENDING
ORD-1786976311068-C61BD1A6,CUST-00284,2025-06-02T18:07:39.969Z,315.94,PROCESSING
ORD-1786976311068-D8E20BAB,CUST-00130,2025-05-08T05:03:01.014Z,171.27,COMPLETED
ORD-1786976311068-49CAAB15,CUST-00832,2025-06-27T05:08:40.953Z,194.00,PENDING
ORD-1786976311068-F5583B52,CUST-00373,2025-03-13T00:02:30.921Z,300.12,DELIVERED
ORD-1786976311068-9CDA0E70,CUST-00402,2026-07-09T15:38:46.754Z,322.96,PROCESSING
ORD-1786976311068-5C8B0314,CUST-00574,2025-12-21T14:54:14.776Z,160.28,SHIPPED
ORD-1786976311068-FF111114,CUST-00523,2026-01-11T16:05:52.464Z,101.92,PENDING
ORD-1786976311068-79CCD868,CUST-00260,2026-04-12T02:27:29.689Z,166.90,CANCELLED
ORD-1786976311068-EA9C4259,CUST-00005,2025-06-22T07:24:16.509Z,176.40,COMPLETED
ORD-1786976311068-AB5B0DA3,CUST-00791,2026-03-20T17:24:19.668Z,154.07,PENDING
ORD-1786976311068-9A79117C,CUST-00567,2025-10-25T16:29:16.459Z,371.68,SHIPPED
ORD-1786976311068-7594FAAF,CUST-00239,2026-03-13T12:34:23.158Z,423.19,PROCESSING
ORD-1786976311068-94E2A517,CUST-00614,2026-03-17T12:20:36.129Z,290.71,SHIPPED
ORD-1786976311068-92771C09,CUST-00974,2025-10-25T02:28:27.677Z,355.96,COMPLETED
ORD-1786976311068-3F4B05D0,CUST-00752,2025-07-15T13:30:11.775Z,99.84,COMPLETED
ORD-1786976311068-72449792,CUST-00615,2025-05-24T03:47:09.126Z,39.30,COMPLETED
ORD-1786976311068-E55DB39A,CUST-00826,2026-07-01T15:44:18.496Z,204.30,PENDING
ORD-1786976311068-44ED81B7,CUST-00877,2025-09-06T07:28:12.175Z,183.89,COMPLETED
ORD-1786976311069-C841033E,CUST-00120,2025-09-20T10:20:25.965Z,189.11,CANCELLED
ORD-1786976311069-9BD10A66,CUST-00093,2026-08-13T02:15:52.243Z,361.17,PROCESSING
ORD-1786976311069-2C1F80FD,CUST-00681,2025-01-11T15:13:16.975Z,375.01,SHIPPED
ORD-1786976311069-69A53797,CUST-00938,2025-06-12T07:28:02.962Z,343.65,CANCELLED
ORD-1786976311069-C7AD97A0,CUST-00137,2025-09-18T20:45:37.837Z,218.72,DELIVERED
ORD-1786976311069-162C917C,CUST-00073,2026-01-07T18:42:02.847Z,235.24,CANCELLED
ORD-1786976311069-05929308,CUST-00258,2026-05-06T16:22:59.332Z,232.45,DELIVERED
ORD-1786976311069-157184E8,CUST-00964,2025-05-14T05:48:16.130Z,450.56,COMPLETED
ORD-1786976311069-19B46CC9,CUST-00281,2025-03-14T22:05:44.705Z,98.72,PROCESSING
ORD-1786976311069-67AFD665,CUST-00537,2026-01-04T15:43:57.242Z,383.91,DELIVERED
ORD-1786976311069-A65C722E,CUST-00419,2025-09-05T04:50:39.146Z,440.89,PENDING
ORD-1786976311069-6C3ACD38,CUST-00592,2026-06-06T19:42:36.107Z,311.13,CANCELLED
ORD-1786976311069-CB715366,CUST-00667,2025-07-05T08:54:07.145Z,260.38,COMPLETED
ORD-1786976311069-C25260F1,CUST-00121,2025-02-01T01:34:24.961Z,492.52,PROCESSING
ORD-1786976311069-1C739266,CUST-00330,2025-01-18T15:52:31.153Z,98.39,COMPLETED
ORD-1786976311069-1DA4FA9B,CUST-00802,2025-06-27T21:54:16.098Z,66.55,CANCELLED
ORD-1786976311069-4CCB2789,CUST-00655,2025-12-25T00:39:49.192Z,353.78,DELIVERED
ORD-1786976311069-90DB3651,CUST-00793,2025-02-26T05:57:52.022Z,412.59,COMPLETED
ORD-1786976311069-EB66C292,CUST-00772,2025-10-29T18:30:47.159Z,151.53,DELIVERED
ORD-1786976311069-36A89816,CUST-00917,2026-03-22T07:04:07.531Z,459.52,PROCESSING
ORD-1786976311069-A198F27D,CUST-00286,2025-09-05T22:32:39.652Z,49.34,COMPLETED
ORD-1786976311069-F7C407AF,CUST-00750,2025-07-17T05:46:03.137Z,129.87,PENDING
ORD-1786976311069-A93842B5,CUST-00857,2025-12-17T23:01:37.995Z,345.49,DELIVERED
ORD-1786976311069-939ADFEC,CUST-00294,2026-07-21T12:34:24.587Z,445.44,COMPLETED
ORD-1786976311069-428BAC82,CUST-00539,2025-06-10T15:06:52.518Z,114.60,PENDING
ORD-1786976311069-0452FC82,CUST-00890,2026-03-31T17:14:02.712Z,306.94,DELIVERED
ORD-1786976311069-2C8F899A,CUST-00991,2025-11-25T17:57:51.243Z,300.02,COMPLETED
ORD-1786976311069-A8FB7082,CUST-00131,2025-04-22T21:53:22.641Z,190.97,SHIPPED
ORD-1786976311069-B8DE5179,CUST-00192,2025-10-10T18:55:27.739Z,404.78,COMPLETED
ORD-1786976311069-2E4730C5,CUST-00440,2025-11-29T17:22:47.203Z,134.91,CANCELLED
ORD-1786976311069-1FD26159,CUST-00355,2026-04-06T12:25:57.550Z,303.87,DELIVERED
ORD-1786976311069-7C240350,CUST-00035,2025-07-26T19:08:37.978Z,145.01,PENDING
ORD-1786976311069-9665C7C8,CUST-00736,2025-07-09T18:38:03.608Z,462.86,PENDING
ORD-1786976311069-7D26A072,CUST-00779,2026-03-23T19:30:43.774Z,280.43,CANCELLED
ORD-1786976311069-39021EB3,CUST-00033,2026-03-21T00:49:54.725Z,258.57,DELIVERED
ORD-1786976311069-265DA819,CUST-00558,2025-08-27T18:14:32.617Z,88.11,COMPLETED
ORD-1786976311069-E804E59B,CUST-00381,2025-06-27T19:40:37.012Z,34.05,PROCESSING
ORD-1786976311069-36484E61,CUST-00537,2026-03-07T18:52:08.108Z,378.84,PROCESSING
ORD-1786976311069-F091EC8C,CUST-00031,2026-08-05T18:56:35.465Z,147.94,CANCELLED
ORD-1786976311069-811C04F3,CUST-00658,2025-09-09T19:46:52.552Z,328.35,CANCELLED
ORD-1786976311069-558ED00D,CUST-00390,2025-02-02T08:33:22.353Z,455.62,PROCESSING
ORD-1786976311069-4C3DFAAA,CUST-00157,2025-01-10T22:39:24.158Z,327.91,SHIPPED
ORD-1786976311069-7C971E0C,CUST-00936,2026-04-03T06:12:24.833Z,215.78,COMPLETED
ORD-1786976311069-0B20CD4E,CUST-00037,2025-09-11T22:21:07.002Z,235.79,COMPLETED
ORD-1786976311069-6A2B9CF4,CUST-00428,2025-06-02T17:13:37.477Z,442.31,SHIPPED
ORD-1786976311069-BBC9B968,CUST-00119,2025-04-13T15:26:40.933Z,111.30,COMPLETED
ORD-1786976311069-49B5E1AE,CUST-00072,2026-04-02T04:20:03.882Z,253.72,PENDING
ORD-INV-9200,,2026-05-10T10:00:00Z,120.00,PENDING
ORD-1786976311069-F69F4C21,CUST-00447,2026-03-20T08:27:04.399Z,231.50,COMPLETED
ORD-1786976311069-13C0702A,CUST-00770,2026-07-23T01:59:26.120Z,50.96,PENDING
ORD-1786976311069-CE6ECD02,CUST-00857,2025-10-11T09:13:23.234Z,194.78,COMPLETED
ORD-1786976311069-47B9D14C,CUST-00109,2025-12-13T17:38:36.882Z,344.41,PROCESSING
ORD-1786976311069-7F82CFCE,CUST-00467,2025-09-29T21:31:59.371Z,57.91,DELIVERED
ORD-1786976311069-271F4E12,CUST-00919,2026-05-10T04:40:51.790Z,309.44,SHIPPED
ORD-1786976311069-42C9165A,CUST-00196,2025-09-06T20:23:14.280Z,507.79,PROCESSING
ORD-1786976311069-6E3FE09E,CUST-00385,2026-05-30T07:43:21.983Z,473.84,SHIPPED
ORD-1786976311069-D0BD6A3F,CUST-00941,2025-10-07T23:36:25.884Z,283.30,DELIVERED
ORD-1786976311069-6FA56963,CUST-00670,2026-05-05T16:54:36.161Z,39.03,PENDING
ORD-1786976311069-44EE674B,CUST-00866,2026-07-01T23:23:02.961Z,471.98,DELIVERED
ORD-1786976311069-A8299493,CUST-00908,2025-03-15T05:17:32.314Z,386.79,COMPLETED
ORD-1786976311069-5F0129A7,CUST-00185,2025-12-23T03:39:12.451Z,87.38,DELIVERED
ORD-1786976311069-EE07D6FD,CUST-00986,2025-10-16T06:36:38.887Z,434.53,SHIPPED
ORD-1786976311069-D066F874,CUST-00405,2026-05-18T11:57:45.946Z,92.82,PENDING
ORD-1786976311069-C5603E60,CUST-00497,2025-03-20T18:21:12.720Z,147.38,PROCESSING
ORD-1786976311069-9E711949,CUST-00506,2025-01-10T01:04:44.503Z,487.56,CANCELLED
ORD-1786976311069-AAE084BA,CUST-00771,2025-12-10T15:05:18.093Z,397.50,PENDING
ORD-1786976311069-EC0F8BAD,CUST-00895,2025-08-15T14:46:17.774Z,267.35,PROCESSING
ORD-1786976311069-968FB7F2,CUST-00279,2025-04-17T06:26:00.177Z,489.39,PROCESSING
ORD-1786976311069-13D1F2F8,CUST-00582,2025-03-13T20:22:35.758Z,122.97,PROCESSING
ORD-1786976311069-E7E070CC,CUST-00217,2025-06-11T15:15:36.409Z,148.06,PROCESSING
ORD-1786976311069-4B1FC1C1,CUST-00747,2025-02-28T18:58:22.756Z,136.79,DELIVERED
ORD-1786976311069-1329C87B,CUST-00850,2026-04-21T01:28:14.568Z,175.33,DELIVERED
ORD-1786976311069-C5E8250E,CUST-00812,2025-11-01T09:22:03.793Z,266.40,DELIVERED
ORD-1786976311069-293D1C66,CUST-00726,2026-01-11T11:05:48.741Z,446.30,DELIVERED
ORD-1786976311069-EB13ED90,CUST-00215,2025-07-13T11:10:21.725Z,78.51,PENDING
ORD-1786976311069-EC2C70D9,CUST-00833,2025-03-20T22:00:35.823Z,168.74,PROCESSING
ORD-1786976311069-C480D71C,CUST-00062,2025-11-18T06:45:36.459Z,199.79,DELIVERED
ORD-1786976311069-F55410BF,CUST-00347,2025-08-06T09:02:37.901Z,293.17,DELIVERED
ORD-1786976311069-431FE667,CUST-00322,2025-04-22T13:44:56.189Z,290.83,PROCESSING
ORD-1786976311069-F7B4783C,CUST-00989,2025-05-30T08:23:05.061Z,378.60,PENDING
ORD-1786976311069-C63C537C,CUST-00729,2026-01-05T17:27:40.113Z,505.41,SHIPPED
ORD-1786976311069-89549482,CUST-00297,2025-06-05T11:05:21.673Z,28.80,CANCELLED
ORD-1786976311069-DE91F9AD,CUST-00431,2025-08-14T10:18:03.298Z,20.96,PENDING
ORD-1786976311069-8B8BB136,CUST-00135,2025-07-21T00:27:12.047Z,127.64,DELIVERED
ORD-1786976311069-0E152895,CUST-00327,2025-09-19T05:21:19.152Z,321.24,PENDING
ORD-1786976311069-2A501626,CUST-00538,2025-09-13T01:17:53.844Z,401.31,SHIPPED
ORD-1786976311069-11C9A0F9,CUST-00063,2025-06-19T12:01:40.053Z,386.38,DELIVERED
ORD-1786976311069-3E30B09E,CUST-00416,2026-07-20T04:10:12.780Z,443.94,DELIVERED
ORD-1786976311069-57A19628,CUST-00216,2026-07-14T18:42:49.659Z,192.37,CANCELLED
ORD-1786976311069-C826A8B3,CUST-00635,2026-04-15T13:51:13.282Z,228.40,CANCELLED
ORD-1786976311069-5123FF14,CUST-00292,2025-12-20T07:43:19.591Z,233.93,DELIVERED
ORD-1786976311069-01B928C6,CUST-00655,2026-01-01T02:10:30.329Z,209.55,COMPLETED
ORD-1786976311069-E36CC959,CUST-00528,2025-10-16T12:59:43.386Z,198.16,SHIPPED
ORD-1786976311069-8BF012AB,CUST-00165,2026-01-21T16:18:11.306Z,328.68,COMPLETED
ORD-1786976311069-343275D9,CUST-00816,2025-03-12T00:35:54.554Z,200.18,PROCESSING
ORD-1786976311069-3609ABC1,CUST-00310,2026-02-14T02:41:18.454Z,309.47,CANCELLED
ORD-1786976311069-C0BD65ED,CUST-00359,2025-02-08T23:08:26.922Z,34.60,PENDING
ORD-1786976311069-F189D48F,CUST-00438,2026-02-22T03:14:54.920Z,384.83,COMPLETED
ORD-1786976311069-5A0111D0,CUST-00112,2025-08-09T00:01:01.651Z,291.46,PENDING
ORD-1786976311069-519C906C,CUST-00239,2025-10-11T10:43:51.064Z,411.75,CANCELLED
ORD-1786976311069-5DF52D82,CUST-00699,2025-11-12T06:56:46.711Z,462.86,PROCESSING
ORD-1786976311069-77061528,CUST-00562,2026-02-03T08:07:03.836Z,425.28,PROCESSING
ORD-1786976311069-9C46BC47,CUST-00796,2026-04-09T15:15:23.766Z,81.30,DELIVERED
ORD-1786976311069-6D04F242,CUST-00368,2026-07-01T08:00:33.913Z,64.37,CANCELLED
ORD-1786976311069-97036844,CUST-00113,2025-07-05T15:30:14.250Z,322.39,PROCESSING
ORD-1786976311069-BFCF1646,CUST-00184,2025-06-24T16:31:11.796Z,436.86,DELIVERED
ORD-1786976311069-B3944EBD,CUST-00761,2025-07-21T16:58:58.714Z,102.81,SHIPPED
ORD-1786976311069-75D55C7F,CUST-00521,2025-05-10T08:42:21.854Z,235.32,CANCELLED
ORD-1786976311069-B4E9E9F3,CUST-00842,2026-03-20T20:02:29.923Z,175.75,DELIVERED
ORD-1786976311069-40E2AF4F,CUST-00245,2026-06-05T00:43:28.573Z,417.55,COMPLETED
ORD-1786976311069-B6192763,CUST-00320,2025-12-11T12:03:53.773Z,225.16,DELIVERED
ORD-1786976311069-EDA68683,CUST-00899,2025-05-28T04:55:00.494Z,369.01,SHIPPED
ORD-1786976311069-E9CDF420,CUST-00674,2025-12-10T11:36:22.145Z,450.86,SHIPPED
ORD-1786976311069-E96A83C1,CUST-00645,2025-02-03T07:16:35.047Z,17.19,DELIVERED
ORD-1786976311069-B3C32DB4,CUST-00338,2025-03-28T06:27:36.048Z,223.35,CANCELLED
ORD-1786976311069-28FFBBDD,CUST-00890,2025-09-30T21:59:54.875Z,335.43,DELIVERED
ORD-1786976311069-4CA40FC1,CUST-00053,2026-06-28T09:50:06.167Z,174.28,CANCELLED
ORD-1786976311069-B5DA7FD0,CUST-00112,2025-03-17T03:29:51.438Z,338.91,COMPLETED
ORD-1786976311069-1E08AC9D,CUST-00387,2026-01-07T17:26:31.041Z,401.25,COMPLETED
ORD-1786976311069-3F6EB0A9,CUST-00289,2025-01-10T16:16:45.503Z,451.41,DELIVERED
ORD-1786976311069-D129F0A1,CUST-00112,2025-02-27T03:02:37.980Z,221.77,CANCELLED
ORD-1786976311069-0ADDD893,CUST-00193,2026-02-06T07:02:52.575Z,363.74,CANCELLED
ORD-1786976311069-AC5FC574,CUST-00714,2025-05-18T21:53:04.084Z,204.46,DELIVERED
ORD-1786976311069-D34328F2,CUST-00196,2026-04-08T01:47:27.716Z,270.40,DELIVERED
ORD-1786976311069-D88A6CF4,CUST-00525,2025-12-05T21:49:39.945Z,344.99,SHIPPED
ORD-1786976311069-82FEA2C0,CUST-00506,2026-03-25T18:16:47.955Z,194.60,SHIPPED
ORD-1786976311069-8BFAED42,CUST-00430,2025-10-28T11:43:10.074Z,477.24,SHIPPED
ORD-1786976311069-31B71B35,CUST-00231,2026-03-16T18:59:43.496Z,426.52,COMPLETED
ORD-1786976311069-8E31759D,CUST-00446,2026-07-17T18:19:16.539Z,500.26,PENDING
ORD-1786976311069-5094EAD4,CUST-00652,2025-03-08T05:11:13.736Z,301.27,DELIVERED
ORD-1786976311069-563769DF,CUST-00900,2026-07-24T23:02:29.702Z,380.01,DELIVERED
ORD-1786976311069-1BF0FC20,CUST-00691,2025-09-04T09:07:27.395Z,492.00,SHIPPED
ORD-1786976311069-2CDE668A,CUST-00262,2026-01-30T04:41:09.722Z,335.02,CANCELLED
ORD-1786976311069-98A6D294,CUST-00849,2025-07-07T09:29:25.267Z,93.31,COMPLETED
ORD-1786976311069-751A13A6,CUST-00699,2026-01-03T13:19:36.557Z,429.71,CANCELLED
ORD-1786976311069-7BD171DF,CUST-00212,2025-12-02T20:20:16.309Z,22.76,SHIPPED
ORD-1786976311069-960C67B7,CUST-00949,2026-03-15T08:11:33.708Z,91.73,PROCESSING
ORD-1786976311069-DEAD3226,CUST-00990,2025-01-18T03:42:37.230Z,87.12,DELIVERED
ORD-1786976311069-4837B769,CUST-00858,2026-05-25T15:43:37.919Z,93.35,CANCELLED
ORD-1786976311069-A074A216,CUST-00038,2025-11-16T00:11:39.323Z,457.86,SHIPPED
ORD-1786976311069-378101AF,CUST-00413,2025-10-12T07:38:56.507Z,97.47,SHIPPED
ORD-1786976311069-53D3A275,CUST-00131,2026-03-31T01:04:43.057Z,318.87,PENDING
ORD-1786976311069-CC82E839,CUST-00752,2026-03-25T07:47:35.135Z,410.01,PENDING
ORD-1786976311069-FE0E8763,CUST-00022,2026-02-02T11:27:05.725Z,234.77,SHIPPED
ORD-1786976311069-E92FB73C,CUST-00720,2025-08-08T18:28:56.634Z,452.14,PROCESSING
ORD-1786976311069-BC65BCB0,CUST-00330,2026-05-18T16:21:48.271Z,212.54,SHIPPED
ORD-1786976311069-F99DF657,CUST-00998,2026-03-24T10:38:33.209Z,389.27,PENDING
ORD-INV-9300,CUST-001,INVALID_DATE_FORMAT,99.99,PENDING
ORD-1786976311069-430FED80,CUST-00395,2026-02-06T08:05:45.272Z,171.40,PROCESSING
ORD-1786976311069-0507CE16,CUST-00148,2025-08-05T12:03:53.696Z,285.44,DELIVERED
ORD-1786976311069-CC8C2D9D,CUST-00815,2026-03-12T23:32:33.839Z,448.01,CANCELLED
ORD-1786976311069-556A728F,CUST-00321,2025-09-12T00:23:35.111Z,272.51,DELIVERED
ORD-1786976311069-9085E7B1,CUST-00985,2026-05-08T12:23:55.969Z,328.99,SHIPPED
ORD-1786976311069-FE06A5E0,CUST-00017,2026-06-28T15:06:51.881Z,228.02,DELIVERED
ORD-1786976311069-592FCBF6,CUST-00157,2026-01-26T09:32:57.420Z,52.58,PENDING
ORD-1786976311069-033F74AD,CUST-00477,2025-12-25T17:36:54.304Z,457.64,CANCELLED
ORD-1786976311069-DA40CBB8,CUST-00518,2025-09-11T13:06:22.095Z,247.83,PROCESSING
ORD-1786976311069-299CF159,CUST-00206,2025-10-26T03:56:29.083Z,305.30,DELIVERED
ORD-1786976311069-F45633CD,CUST-00355,2025-04-11T07:44:54.209Z,105.48,PROCESSING
ORD-1786976311069-4489A04D,CUST-00178,2025-10-31T06:23:59.987Z,298.25,PROCESSING
ORD-1786976311069-23043F91,CUST-00758,2026-02-16T04:37:26.116Z,212.59,PENDING
ORD-1786976311069-149E9898,CUST-00262,2025-01-31T10:46:06.688Z,50.72,PROCESSING
ORD-1786976311069-FA12F04B,CUST-01000,2026-05-28T12:44:48.682Z,98.41,DELIVERED
ORD-1786976311069-99D7863D,CUST-00028,2025-05-27T16:09:40.153Z,293.98,DELIVERED
ORD-1786976311069-C1AC5771,CUST-00711,2025-02-12T07:04:00.291Z,341.28,CANCELLED
ORD-1786976311069-1E4F4DFB,CUST-00893,2026-05-29T22:15:27.664Z,259.33,SHIPPED
ORD-1786976311069-7E0FBF1A,CUST-00083,2026-03-13T11:38:34.110Z,425.86,SHIPPED
ORD-1786976311069-85328205,CUST-00930,2025-04-14T18:22:33.154Z,226.87,PENDING
ORD-1786976311069-1B0DF6F9,CUST-00228,2026-04-20T19:50:31.480Z,390.48,PROCESSING
ORD-1786976311069-138EC670,CUST-00095,2025-12-09T21:49:07.898Z,112.21,SHIPPED
ORD-1786976311069-FBF09AA6,CUST-00830,2025-04-06T00:34:17.487Z,299.17,PENDING
ORD-1786976311069-99FFF103,CUST-00416,2025-08-15T18:24:59.127Z,293.72,PROCESSING
ORD-1786976311069-25BE449D,CUST-00960,2026-04-19T03:25:36.122Z,264.31,DELIVERED
ORD-1786976311069-5125E277,CUST-00312,2026-05-02T04:56:04.378Z,405.75,SHIPPED
ORD-1786976311069-940025A8,CUST-00161,2025-04-20T22:14:16.700Z,108.98,CANCELLED
ORD-1786976311069-6443863F,CUST-00307,2025-11-12T00:18:51.531Z,408.35,DELIVERED
ORD-1786976311069-1FE76C5A,CUST-00100,2025-11-26T10:30:13.029Z,264.49,CANCELLED
ORD-1786976311069-78AAF2C6,CUST-00059,2025-09-24T06:12:29.225Z,270.26,DELIVERED
ORD-1786976311069-BE543808,CUST-00420,2025-04-10T13:13:13.312Z,19.01,DELIVERED
ORD-1786976311069-32919869,CUST-00661,2025-09-16T16:46:21.021Z,60.00,CANCELLED
ORD-1786976311069-ADDEE8E4,CUST-00463,2026-05-19T23:49:10.374Z,25.25,CANCELLED
ORD-1786976311069-9A4FFADC,CUST-00879,2025-07-22T22:46:44.811Z,292.77,PROCESSING
ORD-1786976311070-B1F637FD,CUST-00865,2025-01-21T20:03:36.303Z,61.84,SHIPPED
ORD-1786976311070-6C61D1D6,CUST-00978,2025-07-22T18:31:03.472Z,30.25,SHIPPED
ORD-1786976311070-E4779845,CUST-00717,2026-06-05T12:35:28.985Z,184.09,SHIPPED
ORD-1786976311070-43CCFCD7,CUST-00066,2025-07-14T17:26:54.970Z,339.41,PROCESSING
ORD-1786976311070-144E2C94,CUST-00339,2025-01-29T07:09:56.022Z,172.29,DELIVERED
ORD-1786976311070-203EA7DC,CUST-00326,2026-02-22T15:10:36.808Z,483.14,PROCESSING
ORD-1786976311070-0E840DC4,CUST-00715,2025-11-16T10:41:26.899Z,171.24,SHIPPED
ORD-1786976311070-8DBB08ED,CUST-00131,2025-06-29T08:29:27.050Z,141.47,SHIPPED
ORD-1786976311070-B68C966A,CUST-00007,2025-10-24T19:32:46.321Z,256.01,CANCELLED
ORD-1786976311070-6A0666DD,CUST-00197,2025-03-15T20:06:42.108Z,337.51,COMPLETED
ORD-1786976311070-50DCA002,CUST-00409,2025-11-13T07:17:42.589Z,453.30,PROCESSING
ORD-1786976311070-3D181375,CUST-00550,2025-09-12T17:33:57.920Z,128.30,SHIPPED
ORD-1786976311070-F7553FEC,CUST-00763,2025-08-22T23:27:26.075Z,252.08,SHIPPED
ORD-1786976311070-A8491992,CUST-00859,2025-02-04T15:13:55.102Z,364.72,PENDING
ORD-1786976311070-2C4D8194,CUST-00272,2025-07-22T01:27:49.853Z,397.51,PENDING
ORD-1786976311070-44F3382A,CUST-00357,2026-04-07T22:08:45.418Z,241.27,DELIVERED
ORD-1786976311070-88834FC2,CUST-00146,2025-06-05T14:29:00.827Z,448.65,PROCESSING
ORD-1786976311070-E7B08BFA,CUST-00754,2025-05-16T05:47:43.869Z,283.12,DELIVERED
ORD-1786976311070-52D8A730,CUST-00663,2025-11-07T16:22:58.109Z,416.82,PROCESSING
ORD-1786976311070-94503035,CUST-00555,2025-05-26T21:47:47.167Z,357.44,CANCELLED
ORD-1786976311070-35BE75A0,CUST-00238,2026-05-26T18:27:27.400Z,444.37,DELIVERED
ORD-1786976311070-D0450BC8,CUST-00207,2026-04-26T12:20:34.027Z,291.82,PROCESSING
ORD-1786976311070-1521CF43,CUST-00642,2026-05-12T04:08:09.908Z,468.68,PENDING
ORD-1786976311070-3C25F04C,CUST-00966,2025-11-09T14:44:39.173Z,34.28,PROCESSING
ORD-1786976311070-7A8B100D,CUST-00478,2025-02-18T05:55:19.870Z,162.13,COMPLETED
ORD-1786976311070-B011C8C7,CUST-00532,2025-04-21T15:13:55.920Z,128.15,SHIPPED
ORD-1786976311070-F3F32F30,CUST-00111,2026-02-13T21:31:32.764Z,317.94,PENDING
ORD-1786976311070-B7680657,CUST-00823,2025-09-15T21:18:15.078Z,91.88,PROCESSING
ORD-1786976311070-CD1FCF37,CUST-00724,2025-12-15T13:12:57.240Z,276.23,SHIPPED
ORD-1786976311070-08BB1AD0,CUST-00917,2026-03-20T23:54:31.579Z,449.19,PROCESSING
ORD-1786976311070-6DE8A862,CUST-00565,2025-07-03T10:56:01.936Z,330.05,DELIVERED
ORD-1786976311070-5FF1104F,CUST-00112,2026-02-20T05:11:41.882Z,18.88,PENDING
ORD-1786976311070-9A2F367E,CUST-00715,2025-06-15T09:58:38.111Z,494.46,SHIPPED
ORD-1786976311070-CA3310C4,CUST-00398,2025-02-25T15:03:58.553Z,76.78,CANCELLED
ORD-1786976311070-80C273A9,CUST-00440,2025-07-09T17:31:28.386Z,58.28,DELIVERED
ORD-1786976311070-305E9F30,CUST-00847,2026-02-16T06:10:59.420Z,112.15,PROCESSING
ORD-1786976311070-DDBEDA88,CUST-00858,2025-05-28T04:42:41.594Z,282.08,PROCESSING
ORD-1786976311070-A1E0EC5A,CUST-00284,2025-02-14T01:39:38.559Z,196.63,COMPLETED
ORD-1786976311070-5E83CFB6,CUST-00026,2026-04-09T18:00:09.509Z,490.56,DELIVERED
ORD-1786976311070-291E7372,CUST-00240,2026-02-20T11:33:29.649Z,442.45,CANCELLED
ORD-1786976311070-1E2768BB,CUST-00537,2025-07-11T11:41:03.304Z,451.80,PROCESSING
ORD-1786976311070-EBEA12AE,CUST-00374,2025-08-31T00:26:14.623Z,414.52,COMPLETED
ORD-1786976311070-C3E7D7E0,CUST-00907,2025-04-13T04:36:42.746Z,259.87,CANCELLED
ORD-1786976311070-41F6B5B5,CUST-00897,2025-07-09T01:40:25.591Z,100.51,CANCELLED
ORD-1786976311070-D4AEEA72,CUST-00688,2025-01-09T20:51:29.143Z,94.69,SHIPPED
ORD-1786976311070-B1EA1C85,CUST-00804,2025-03-31T10:44:22.232Z,268.60,COMPLETED
ORD-1786976311070-4F6017BD,CUST-00844,2026-06-23T23:38:13.574Z,380.03,CANCELLED
ORD-1786976311070-D36D2E18,CUST-00235,2025-08-08T19:12:17.020Z,308.44,SHIPPED
ORD-1786976311070-6E5DBCF5,CUST-00991,2026-08-06T20:19:55.711Z,332.94,PROCESSING
ORD-1786976311070-391EC9F8,CUST-00185,2025-02-06T21:00:18.071Z,484.62,SHIPPED
ORD-1786976311070-4F7D9C20,CUST-00843,2026-01-28T10:40:01.602Z,325.39,COMPLETED
ORD-1786976311070-6F0104FE,CUST-00869,2025-08-04T09:42:10.930Z,445.54,PROCESSING
ORD-1786976311070-B793CB57,CUST-00534,2025-01-24T08:55:04.904Z,241.46,DELIVERED
ORD-1786976311070-3CD3C385,CUST-00644,2026-07-29T22:40:48.080Z,358.36,SHIPPED
ORD-1786976311070-9CDB4FA2,CUST-00408,2025-03-08T16:40:13.989Z,161.95,DELIVERED
ORD-1786976311070-5BC21413,CUST-00950,2026-04-01T22:10:06.514Z,399.68,PENDING
ORD-1786976311070-318D4F54,CUST-00086,2026-02-14T04:16:06.080Z,213.16,PENDING
ORD-1786976311070-D3AFF049,CUST-00041,2026-07-08T13:11:00.786Z,149.44,SHIPPED
ORD-1786976311070-3F8FEB6D,CUST-00885,2026-07-22T11:56:12.090Z,330.20,PROCESSING
ORD-1786976311070-454BDEB9,CUST-00039,2025-09-01T15:54:00.268Z,259.10,COMPLETED
ORD-1786976311070-915DE4A3,CUST-00599,2025-09-22T23:47:15.459Z,467.73,SHIPPED
ORD-1786976311070-D188BFC8,CUST-00554,2025-03-15T08:47:00.459Z,235.10,PROCESSING
ORD-1786976311070-F82A006F,CUST-00006,2025-11-07T10:47:12.770Z,10.48,PENDING
ORD-1786976311070-9E8EA379,CUST-00915,2025-11-24T05:52:31.809Z,366.01,DELIVERED
ORD-1786976311070-99399400,CUST-00368,2025-06-18T15:37:48.683Z,311.25,CANCELLED
ORD-INV-9400,CUST-002,2026-05-10T10:00:00Z,-50.00,COMPLETED
ORD-1786976311070-552868A2,CUST-00686,2026-02-28T13:17:09.747Z,419.15,COMPLETED
ORD-1786976311070-FF95AB64,CUST-00530,2025-08-10T07:08:12.544Z,478.95,PENDING
ORD-1786976311070-675F4FC1,CUST-00049,2025-01-09T22:07:33.930Z,20.89,PENDING
ORD-1786976311070-F4E2E633,CUST-00880,2025-12-25T16:55:46.273Z,186.58,CANCELLED
ORD-1786976311070-E528F058,CUST-00908,2025-02-24T21:30:44.312Z,321.38,PROCESSING
ORD-1786976311070-F826545F,CUST-00934,2025-07-27T23:35:17.976Z,431.52,PROCESSING
ORD-1786976311070-2EA1DAF9,CUST-00859,2025-07-27T23:54:13.102Z,394.71,SHIPPED
ORD-1786976311070-81D8FB9C,CUST-00439,2026-04-04T05:52:29.257Z,171.76,PENDING
ORD-1786976311070-6A322266,CUST-00015,2025-11-16T14:55:15.787Z,408.29,SHIPPED
ORD-1786976311070-96CA3608,CUST-00948,2025-06-10T03:07:49.198Z,20.56,DELIVERED
ORD-1786976311070-A0283ABB,CUST-00419,2025-06-01T05:57:17.150Z,494.95,DELIVERED
ORD-1786976311070-A67327C1,CUST-00477,2026-06-25T16:52:25.482Z,495.31,SHIPPED
ORD-1786976311070-E73B93E7,CUST-00015,2026-07-09T20:42:20.506Z,460.19,CANCELLED
ORD-1786976311070-E33572B8,CUST-00802,2026-05-20T20:08:09.950Z,205.91,PENDING
ORD-1786976311070-D0E06D57,CUST-00020,2026-03-22T20:28:56.167Z,391.74,PROCESSING
ORD-1786976311070-97C72710,CUST-00804,2025-10-15T20:34:01.185Z,37.09,PROCESSING
ORD-1786976311070-469CC0A2,CUST-00289,2026-05-08T14:04:08.190Z,305.59,COMPLETED
ORD-1786976311070-137385BC,CUST-00444,2026-04-07T04:51:55.243Z,485.35,CANCELLED
ORD-1786976311070-54FF163B,CUST-00933,2025-04-16T17:26:07.147Z,324.22,COMPLETED
ORD-1786976311070-89C2B9A8,CUST-00677,2025-01-03T18:33:08.229Z,33.59,COMPLETED
ORD-1786976311070-720B87F3,CUST-00811,2025-07-20T04:21:10.746Z,360.34,PENDING
ORD-1786976311070-D8484F12,CUST-00296,2025-12-03T19:23:57.394Z,349.28,SHIPPED
ORD-1786976311070-3C438B3E,CUST-00049,2025-09-17T15:54:19.609Z,141.31,CANCELLED
ORD-1786976311070-2A60DAAF,CUST-00630,2026-06-07T11:26:03.644Z,230.27,PENDING
ORD-1786976311070-3779DBDB,CUST-00541,2025-03-22T09:58:03.056Z,245.09,COMPLETED
ORD-1786976311070-AB489FE8,CUST-00590,2026-04-16T19:32:10.679Z,467.54,SHIPPED
ORD-1786976311070-F56CB522,CUST-00875,2025-03-08T05:48:03.941Z,99.09,DELIVERED
ORD-1786976311070-10BADF50,CUST-00062,2025-03-19T00:37:48.029Z,483.80,PROCESSING
ORD-1786976311070-373788AD,CUST-00745,2025-04-19T01:55:20.389Z,40.58,CANCELLED
ORD-1786976311070-0FE8452E,CUST-00665,2025-06-08T06:55:54.649Z,475.22,CANCELLED
ORD-1786976311070-2CE5B808,CUST-00329,2025-03-30T16:18:58.673Z,387.66,COMPLETED
ORD-1786976311070-D888061A,CUST-00458,2025-07-04T13:42:48.863Z,302.40,PENDING
ORD-1786976311070-16183102,CUST-00795,2025-03-18T15:43:35.297Z,130.70,DELIVERED
ORD-1786976311070-FE7C3628,CUST-00240,2026-07-17T05:23:06.146Z,155.82,PROCESSING
ORD-1786976311070-536EFB7A,CUST-00962,2025-06-21T16:40:59.030Z,219.34,PENDING
ORD-1786976311070-0B1B5641,CUST-00301,2025-10-01T11:11:33.608Z,232.37,DELIVERED
ORD-1786976311070-0E0BA876,CUST-00578,2025-01-05T16:44:06.869Z,465.85,PENDING
ORD-1786976311070-0B5B9957,CUST-00411,2025-05-08T05:41:48.913Z,256.76,COMPLETED
ORD-1786976311070-34274D60,CUST-00716,2026-02-08T09:21:39.305Z,27.81,SHIPPED
ORD-1786976311070-0754C1E2,CUST-00924,2026-03-05T03:20:54.396Z,47.23,PROCESSING
ORD-1786976311070-2F690934,CUST-00299,2025-08-02T10:16:52.787Z,280.87,COMPLETED
ORD-1786976311070-E3E10D46,CUST-00918,2025-09-07T16:01:46.252Z,383.70,SHIPPED
ORD-1786976311070-42F2257F,CUST-00531,2025-01-21T18:35:18.791Z,264.73,SHIPPED
ORD-1786976311070-6448CDA4,CUST-00908,2025-01-20T15:51:50.645Z,96.60,SHIPPED
ORD-1786976311070-53F84976,CUST-00981,2025-03-30T06:52:39.317Z,156.33,COMPLETED
ORD-1786976311070-52F939FF,CUST-00855,2025-11-25T22:30:49.582Z,179.24,SHIPPED
ORD-1786976311070-45535409,CUST-00334,2025-12-08T13:06:41.136Z,293.85,DELIVERED
ORD-1786976311070-AC69CFF3,CUST-00295,2025-01-13T13:11:43.187Z,22.08,DELIVERED
ORD-1786976311070-D15A7FB5,CUST-00760,2025-04-27T20:21:48.859Z,392.27,PROCESSING
ORD-1786976311070-8849C66F,CUST-00544,2025-11-11T03:44:26.613Z,330.27,PENDING
ORD-1786976311070-22572192,CUST-00632,2025-12-06T16:51:14.026Z,436.43,PENDING
ORD-1786976311070-CE9A0124,CUST-00269,2026-01-16T12:03:54.585Z,479.49,PENDING
ORD-1786976311070-F2CCE249,CUST-00912,2026-03-02T14:49:10.796Z,338.66,PROCESSING
ORD-1786976311070-7A473443,CUST-00745,2025-06-01T07:28:53.986Z,179.78,PROCESSING
ORD-1786976311070-B8AA582C,CUST-00699,2025-09-11T02:08:30.928Z,226.77,SHIPPED
ORD-1786976311070-12503158,CUST-00625,2025-07-28T00:38:32.412Z,109.23,DELIVERED
ORD-1786976311070-759F64A1,CUST-00386,2025-12-28T17:02:09.892Z,133.24,PENDING
ORD-1786976311070-7F6633A8,CUST-00577,2025-03-17T04:11:32.516Z,466.84,PROCESSING
ORD-1786976311070-CE4F3F56,CUST-00181,2025-10-30T10:56:22.256Z,49.05,COMPLETED
ORD-1786976311070-88EA7201,CUST-00586,2026-05-06T20:46:35.890Z,314.79,SHIPPED
ORD-1786976311070-73A0079E,CUST-00894,2026-05-11T16:58:09.081Z,55.03,PENDING
ORD-1786976311070-84D89C26,CUST-00620,2025-04-29T05:48:58.693Z,218.56,CANCELLED
ORD-1786976311070-7DBFE63B,CUST-00911,2025-08-12T20:27:25.140Z,389.50,DELIVERED
ORD-1786976311070-94BF45F7,CUST-00791,2026-04-28T19:04:12.440Z,441.36,PROCESSING
ORD-1786976311070-7D7A8658,CUST-00853,2025-05-13T13:58:56.629Z,356.84,SHIPPED
ORD-1786976311070-7848432B,CUST-00368,2026-06-06T14:25:49.939Z,451.58,PROCESSING
ORD-1786976311070-AF4A9B0E,CUST-00534,2026-01-12T06:10:48.789Z,139.85,DELIVERED
ORD-1786976311070-2E02423B,CUST-00604,2025-07-03T10:04:04.775Z,208.13,CANCELLED
ORD-1786976311070-6F221147,CUST-00276,2025-02-24T14:24:40.332Z,227.22,DELIVERED
ORD-1786976311070-016EFB11,CUST-00403,2025-01-08T16:46:00.901Z,48.88,PROCESSING
ORD-1786976311070-E8D8EF7B,CUST-00137,2026-03-09T13:31:59.013Z,345.43,DELIVERED
ORD-1786976311070-276C97C6,CUST-00314,2026-04-25T09:43:12.217Z,266.57,DELIVERED
ORD-1786976311070-41C887A0,CUST-00214,2026-03-26T15:50:55.872Z,218.71,DELIVERED
ORD-1786976311070-5C560E0C,CUST-00323,2026-04-03T13:57:34.128Z,328.13,DELIVERED
ORD-1786976311070-7BDB9AE8,CUST-00855,2026-04-07T08:33:37.300Z,21.06,DELIVERED
ORD-1786976311070-327EF3DA,CUST-00048,2025-12-30T05:18:54.189Z,307.66,PROCESSING
ORD-1786976311070-05A727FC,CUST-00075,2025-08-21T22:15:28.261Z,499.95,PENDING
ORD-1786976311070-36BA65EB,CUST-00772,2025-05-02T00:24:28.447Z,208.98,DELIVERED
ORD-1786976311070-91F2941D,CUST-00016,2026-02-28T07:41:14.406Z,271.95,DELIVERED
ORD-1786976311070-B18BC03A,CUST-00235,2025-08-29T22:38:03.718Z,343.92,SHIPPED
ORD-1786976311070-E675AACF,CUST-00146,2026-07-22T06:38:04.516Z,228.02,PENDING
ORD-1786976311070-894D046D,CUST-00462,2026-04-29T00:40:11.924Z,153.14,SHIPPED
ORD-1786976311070-0C88095C,CUST-00729,2025-09-06T01:40:13.650Z,483.08,PENDING
ORD-1786976311070-68067FAB,CUST-00140,2025-02-25T17:32:54.415Z,458.41,SHIPPED
ORD-1786976311070-E984F2C3,CUST-00988,2025-02-18T10:54:47.802Z,425.40,PROCESSING
ORD-1786976311070-DE6B9555,CUST-00876,2025-01-06T11:18:33.287Z,322.30,DELIVERED
ORD-1786976311070-CEFE379D,CUST-00514,2026-02-12T04:59:44.794Z,413.59,PROCESSING
ORD-1786976311070-E9DF6C2C,CUST-00875,2025-06-13T16:38:11.744Z,73.63,SHIPPED
ORD-1786976311070-7F0E384D,CUST-00862,2025-09-13T17:03:31.536Z,387.23,PENDING
ORD-1786976311070-CA712FA8,CUST-00223,2026-08-13T15:42:21.844Z,238.66,CANCELLED
ORD-1786976311070-E311337B,CUST-00007,2026-01-26T19:35:22.760Z,98.88,CANCELLED
ORD-1786976311070-D8D8A731,CUST-00478,2026-06-25T17:34:31.014Z,351.82,PENDING
ORD-1786976311070-54AF05D6,CUST-00890,2026-05-20T17:23:40.144Z,277.19,PENDING
ORD-1786976311070-0114D558,CUST-00990,2026-04-17T01:28:57.093Z,41.68,DELIVERED
ORD-1786976311070-D732207A,CUST-00376,2025-04-23T23:30:08.762Z,395.95,SHIPPED
ORD-1786976311070-A40FF90E,CUST-00466,2025-04-09T13:34:13.081Z,67.04,DELIVERED
ORD-1786976311070-90A9505C,CUST-00665,2026-06-23T03:17:21.964Z,284.13,SHIPPED
ORD-1786976311070-97DB6BAE,CUST-00411,2026-07-16T07:13:39.207Z,85.46,PROCESSING
ORD-1786976311070-72E50591,CUST-00327,2025-12-21T12:29:30.139Z,139.43,PENDING
ORD-INV-9500,,2026-05-10T10:00:00Z,120.00,PENDING
ORD-1786976311070-2B9D3BD4,CUST-00891,2025-01-06T10:52:15.967Z,427.59,DELIVERED
ORD-1786976311070-525645F7,CUST-00393,2026-06-14T22:08:21.209Z,443.64,COMPLETED
ORD-1786976311070-2CC8EAB3,CUST-00434,2025-05-23T03:37:09.741Z,287.33,CANCELLED
ORD-1786976311070-202BC6A3,CUST-00047,2026-07-11T08:53:40.063Z,367.36,DELIVERED
ORD-1786976311070-D7529F05,CUST-00154,2026-04-04T12:11:39.006Z,190.48,PROCESSING
ORD-1786976311070-DFED7C2C,CUST-00095,2026-04-11T04:55:27.948Z,224.85,SHIPPED
ORD-1786976311070-36A5DE37,CUST-00320,2025-03-01T21:29:32.296Z,64.93,CANCELLED
ORD-1786976311070-E76F625D,CUST-00768,2025-12-05T16:32:25.218Z,34.94,COMPLETED
ORD-1786976311070-42242588,CUST-00747,2026-01-19T15:17:31.979Z,353.47,PENDING
ORD-1786976311070-144C6143,CUST-00269,2025-07-30T23:30:25.246Z,95.92,COMPLETED
ORD-1786976311070-AF326E6B,CUST-00078,2025-07-29T13:20:11.382Z,73.30,PENDING
ORD-1786976311070-45FEF1BB,CUST-00837,2025-09-27T08:22:21.086Z,260.82,CANCELLED
ORD-1786976311070-FAA5FFDF,CUST-00138,2026-06-13T06:33:22.570Z,330.35,CANCELLED
ORD-1786976311070-B4779456,CUST-00255,2025-05-17T06:13:53.995Z,415.74,PENDING
ORD-1786976311070-74E615FB,CUST-00551,2025-07-30T03:45:44.848Z,171.63,DELIVERED
ORD-1786976311070-E9AA4378,CUST-00790,2025-06-29T21:11:37.176Z,438.22,PENDING
ORD-1786976311070-ACD62101,CUST-00422,2026-08-12T17:09:03.233Z,470.70,SHIPPED
ORD-1786976311070-217F5069,CUST-00123,2025-03-23T17:07:34.008Z,224.92,COMPLETED
ORD-1786976311070-DA0A2E36,CUST-00430,2026-05-03T03:05:57.011Z,495.63,DELIVERED
ORD-1786976311070-15966C0C,CUST-00680,2025-09-25T17:22:21.273Z,484.20,PROCESSING
ORD-1786976311070-CF72A0EF,CUST-00912,2025-03-27T23:05:42.084Z,404.43,PROCESSING
ORD-1786976311070-554B0974,CUST-00919,2025-11-24T05:59:51.421Z,171.42,DELIVERED
ORD-1786976311070-CE2AC9F0,CUST-00304,2026-07-04T16:07:52.068Z,355.72,CANCELLED
ORD-1786976311070-342F7AF0,CUST-00328,2026-07-05T21:36:26.630Z,164.18,COMPLETED
ORD-1786976311070-D355BD69,CUST-00118,2025-08-29T21:38:04.038Z,69.17,CANCELLED
ORD-1786976311070-E27A5F4A,CUST-00872,2025-07-20T11:55:18.278Z,58.70,DELIVERED
ORD-1786976311070-C03CDB54,CUST-00197,2026-03-04T10:02:09.877Z,115.34,CANCELLED
ORD-1786976311070-68D4864A,CUST-00167,2025-07-02T18:57:47.602Z,269.62,PENDING
ORD-1786976311070-989BFAB9,CUST-00278,2025-05-21T04:52:43.508Z,333.25,SHIPPED
ORD-1786976311070-442185BF,CUST-00434,2025-09-29T17:55:19.569Z,298.25,PENDING
ORD-1786976311070-33BBE68E,CUST-00920,2026-03-31T11:28:48.350Z,377.93,COMPLETED
ORD-1786976311070-DF2930DD,CUST-00290,2025-12-03T15:43:42.779Z,448.54,COMPLETED
ORD-1786976311071-0B56A11E,CUST-00725,2025-04-17T21:58:22.129Z,438.53,COMPLETED
ORD-1786976311071-4EA5E5D7,CUST-00331,2025-06-30T09:25:37.476Z,42.59,SHIPPED
ORD-1786976311071-0BD13694,CUST-00742,2026-06-24T09:53:23.479Z,192.25,PROCESSING
ORD-1786976311071-C16F0989,CUST-00912,2026-03-03T15:06:01.970Z,342.49,PENDING
ORD-1786976311071-AA20D357,CUST-00707,2025-05-14T08:47:44.821Z,320.16,DELIVERED
ORD-1786976311071-E1C7CEA5,CUST-00342,2025-08-04T04:20:29.311Z,416.65,SHIPPED
ORD-1786976311071-25B8E623,CUST-00878,2025-04-11T21:55:15.593Z,115.34,PROCESSING
ORD-1786976311071-937727EC,CUST-00780,2025-07-21T22:19:04.228Z,137.83,PROCESSING
ORD-1786976311071-9F887C87,CUST-00321,2026-01-11T21:22:28.797Z,56.75,COMPLETED
ORD-1786976311071-22247B6B,CUST-00156,2025-06-15T12:21:07.543Z,447.63,PENDING
ORD-1786976311071-DAC64460,CUST-00211,2026-01-20T17:26:00.767Z,443.24,SHIPPED
ORD-1786976311071-5AA5BF74,CUST-00809,2025-11-06T22:52:03.553Z,157.41,DELIVERED
ORD-1786976311071-42906AAC,CUST-00233,2025-07-26T05:01:35.010Z,421.17,CANCELLED
ORD-1786976311071-9190672E,CUST-00961,2026-03-21T00:05:48.824Z,349.70,COMPLETED
ORD-1786976311071-D8F6D607,CUST-00570,2025-12-07T23:32:28.935Z,487.05,SHIPPED
ORD-1786976311071-9D24A155,CUST-00184,2025-08-20T21:12:19.376Z,387.61,CANCELLED
ORD-1786976311071-08B78E40,CUST-00117,2026-06-23T23:47:52.093Z,447.37,PROCESSING
ORD-1786976311071-DBEF1055,CUST-00041,2025-02-08T06:19:05.797Z,92.95,COMPLETED
ORD-1786976311071-E044857F,CUST-00751,2026-06-25T17:40:47.564Z,223.76,COMPLETED
ORD-1786976311071-48DD4A02,CUST-00029,2025-02-28T20:19:41.875Z,186.27,PENDING
ORD-1786976311071-F58BA363,CUST-00482,2025-08-05T17:32:08.309Z,51.38,DELIVERED
ORD-1786976311071-F69EAADE,CUST-00022,2026-02-14T06:23:54.910Z,175.01,PROCESSING
ORD-1786976311071-17B970B7,CUST-00870,2025-11-01T05:50:07.615Z,142.88,COMPLETED
ORD-1786976311071-BF999BE9,CUST-00281,2025-07-28T11:48:11.341Z,191.80,SHIPPED
ORD-1786976311071-2C146DD8,CUST-00173,2025-02-11T21:52:38.474Z,307.88,PENDING
ORD-1786976311071-D44D030A,CUST-00112,2025-07-24T16:05:56.770Z,412.26,COMPLETED
ORD-1786976311071-D1B81B12,CUST-00515,2025-10-20T07:20:21.177Z,420.73,PROCESSING
ORD-1786976311071-B620292E,CUST-00744,2026-07-16T19:22:10.200Z,187.44,COMPLETED
ORD-1786976311071-115E08A1,CUST-00235,2026-05-27T21:15:00.152Z,118.44,COMPLETED
ORD-1786976311071-B59882AF,CUST-00770,2026-02-05T19:19:31.205Z,76.89,SHIPPED
ORD-1786976311071-31283669,CUST-00210,2025-10-28T01:25:32.205Z,78.76,SHIPPED
ORD-1786976311071-DC9A88E6,CUST-00780,2025-04-07T04:11:18.862Z,411.91,DELIVERED
ORD-1786976311071-B2DCFD91,CUST-00354,2025-01-30T18:59:12.993Z,218.83,COMPLETED
ORD-1786976311071-C1F77956,CUST-00569,2025-11-22T18:21:00.056Z,292.24,PROCESSING
ORD-1786976311071-B2F428C5,CUST-00197,2026-03-10T07:44:09.617Z,176.91,DELIVERED
ORD-1786976311071-44F8D718,CUST-00223,2026-02-23T09:08:38.005Z,154.64,SHIPPED
ORD-1786976311071-5DAECA12,CUST-00919,2025-11-01T07:57:43.445Z,112.66,SHIPPED
ORD-1786976311071-0B558DCE,CUST-00896,2026-06-12T08:37:14.541Z,162.56,PROCESSING
ORD-1786976311071-5D0F063C,CUST-00129,2026-03-27T15:38:02.271Z,349.78,CANCELLED
ORD-1786976311071-B288AE98,CUST-00776,2025-11-06T15:36:17.229Z,210.17,CANCELLED
ORD-1786976311071-BA5F6107,CUST-00017,2026-04-17T00:27:53.824Z,83.29,COMPLETED
ORD-1786976311071-6BB678B5,CUST-00926,2025-08-08T12:26:22.864Z,265.04,PENDING
ORD-1786976311071-69880423,CUST-00665,2025-08-21T01:51:23.133Z,468.26,PENDING
ORD-1786976311071-7982CA97,CUST-00289,2025-02-09T04:52:00.975Z,507.67,DELIVERED
ORD-1786976311071-07486DAE,CUST-00576,2026-07-01T06:27:16.083Z,60.29,CANCELLED
ORD-1786976311071-580E5FCA,CUST-00526,2025-08-05T06:12:56.857Z,259.84,SHIPPED
ORD-1786976311071-92677880,CUST-00867,2025-10-05T05:52:53.318Z,100.01,DELIVERED
ORD-1786976311071-81ED75BE,CUST-00622,2025-06-07T00:30:42.070Z,499.61,PROCESSING
ORD-1786976311071-723D75EA,CUST-00405,2025-08-24T20:26:03.804Z,460.51,COMPLETED
ORD-1786976311071-D619B526,CUST-00032,2025-05-05T00:27:36.312Z,443.06,DELIVERED
ORD-1786976311071-96F297A4,CUST-00378,2025-11-18T04:35:28.552Z,485.02,PROCESSING
ORD-1786976311071-4673DFF5,CUST-00839,2026-01-06T14:24:06.604Z,57.59,SHIPPED
ORD-1786976311071-630DCE12,CUST-00925,2026-07-31T01:45:31.903Z,379.91,PENDING
ORD-1786976311071-721DFBD6,CUST-00222,2026-07-29T06:29:07.552Z,21.36,DELIVERED
ORD-1786976311071-A4954B1A,CUST-00924,2025-05-26T15:07:25.023Z,285.87,SHIPPED
ORD-1786976311071-97B6E2EA,CUST-00955,2025-10-06T18:05:10.643Z,490.27,SHIPPED
ORD-1786976311071-5A6A59F6,CUST-00078,2025-04-22T10:51:43.373Z,271.69,PROCESSING
ORD-1786976311071-277F6831,CUST-00294,2025-01-22T00:28:13.626Z,125.75,PENDING
ORD-1786976311071-68675BD1,CUST-00260,2026-03-01T06:44:35.404Z,118.60,PENDING
ORD-1786976311071-8491744D,CUST-00069,2026-02-11T08:52:02.777Z,84.35,CANCELLED
ORD-1786976311071-3150A2DB,CUST-00428,2026-05-12T14:41:53.299Z,253.48,CANCELLED
ORD-1786976311071-B8CBB72B,CUST-00553,2026-07-19T23:47:42.687Z,264.21,SHIPPED
ORD-1786976311071-0B894874,CUST-00403,2026-05-23T02:22:40.588Z,501.62,PROCESSING
ORD-1786976311071-6659CB97,CUST-00378,2025-10-03T02:24:42.574Z,449.38,COMPLETED
ORD-1786976311071-A5E61024,CUST-00005,2025-04-27T18:56:22.106Z,336.12,PROCESSING
ORD-1786976311071-C9F7E19A,CUST-00637,2025-07-21T21:55:11.255Z,82.93,PENDING
ORD-1786976311071-70B03646,CUST-00426,2026-03-20T17:58:45.093Z,190.08,DELIVERED
ORD-INV-9600,CUST-001,INVALID_DATE_FORMAT,99.99,PENDING
ORD-1786976311071-1275C102,CUST-00556,2025-05-23T02:30:01.568Z,60.50,PENDING
ORD-1786976311071-F2620802,CUST-00942,2025-02-27T17:58:46.402Z,219.90,SHIPPED
ORD-1786976311071-99DE8A20,CUST-00871,2026-03-06T12:51:54.581Z,406.67,DELIVERED
ORD-1786976311071-D785AF37,CUST-00423,2026-05-04T00:18:00.274Z,359.96,COMPLETED
ORD-1786976311071-48DF54A7,CUST-00887,2026-03-11T00:38:16.000Z,126.46,COMPLETED
ORD-1786976311071-4E6C0657,CUST-00672,2026-07-29T23:55:02.826Z,485.53,DELIVERED
ORD-1786976311071-EB063208,CUST-00336,2026-04-28T10:31:36.742Z,223.95,SHIPPED
ORD-1786976311071-E4D19CE7,CUST-00779,2025-02-07T18:44:51.542Z,425.70,PENDING
ORD-1786976311071-34262B3F,CUST-00123,2025-01-06T04:27:58.676Z,442.04,COMPLETED
ORD-1786976311071-4DCFE56A,CUST-00780,2025-04-11T21:05:28.339Z,257.04,PENDING
ORD-1786976311071-C5BC90CD,CUST-00644,2025-01-16T23:25:54.223Z,133.64,COMPLETED
ORD-1786976311071-7C18684D,CUST-00187,2025-11-25T09:33:57.657Z,443.85,PENDING
ORD-1786976311071-7DC3D208,CUST-00989,2025-06-15T09:17:01.749Z,123.27,SHIPPED
ORD-1786976311071-5DA22A99,CUST-00155,2026-08-01T14:13:40.748Z,36.40,COMPLETED
ORD-1786976311071-8B7FA3E3,CUST-00693,2025-01-27T02:45:25.698Z,135.15,CANCELLED
ORD-1786976311071-684145AB,CUST-00145,2026-06-02T09:15:30.723Z,115.18,PROCESSING
ORD-1786976311071-86518800,CUST-00014,2026-05-27T07:51:42.269Z,168.80,DELIVERED
ORD-1786976311071-3DE5CF77,CUST-00892,2026-04-21T08:11:29.030Z,93.30,PROCESSING
ORD-1786976311071-70D031F7,CUST-00084,2026-04-11T06:53:39.715Z,404.26,PENDING
ORD-1786976311071-409E7DD5,CUST-00995,2026-02-06T09:04:15.271Z,297.99,PENDING
ORD-1786976311071-FD6DCE92,CUST-00784,2026-07-25T02:18:38.519Z,260.77,SHIPPED
ORD-1786976311071-28525530,CUST-00961,2026-06-01T15:25:29.592Z,64.88,COMPLETED
ORD-1786976311071-8898A37C,CUST-00808,2025-10-22T00:11:42.599Z,353.41,PROCESSING
ORD-1786976311071-FA36BD42,CUST-00608,2026-07-15T16:00:57.700Z,388.90,CANCELLED
ORD-1786976311071-B3C80295,CUST-00774,2025-09-02T20:28:42.199Z,362.52,DELIVERED
ORD-1786976311071-2E63E865,CUST-00993,2025-02-22T21:21:28.301Z,45.56,PENDING
ORD-1786976311071-A31EC8FC,CUST-00765,2026-02-09T05:58:00.586Z,452.67,PROCESSING
ORD-1786976311071-91EBB3BC,CUST-00379,2026-02-02T14:01:45.281Z,206.36,SHIPPED
ORD-1786976311071-EEFE0122,CUST-00820,2025-10-15T10:06:42.101Z,228.15,PROCESSING
ORD-1786976311071-DDC71522,CUST-00594,2025-09-22T11:45:03.173Z,286.39,CANCELLED
ORD-1786976311071-535254F5,CUST-00079,2025-09-23T10:01:52.268Z,291.98,PENDING
ORD-1786976311071-6DB8290F,CUST-00865,2025-05-15T15:16:44.289Z,428.81,PENDING
ORD-1786976311071-5ED7DF2F,CUST-00175,2026-08-14T21:08:51.489Z,390.67,DELIVERED
ORD-1786976311071-0097F38B,CUST-00342,2025-02-04T06:40:23.075Z,499.12,DELIVERED
ORD-1786976311071-7EA88D0D,CUST-00588,2026-07-30T21:04:20.559Z,360.10,SHIPPED
ORD-1786976311071-5FB95788,CUST-00955,2026-07-24T20:19:25.107Z,326.71,COMPLETED
ORD-1786976311071-26A0C300,CUST-00903,2026-04-04T10:04:09.224Z,494.64,PENDING
ORD-1786976311071-15BE6B7C,CUST-00201,2026-02-26T12:30:47.077Z,40.35,PROCESSING
ORD-1786976311071-EFE78255,CUST-00968,2025-12-01T20:01:02.310Z,27.47,SHIPPED
ORD-1786976311071-97F18661,CUST-00490,2025-02-27T17:13:44.618Z,285.65,PROCESSING
ORD-1786976311071-922C5508,CUST-00897,2025-08-23T21:46:51.503Z,234.75,PENDING
ORD-1786976311071-4ED07D31,CUST-00143,2026-05-23T12:23:10.652Z,95.77,CANCELLED
ORD-1786976311071-9E1BCDB1,CUST-00424,2026-05-16T08:34:52.608Z,126.31,CANCELLED
ORD-1786976311071-4EAFC33A,CUST-00049,2025-02-08T03:59:52.771Z,471.31,CANCELLED
ORD-1786976311071-E3D30E8D,CUST-00817,2026-06-24T00:15:47.670Z,137.65,DELIVERED
ORD-1786976311071-23EB153E,CUST-00691,2025-06-17T04:54:19.727Z,132.72,PENDING
ORD-1786976311071-E2100237,CUST-00660,2025-12-26T04:23:04.307Z,178.74,SHIPPED
ORD-1786976311071-2D07BA09,CUST-00539,2025-04-09T15:55:43.184Z,213.95,PENDING
ORD-1786976311071-7AD1EE26,CUST-00685,2025-12-07T19:45:15.794Z,253.67,SHIPPED
ORD-1786976311071-BD37D3E9,CUST-00246,2025-06-13T02:59:32.720Z,394.68,PROCESSING
ORD-1786976311071-40E8CA60,CUST-00305,2025-12-14T09:34:01.930Z,284.41,SHIPPED
ORD-1786976311071-652DEDCC,CUST-00668,2025-08-26T06:05:08.017Z,242.79,DELIVERED
ORD-1786976311071-2605169F,CUST-00149,2025-01-24T23:13:18.426Z,481.62,PROCESSING
ORD-1786976311071-48303E06,CUST-00299,2025-02-10T08:08:09.868Z,288.57,DELIVERED
ORD-1786976311071-CB9CB14C,CUST-00243,2026-06-03T22:45:18.745Z,269.26,SHIPPED
ORD-1786976311071-B3D510F9,CUST-00947,2026-05-19T17:09:53.011Z,137.30,PENDING
ORD-1786976311071-490ADCA7,CUST-00060,2026-04-05T10:34:07.713Z,378.63,SHIPPED
ORD-1786976311071-C259D436,CUST-00992,2025-05-12T22:26:03.115Z,104.21,DELIVERED
ORD-1786976311071-D1BD2D92,CUST-00655,2025-06-12T14:54:40.979Z,485.79,PENDING
ORD-1786976311071-FCD3DD78,CUST-00553,2025-05-14T04:33:42.524Z,148.20,CANCELLED
ORD-1786976311071-69BB126C,CUST-00970,2025-02-27T12:01:18.305Z,41.43,COMPLETED
ORD-1786976311071-1039628E,CUST-00994,2026-05-08T23:00:55.991Z,353.34,PROCESSING
ORD-1786976311071-0135BEAF,CUST-00974,2025-11-02T16:11:56.626Z,412.38,COMPLETED
ORD-1786976311071-92FC888C,CUST-00253,2025-02-10T08:55:36.995Z,109.24,DELIVERED
ORD-1786976311071-BA1E1F35,CUST-00643,2026-02-26T11:35:35.536Z,309.76,SHIPPED
ORD-1786976311071-27E0C35A,CUST-00106,2025-04-18T01:31:16.847Z,96.94,COMPLETED
ORD-1786976311071-997F7F3C,CUST-00550,2025-10-22T10:28:52.454Z,452.84,SHIPPED
ORD-1786976311071-3EE0F5D5,CUST-00030,2026-06-19T22:03:39.434Z,417.37,SHIPPED
ORD-1786976311071-5B55679A,CUST-00312,2026-06-20T05:31:16.983Z,210.14,SHIPPED
ORD-1786976311071-ACF6E0A5,CUST-00640,2025-06-03T21:38:37.935Z,508.29,CANCELLED
ORD-1786976311071-8E078D34,CUST-00216,2026-08-07T19:44:55.722Z,91.15,PROCESSING
ORD-1786976311071-C012A62B,CUST-00143,2026-01-12T15:01:03.882Z,449.99,DELIVERED
ORD-1786976311071-CA323134,CUST-00457,2025-01-03T12:38:01.682Z,452.16,COMPLETED
ORD-1786976311071-91513488,CUST-00726,2025-11-06T06:13:29.746Z,479.48,DELIVERED
ORD-1786976311071-443E1393,CUST-00955,2026-04-01T21:43:11.239Z,185.94,DELIVERED
ORD-1786976311071-BC89905F,CUST-00969,2026-03-25T08:40:56.451Z,49.18,CANCELLED
ORD-1786976311071-A64C4BEC,CUST-00332,2026-01-07T18:22:12.420Z,395.68,SHIPPED
ORD-1786976311071-EE5207E0,CUST-00880,2026-01-28T00:09:11.510Z,179.78,COMPLETED
ORD-1786976311071-EE2EF886,CUST-00710,2025-04-14T01:23:04.320Z,148.30,COMPLETED
ORD-1786976311071-E3002929,CUST-00586,2025-10-28T11:44:50.755Z,370.90,DELIVERED
ORD-1786976311071-1308F3A4,CUST-00594,2025-04-02T16:20:39.026Z,108.61,PENDING
ORD-1786976311071-3FE0109F,CUST-00308,2025-02-21T06:12:27.666Z,112.06,PENDING
ORD-1786976311071-1B59D24E,CUST-00683,2025-07-03T23:34:09.575Z,155.77,PENDING
ORD-1786976311071-0D38D8C9,CUST-00289,2025-05-19T06:58:36.291Z,391.63,PENDING
ORD-1786976311071-A2338AB9,CUST-00899,2025-12-28T02:27:21.714Z,12.32,CANCELLED
ORD-1786976311071-980A40B5,CUST-00343,2025-02-09T17:21:59.566Z,123.62,CANCELLED
ORD-1786976311071-97A4F181,CUST-00679,2025-09-12T20:39:15.086Z,224.50,PENDING
ORD-1786976311071-513A44A4,CUST-00951,2026-05-07T17:58:28.126Z,90.09,PROCESSING
ORD-1786976311071-98080079,CUST-00862,2025-06-01T19:46:17.855Z,124.57,COMPLETED
ORD-1786976311071-A766C575,CUST-00356,2026-06-20T20:42:17.907Z,50.83,DELIVERED
ORD-1786976311071-11121D4E,CUST-00269,2026-07-22T18:01:14.148Z,131.10,COMPLETED
ORD-1786976311071-74EE12A2,CUST-00759,2025-03-19T15:18:06.259Z,177.80,PROCESSING
ORD-1786976311071-EE7377D7,CUST-00592,2025-03-13T03:43:48.265Z,483.79,DELIVERED
ORD-1786976311071-E6E11907,CUST-00623,2025-04-29T16:08:19.176Z,16.89,CANCELLED
ORD-1786976311071-ED32E056,CUST-00914,2025-11-03T06:40:35.580Z,357.67,COMPLETED
ORD-1786976311071-0452FEAC,CUST-00374,2026-04-19T19:11:57.190Z,285.44,CANCELLED
ORD-1786976311071-41DD0AC0,CUST-00676,2025-10-08T23:37:11.580Z,188.59,PROCESSING
ORD-1786976311071-6A1124CC,CUST-00128,2026-01-04T10:39:57.429Z,125.46,DELIVERED
ORD-1786976311071-76F2D3F6,CUST-00018,2025-04-03T13:48:50.195Z,106.57,PROCESSING
ORD-INV-9700,CUST-002,2026-05-10T10:00:00Z,-50.00,COMPLETED
ORD-1786976311071-0CEED603,CUST-00874,2025-07-23T18:32:02.599Z,72.00,COMPLETED
ORD-1786976311071-5D4C4BF8,CUST-00317,2025-11-13T04:26:46.023Z,147.25,CANCELLED
ORD-1786976311071-74FB7AC3,CUST-00094,2026-01-03T11:40:29.068Z,94.62,CANCELLED
ORD-1786976311071-CCE58213,CUST-00894,2025-05-10T17:25:06.377Z,189.91,PROCESSING
ORD-1786976311071-112D0F31,CUST-00887,2026-05-18T07:12:52.960Z,105.84,CANCELLED
ORD-1786976311071-E0542DB7,CUST-00978,2025-12-22T15:42:08.356Z,140.87,COMPLETED
ORD-1786976311071-53369ADF,CUST-00701,2025-03-26T18:38:32.295Z,200.60,COMPLETED
ORD-1786976311071-F1B00F7C,CUST-00418,2025-01-19T11:42:30.420Z,248.45,COMPLETED
ORD-1786976311071-A6D93248,CUST-00721,2026-05-05T22:15:57.043Z,206.90,DELIVERED
ORD-1786976311071-3A709A48,CUST-00777,2025-02-09T05:49:02.860Z,30.29,CANCELLED
ORD-1786976311071-87BCB391,CUST-00996,2025-05-26T10:26:13.297Z,441.29,CANCELLED
ORD-1786976311071-95F6EAC9,CUST-00223,2025-06-26T17:26:07.834Z,179.78,PROCESSING
ORD-1786976311071-CE0257A6,CUST-00480,2026-02-03T16:47:43.383Z,344.89,DELIVERED
ORD-1786976311071-2DAFC81A,CUST-00729,2026-04-03T14:04:23.205Z,52.18,PENDING
ORD-1786976311071-9EC6278B,CUST-00515,2026-01-15T00:56:15.439Z,90.66,CANCELLED
ORD-1786976311071-103B3802,CUST-00749,2025-08-02T19:21:00.054Z,330.56,PROCESSING
ORD-1786976311071-9C926C1B,CUST-00200,2026-08-02T11:21:46.644Z,190.90,PENDING
ORD-1786976311071-E5D5C89D,CUST-00235,2025-01-22T23:49:19.792Z,163.87,CANCELLED
ORD-1786976311071-B464611B,CUST-00488,2026-01-23T13:40:36.028Z,371.68,SHIPPED
ORD-1786976311071-47CD99C1,CUST-00807,2026-04-16T17:38:20.431Z,33.15,CANCELLED
ORD-1786976311071-210D7B4E,CUST-00493,2025-04-12T23:02:33.259Z,44.58,DELIVERED
ORD-1786976311071-6D020FA8,CUST-00767,2026-02-03T14:19:52.212Z,22.31,SHIPPED
ORD-1786976311071-5C065918,CUST-00912,2026-05-13T03:05:03.421Z,55.22,SHIPPED
ORD-1786976311071-544490DE,CUST-00873,2026-05-08T22:00:15.594Z,65.03,SHIPPED
ORD-1786976311071-7EF81172,CUST-00993,2026-06-23T09:49:27.661Z,389.58,DELIVERED
ORD-1786976311071-0FE517BD,CUST-00453,2026-03-28T20:03:10.658Z,296.98,COMPLETED
ORD-1786976311071-F7CDFDAE,CUST-00462,2025-02-24T21:05:45.042Z,367.15,PENDING
ORD-1786976311071-C427E16C,CUST-00468,2025-11-14T23:01:19.540Z,116.28,PENDING
ORD-1786976311071-8CE93529,CUST-00965,2026-01-18T22:52:32.677Z,279.48,CANCELLED
ORD-1786976311071-E6F71C10,CUST-00052,2025-05-06T04:54:16.958Z,17.82,CANCELLED
ORD-1786976311071-5137BD80,CUST-00527,2025-07-09T09:24:59.392Z,196.06,PROCESSING
ORD-1786976311071-840DCB90,CUST-00030,2026-07-02T03:34:32.268Z,508.38,PROCESSING
ORD-1786976311071-113FE1C1,CUST-00461,2025-05-11T19:42:11.792Z,507.15,SHIPPED
ORD-1786976311071-ADCAA7E5,CUST-00621,2026-04-10T00:23:15.813Z,286.90,PROCESSING
ORD-1786976311071-2054E5A7,CUST-00270,2025-11-25T03:12:01.536Z,290.30,PROCESSING
ORD-1786976311071-6AF5E3D6,CUST-00551,2026-06-16T06:42:14.533Z,301.71,DELIVERED
ORD-1786976311071-0F677C18,CUST-00569,2025-04-01T20:39:32.731Z,40.12,SHIPPED
ORD-1786976311072-BC76183D,CUST-00481,2026-01-05T13:54:03.552Z,294.39,CANCELLED
ORD-1786976311072-D96BE483,CUST-00153,2026-06-14T18:30:14.571Z,418.68,DELIVERED
ORD-1786976311072-118719D5,CUST-00845,2026-05-11T03:47:46.547Z,244.07,PENDING
ORD-1786976311072-B8E390D4,CUST-00629,2025-06-22T08:07:42.655Z,287.31,SHIPPED
ORD-1786976311072-73DDBEAA,CUST-00486,2025-10-02T01:47:30.158Z,228.02,DELIVERED
ORD-1786976311072-3B6036CF,CUST-00852,2026-05-13T05:36:03.231Z,251.64,SHIPPED
ORD-1786976311072-BF15785B,CUST-00256,2025-08-17T19:15:50.599Z,190.10,PROCESSING
ORD-1786976311072-6CB6D75C,CUST-00560,2026-07-26T00:23:26.024Z,96.94,PENDING
ORD-1786976311072-9DE394B3,CUST-00070,2026-06-28T06:23:29.701Z,256.58,DELIVERED
ORD-1786976311072-2EB3A334,CUST-00969,2025-12-13T13:25:05.744Z,478.65,CANCELLED
ORD-1786976311072-F1542242,CUST-00770,2025-12-24T04:51:25.623Z,195.32,SHIPPED
ORD-1786976311072-BD83F32B,CUST-00133,2026-07-30T05:11:53.356Z,209.32,CANCELLED
ORD-1786976311072-A6611E10,CUST-00303,2026-01-02T12:12:52.188Z,108.58,DELIVERED
ORD-1786976311072-094AB8AC,CUST-00168,2026-01-23T00:47:25.300Z,43.57,CANCELLED
ORD-1786976311072-8ECFEAC0,CUST-00259,2025-04-17T00:40:47.356Z,381.62,PROCESSING
ORD-1786976311072-423FCEC2,CUST-00525,2026-03-03T13:29:11.098Z,482.35,DELIVERED
ORD-1786976311072-EDCB7626,CUST-00801,2025-08-11T17:10:28.908Z,414.66,PENDING
ORD-1786976311072-CC9850CD,CUST-00198,2025-08-07T14:21:22.016Z,479.91,DELIVERED
ORD-1786976311072-85512F11,CUST-00148,2025-04-16T04:38:59.131Z,122.39,COMPLETED
ORD-1786976311072-6E79C462,CUST-00460,2025-01-25T21:23:16.641Z,338.63,COMPLETED
ORD-1786976311072-586CEA67,CUST-00126,2025-09-29T13:09:49.472Z,462.51,COMPLETED
ORD-1786976311072-B4970EFA,CUST-00571,2025-11-04T08:09:07.572Z,145.44,COMPLETED
ORD-1786976311072-FA0E6E80,CUST-00030,2025-06-03T06:29:06.082Z,430.74,PENDING
ORD-1786976311072-40CE300B,CUST-00962,2026-05-25T13:42:38.319Z,287.57,DELIVERED
ORD-1786976311072-2242A024,CUST-00019,2025-08-26T15:37:30.934Z,328.23,PENDING
ORD-1786976311072-5AD44518,CUST-00882,2025-09-13T22:43:21.475Z,149.50,CANCELLED
ORD-1786976311072-CBF3A2B4,CUST-00305,2025-01-26T04:47:11.695Z,503.27,PROCESSING
ORD-1786976311072-6FA1B83D,CUST-00165,2025-09-20T01:33:31.701Z,294.21,SHIPPED
ORD-1786976311072-0EF974A4,CUST-00661,2025-12-22T21:18:11.120Z,315.65,DELIVERED
ORD-1786976311072-F59EB119,CUST-00823,2026-08-11T11:38:51.582Z,252.07,COMPLETED
ORD-1786976311072-BDB24EFC,CUST-00198,2025-02-17T05:21:22.523Z,52.93,PROCESSING
ORD-1786976311072-367531D1,CUST-00764,2025-02-22T18:34:40.219Z,93.93,SHIPPED
ORD-1786976311072-1C78A722,CUST-00846,2026-05-25T12:22:25.783Z,377.33,PROCESSING
ORD-1786976311072-3EC74468,CUST-00245,2026-03-02T00:05:26.035Z,452.34,SHIPPED
ORD-1786976311072-CC54818F,CUST-00131,2025-01-16T03:15:20.435Z,486.22,DELIVERED
ORD-1786976311072-F26766D6,CUST-00869,2025-12-22T23:46:07.524Z,333.31,PROCESSING
ORD-1786976311072-654E3596,CUST-00934,2025-04-01T04:34:32.929Z,471.30,COMPLETED
ORD-1786976311072-0A81D2BF,CUST-00478,2026-01-18T16:41:42.015Z,292.41,PENDING
ORD-1786976311072-778D7B49,CUST-00343,2026-05-09T10:23:43.321Z,385.06,DELIVERED
ORD-1786976311072-7A1F3C93,CUST-00670,2025-11-19T20:32:26.177Z,158.49,COMPLETED
ORD-1786976311072-9299FD59,CUST-00095,2026-01-23T20:12:44.019Z,422.27,PENDING
ORD-1786976311072-F322473E,CUST-00100,2026-02-18T14:43:49.646Z,497.65,COMPLETED
ORD-1786976311072-EE8A8141,CUST-00147,2026-07-09T10:18:39.317Z,504.62,PENDING
ORD-1786976311072-ADE91711,CUST-00517,2026-04-05T06:15:41.055Z,338.56,CANCELLED
ORD-1786976311072-7A571D46,CUST-00656,2026-07-13T20:26:46.844Z,241.30,PROCESSING
ORD-1786976311072-789D62CB,CUST-00482,2026-05-25T09:43:38.501Z,474.94,COMPLETED
ORD-1786976311072-49857051,CUST-00392,2025-07-30T16:42:13.192Z,119.48,PENDING
ORD-1786976311072-C5A2927E,CUST-00320,2026-04-29T17:22:50.570Z,367.80,COMPLETED
ORD-1786976311072-88ED9B16,CUST-00643,2025-04-22T12:14:02.022Z,264.13,DELIVERED
ORD-1786976311072-BAF1E4A7,CUST-00942,2025-07-25T01:24:30.926Z,505.56,SHIPPED
ORD-1786976311072-87D94971,CUST-00384,2025-08-03T11:35:26.654Z,214.25,PROCESSING
ORD-1786976311072-D8846FD5,CUST-00518,2025-06-01T12:32:09.132Z,121.58,PROCESSING
ORD-1786976311072-6D922D82,CUST-00936,2026-02-22T15:39:45.706Z,440.48,PENDING
ORD-1786976311072-FAD463C2,CUST-00526,2026-07-10T04:55:47.105Z,161.22,PENDING
ORD-1786976311072-E5CA1934,CUST-00663,2026-06-30T20:42:27.643Z,487.25,PENDING
ORD-1786976311072-619FC6A2,CUST-00915,2025-09-17T07:45:31.962Z,380.67,PROCESSING
ORD-1786976311072-D93EB006,CUST-00485,2025-02-14T11:52:49.023Z,202.50,COMPLETED
ORD-1786976311072-D6D2B681,CUST-00498,2025-06-22T05:31:35.225Z,121.59,COMPLETED
ORD-1786976311072-16DA428B,CUST-00911,2025-08-02T20:49:43.943Z,220.42,CANCELLED
ORD-1786976311072-4CAE39E0,CUST-00726,2025-02-27T22:56:45.904Z,320.71,SHIPPED
ORD-1786976311072-956BA3BA,CUST-00865,2026-03-24T03:31:38.890Z,311.08,PENDING
ORD-1786976311072-B395E0AA,CUST-00479,2026-05-03T10:26:01.216Z,500.80,SHIPPED
ORD-INV-9800,,2026-05-10T10:00:00Z,120.00,PENDING
ORD-1786976311072-E686E701,CUST-00776,2025-02-28T20:39:32.573Z,331.35,CANCELLED
ORD-1786976311072-3F87A390,CUST-00432,2026-06-20T07:59:13.762Z,263.60,DELIVERED
ORD-1786976311072-E7482A87,CUST-00393,2025-08-07T05:07:08.832Z,327.68,DELIVERED
ORD-1786976311072-C513A984,CUST-00266,2026-02-19T09:28:04.358Z,98.13,CANCELLED
ORD-1786976311072-26F0D052,CUST-00138,2026-04-30T18:32:20.031Z,268.95,COMPLETED
ORD-1786976311072-EEAB1D9C,CUST-00766,2026-02-20T22:29:46.159Z,443.65,COMPLETED
ORD-1786976311072-854065BB,CUST-00895,2026-05-26T06:25:41.643Z,192.66,SHIPPED
ORD-1786976311072-5F7F7997,CUST-00732,2026-04-12T05:12:24.251Z,218.81,PROCESSING
ORD-1786976311072-78711D2C,CUST-00308,2025-05-01T14:41:24.553Z,507.38,CANCELLED
ORD-1786976311072-877FAC87,CUST-00683,2025-12-21T01:04:26.833Z,90.67,PENDING
ORD-1786976311072-E49EDC56,CUST-00704,2025-09-08T12:38:48.033Z,505.94,PENDING
ORD-1786976311072-D09B5A93,CUST-00952,2025-11-06T22:50:03.507Z,67.62,CANCELLED
ORD-1786976311072-DED13B5A,CUST-00121,2025-09-25T04:00:36.763Z,242.94,PROCESSING
ORD-1786976311072-29776DF7,CUST-00697,2025-05-09T21:22:35.163Z,298.34,DELIVERED
ORD-1786976311072-4E9003E1,CUST-00473,2026-01-08T00:18:15.837Z,221.24,SHIPPED
ORD-1786976311072-C9779EB4,CUST-00760,2026-04-24T18:59:58.667Z,464.79,CANCELLED
ORD-1786976311072-478DC635,CUST-00804,2026-02-15T18:42:33.124Z,148.52,DELIVERED
ORD-1786976311072-C4D44CC1,CUST-00303,2026-01-06T06:21:46.824Z,158.20,PROCESSING
ORD-1786976311072-B867D389,CUST-00472,2025-04-19T20:08:06.154Z,461.23,CANCELLED
ORD-1786976311072-90AF45FE,CUST-00347,2026-02-06T07:35:47.216Z,142.45,PENDING
ORD-1786976311072-93CC702A,CUST-00871,2026-01-31T21:37:41.323Z,213.28,COMPLETED
ORD-1786976311072-45F67B58,CUST-00200,2025-06-25T00:00:47.453Z,34.34,SHIPPED
ORD-1786976311072-9B650C2C,CUST-00084,2026-04-30T15:59:46.114Z,225.93,PENDING
ORD-1786976311072-2F7AC716,CUST-00194,2025-06-14T13:16:06.737Z,12.48,PROCESSING
ORD-1786976311072-F16C8C8B,CUST-00706,2025-01-12T11:17:49.043Z,82.89,CANCELLED
ORD-1786976311072-F49F5A3A,CUST-00125,2025-04-27T16:11:22.397Z,317.97,DELIVERED
ORD-1786976311072-019EC0E8,CUST-00793,2026-06-17T10:36:22.727Z,162.29,PROCESSING
ORD-1786976311072-999D7617,CUST-00351,2025-12-24T00:24:32.856Z,84.87,CANCELLED
ORD-1786976311072-38C03741,CUST-00653,2025-09-30T18:39:46.150Z,469.18,DELIVERED
ORD-1786976311072-CAA73971,CUST-00846,2026-07-11T00:43:32.977Z,301.65,DELIVERED
ORD-1786976311072-B309F2AF,CUST-00637,2025-05-12T19:41:39.726Z,58.63,CANCELLED
ORD-1786976311072-55471712,CUST-00989,2025-01-05T07:28:11.675Z,129.41,CANCELLED
ORD-1786976311072-C07ED6D2,CUST-00872,2026-02-26T18:03:21.625Z,489.76,PROCESSING
ORD-1786976311072-235AFC2D,CUST-00595,2025-07-24T23:40:32.038Z,281.44,CANCELLED
ORD-1786976311072-ADAEC13F,CUST-00021,2026-05-08T12:54:26.890Z,120.74,CANCELLED
ORD-1786976311072-008C0F10,CUST-00885,2025-05-01T18:16:16.141Z,13.42,COMPLETED
ORD-1786976311072-9810A48A,CUST-00510,2025-03-18T10:49:50.822Z,409.92,SHIPPED
ORD-1786976311072-8741BCD9,CUST-00430,2025-09-15T07:30:53.690Z,198.55,COMPLETED
ORD-1786976311072-1F836750,CUST-00427,2025-05-17T01:08:45.186Z,286.02,DELIVERED
ORD-1786976311072-0C6471F8,CUST-00434,2026-06-18T10:14:40.439Z,382.08,PROCESSING
ORD-1786976311072-A72C0C52,CUST-00539,2025-01-15T10:08:20.798Z,131.70,CANCELLED
ORD-1786976311072-52924881,CUST-00953,2026-03-11T01:49:07.281Z,416.83,COMPLETED
ORD-1786976311072-305478D1,CUST-00035,2025-07-24T08:56:44.254Z,228.61,PROCESSING
ORD-1786976311072-5CF3FD9A,CUST-00208,2025-06-20T12:51:12.637Z,36.29,CANCELLED
ORD-1786976311072-2DB42307,CUST-00448,2025-08-10T18:26:18.825Z,183.92,SHIPPED
ORD-1786976311072-470296C0,CUST-00412,2026-07-28T18:15:43.133Z,300.51,SHIPPED
ORD-1786976311072-61F4777E,CUST-00231,2025-05-16T12:11:46.252Z,226.69,PROCESSING
ORD-1786976311072-3814E733,CUST-00413,2025-10-25T06:48:15.747Z,319.00,CANCELLED
ORD-1786976311072-D977A83F,CUST-00196,2025-12-11T11:38:29.823Z,76.95,SHIPPED
ORD-1786976311072-52B888C0,CUST-00394,2025-03-03T22:56:10.201Z,231.13,COMPLETED
ORD-1786976311072-4408E3A2,CUST-00679,2026-02-19T08:50:56.394Z,89.52,SHIPPED
ORD-1786976311072-44D8A709,CUST-00244,2026-03-11T12:19:26.585Z,11.00,COMPLETED
ORD-1786976311072-47B09DB6,CUST-00700,2025-02-27T14:19:42.200Z,291.22,PROCESSING
ORD-1786976311072-5F51C08A,CUST-00892,2025-11-15T15:56:43.738Z,494.54,SHIPPED
ORD-1786976311072-19DDEB72,CUST-00052,2025-10-22T09:08:09.012Z,484.79,CANCELLED
ORD-1786976311072-C83F4827,CUST-00928,2025-09-07T11:52:02.284Z,48.81,CANCELLED
ORD-1786976311072-58AE19BC,CUST-00830,2025-12-14T06:31:47.750Z,240.01,PROCESSING
ORD-1786976311072-038361DB,CUST-00164,2026-08-02T02:57:51.626Z,41.98,SHIPPED
ORD-1786976311072-A5481B97,CUST-00734,2026-07-14T08:10:31.371Z,156.50,PENDING
ORD-1786976311072-07C2E2B0,CUST-00690,2025-07-03T08:07:59.824Z,409.05,PROCESSING
ORD-1786976311072-6C4CEAB3,CUST-00400,2026-05-05T10:41:01.351Z,122.70,SHIPPED
ORD-1786976311072-1AF39212,CUST-00031,2026-01-06T18:12:11.282Z,454.17,COMPLETED
ORD-1786976311072-11602B3E,CUST-00203,2025-03-21T07:28:28.183Z,91.12,PENDING
ORD-1786976311072-0990C604,CUST-00038,2025-08-24T07:16:25.185Z,372.04,PENDING
ORD-1786976311072-DA3E7E3B,CUST-00768,2026-06-03T02:41:33.841Z,46.92,PENDING
ORD-1786976311072-C11DD3BD,CUST-00467,2025-09-14T21:04:48.316Z,465.36,PENDING
ORD-1786976311072-19D7B52A,CUST-00111,2026-04-14T08:46:45.664Z,85.09,COMPLETED
ORD-1786976311072-8EB04567,CUST-00191,2025-03-01T13:00:04.208Z,205.43,PROCESSING
ORD-1786976311072-D8921AEE,CUST-00987,2026-06-27T04:24:11.965Z,95.22,PENDING
ORD-1786976311072-6281B999,CUST-00299,2025-08-29T23:33:24.561Z,166.78,PROCESSING
ORD-1786976311072-FEAD63D7,CUST-00673,2025-01-24T23:38:00.055Z,85.51,COMPLETED
ORD-1786976311072-0F1D08C0,CUST-00391,2026-02-07T05:28:53.224Z,285.10,COMPLETED
ORD-1786976311072-33642812,CUST-00196,2026-05-01T09:29:17.317Z,235.24,CANCELLED
ORD-1786976311072-0D045183,CUST-00762,2025-04-13T04:37:41.768Z,171.34,PROCESSING
ORD-1786976311072-DD7E7380,CUST-00632,2025-01-14T04:44:17.210Z,322.64,PROCESSING
ORD-1786976311072-CC9226D8,CUST-00809,2025-09-22T10:00:04.833Z,171.90,SHIPPED
ORD-1786976311072-57FE8CE2,CUST-00681,2026-04-27T10:31:42.025Z,494.71,PROCESSING
ORD-1786976311072-56EFE1A4,CUST-00190,2025-03-07T14:58:38.969Z,190.20,CANCELLED
ORD-1786976311072-A0875636,CUST-00800,2025-09-23T15:09:17.939Z,35.27,DELIVERED
ORD-1786976311072-82E95E4C,CUST-00036,2026-04-27T00:27:40.696Z,143.14,DELIVERED
ORD-1786976311072-0D21ACCA,CUST-00606,2025-03-11T10:08:16.106Z,17.67,DELIVERED
ORD-1786976311072-0A121E94,CUST-00277,2025-12-06T18:06:29.822Z,281.05,PENDING
ORD-1786976311072-E3D8B580,CUST-00866,2025-03-19T21:27:07.015Z,104.16,PROCESSING
ORD-1786976311072-BB4B1D95,CUST-00325,2025-08-05T09:02:08.349Z,219.98,DELIVERED
ORD-1786976311072-69A45C6D,CUST-00342,2026-07-26T10:06:07.397Z,240.99,PENDING
ORD-1786976311072-EDADF5B5,CUST-00661,2026-01-19T04:39:54.151Z,302.20,PENDING
ORD-1786976311072-86466CDD,CUST-00767,2026-08-02T19:50:15.153Z,262.44,DELIVERED
ORD-1786976311072-930FC1F2,CUST-00685,2026-08-13T14:28:46.607Z,73.17,SHIPPED
ORD-1786976311072-56103126,CUST-00864,2025-07-11T19:47:33.851Z,132.48,PENDING
ORD-1786976311072-97468D38,CUST-00633,2025-12-25T19:37:51.172Z,267.21,DELIVERED
ORD-1786976311072-8755BE11,CUST-00722,2025-04-29T06:00:32.838Z,329.61,PROCESSING
ORD-1786976311072-EE232875,CUST-00855,2025-09-06T23:09:21.017Z,13.40,COMPLETED
ORD-1786976311072-05143948,CUST-00496,2025-06-23T04:52:14.292Z,52.83,DELIVERED
ORD-1786976311072-7135EC8D,CUST-00116,2025-11-18T23:28:11.154Z,380.90,CANCELLED
ORD-1786976311072-677F9F8B,CUST-00534,2025-04-24T10:31:56.495Z,391.93,PENDING
ORD-1786976311072-1A7ED1B0,CUST-00532,2026-02-21T13:13:36.573Z,73.05,CANCELLED
ORD-1786976311072-A501A5E6,CUST-00462,2025-08-18T07:52:37.193Z,156.93,COMPLETED
ORD-1786976311072-4B620417,CUST-00878,2025-04-14T16:37:03.879Z,205.62,PROCESSING
ORD-1786976311072-96D4E719,CUST-00411,2026-06-14T20:00:56.713Z,125.97,SHIPPED
ORD-INV-9900,CUST-001,INVALID_DATE_FORMAT,99.99,PENDING
ORD-1786976311072-58C717D2,CUST-00984,2025-08-21T23:30:34.071Z,94.01,DELIVERED
ORD-1786976311072-F14B06F7,CUST-00372,2026-07-10T13:51:21.382Z,398.78,PROCESSING
ORD-1786976311072-15B28EAA,CUST-00116,2026-08-01T12:27:30.456Z,320.90,SHIPPED
ORD-1786976311072-E9202746,CUST-00739,2025-03-17T08:34:25.288Z,90.07,PROCESSING
ORD-1786976311072-E82DB7B0,CUST-00315,2025-07-16T07:47:48.402Z,478.94,SHIPPED
ORD-1786976311072-76A9D13C,CUST-00145,2026-06-20T23:05:09.370Z,21.28,COMPLETED
ORD-1786976311072-585376C5,CUST-00101,2025-01-07T07:02:19.536Z,85.17,CANCELLED
ORD-1786976311072-B1C4BFAC,CUST-00423,2025-07-11T10:18:46.168Z,66.76,SHIPPED
ORD-1786976311072-63E2B21C,CUST-00945,2026-05-08T06:38:21.857Z,403.69,DELIVERED
ORD-1786976311072-945C3048,CUST-00425,2025-04-24T13:35:24.142Z,155.09,DELIVERED
ORD-1786976311072-02BC2F97,CUST-00841,2025-11-20T17:17:09.007Z,198.58,PROCESSING
ORD-1786976311072-1CBD86E3,CUST-00887,2025-02-15T03:33:25.286Z,51.91,CANCELLED
ORD-1786976311072-52D5A400,CUST-00897,2026-03-15T06:34:38.004Z,125.49,COMPLETED
ORD-1786976311072-68ED3B67,CUST-00659,2025-04-28T23:46:18.086Z,362.43,PENDING
ORD-1786976311072-B1DB9A4C,CUST-00571,2026-01-16T17:28:04.460Z,482.11,SHIPPED
ORD-1786976311072-7DDB1842,CUST-00178,2026-02-05T11:06:26.336Z,63.60,DELIVERED
ORD-1786976311072-C26CEAC5,CUST-00420,2025-04-13T10:04:14.426Z,381.26,PROCESSING
ORD-1786976311072-FAF8F463,CUST-00224,2025-06-20T21:09:51.668Z,54.22,DELIVERED
ORD-1786976311072-6BAF2150,CUST-00366,2026-08-11T20:15:18.051Z,262.45,PENDING
ORD-1786976311072-48E96DC2,CUST-00809,2025-10-29T07:57:36.646Z,470.96,COMPLETED
ORD-1786976311072-5B8FDC7C,CUST-00509,2025-04-15T12:04:09.824Z,383.85,SHIPPED
ORD-1786976311072-54F19AFE,CUST-00908,2025-10-03T20:26:23.288Z,214.99,CANCELLED
ORD-1786976311072-C7A7F908,CUST-00644,2025-06-20T14:31:50.882Z,362.94,COMPLETED
ORD-1786976311072-9BED555A,CUST-00854,2025-11-08T08:07:44.633Z,373.04,SHIPPED
ORD-1786976311072-34220345,CUST-00592,2026-07-02T20:05:01.228Z,379.38,PENDING
ORD-1786976311072-98092EFB,CUST-00746,2025-05-29T22:00:02.046Z,25.68,PENDING
ORD-1786976311072-9BA11026,CUST-00939,2026-03-17T19:13:39.873Z,272.16,DELIVERED
ORD-1786976311072-6CCEF2C0,CUST-00184,2025-05-11T04:00:49.496Z,465.41,DELIVERED
ORD-1786976311072-3D621655,CUST-00369,2025-07-29T01:36:23.119Z,117.20,PROCESSING
ORD-1786976311072-F8F813E1,CUST-00563,2026-05-10T16:53:06.672Z,499.11,DELIVERED
ORD-1786976311072-8A074698,CUST-00518,2025-12-13T11:04:29.093Z,87.87,CANCELLED
ORD-1786976311072-E32CA2F6,CUST-00912,2025-09-13T02:08:01.219Z,445.19,COMPLETED
ORD-1786976311072-2E3F14BB,CUST-00260,2025-02-26T07:22:28.573Z,46.47,CANCELLED
ORD-1786976311072-CC70051D,CUST-00606,2026-05-31T03:52:13.225Z,422.34,CANCELLED
ORD-1786976311072-BBFDBF6A,CUST-00717,2025-05-10T17:56:37.426Z,98.81,DELIVERED
ORD-1786976311073-C7438320,CUST-00994,2025-11-02T03:14:32.056Z,132.77,SHIPPED
ORD-1786976311073-46B8F572,CUST-00153,2025-01-10T04:46:54.612Z,190.19,CANCELLED
ORD-1786976311073-A8E549A0,CUST-00866,2025-07-04T15:04:41.161Z,185.01,CANCELLED
ORD-1786976311073-EC7EC203,CUST-00829,2025-08-03T18:54:30.126Z,68.57,SHIPPED
ORD-1786976311073-C36F0FDC,CUST-00771,2025-09-03T11:37:58.903Z,12.74,SHIPPED
ORD-1786976311073-96C070EF,CUST-00889,2025-08-20T12:31:38.402Z,490.00,PROCESSING
ORD-1786976311073-3B3A9CC4,CUST-00705,2026-07-01T20:40:34.658Z,405.32,CANCELLED
ORD-1786976311073-3DBDEC70,CUST-00591,2025-05-12T23:36:36.792Z,168.31,COMPLETED
ORD-1786976311073-830150D5,CUST-00668,2025-09-25T12:31:25.421Z,112.01,DELIVERED
ORD-1786976311073-F1A1AE53,CUST-00481,2025-04-21T22:58:28.882Z,331.52,PROCESSING
ORD-1786976311073-EECACC6E,CUST-00821,2026-05-05T06:16:53.812Z,422.72,DELIVERED
ORD-1786976311073-1DDA5355,CUST-00405,2025-12-12T07:17:22.234Z,424.44,COMPLETED
ORD-1786976311073-39461644,CUST-00012,2025-06-03T12:31:53.651Z,274.13,COMPLETED
ORD-1786976311073-93758FBD,CUST-00250,2025-02-09T10:16:40.240Z,416.37,SHIPPED
ORD-1786976311073-97ECC31F,CUST-00534,2025-11-28T04:43:10.177Z,303.56,PROCESSING
ORD-1786976311073-48C22E26,CUST-00078,2026-06-03T06:38:14.388Z,81.56,PENDING
ORD-1786976311073-DD52DF34,CUST-00843,2025-09-21T09:20:01.730Z,130.63,PENDING
ORD-1786976311073-9ADB82D4,CUST-00666,2026-01-08T16:34:44.414Z,294.58,PENDING
ORD-1786976311073-D87A8F7D,CUST-00269,2026-01-29T22:05:18.869Z,309.30,CANCELLED
ORD-1786976311073-B7DD6984,CUST-00578,2026-02-06T08:17:49.069Z,226.32,COMPLETED
ORD-1786976311073-8532B528,CUST-00864,2025-10-01T19:33:00.926Z,178.86,PENDING
ORD-1786976311073-EC53E3C2,CUST-00417,2026-06-06T08:19:52.146Z,18.51,COMPLETED
ORD-1786976311073-4C4A4525,CUST-00207,2026-07-25T19:52:15.344Z,170.74,PENDING
ORD-1786976311073-F1207430,CUST-00748,2025-01-19T07:15:44.207Z,302.04,SHIPPED
ORD-1786976311073-39B0D9F7,CUST-00641,2026-03-01T02:22:03.777Z,16.45,COMPLETED
ORD-1786976311073-E8F6301D,CUST-00100,2025-12-04T03:10:24.768Z,299.40,PROCESSING
ORD-1786976311073-4BBBFE69,CUST-00644,2025-08-04T09:59:21.843Z,223.18,SHIPPED
ORD-1786976311073-550EAB1B,CUST-00851,2026-03-28T04:47:03.991Z,346.29,DELIVERED
ORD-1786976311073-D619793A,CUST-00476,2026-04-06T16:36:02.114Z,163.78,PENDING
ORD-1786976311073-8EDED28D,CUST-00175,2026-04-14T15:37:20.950Z,429.19,PENDING
ORD-1786976311073-1AFB644C,CUST-00076,2025-07-30T11:58:27.065Z,281.49,DELIVERED
ORD-1786976311073-67742F0C,CUST-00399,2026-06-23T22:04:59.121Z,248.63,CANCELLED
ORD-1786976311073-F9925753,CUST-00833,2025-11-15T01:50:45.578Z,96.78,SHIPPED
ORD-1786976311073-BA2537FC,CUST-00808,2025-01-30T23:43:09.828Z,484.30,PROCESSING
ORD-1786976311073-786D21D6,CUST-00278,2026-08-01T21:27:14.958Z,198.65,PROCESSING
ORD-1786976311073-F1AFCEE9,CUST-00928,2026-07-31T19:00:29.671Z,383.78,SHIPPED
ORD-1786976311073-493C8473,CUST-00442,2025-04-12T13:12:26.809Z,474.43,SHIPPED
ORD-1786976311073-9A7083A9,CUST-00993,2025-07-19T05:39:29.400Z,105.07,COMPLETED
ORD-1786976311073-464C50F0,CUST-00422,2025-11-28T00:19:50.344Z,10.14,DELIVERED
ORD-1786976311073-8A6529AC,CUST-00963,2025-05-25T19:36:51.893Z,168.40,DELIVERED
ORD-1786976311073-69037A85,CUST-00153,2025-06-07T01:27:09.028Z,467.05,COMPLETED
ORD-1786976311073-6B5A9081,CUST-00010,2026-03-12T00:54:43.359Z,336.69,COMPLETED
ORD-1786976311073-1B7E6751,CUST-00296,2025-05-05T22:26:51.451Z,498.94,DELIVERED
ORD-1786976311073-3D03A1E2,CUST-00030,2025-05-16T04:26:30.937Z,66.99,CANCELLED
ORD-1786976311073-2BB8348E,CUST-00329,2025-01-20T05:08:14.524Z,298.36,SHIPPED
ORD-1786976311073-9715F9B4,CUST-00371,2026-01-26T16:11:11.070Z,128.00,SHIPPED
ORD-1786976311073-427B8075,CUST-00552,2025-08-04T22:29:26.448Z,362.86,PROCESSING
ORD-1786976311073-A699F100,CUST-00949,2025-06-24T02:32:28.449Z,73.62,COMPLETED
ORD-1786976311073-A436EBBE,CUST-00497,2025-12-25T05:22:03.521Z,433.27,COMPLETED
ORD-1786976311073-272BF06A,CUST-00560,2025-10-10T18:18:35.550Z,260.39,COMPLETED
ORD-1786976311073-2792D8FE,CUST-00856,2026-05-07T16:02:56.244Z,321.45,CANCELLED
ORD-1786976311073-0EEB6173,CUST-00103,2026-05-21T14:04:39.245Z,199.95,CANCELLED
ORD-1786976311073-201F424E,CUST-00196,2026-06-07T08:28:34.609Z,11.84,CANCELLED
ORD-1786976311073-BC26306A,CUST-00887,2025-10-03T05:58:16.763Z,461.67,PROCESSING
ORD-1786976311073-80E77941,CUST-00466,2025-05-17T15:50:01.087Z,160.51,COMPLETED
ORD-1786976311073-A7812F32,CUST-00729,2026-06-29T04:20:24.093Z,50.25,PENDING
ORD-1786976311073-EFC22AB0,CUST-00661,2026-06-11T08:47:53.332Z,56.03,PROCESSING
ORD-1786976311073-53F5EAB7,CUST-00550,2025-03-16T10:51:31.577Z,450.79,DELIVERED
ORD-1786976311073-6EA8229D,CUST-00193,2025-03-15T13:09:51.927Z,452.10,PROCESSING
ORD-1786976311073-D7E814CE,CUST-00544,2025-08-21T13:14:22.559Z,394.19,PROCESSING
ORD-1786976311073-A8F39FC5,CUST-00705,2025-02-11T04:51:49.320Z,25.43,SHIPPED
ORD-1786976311073-66A274C1,CUST-00776,2026-05-27T00:56:24.764Z,181.66,SHIPPED
ORD-1786976311073-3AEB415F,CUST-00680,2025-11-14T08:22:59.693Z,474.80,COMPLETED
ORD-1786976311073-3E1FC968,CUST-00292,2025-02-09T22:15:39.668Z,29.77,SHIPPED
ORD-INV-10000,CUST-002,2026-05-10T10:00:00Z,-50.00,COMPLETED
